Starting >>> autoware_shape_estimation
[4.315s] WARNING:colcon.colcon_core.shell:The following packages are in the workspace but haven't been built:
- autoware_adapi_v1_msgs
- autoware_common_msgs
- autoware_cuda_dependency_meta
- autoware_internal_debug_msgs
- autoware_internal_metric_msgs
- autoware_lint_common
- autoware_map_msgs
- autoware_perception_msgs
- autoware_cmake
- autoware_internal_perception_msgs
- autoware_planning_msgs
- autoware_tensorrt_common
- tier4_perception_msgs
- autoware_cuda_utils
- autoware_internal_planning_msgs
- autoware_lanelet2_extension
- autoware_pyplot
- autoware_utils_diagnostics
- autoware_utils_logging
- autoware_utils_math
- autoware_utils_rclcpp
- autoware_utils_system
- autoware_utils_uuid
- autoware_utils_visualization
- autoware_internal_msgs
- autoware_utils_geometry
- autoware_test_utils
- autoware_utils_debug
- autoware_utils_tf
- autoware_utils_pcl
- autoware_utils
They are being used from the following locations instead:
- /home/tristan-toye/Autoware-47-installation-Nvidia-Jetson-Orin-AGX/autoware/install/autoware_adapi_v1_msgs
- /home/tristan-toye/Autoware-47-installation-Nvidia-Jetson-Orin-AGX/autoware/install/autoware_common_msgs
- /home/tristan-toye/Autoware-47-installation-Nvidia-Jetson-Orin-AGX/autoware/install/autoware_cuda_dependency_meta
- /home/tristan-toye/Autoware-47-installation-Nvidia-Jetson-Orin-AGX/autoware/install/autoware_internal_debug_msgs
- /home/tristan-toye/Autoware-47-installation-Nvidia-Jetson-Orin-AGX/autoware/install/autoware_internal_metric_msgs
- /home/tristan-toye/Autoware-47-installation-Nvidia-Jetson-Orin-AGX/autoware/install/autoware_lint_common
- /home/tristan-toye/Autoware-47-installation-Nvidia-Jetson-Orin-AGX/autoware/install/autoware_map_msgs
- /home/tristan-toye/Autoware-47-installation-Nvidia-Jetson-Orin-AGX/autoware/install/autoware_perception_msgs
- /home/tristan-toye/Autoware-47-installation-Nvidia-Jetson-Orin-AGX/autoware/install/autoware_cmake
- /home/tristan-toye/Autoware-47-installation-Nvidia-Jetson-Orin-AGX/autoware/install/autoware_internal_perception_msgs
- /home/tristan-toye/Autoware-47-installation-Nvidia-Jetson-Orin-AGX/autoware/install/autoware_planning_msgs
- /home/tristan-toye/Autoware-47-installation-Nvidia-Jetson-Orin-AGX/autoware/install/autoware_tensorrt_common
- /home/tristan-toye/Autoware-47-installation-Nvidia-Jetson-Orin-AGX/autoware/install/tier4_perception_msgs
- /home/tristan-toye/Autoware-47-installation-Nvidia-Jetson-Orin-AGX/autoware/install/autoware_cuda_utils
- /home/tristan-toye/Autoware-47-installation-Nvidia-Jetson-Orin-AGX/autoware/install/autoware_internal_planning_msgs
- /home/tristan-toye/Autoware-47-installation-Nvidia-Jetson-Orin-AGX/autoware/install/autoware_lanelet2_extension
- /home/tristan-toye/Autoware-47-installation-Nvidia-Jetson-Orin-AGX/autoware/install/autoware_pyplot
- /home/tristan-toye/Autoware-47-installation-Nvidia-Jetson-Orin-AGX/autoware/install/autoware_utils_diagnostics
- /home/tristan-toye/Autoware-47-installation-Nvidia-Jetson-Orin-AGX/autoware/install/autoware_utils_logging
- /home/tristan-toye/Autoware-47-installation-Nvidia-Jetson-Orin-AGX/autoware/install/autoware_utils_math
- /home/tristan-toye/Autoware-47-installation-Nvidia-Jetson-Orin-AGX/autoware/install/autoware_utils_rclcpp
- /home/tristan-toye/Autoware-47-installation-Nvidia-Jetson-Orin-AGX/autoware/install/autoware_utils_system
- /home/tristan-toye/Autoware-47-installation-Nvidia-Jetson-Orin-AGX/autoware/install/autoware_utils_uuid
- /home/tristan-toye/Autoware-47-installation-Nvidia-Jetson-Orin-AGX/autoware/install/autoware_utils_visualization
- /home/tristan-toye/Autoware-47-installation-Nvidia-Jetson-Orin-AGX/autoware/install/autoware_internal_msgs
- /home/tristan-toye/Autoware-47-installation-Nvidia-Jetson-Orin-AGX/autoware/install/autoware_utils_geometry
- /home/tristan-toye/Autoware-47-installation-Nvidia-Jetson-Orin-AGX/autoware/install/autoware_test_utils
- /home/tristan-toye/Autoware-47-installation-Nvidia-Jetson-Orin-AGX/autoware/install/autoware_utils_debug
- /home/tristan-toye/Autoware-47-installation-Nvidia-Jetson-Orin-AGX/autoware/install/autoware_utils_tf
- /home/tristan-toye/Autoware-47-installation-Nvidia-Jetson-Orin-AGX/autoware/install/autoware_utils_pcl
- /home/tristan-toye/Autoware-47-installation-Nvidia-Jetson-Orin-AGX/autoware/install/autoware_utils
To suppress this warning ignore these packages in the workspace:
--packages-ignore autoware_adapi_v1_msgs autoware_common_msgs autoware_cuda_dependency_meta autoware_internal_debug_msgs autoware_internal_metric_msgs autoware_lint_common autoware_map_msgs autoware_perception_msgs autoware_cmake autoware_internal_perception_msgs autoware_planning_msgs autoware_tensorrt_common tier4_perception_msgs autoware_cuda_utils autoware_internal_planning_msgs autoware_lanelet2_extension autoware_pyplot autoware_utils_diagnostics autoware_utils_logging autoware_utils_math autoware_utils_rclcpp autoware_utils_system autoware_utils_uuid autoware_utils_visualization autoware_internal_msgs autoware_utils_geometry autoware_test_utils autoware_utils_debug autoware_utils_tf autoware_utils_pcl autoware_utils
--- stderr: autoware_shape_estimation
CUDA found, including CUDA-specific sources
In this package, headers install destination is set to `include` by ament_auto_package. It is recommended to install `include/autoware_shape_estimation` instead and will be the default behavior of ament_auto_package from ROS 2 Kilted Kaiju. On distributions before Kilted, ament_auto_package behaves the same way when you use USE_SCOPED_HEADER_INSTALL_DIR option.
CMake Warning at /opt/ros/humble/share/ament_cmake_auto/cmake/ament_auto_add_library.cmake:66 (add_library):
  Cannot generate a safe runtime search path for target
  autoware_shape_estimation_lib because there is a cycle in the constraint
  graph:

    dir 0 is [/usr/local/cuda-12.6/lib64]
    dir 1 is [/home/tristan-toye/Autoware-47-installation-Nvidia-Jetson-Orin-AGX/autoware/install/autoware_tensorrt_common/lib]
    dir 2 is [/home/tristan-toye/Autoware-47-installation-Nvidia-Jetson-Orin-AGX/autoware/install/tier4_perception_msgs/lib]
    dir 3 is [/opt/ros/humble/lib]
      dir 12 must precede it due to runtime library [libcomponent_manager.so]
    dir 4 is [/home/tristan-toye/Autoware-47-installation-Nvidia-Jetson-Orin-AGX/autoware/install/autoware_common_msgs/lib]
    dir 5 is [/home/tristan-toye/Autoware-47-installation-Nvidia-Jetson-Orin-AGX/autoware/install/autoware_perception_msgs/lib]
    dir 6 is [/home/tristan-toye/Autoware-47-installation-Nvidia-Jetson-Orin-AGX/autoware/install/autoware_planning_msgs/lib]
    dir 7 is [/home/tristan-toye/Autoware-47-installation-Nvidia-Jetson-Orin-AGX/autoware/install/autoware_internal_debug_msgs/lib]
    dir 8 is [/home/tristan-toye/Autoware-47-installation-Nvidia-Jetson-Orin-AGX/autoware/install/autoware_internal_msgs/lib]
    dir 9 is [/home/tristan-toye/Autoware-47-installation-Nvidia-Jetson-Orin-AGX/autoware/install/autoware_utils_debug/lib]
    dir 10 is [/home/tristan-toye/Autoware-47-installation-Nvidia-Jetson-Orin-AGX/autoware/install/autoware_utils_diagnostics/lib]
    dir 11 is [/home/tristan-toye/Autoware-47-installation-Nvidia-Jetson-Orin-AGX/autoware/install/autoware_utils_logging/lib]
    dir 12 is [/home/tristan-toye/Autoware-47-installation-Nvidia-Jetson-Orin-AGX/ros2_caret_ws/install/lib]
      dir 3 must precede it due to runtime library [librcl_yaml_param_parser.so]
    dir 13 is [/home/tristan-toye/Autoware-47-installation-Nvidia-Jetson-Orin-AGX/autoware/install/autoware_utils_system/lib]
    dir 14 is [/home/tristan-toye/Autoware-47-installation-Nvidia-Jetson-Orin-AGX/autoware/install/autoware_internal_planning_msgs/lib]
    dir 15 is [/home/tristan-toye/Autoware-47-installation-Nvidia-Jetson-Orin-AGX/autoware/install/autoware_utils_math/lib]
    dir 16 is [/home/tristan-toye/Autoware-47-installation-Nvidia-Jetson-Orin-AGX/autoware/install/autoware_utils_geometry/lib]
    dir 17 is [/home/tristan-toye/Autoware-47-installation-Nvidia-Jetson-Orin-AGX/autoware/install/autoware_utils_visualization/lib]
    dir 18 is [/usr/local/lib]
    dir 19 is [/usr/local/cuda/lib64]

  Some of these libraries may not be found correctly.
Call Stack (most recent call first):
  CMakeLists.txt:52 (ament_auto_add_library)


CMake Warning at /opt/ros/humble/share/ament_cmake_auto/cmake/ament_auto_add_library.cmake:66 (add_library):
  Cannot generate a safe runtime search path for target
  autoware_shape_estimation because there is a cycle in the constraint graph:

    dir 0 is [/usr/local/cuda-12.6/lib64]
    dir 1 is [/opt/ros/humble/lib]
      dir 15 must precede it due to runtime library [librclcpp.so]
    dir 2 is [/home/tristan-toye/Autoware-47-installation-Nvidia-Jetson-Orin-AGX/autoware/install/autoware_common_msgs/lib]
    dir 3 is [/home/tristan-toye/Autoware-47-installation-Nvidia-Jetson-Orin-AGX/autoware/install/autoware_perception_msgs/lib]
    dir 4 is [/home/tristan-toye/Autoware-47-installation-Nvidia-Jetson-Orin-AGX/autoware/install/autoware_planning_msgs/lib]
    dir 5 is [/home/tristan-toye/Autoware-47-installation-Nvidia-Jetson-Orin-AGX/autoware/install/autoware_internal_debug_msgs/lib]
    dir 6 is [/home/tristan-toye/Autoware-47-installation-Nvidia-Jetson-Orin-AGX/autoware/install/autoware_internal_msgs/lib]
    dir 7 is [/home/tristan-toye/Autoware-47-installation-Nvidia-Jetson-Orin-AGX/autoware/install/autoware_utils_debug/lib]
    dir 8 is [/home/tristan-toye/Autoware-47-installation-Nvidia-Jetson-Orin-AGX/autoware/install/autoware_utils_diagnostics/lib]
    dir 9 is [/home/tristan-toye/Autoware-47-installation-Nvidia-Jetson-Orin-AGX/autoware/install/autoware_utils_logging/lib]
    dir 10 is [/home/tristan-toye/Autoware-47-installation-Nvidia-Jetson-Orin-AGX/autoware/install/autoware_utils_system/lib]
    dir 11 is [/home/tristan-toye/Autoware-47-installation-Nvidia-Jetson-Orin-AGX/autoware/install/autoware_internal_planning_msgs/lib]
    dir 12 is [/home/tristan-toye/Autoware-47-installation-Nvidia-Jetson-Orin-AGX/autoware/install/autoware_utils_math/lib]
    dir 13 is [/home/tristan-toye/Autoware-47-installation-Nvidia-Jetson-Orin-AGX/autoware/install/autoware_utils_geometry/lib]
    dir 14 is [/home/tristan-toye/Autoware-47-installation-Nvidia-Jetson-Orin-AGX/autoware/install/autoware_utils_visualization/lib]
    dir 15 is [/home/tristan-toye/Autoware-47-installation-Nvidia-Jetson-Orin-AGX/ros2_caret_ws/install/lib]
      dir 1 must precede it due to runtime library [librcl_yaml_param_parser.so]
    dir 16 is [/home/tristan-toye/Autoware-47-installation-Nvidia-Jetson-Orin-AGX/autoware/build_instrumented/autoware_shape_estimation/autoware_shape_estimation]
    dir 17 is [/home/tristan-toye/Autoware-47-installation-Nvidia-Jetson-Orin-AGX/autoware/install/autoware_tensorrt_common/lib]
    dir 18 is [/usr/local/cuda/lib64]
    dir 19 is [/home/tristan-toye/Autoware-47-installation-Nvidia-Jetson-Orin-AGX/autoware/install/tier4_perception_msgs/lib]
    dir 20 is [/usr/local/lib]

  Some of these libraries may not be found correctly.
Call Stack (most recent call first):
  CMakeLists.txt:72 (ament_auto_add_library)


CMake Warning at /opt/ros/humble/share/ament_cmake_gtest/cmake/ament_add_gtest_executable.cmake:50 (add_executable):
  Cannot generate a safe runtime search path for target
  test_autoware_shape_estimation because there is a cycle in the constraint
  graph:

    dir 0 is [/usr/local/cuda-12.6/lib64]
    dir 1 is [/home/tristan-toye/Autoware-47-installation-Nvidia-Jetson-Orin-AGX/autoware/build_instrumented/autoware_shape_estimation/autoware_shape_estimation]
    dir 2 is [/home/tristan-toye/Autoware-47-installation-Nvidia-Jetson-Orin-AGX/autoware/install/autoware_common_msgs/lib]
    dir 3 is [/home/tristan-toye/Autoware-47-installation-Nvidia-Jetson-Orin-AGX/autoware/install/autoware_internal_debug_msgs/lib]
    dir 4 is [/home/tristan-toye/Autoware-47-installation-Nvidia-Jetson-Orin-AGX/autoware/install/autoware_internal_msgs/lib]
    dir 5 is [/home/tristan-toye/Autoware-47-installation-Nvidia-Jetson-Orin-AGX/autoware/install/autoware_utils_debug/lib]
    dir 6 is [/opt/ros/humble/lib]
      dir 20 must precede it due to runtime library [librclcpp.so]
    dir 7 is [/home/tristan-toye/Autoware-47-installation-Nvidia-Jetson-Orin-AGX/autoware/install/autoware_utils_diagnostics/lib]
    dir 8 is [/home/tristan-toye/Autoware-47-installation-Nvidia-Jetson-Orin-AGX/autoware/install/autoware_utils_logging/lib]
    dir 9 is [/home/tristan-toye/Autoware-47-installation-Nvidia-Jetson-Orin-AGX/autoware/install/autoware_utils_system/lib]
    dir 10 is [/home/tristan-toye/Autoware-47-installation-Nvidia-Jetson-Orin-AGX/autoware/install/autoware_utils_visualization/lib]
    dir 11 is [/home/tristan-toye/Autoware-47-installation-Nvidia-Jetson-Orin-AGX/autoware/install/autoware_adapi_v1_msgs/lib]
    dir 12 is [/opt/ros/humble/lib/aarch64-linux-gnu]
    dir 13 is [/home/tristan-toye/Autoware-47-installation-Nvidia-Jetson-Orin-AGX/autoware/install/autoware_lanelet2_extension/lib]
    dir 14 is [/home/tristan-toye/Autoware-47-installation-Nvidia-Jetson-Orin-AGX/autoware/install/autoware_map_msgs/lib]
    dir 15 is [/home/tristan-toye/Autoware-47-installation-Nvidia-Jetson-Orin-AGX/autoware/install/autoware_perception_msgs/lib]
    dir 16 is [/home/tristan-toye/Autoware-47-installation-Nvidia-Jetson-Orin-AGX/autoware/install/autoware_planning_msgs/lib]
    dir 17 is [/home/tristan-toye/Autoware-47-installation-Nvidia-Jetson-Orin-AGX/autoware/install/autoware_internal_planning_msgs/lib]
    dir 18 is [/home/tristan-toye/Autoware-47-installation-Nvidia-Jetson-Orin-AGX/autoware/install/autoware_utils_math/lib]
    dir 19 is [/home/tristan-toye/Autoware-47-installation-Nvidia-Jetson-Orin-AGX/autoware/install/autoware_utils_geometry/lib]
    dir 20 is [/home/tristan-toye/Autoware-47-installation-Nvidia-Jetson-Orin-AGX/ros2_caret_ws/install/lib]
      dir 6 must precede it due to runtime library [librcl_yaml_param_parser.so]
    dir 21 is [/home/tristan-toye/Autoware-47-installation-Nvidia-Jetson-Orin-AGX/autoware/install/autoware_test_utils/lib]
    dir 22 is [/home/tristan-toye/Autoware-47-installation-Nvidia-Jetson-Orin-AGX/autoware/install/autoware_tensorrt_common/lib]
    dir 23 is [/usr/local/cuda/lib64]
    dir 24 is [/home/tristan-toye/Autoware-47-installation-Nvidia-Jetson-Orin-AGX/autoware/install/tier4_perception_msgs/lib]
    dir 25 is [/usr/local/lib]

  Some of these libraries may not be found correctly.
Call Stack (most recent call first):
  /opt/ros/humble/share/ament_cmake_gtest/cmake/ament_add_gtest_executable.cmake:37 (_ament_add_gtest_executable)
  /opt/ros/humble/share/ament_cmake_gtest/cmake/ament_add_gtest.cmake:68 (ament_add_gtest_executable)
  /opt/ros/humble/share/ament_cmake_ros/cmake/ament_add_ros_isolated_gtest.cmake:33 (ament_add_gtest)
  CMakeLists.txt:116 (ament_add_ros_isolated_gtest)


Found a loop without a preheader at /usr/lib/gcc/aarch64-linux-gnu/11/../../../../include/c++/11/bits/stl_construct.h:162:4 @[ /usr/lib/gcc/aarch64-linux-gnu/11/../../../../include/c++/11/bits/stl_construct.h:195:7 @[ /usr/lib/gcc/aarch64-linux-gnu/11/../../../../include/c++/11/bits/alloc_traits.h:848:7 @[ /usr/lib/gcc/aarch64-linux-gnu/11/../../../../include/c++/11/bits/stl_vector.h:680:2 @[ rclcpp_components/node_main_shape_estimation_node.cpp:75:1 ] ] ] ]. Skipping.
Found a loop without a preheader at /usr/lib/gcc/aarch64-linux-gnu/11/../../../../include/c++/11/bits/stl_construct.h:162:4 @[ /usr/lib/gcc/aarch64-linux-gnu/11/../../../../include/c++/11/bits/stl_construct.h:195:7 @[ /usr/lib/gcc/aarch64-linux-gnu/11/../../../../include/c++/11/bits/alloc_traits.h:848:7 @[ /usr/lib/gcc/aarch64-linux-gnu/11/../../../../include/c++/11/bits/stl_vector.h:680:2 @[ rclcpp_components/node_main_shape_estimation_node.cpp:75:1 ] ] ] ]. Skipping.
Found a loop without a preheader at /usr/lib/gcc/aarch64-linux-gnu/11/../../../../include/c++/11/bits/stl_construct.h:162:4 @[ /usr/lib/gcc/aarch64-linux-gnu/11/../../../../include/c++/11/bits/stl_construct.h:195:7 @[ /usr/lib/gcc/aarch64-linux-gnu/11/../../../../include/c++/11/bits/alloc_traits.h:848:7 @[ /usr/lib/gcc/aarch64-linux-gnu/11/../../../../include/c++/11/bits/stl_vector.h:1796:6 @[ /usr/lib/gcc/aarch64-linux-gnu/11/../../../../include/c++/11/bits/stl_vector.h:1499:9 @[ rclcpp_components/node_main_shape_estimation_node.cpp:70:17 ] ] ] ] ]. Skipping.
Found a loop without an exit block at rclcpp_components/node_main_shape_estimation_node.cpp:67:3. Skipping.
Found a loop without an exit block at rclcpp_components/node_main_shape_estimation_node.cpp:42:3. Skipping.
Found a loop without a preheader at /usr/lib/gcc/aarch64-linux-gnu/11/../../../../include/c++/11/bits/stl_construct.h:162:4 @[ /usr/lib/gcc/aarch64-linux-gnu/11/../../../../include/c++/11/bits/stl_construct.h:195:7 @[ /usr/lib/gcc/aarch64-linux-gnu/11/../../../../include/c++/11/bits/alloc_traits.h:848:7 @[ /usr/lib/gcc/aarch64-linux-gnu/11/../../../../include/c++/11/bits/stl_vector.h:680:2 ] ] ]. Skipping.
Found a loop without a preheader at /usr/lib/gcc/aarch64-linux-gnu/11/../../../../include/c++/11/bits/stl_construct.h:162:4 @[ /usr/lib/gcc/aarch64-linux-gnu/11/../../../../include/c++/11/bits/stl_construct.h:195:7 @[ /usr/lib/gcc/aarch64-linux-gnu/11/../../../../include/c++/11/bits/alloc_traits.h:848:7 @[ /usr/lib/gcc/aarch64-linux-gnu/11/../../../../include/c++/11/bits/stl_vector.h:680:2 ] ] ]. Skipping.
Found a loop without a preheader at /usr/lib/gcc/aarch64-linux-gnu/11/../../../../include/c++/11/bits/stl_construct.h:162:4 @[ /usr/lib/gcc/aarch64-linux-gnu/11/../../../../include/c++/11/bits/stl_construct.h:195:7 @[ /usr/lib/gcc/aarch64-linux-gnu/11/../../../../include/c++/11/bits/alloc_traits.h:848:7 @[ /usr/lib/gcc/aarch64-linux-gnu/11/../../../../include/c++/11/bits/stl_vector.h:680:2 @[ ros2_caret_ws/install/include/rclcpp/rclcpp/node_options.hpp:67:26 ] ] ] ]. Skipping.
Found a loop without a preheader at /usr/lib/gcc/aarch64-linux-gnu/11/../../../../include/c++/11/bits/stl_construct.h:162:4 @[ /usr/lib/gcc/aarch64-linux-gnu/11/../../../../include/c++/11/bits/stl_construct.h:195:7 @[ /usr/lib/gcc/aarch64-linux-gnu/11/../../../../include/c++/11/bits/alloc_traits.h:848:7 @[ /usr/lib/gcc/aarch64-linux-gnu/11/../../../../include/c++/11/bits/stl_vector.h:680:2 @[ ros2_caret_ws/install/include/rclcpp/rclcpp/node_options.hpp:67:26 ] ] ] ]. Skipping.
Found a loop without a preheader at /usr/lib/gcc/aarch64-linux-gnu/11/../../../../include/c++/11/bits/stl_construct.h:162:4 @[ /usr/lib/gcc/aarch64-linux-gnu/11/../../../../include/c++/11/bits/stl_construct.h:195:7 @[ /usr/lib/gcc/aarch64-linux-gnu/11/../../../../include/c++/11/bits/alloc_traits.h:848:7 @[ /usr/lib/gcc/aarch64-linux-gnu/11/../../../../include/c++/11/bits/stl_vector.h:680:2 @[ /opt/ros/humble/include/rcl_interfaces/rcl_interfaces/msg/detail/parameter_value__struct.hpp:33:8 ] ] ] ]. Skipping.
Found a loop without a preheader at /usr/lib/gcc/aarch64-linux-gnu/11/../../../../include/c++/11/bits/stl_construct.h:162:4 @[ /usr/lib/gcc/aarch64-linux-gnu/11/../../../../include/c++/11/bits/stl_construct.h:195:7 ]. Skipping.
Found a loop without a preheader at /usr/lib/gcc/aarch64-linux-gnu/11/../../../../include/c++/11/bits/stl_construct.h:162:4 @[ /usr/lib/gcc/aarch64-linux-gnu/11/../../../../include/c++/11/bits/stl_construct.h:195:7 @[ /usr/lib/gcc/aarch64-linux-gnu/11/../../../../include/c++/11/bits/alloc_traits.h:848:7 @[ /usr/lib/gcc/aarch64-linux-gnu/11/../../../../include/c++/11/bits/stl_vector.h:680:2 @[ /opt/ros/humble/include/class_loader/class_loader/class_loader_core.hpp:357:1 ] ] ] ]. Skipping.
Found a loop without an exit block at /opt/ros/humble/include/class_loader/class_loader/class_loader_core.hpp:344:3. Skipping.
Found a loop without a preheader at /usr/lib/gcc/aarch64-linux-gnu/11/../../../../include/c++/11/bits/stl_uninitialized.h:1031:7 @[ /usr/lib/gcc/aarch64-linux-gnu/11/../../../../include/c++/11/bits/stl_uninitialized.h:1046:14 @[ /usr/lib/gcc/aarch64-linux-gnu/11/../../../../include/c++/11/bits/stl_vector.h:456:9 @[ /usr/lib/gcc/aarch64-linux-gnu/11/../../../../include/c++/11/bits/stl_vector.h:469:9 @[ /usr/lib/gcc/aarch64-linux-gnu/11/../../../../include/c++/11/bits/vector.tcc:466:23 ] ] ] ]. Skipping.
Found a loop without a preheader at /usr/lib/gcc/aarch64-linux-gnu/11/../../../../include/c++/11/bits/stl_uninitialized.h:1031:7 @[ /usr/lib/gcc/aarch64-linux-gnu/11/../../../../include/c++/11/bits/stl_uninitialized.h:1046:14 @[ /usr/lib/gcc/aarch64-linux-gnu/11/../../../../include/c++/11/bits/stl_vector.h:456:9 @[ /usr/lib/gcc/aarch64-linux-gnu/11/../../../../include/c++/11/bits/stl_vector.h:469:9 @[ /usr/lib/gcc/aarch64-linux-gnu/11/../../../../include/c++/11/bits/vector.tcc:461:23 ] ] ] ]. Skipping.
Found a loop without a preheader at /usr/lib/gcc/aarch64-linux-gnu/11/../../../../include/c++/11/bits/stl_construct.h:162:4 @[ /usr/lib/gcc/aarch64-linux-gnu/11/../../../../include/c++/11/bits/stl_construct.h:195:7 @[ /usr/lib/gcc/aarch64-linux-gnu/11/../../../../include/c++/11/bits/alloc_traits.h:848:7 @[ /usr/lib/gcc/aarch64-linux-gnu/11/../../../../include/c++/11/bits/vector.tcc:793:3 ] ] ]. Skipping.
Found a loop without a preheader at /usr/lib/gcc/aarch64-linux-gnu/11/../../../../include/c++/11/bits/stl_uninitialized.h:91:8 @[ /usr/lib/gcc/aarch64-linux-gnu/11/../../../../include/c++/11/bits/stl_uninitialized.h:148:14 @[ /usr/lib/gcc/aarch64-linux-gnu/11/../../../../include/c++/11/bits/stl_uninitialized.h:333:14 @[ /usr/lib/gcc/aarch64-linux-gnu/11/../../../../include/c++/11/bits/stl_uninitialized.h:354:14 @[ /usr/lib/gcc/aarch64-linux-gnu/11/../../../../include/c++/11/bits/vector.tcc:782:11 ] ] ] ]. Skipping.
Found a loop without a preheader at /usr/lib/gcc/aarch64-linux-gnu/11/../../../../include/c++/11/bits/stl_construct.h:162:4 @[ /usr/lib/gcc/aarch64-linux-gnu/11/../../../../include/c++/11/bits/stl_construct.h:195:7 @[ /usr/lib/gcc/aarch64-linux-gnu/11/../../../../include/c++/11/bits/alloc_traits.h:848:7 @[ /usr/lib/gcc/aarch64-linux-gnu/11/../../../../include/c++/11/bits/vector.tcc:788:7 ] ] ]. Skipping.
Found a loop without a preheader at /usr/lib/gcc/aarch64-linux-gnu/11/../../../../include/c++/11/bits/stl_uninitialized.h:91:8 @[ /usr/lib/gcc/aarch64-linux-gnu/11/../../../../include/c++/11/bits/stl_uninitialized.h:148:14 @[ /usr/lib/gcc/aarch64-linux-gnu/11/../../../../include/c++/11/bits/stl_uninitialized.h:333:14 @[ /usr/lib/gcc/aarch64-linux-gnu/11/../../../../include/c++/11/bits/stl_uninitialized.h:354:14 @[ /usr/lib/gcc/aarch64-linux-gnu/11/../../../../include/c++/11/bits/vector.tcc:774:11 ] ] ] ]. Skipping.
Found a loop without a preheader at /usr/lib/gcc/aarch64-linux-gnu/11/../../../../include/c++/11/bits/stl_algobase.h:383:4 @[ /usr/lib/gcc/aarch64-linux-gnu/11/../../../../include/c++/11/bits/stl_algobase.h:494:14 @[ /usr/lib/gcc/aarch64-linux-gnu/11/../../../../include/c++/11/bits/stl_algobase.h:522:14 @[ /usr/lib/gcc/aarch64-linux-gnu/11/../../../../include/c++/11/bits/stl_algobase.h:530:3 @[ /usr/lib/gcc/aarch64-linux-gnu/11/../../../../include/c++/11/bits/stl_algobase.h:619:14 @[ /usr/lib/gcc/aarch64-linux-gnu/11/../../../../include/c++/11/bits/vector.tcc:744:7 ] ] ] ] ]. Skipping.
Found a loop without a preheader at /usr/lib/gcc/aarch64-linux-gnu/11/../../../../include/c++/11/bits/stl_algobase.h:718:4 @[ /usr/lib/gcc/aarch64-linux-gnu/11/../../../../include/c++/11/bits/stl_algobase.h:758:14 @[ /usr/lib/gcc/aarch64-linux-gnu/11/../../../../include/c++/11/bits/stl_algobase.h:769:14 @[ /usr/lib/gcc/aarch64-linux-gnu/11/../../../../include/c++/11/bits/stl_algobase.h:799:3 @[ /usr/lib/gcc/aarch64-linux-gnu/11/../../../../include/c++/11/bits/stl_algobase.h:894:14 @[ /usr/lib/gcc/aarch64-linux-gnu/11/../../../../include/c++/11/bits/vector.tcc:742:7 ] ] ] ] ]. Skipping.
Found a loop without a preheader at /usr/lib/gcc/aarch64-linux-gnu/11/../../../../include/c++/11/bits/stl_uninitialized.h:91:8 @[ /usr/lib/gcc/aarch64-linux-gnu/11/../../../../include/c++/11/bits/stl_uninitialized.h:148:14 @[ /usr/lib/gcc/aarch64-linux-gnu/11/../../../../include/c++/11/bits/stl_uninitialized.h:333:14 @[ /usr/lib/gcc/aarch64-linux-gnu/11/../../../../include/c++/11/bits/stl_uninitialized.h:341:14 @[ /usr/lib/gcc/aarch64-linux-gnu/11/../../../../include/c++/11/bits/vector.tcc:736:7 ] ] ] ]. Skipping.
Found a loop without a preheader at /usr/lib/gcc/aarch64-linux-gnu/11/../../../../include/c++/11/bits/stl_algobase.h:383:4 @[ /usr/lib/gcc/aarch64-linux-gnu/11/../../../../include/c++/11/bits/stl_algobase.h:494:14 @[ /usr/lib/gcc/aarch64-linux-gnu/11/../../../../include/c++/11/bits/stl_algobase.h:522:14 @[ /usr/lib/gcc/aarch64-linux-gnu/11/../../../../include/c++/11/bits/stl_algobase.h:530:3 @[ /usr/lib/gcc/aarch64-linux-gnu/11/../../../../include/c++/11/bits/stl_algobase.h:619:14 @[ /usr/lib/gcc/aarch64-linux-gnu/11/../../../../include/c++/11/bits/vector.tcc:762:7 ] ] ] ] ]. Skipping.
Found a loop without a preheader at /usr/lib/gcc/aarch64-linux-gnu/11/../../../../include/c++/11/bits/stl_uninitialized.h:91:8 @[ /usr/lib/gcc/aarch64-linux-gnu/11/../../../../include/c++/11/bits/stl_uninitialized.h:148:14 @[ /usr/lib/gcc/aarch64-linux-gnu/11/../../../../include/c++/11/bits/stl_uninitialized.h:333:14 @[ /usr/lib/gcc/aarch64-linux-gnu/11/../../../../include/c++/11/bits/stl_uninitialized.h:341:14 @[ /usr/lib/gcc/aarch64-linux-gnu/11/../../../../include/c++/11/bits/vector.tcc:756:7 ] ] ] ]. Skipping.
Found a loop without a preheader at /usr/lib/gcc/aarch64-linux-gnu/11/../../../../include/c++/11/bits/stl_uninitialized.h:91:8. Skipping.
Found a loop without a preheader at /usr/lib/gcc/aarch64-linux-gnu/11/../../../../include/c++/11/bits/stl_uninitialized.h:1031:7 @[ /usr/lib/gcc/aarch64-linux-gnu/11/../../../../include/c++/11/bits/stl_uninitialized.h:1046:14 @[ /usr/lib/gcc/aarch64-linux-gnu/11/../../../../include/c++/11/bits/stl_vector.h:456:9 @[ /usr/lib/gcc/aarch64-linux-gnu/11/../../../../include/c++/11/bits/stl_vector.h:469:9 @[ /usr/lib/gcc/aarch64-linux-gnu/11/../../../../include/c++/11/bits/vector.tcc:466:23 ] ] ] ]. Skipping.
Found a loop without a preheader at /usr/lib/gcc/aarch64-linux-gnu/11/../../../../include/c++/11/bits/stl_uninitialized.h:1031:7 @[ /usr/lib/gcc/aarch64-linux-gnu/11/../../../../include/c++/11/bits/stl_uninitialized.h:1046:14 @[ /usr/lib/gcc/aarch64-linux-gnu/11/../../../../include/c++/11/bits/stl_vector.h:456:9 @[ /usr/lib/gcc/aarch64-linux-gnu/11/../../../../include/c++/11/bits/stl_vector.h:469:9 @[ /usr/lib/gcc/aarch64-linux-gnu/11/../../../../include/c++/11/bits/vector.tcc:461:23 ] ] ] ]. Skipping.
Found a loop without an exit block at /opt/ros/humble/src/gtest_vendor/./src/gtest.cc:4781:5. Skipping.
Found a loop without a preheader at /usr/lib/gcc/aarch64-linux-gnu/11/../../../../include/c++/11/bits/stl_construct.h:162:4 @[ /usr/lib/gcc/aarch64-linux-gnu/11/../../../../include/c++/11/bits/stl_construct.h:195:7 @[ /usr/lib/gcc/aarch64-linux-gnu/11/../../../../include/c++/11/bits/alloc_traits.h:848:7 @[ /usr/lib/gcc/aarch64-linux-gnu/11/../../../../include/c++/11/bits/stl_vector.h:680:2 ] ] ]. Skipping.
Found a loop without a preheader at /usr/lib/gcc/aarch64-linux-gnu/11/../../../../include/c++/11/bits/stl_construct.h:162:4 @[ /usr/lib/gcc/aarch64-linux-gnu/11/../../../../include/c++/11/bits/stl_construct.h:195:7 @[ /usr/lib/gcc/aarch64-linux-gnu/11/../../../../include/c++/11/bits/alloc_traits.h:848:7 @[ /usr/lib/gcc/aarch64-linux-gnu/11/../../../../include/c++/11/bits/stl_vector.h:680:2 @[ /opt/ros/humble/src/gtest_vendor/./src/gtest.cc:428:3 ] ] ] ]. Skipping.
Found a loop without an exit block at /opt/ros/humble/src/gtest_vendor/./src/gtest-filepath.cc:284:3. Skipping.
Found a loop without an exit block at /opt/ros/humble/src/gtest_vendor/./src/gtest.cc:485:3. Skipping.
Found a loop without a preheader at /opt/ros/humble/src/gtest_vendor/./src/gtest.cc:503:3. Skipping.
Found a loop without a preheader at /opt/ros/humble/src/gtest_vendor/./src/gtest.cc:503:3 @[ /opt/ros/humble/src/gtest_vendor/./src/gtest.cc:548:12 ]. Skipping.
Found a loop without a preheader at /opt/ros/humble/src/gtest_vendor/./src/gtest.cc:503:3 @[ /opt/ros/humble/src/gtest_vendor/./src/gtest.cc:547:11 ]. Skipping.
Found a loop without a preheader at /opt/ros/humble/src/gtest_vendor/./src/gtest.cc:665:5 @[ /opt/ros/humble/src/gtest_vendor/./src/gtest.cc:701:3 ]. Skipping.
Found a loop without a preheader at /opt/ros/humble/src/gtest_vendor/./src/gtest-internal-inl.h:284:3 @[ /opt/ros/humble/src/gtest_vendor/./src/gtest.cc:749:10 ]. Skipping.
Found a loop without a preheader at /opt/ros/humble/src/gtest_vendor/./src/gtest-internal-inl.h:284:3 @[ /opt/ros/humble/src/gtest_vendor/./src/gtest.cc:754:10 ]. Skipping.
Found a loop without an exit block at /opt/ros/humble/src/gtest_vendor/./src/gtest.cc:361:3 @[ /opt/ros/humble/src/gtest_vendor/./src/gtest.cc:770:10 ]. Skipping.
Found a loop without a preheader at /opt/ros/humble/src/gtest_vendor/./src/gtest-internal-inl.h:284:3 @[ /opt/ros/humble/src/gtest_vendor/./src/gtest.cc:2709:10 ]. Skipping.
Found a loop without an exit block at /opt/ros/humble/src/gtest_vendor/./src/gtest.cc:361:3 @[ /opt/ros/humble/src/gtest_vendor/./src/gtest.cc:775:10 ]. Skipping.
Found a loop without a preheader at /opt/ros/humble/src/gtest_vendor/./src/gtest-internal-inl.h:284:3 @[ /opt/ros/humble/src/gtest_vendor/./src/gtest.cc:2714:10 ]. Skipping.
Found a loop without an exit block at /opt/ros/humble/src/gtest_vendor/./src/gtest.cc:361:3 @[ /opt/ros/humble/src/gtest_vendor/./src/gtest.cc:780:10 ]. Skipping.
Found a loop without a preheader at /opt/ros/humble/src/gtest_vendor/./src/gtest-internal-inl.h:284:3 @[ /opt/ros/humble/src/gtest_vendor/./src/gtest.cc:2719:10 ]. Skipping.
Found a loop without a preheader at /opt/ros/humble/src/gtest_vendor/./src/gtest-internal-inl.h:284:3 @[ /opt/ros/humble/src/gtest_vendor/./src/gtest.cc:2724:10 ]. Skipping.
Found a loop without a preheader at /usr/lib/gcc/aarch64-linux-gnu/11/../../../../include/c++/11/bits/stl_construct.h:162:4 @[ /usr/lib/gcc/aarch64-linux-gnu/11/../../../../include/c++/11/bits/stl_construct.h:195:7 @[ /usr/lib/gcc/aarch64-linux-gnu/11/../../../../include/c++/11/bits/alloc_traits.h:848:7 @[ /usr/lib/gcc/aarch64-linux-gnu/11/../../../../include/c++/11/bits/stl_vector.h:680:2 @[ /opt/ros/humble/src/gtest_vendor/./src/gtest.cc:955:1 ] ] ] ]. Skipping.
Found a loop without an exit block at /opt/ros/humble/src/gtest_vendor/./src/gtest.cc:946:9. Skipping.
Found a loop without an exit block at /opt/ros/humble/src/gtest_vendor/./src/gtest.cc:926:3 @[ /opt/ros/humble/src/gtest_vendor/./src/gtest.cc:983:3 ]. Skipping.
Found a loop without a preheader at /opt/ros/humble/src/gtest_vendor/./src/gtest.cc:2000:3. Skipping.
Found a loop without a preheader at /usr/lib/gcc/aarch64-linux-gnu/11/../../../../include/c++/11/bits/stl_construct.h:162:4 @[ /usr/lib/gcc/aarch64-linux-gnu/11/../../../../include/c++/11/bits/stl_construct.h:195:7 @[ /usr/lib/gcc/aarch64-linux-gnu/11/../../../../include/c++/11/bits/alloc_traits.h:848:7 @[ /usr/lib/gcc/aarch64-linux-gnu/11/../../../../include/c++/11/bits/stl_vector.h:680:2 @[ /opt/ros/humble/src/gtest_vendor/./src/gtest.cc:1090:1 ] ] ] ]. Skipping.
Found a loop without a preheader at /usr/lib/gcc/aarch64-linux-gnu/11/../../../../include/c++/11/bits/stl_construct.h:162:4 @[ /usr/lib/gcc/aarch64-linux-gnu/11/../../../../include/c++/11/bits/stl_construct.h:195:7 @[ /usr/lib/gcc/aarch64-linux-gnu/11/../../../../include/c++/11/bits/alloc_traits.h:848:7 @[ /usr/lib/gcc/aarch64-linux-gnu/11/../../../../include/c++/11/bits/stl_vector.h:680:2 @[ /opt/ros/humble/src/gtest_vendor/./src/gtest.cc:1090:1 ] ] ] ]. Skipping.
Found a loop without a preheader at /usr/lib/gcc/aarch64-linux-gnu/11/../../../../include/c++/11/bits/stl_algo.h:1122:7 @[ /usr/lib/gcc/aarch64-linux-gnu/11/../../../../include/c++/11/bits/stl_algo.h:1151:7 @[ /opt/ros/humble/src/gtest_vendor/./src/gtest.cc:1088:3 ] ]. Skipping.
Found a loop without an exit block at /opt/ros/humble/src/gtest_vendor/./src/gtest.cc:1082:3. Skipping.
Found a loop without a preheader at /usr/lib/gcc/aarch64-linux-gnu/11/../../../../include/c++/11/bits/stl_construct.h:162:4 @[ /usr/lib/gcc/aarch64-linux-gnu/11/../../../../include/c++/11/bits/stl_construct.h:195:7 @[ /usr/lib/gcc/aarch64-linux-gnu/11/../../../../include/c++/11/bits/alloc_traits.h:848:7 @[ /usr/lib/gcc/aarch64-linux-gnu/11/../../../../include/c++/11/bits/stl_vector.h:680:2 ] ] ]. Skipping.
Found a loop without a preheader at /usr/lib/gcc/aarch64-linux-gnu/11/../../../../include/c++/11/bits/stl_construct.h:162:4 @[ /usr/lib/gcc/aarch64-linux-gnu/11/../../../../include/c++/11/bits/stl_construct.h:195:7 @[ /usr/lib/gcc/aarch64-linux-gnu/11/../../../../include/c++/11/bits/alloc_traits.h:848:7 @[ /usr/lib/gcc/aarch64-linux-gnu/11/../../../../include/c++/11/bits/stl_vector.h:680:2 ] ] ]. Skipping.
Found a loop without an exit block at /opt/ros/humble/src/gtest_vendor/./src/gtest.cc:1120:5. Skipping.
Found a loop without an exit block at /opt/ros/humble/src/gtest_vendor/./src/gtest.cc:1117:5. Skipping.
Found a loop without an exit block at /opt/ros/humble/src/gtest_vendor/./src/gtest.cc:1217:3. Skipping.
Found a loop without a preheader at /usr/lib/gcc/aarch64-linux-gnu/11/../../../../include/c++/11/bits/list.tcc:71:7 @[ /usr/lib/gcc/aarch64-linux-gnu/11/../../../../include/c++/11/bits/stl_list.h:500:9 @[ /opt/ros/humble/src/gtest_vendor/./src/gtest.cc:1133:7 ] ]. Skipping.
Found a loop without a preheader at /usr/lib/gcc/aarch64-linux-gnu/11/../../../../include/c++/11/bits/list.tcc:71:7 @[ /usr/lib/gcc/aarch64-linux-gnu/11/../../../../include/c++/11/bits/stl_list.h:500:9 @[ /opt/ros/humble/src/gtest_vendor/./src/gtest.cc:1133:7 ] ]. Skipping.
Found a loop without a preheader at /usr/lib/gcc/aarch64-linux-gnu/11/../../../../include/c++/11/bits/list.tcc:71:7 @[ /usr/lib/gcc/aarch64-linux-gnu/11/../../../../include/c++/11/bits/stl_list.h:500:9 @[ /opt/ros/humble/src/gtest_vendor/./src/gtest.cc:1133:7 ] ]. Skipping.
Found a loop without a preheader at /usr/lib/gcc/aarch64-linux-gnu/11/../../../../include/c++/11/bits/stl_construct.h:162:4 @[ /usr/lib/gcc/aarch64-linux-gnu/11/../../../../include/c++/11/bits/stl_construct.h:195:7 @[ /usr/lib/gcc/aarch64-linux-gnu/11/../../../../include/c++/11/bits/alloc_traits.h:848:7 @[ /usr/lib/gcc/aarch64-linux-gnu/11/../../../../include/c++/11/bits/stl_vector.h:680:2 @[ /opt/ros/humble/src/gtest_vendor/./src/gtest.cc:1349:3 ] ] ] ]. Skipping.
Found a loop without a preheader at /usr/lib/gcc/aarch64-linux-gnu/11/../../../../include/c++/11/bits/stl_construct.h:162:4 @[ /usr/lib/gcc/aarch64-linux-gnu/11/../../../../include/c++/11/bits/stl_construct.h:195:7 @[ /usr/lib/gcc/aarch64-linux-gnu/11/../../../../include/c++/11/bits/alloc_traits.h:848:7 @[ /usr/lib/gcc/aarch64-linux-gnu/11/../../../../include/c++/11/bits/stl_vector.h:680:2 @[ /opt/ros/humble/src/gtest_vendor/./src/gtest.cc:1349:3 ] ] ] ]. Skipping.
Found a loop without an exit block at /opt/ros/humble/src/gtest_vendor/./src/gtest.cc:1288:3. Skipping.
Found a loop without an exit block at /opt/ros/humble/src/gtest_vendor/./src/gtest.cc:1836:3. Skipping.
Found a loop without a preheader at /usr/lib/gcc/aarch64-linux-gnu/11/../../../../include/c++/11/bits/stl_construct.h:162:4 @[ /usr/lib/gcc/aarch64-linux-gnu/11/../../../../include/c++/11/bits/stl_construct.h:195:7 @[ /usr/lib/gcc/aarch64-linux-gnu/11/../../../../include/c++/11/bits/alloc_traits.h:848:7 @[ /usr/lib/gcc/aarch64-linux-gnu/11/../../../../include/c++/11/bits/stl_vector.h:680:2 @[ /opt/ros/humble/src/gtest_vendor/./src/gtest.cc:2033:1 ] ] ] ]. Skipping.
Found a loop without a preheader at /usr/lib/gcc/aarch64-linux-gnu/11/../../../../include/c++/11/bits/stl_construct.h:162:4 @[ /usr/lib/gcc/aarch64-linux-gnu/11/../../../../include/c++/11/bits/stl_construct.h:195:7 @[ /usr/lib/gcc/aarch64-linux-gnu/11/../../../../include/c++/11/bits/alloc_traits.h:848:7 @[ /usr/lib/gcc/aarch64-linux-gnu/11/../../../../include/c++/11/bits/stl_vector.h:680:2 ] ] ]. Skipping.
Found a loop without a preheader at /usr/lib/gcc/aarch64-linux-gnu/11/../../../../include/c++/11/bits/stl_construct.h:162:4 @[ /usr/lib/gcc/aarch64-linux-gnu/11/../../../../include/c++/11/bits/stl_construct.h:195:7 @[ /usr/lib/gcc/aarch64-linux-gnu/11/../../../../include/c++/11/bits/alloc_traits.h:848:7 @[ /usr/lib/gcc/aarch64-linux-gnu/11/../../../../include/c++/11/bits/stl_vector.h:1796:6 @[ /usr/lib/gcc/aarch64-linux-gnu/11/../../../../include/c++/11/bits/stl_vector.h:1499:9 @[ /opt/ros/humble/src/gtest_vendor/./src/gtest.cc:2055:22 ] ] ] ] ]. Skipping.
Found a loop without a preheader at /usr/lib/gcc/aarch64-linux-gnu/11/../../../../include/c++/11/bits/stl_construct.h:162:4 @[ /usr/lib/gcc/aarch64-linux-gnu/11/../../../../include/c++/11/bits/stl_construct.h:195:7 @[ /usr/lib/gcc/aarch64-linux-gnu/11/../../../../include/c++/11/bits/alloc_traits.h:848:7 @[ /usr/lib/gcc/aarch64-linux-gnu/11/../../../../include/c++/11/bits/stl_vector.h:680:2 @[ /opt/ros/humble/src/gtest_vendor/./src/gtest.cc:2178:3 ] ] ] ]. Skipping.
Found a loop without an exit block at /opt/ros/humble/src/gtest_vendor/./src/gtest.cc:2149:3 @[ /opt/ros/humble/src/gtest_vendor/./src/gtest.cc:2167:30 @[ /opt/ros/humble/src/gtest_vendor/./src/gtest.cc:2178:10 ] ]. Skipping.
Found a loop without a preheader at /usr/lib/gcc/aarch64-linux-gnu/11/../../../../include/c++/11/bits/stl_construct.h:162:4 @[ /usr/lib/gcc/aarch64-linux-gnu/11/../../../../include/c++/11/bits/stl_construct.h:195:7 @[ /usr/lib/gcc/aarch64-linux-gnu/11/../../../../include/c++/11/bits/alloc_traits.h:848:7 @[ /usr/lib/gcc/aarch64-linux-gnu/11/../../../../include/c++/11/bits/stl_vector.h:1796:6 @[ /usr/lib/gcc/aarch64-linux-gnu/11/../../../../include/c++/11/bits/stl_vector.h:1499:9 @[ /opt/ros/humble/src/gtest_vendor/./src/gtest.cc:2185:20 ] ] ] ] ]. Skipping.
Found a loop without a preheader at /usr/lib/gcc/aarch64-linux-gnu/11/../../../../include/c++/11/bits/stl_construct.h:162:4 @[ /usr/lib/gcc/aarch64-linux-gnu/11/../../../../include/c++/11/bits/stl_construct.h:195:7 @[ /usr/lib/gcc/aarch64-linux-gnu/11/../../../../include/c++/11/bits/alloc_traits.h:848:7 @[ /usr/lib/gcc/aarch64-linux-gnu/11/../../../../include/c++/11/bits/stl_vector.h:1796:6 @[ /usr/lib/gcc/aarch64-linux-gnu/11/../../../../include/c++/11/bits/stl_vector.h:1499:9 @[ /opt/ros/humble/src/gtest_vendor/./src/gtest.cc:2184:22 ] ] ] ] ]. Skipping.
Found a loop without an exit block at /opt/ros/humble/src/gtest_vendor/./src/gtest.cc:2202:3 @[ /opt/ros/humble/src/gtest_vendor/./src/gtest.cc:2197:11 ]. Skipping.
Found a loop without an exit block at /opt/ros/humble/src/gtest_vendor/./src/gtest.cc:2202:3. Skipping.
Found a loop without an exit block at /opt/ros/humble/src/gtest_vendor/./src/gtest.cc:2202:3 @[ /opt/ros/humble/src/gtest_vendor/./src/gtest.cc:2197:11 @[ /opt/ros/humble/src/gtest_vendor/./src/gtest.cc:2533:62 ] ]. Skipping.
Found a loop without a preheader at /opt/ros/humble/src/gtest_vendor/include/gtest/internal/gtest-param-util.h:698:5 @[ /opt/ros/humble/src/gtest_vendor/./src/gtest.cc:2648:34 ]. Skipping.
Found a loop without a preheader at /usr/lib/gcc/aarch64-linux-gnu/11/../../../../include/c++/11/bits/stl_algo.h:3819:7 @[ /opt/ros/humble/src/gtest_vendor/./src/gtest-internal-inl.h:294:3 @[ /opt/ros/humble/src/gtest_vendor/./src/gtest.cc:2770:3 ] ]. Skipping.
Found a loop without a preheader at /usr/lib/gcc/aarch64-linux-gnu/11/../../../../include/c++/11/bits/stl_algo.h:3819:7 @[ /opt/ros/humble/src/gtest_vendor/./src/gtest-internal-inl.h:294:3 @[ /opt/ros/humble/src/gtest_vendor/./src/gtest.cc:2837:3 ] ]. Skipping.
Found a loop without an exit block at /opt/ros/humble/src/gtest_vendor/./src/gtest.cc:2202:3 @[ /opt/ros/humble/src/gtest_vendor/./src/gtest.cc:3245:27 ]. Skipping.
Found a loop without an exit block at /opt/ros/humble/src/gtest_vendor/./src/gtest.cc:2202:3 @[ /opt/ros/humble/src/gtest_vendor/./src/gtest.cc:2197:11 @[ /opt/ros/humble/src/gtest_vendor/./src/gtest.cc:3239:34 ] ]. Skipping.
Found a loop without an exit block at /opt/ros/humble/src/gtest_vendor/./src/gtest.cc:2202:3 @[ /opt/ros/humble/src/gtest_vendor/include/gtest/gtest.h:578:47 ]. Skipping.
Found a loop without an exit block at /opt/ros/humble/src/gtest_vendor/./src/gtest.cc:2202:3 @[ /opt/ros/humble/src/gtest_vendor/./src/gtest.cc:2197:11 @[ /opt/ros/humble/src/gtest_vendor/include/gtest/gtest.h:578:33 ] ]. Skipping.
Found a loop without a preheader at /opt/ros/humble/src/gtest_vendor/./src/gtest.cc:3295:3. Skipping.
Found a loop without an exit block at /opt/ros/humble/src/gtest_vendor/./src/gtest.cc:361:3 @[ /opt/ros/humble/src/gtest_vendor/./src/gtest.cc:780:10 @[ /opt/ros/humble/src/gtest_vendor/./src/gtest.cc:4672:58 @[ /opt/ros/humble/src/gtest_vendor/./src/gtest.cc:3290:43 ] ] ]. Skipping.
Found a loop without an exit block at /opt/ros/humble/src/gtest_vendor/./src/gtest.cc:361:3 @[ /opt/ros/humble/src/gtest_vendor/./src/gtest.cc:780:10 @[ /opt/ros/humble/src/gtest_vendor/./src/gtest.cc:4672:58 ] ]. Skipping.
Found a loop without a preheader at /opt/ros/humble/src/gtest_vendor/./src/gtest.cc:3320:3. Skipping.
Found a loop without an exit block at /opt/ros/humble/src/gtest_vendor/./src/gtest.cc:361:3 @[ /opt/ros/humble/src/gtest_vendor/./src/gtest.cc:780:10 @[ /opt/ros/humble/src/gtest_vendor/./src/gtest.cc:4672:58 @[ /opt/ros/humble/src/gtest_vendor/./src/gtest.cc:3360:45 ] ] ]. Skipping.
Found a loop without an exit block at /opt/ros/humble/src/gtest_vendor/./src/gtest.cc:361:3 @[ /opt/ros/humble/src/gtest_vendor/./src/gtest.cc:780:10 @[ /opt/ros/humble/src/gtest_vendor/./src/gtest.cc:4672:58 @[ /opt/ros/humble/src/gtest_vendor/./src/gtest.cc:3358:32 ] ] ]. Skipping.
Found a loop without a preheader at /usr/lib/gcc/aarch64-linux-gnu/11/../../../../include/c++/11/bits/stl_algo.h:3819:7 @[ /opt/ros/humble/src/gtest_vendor/./src/gtest-internal-inl.h:294:3 @[ /opt/ros/humble/src/gtest_vendor/./src/gtest.cc:3432:3 ] ]. Skipping.
Found a loop without an exit block at /opt/ros/humble/src/gtest_vendor/./src/gtest.cc:3440:3. Skipping.
Found a loop without a preheader at /opt/ros/humble/src/gtest_vendor/./src/gtest.cc:3471:1. Skipping.
Found a loop without a preheader at /opt/ros/humble/src/gtest_vendor/./src/gtest.cc:3472:1. Skipping.
Found a loop without a preheader at /opt/ros/humble/src/gtest_vendor/./src/gtest.cc:3475:1. Skipping.
Found a loop without a preheader at /opt/ros/humble/src/gtest_vendor/./src/gtest.cc:3477:1. Skipping.
Found a loop without a preheader at /opt/ros/humble/src/gtest_vendor/./src/gtest.cc:3478:1. Skipping.
Found a loop without a preheader at /opt/ros/humble/src/gtest_vendor/./src/gtest.cc:3479:1. Skipping.
Found a loop without a preheader at /opt/ros/humble/src/gtest_vendor/./src/gtest.cc:3480:1. Skipping.
Found a loop without a preheader at /opt/ros/humble/src/gtest_vendor/./src/gtest.cc:3497:5. Skipping.
Found a loop without a preheader at /opt/ros/humble/src/gtest_vendor/./src/gtest.cc:3916:3. Skipping.
Found a loop without an exit block at /opt/ros/humble/src/gtest_vendor/./src/gtest.cc:361:3 @[ /opt/ros/humble/src/gtest_vendor/./src/gtest.cc:780:10 @[ /opt/ros/humble/src/gtest_vendor/./src/gtest.cc:4672:58 @[ /opt/ros/humble/src/gtest_vendor/./src/gtest.cc:3896:51 ] ] ]. Skipping.
Found a loop without a preheader at /opt/ros/humble/src/gtest_vendor/./src/gtest.cc:3939:3. Skipping.
Found a loop without an exit block at /opt/ros/humble/src/gtest_vendor/./src/gtest.cc:3638:3. Skipping.
Found a loop without an exit block at /opt/ros/humble/src/gtest_vendor/./src/gtest.cc:3684:3. Skipping.
Found a loop without a preheader at /opt/ros/humble/src/gtest_vendor/./src/gtest.cc:3752:9. Skipping.
Found a loop without a preheader at /usr/lib/gcc/aarch64-linux-gnu/11/../../../../include/c++/11/bits/stl_construct.h:162:4 @[ /usr/lib/gcc/aarch64-linux-gnu/11/../../../../include/c++/11/bits/stl_construct.h:195:7 @[ /usr/lib/gcc/aarch64-linux-gnu/11/../../../../include/c++/11/bits/alloc_traits.h:848:7 @[ /usr/lib/gcc/aarch64-linux-gnu/11/../../../../include/c++/11/bits/stl_vector.h:680:2 @[ /opt/ros/humble/src/gtest_vendor/./src/gtest.cc:3779:1 ] ] ] ]. Skipping.
Found a loop without an exit block at /opt/ros/humble/src/gtest_vendor/./src/gtest.cc:3825:3. Skipping.
Found a loop without an exit block at /opt/ros/humble/src/gtest_vendor/./src/gtest.cc:2202:3 @[ /opt/ros/humble/src/gtest_vendor/./src/gtest.cc:2197:11 @[ /opt/ros/humble/src/gtest_vendor/./src/gtest.cc:3815:36 ] ]. Skipping.
Found a loop without an exit block at /opt/ros/humble/src/gtest_vendor/./src/gtest.cc:3968:3. Skipping.
Found a loop without an exit block at /opt/ros/humble/src/gtest_vendor/./src/gtest.cc:3878:3. Skipping.
Found a loop without a preheader at /opt/ros/humble/src/gtest_vendor/./src/gtest-internal-inl.h:284:3 @[ /opt/ros/humble/src/gtest_vendor/./src/gtest.cc:2724:10 @[ /opt/ros/humble/src/gtest_vendor/./src/gtest.cc:3868:39 ] ]. Skipping.
Found a loop without a preheader at /opt/ros/humble/src/gtest_vendor/./src/gtest-internal-inl.h:284:3 @[ /opt/ros/humble/src/gtest_vendor/./src/gtest.cc:2719:10 @[ /opt/ros/humble/src/gtest_vendor/./src/gtest.cc:3865:54 ] ]. Skipping.
Found a loop without an exit block at /opt/ros/humble/src/gtest_vendor/./src/gtest.cc:3950:3. Skipping.
Found a loop without a preheader at /opt/ros/humble/src/gtest_vendor/./src/gtest.cc:4301:3. Skipping.
Found a loop without an exit block at /opt/ros/humble/src/gtest_vendor/./src/gtest.cc:361:3 @[ /opt/ros/humble/src/gtest_vendor/./src/gtest.cc:780:10 @[ /opt/ros/humble/src/gtest_vendor/./src/gtest.cc:4672:58 @[ /opt/ros/humble/src/gtest_vendor/./src/gtest.cc:4278:60 ] ] ]. Skipping.
Found a loop without an exit block at /opt/ros/humble/src/gtest_vendor/./src/gtest.cc:4055:3. Skipping.
Found a loop without a preheader at /usr/lib/gcc/aarch64-linux-gnu/11/../../../../include/c++/11/bits/stl_construct.h:162:4 @[ /usr/lib/gcc/aarch64-linux-gnu/11/../../../../include/c++/11/bits/stl_construct.h:195:7 @[ /usr/lib/gcc/aarch64-linux-gnu/11/../../../../include/c++/11/bits/alloc_traits.h:848:7 @[ /usr/lib/gcc/aarch64-linux-gnu/11/../../../../include/c++/11/bits/stl_vector.h:680:2 @[ /opt/ros/humble/src/gtest_vendor/./src/gtest.cc:4138:1 ] ] ] ]. Skipping.
Found a loop without a preheader at /usr/lib/gcc/aarch64-linux-gnu/11/../../../../include/c++/11/bits/stl_construct.h:162:4 @[ /usr/lib/gcc/aarch64-linux-gnu/11/../../../../include/c++/11/bits/stl_construct.h:195:7 @[ /usr/lib/gcc/aarch64-linux-gnu/11/../../../../include/c++/11/bits/alloc_traits.h:848:7 @[ /usr/lib/gcc/aarch64-linux-gnu/11/../../../../include/c++/11/bits/stl_vector.h:680:2 @[ /opt/ros/humble/src/gtest_vendor/./src/gtest.cc:4158:1 ] ] ] ]. Skipping.
Found a loop without an exit block at /opt/ros/humble/src/gtest_vendor/./src/gtest.cc:4203:3. Skipping.
Found a loop without an exit block at /opt/ros/humble/src/gtest_vendor/./src/gtest.cc:2202:3 @[ /opt/ros/humble/src/gtest_vendor/./src/gtest.cc:2197:11 @[ /opt/ros/humble/src/gtest_vendor/./src/gtest.cc:4190:31 ] ]. Skipping.
Found a loop without an exit block at /opt/ros/humble/src/gtest_vendor/./src/gtest.cc:4345:3. Skipping.
Found a loop without an exit block at /opt/ros/humble/src/gtest_vendor/./src/gtest.cc:4256:3. Skipping.
Found a loop without a preheader at /opt/ros/humble/src/gtest_vendor/./src/gtest-internal-inl.h:284:3 @[ /opt/ros/humble/src/gtest_vendor/./src/gtest.cc:2724:10 @[ /opt/ros/humble/src/gtest_vendor/./src/gtest.cc:4240:30 ] ]. Skipping.
Found a loop without a preheader at /opt/ros/humble/src/gtest_vendor/./src/gtest-internal-inl.h:284:3 @[ /opt/ros/humble/src/gtest_vendor/./src/gtest.cc:2719:10 @[ /opt/ros/humble/src/gtest_vendor/./src/gtest.cc:4238:30 ] ]. Skipping.
Found a loop without a preheader at /opt/ros/humble/src/gtest_vendor/./src/gtest.cc:4329:3. Skipping.
Found a loop without an exit block at /opt/ros/humble/src/gtest_vendor/./src/gtest.cc:4365:3. Skipping.
Found a loop without a preheader at /opt/ros/humble/src/gtest_vendor/./src/gtest.cc:4401:3. Skipping.
Found a loop without an exit block at /opt/ros/humble/src/gtest_vendor/./src/gtest.cc:3440:3 @[ /opt/ros/humble/src/gtest_vendor/./src/gtest.cc:4554:21 ]. Skipping.
Found a loop without an exit block at /opt/ros/humble/src/gtest_vendor/./src/gtest.cc:3440:3 @[ /opt/ros/humble/src/gtest_vendor/./src/gtest.cc:4554:21 @[ /opt/ros/humble/src/gtest_vendor/./src/gtest.cc:4570:12 ] ]. Skipping.
Found a loop without an exit block at /opt/ros/humble/src/gtest_vendor/./src/gtest.cc:3440:3 @[ /opt/ros/humble/src/gtest_vendor/./src/gtest.cc:4554:21 @[ /opt/ros/humble/src/gtest_vendor/./src/gtest.cc:4585:12 ] ]. Skipping.
Found a loop without a preheader at /opt/ros/humble/src/gtest_vendor/./src/gtest-internal-inl.h:284:3 @[ /opt/ros/humble/src/gtest_vendor/./src/gtest.cc:749:10 @[ /opt/ros/humble/src/gtest_vendor/./src/gtest.cc:4626:18 ] ]. Skipping.
Found a loop without a preheader at /opt/ros/humble/src/gtest_vendor/./src/gtest-internal-inl.h:284:3 @[ /opt/ros/humble/src/gtest_vendor/./src/gtest.cc:754:10 @[ /opt/ros/humble/src/gtest_vendor/./src/gtest.cc:4631:18 ] ]. Skipping.
Found a loop without a preheader at /opt/ros/humble/src/gtest_vendor/./src/gtest-internal-inl.h:284:3 @[ /opt/ros/humble/src/gtest_vendor/./src/gtest.cc:749:10 @[ /opt/ros/humble/src/gtest_vendor/./src/gtest.cc:4648:18 ] ]. Skipping.
Found a loop without a preheader at /opt/ros/humble/src/gtest_vendor/./src/gtest-internal-inl.h:284:3 @[ /opt/ros/humble/src/gtest_vendor/./src/gtest.cc:754:10 @[ /opt/ros/humble/src/gtest_vendor/./src/gtest.cc:4651:18 ] ]. Skipping.
Found a loop without an exit block at /opt/ros/humble/src/gtest_vendor/./src/gtest.cc:2202:3 @[ /opt/ros/humble/src/gtest_vendor/./src/gtest-internal-inl.h:587:67 ]. Skipping.
Found a loop without a preheader at /opt/ros/humble/src/gtest_vendor/./src/gtest-internal-inl.h:284:3 @[ /opt/ros/humble/src/gtest_vendor/./src/gtest.cc:754:10 @[ /opt/ros/humble/src/gtest_vendor/./src/gtest-internal-inl.h:587:12 ] ]. Skipping.
Found a loop without an exit block at /opt/ros/humble/src/gtest_vendor/./src/gtest.cc:5293:3. Skipping.
Found a loop without a preheader at /opt/ros/humble/src/gtest_vendor/include/gtest/internal/gtest-param-util.h:661:5. Skipping.
Found a loop without a preheader at /opt/ros/humble/src/gtest_vendor/include/gtest/internal/gtest-param-util.h:661:5 @[ /opt/ros/humble/src/gtest_vendor/./src/gtest.cc:5036:1 ]. Skipping.
Found a loop without a preheader at /usr/lib/gcc/aarch64-linux-gnu/11/../../../../include/c++/11/bits/stl_algo.h:3819:7 @[ /opt/ros/humble/src/gtest_vendor/./src/gtest-internal-inl.h:294:3 @[ /opt/ros/humble/src/gtest_vendor/./src/gtest.cc:5033:3 ] ]. Skipping.
Found a loop without a preheader at /usr/lib/gcc/aarch64-linux-gnu/11/../../../../include/c++/11/bits/stl_algo.h:3819:7 @[ /opt/ros/humble/src/gtest_vendor/./src/gtest-internal-inl.h:294:3 @[ /opt/ros/humble/src/gtest_vendor/./src/gtest.cc:5030:3 ] ]. Skipping.
Found a loop without a preheader at /opt/ros/humble/src/gtest_vendor/include/gtest/internal/gtest-param-util.h:698:5 @[ /opt/ros/humble/src/gtest_vendor/./src/gtest.cc:2648:34 @[ /opt/ros/humble/src/gtest_vendor/./src/gtest.cc:5126:5 ] ]. Skipping.
Found a loop without a preheader at /opt/ros/humble/src/gtest_vendor/./src/gtest.cc:503:3 @[ /opt/ros/humble/src/gtest_vendor/./src/gtest.cc:5197:7 ]. Skipping.
Found a loop without a preheader at /usr/lib/gcc/aarch64-linux-gnu/11/../../../../include/c++/11/bits/stl_construct.h:162:4 @[ /usr/lib/gcc/aarch64-linux-gnu/11/../../../../include/c++/11/bits/stl_construct.h:195:7 @[ /usr/lib/gcc/aarch64-linux-gnu/11/../../../../include/c++/11/bits/alloc_traits.h:848:7 @[ /usr/lib/gcc/aarch64-linux-gnu/11/../../../../include/c++/11/bits/stl_vector.h:680:2 @[ /opt/ros/humble/src/gtest_vendor/./src/gtest.cc:353:36 ] ] ] ]. Skipping.
Found a loop without an exit block at /opt/ros/humble/src/gtest_vendor/./src/gtest.cc:5504:3. Skipping.
Found a loop without a preheader at /opt/ros/humble/src/gtest_vendor/./src/gtest.cc:5570:3. Skipping.
Found a loop without a preheader at /usr/lib/gcc/aarch64-linux-gnu/11/../../../../include/c++/11/bits/stl_algo.h:3819:7 @[ /opt/ros/humble/src/gtest_vendor/./src/gtest-internal-inl.h:294:3 @[ /opt/ros/humble/src/gtest_vendor/./src/gtest-internal-inl.h:728:5 ] ]. Skipping.
Found a loop without a preheader at /opt/ros/humble/src/gtest_vendor/./src/gtest.cc:5668:3. Skipping.
Found a loop without an exit block at /opt/ros/humble/src/gtest_vendor/./src/gtest.cc:5997:3. Skipping.
Found a loop without an exit block at /opt/ros/humble/src/gtest_vendor/./src/gtest.cc:5997:3. Skipping.
Found a loop without an exit block at /opt/ros/humble/src/gtest_vendor/./src/gtest.cc:6079:3. Skipping.
Found a loop without a preheader at /usr/lib/gcc/aarch64-linux-gnu/11/../../../../include/c++/11/bits/stl_construct.h:162:4 @[ /usr/lib/gcc/aarch64-linux-gnu/11/../../../../include/c++/11/bits/stl_construct.h:195:7 @[ /usr/lib/gcc/aarch64-linux-gnu/11/../../../../include/c++/11/bits/alloc_traits.h:848:7 @[ /usr/lib/gcc/aarch64-linux-gnu/11/../../../../include/c++/11/bits/stl_vector.h:1796:6 @[ /usr/lib/gcc/aarch64-linux-gnu/11/../../../../include/c++/11/bits/stl_vector.h:1499:9 @[ /opt/ros/humble/src/gtest_vendor/./src/gtest.cc:6078:11 ] ] ] ] ]. Skipping.
Found a loop without an exit block at /opt/ros/humble/src/gtest_vendor/./src/gtest.cc:6079:3. Skipping.
Found a loop without a preheader at /usr/lib/gcc/aarch64-linux-gnu/11/../../../../include/c++/11/bits/stl_construct.h:162:4 @[ /usr/lib/gcc/aarch64-linux-gnu/11/../../../../include/c++/11/bits/stl_construct.h:195:7 @[ /usr/lib/gcc/aarch64-linux-gnu/11/../../../../include/c++/11/bits/alloc_traits.h:848:7 @[ /usr/lib/gcc/aarch64-linux-gnu/11/../../../../include/c++/11/bits/stl_vector.h:1796:6 @[ /usr/lib/gcc/aarch64-linux-gnu/11/../../../../include/c++/11/bits/stl_vector.h:1499:9 @[ /opt/ros/humble/src/gtest_vendor/./src/gtest.cc:6078:11 ] ] ] ] ]. Skipping.
Found a loop without an exit block at /opt/ros/humble/src/gtest_vendor/./src/gtest-death-test.cc:498:3. Skipping.
Found a loop without an exit block at /opt/ros/humble/src/gtest_vendor/./src/gtest-death-test.cc:351:3 @[ /opt/ros/humble/src/gtest_vendor/./src/gtest-death-test.cc:487:9 ]. Skipping.
Found a loop without an exit block at /opt/ros/humble/src/gtest_vendor/./src/gtest-death-test.cc:469:3. Skipping.
Found a loop without an exit block at /opt/ros/humble/src/gtest_vendor/./src/gtest-death-test.cc:518:3. Skipping.
Found a loop without an exit block at /opt/ros/humble/src/gtest_vendor/./src/gtest-death-test.cc:535:3. Skipping.
Found a loop without an exit block at /opt/ros/humble/src/gtest_vendor/./src/gtest-death-test.cc:1103:3. Skipping.
Found a loop without a preheader at /opt/ros/humble/src/gtest_vendor/./src/gtest-death-test.cc:1143:5. Skipping.
Found a loop without an exit block at /opt/ros/humble/src/gtest_vendor/./src/gtest-death-test.cc:1155:5. Skipping.
Found a loop without a preheader at /opt/ros/humble/src/gtest_vendor/./src/gtest-port.cc:107:3 @[ /opt/ros/humble/src/gtest_vendor/./src/gtest-port.cc:120:10 ]. Skipping.
Found a loop without a preheader at /opt/ros/humble/src/gtest_vendor/./src/gtest-death-test.cc:1196:5 @[ /opt/ros/humble/src/gtest_vendor/./src/gtest-death-test.cc:1457:1 ]. Skipping.
Found a loop without an exit block at /opt/ros/humble/src/gtest_vendor/./src/gtest-death-test.cc:1452:3. Skipping.
Found a loop without an exit block at /opt/ros/humble/src/gtest_vendor/./src/gtest-death-test.cc:1401:3 @[ /opt/ros/humble/src/gtest_vendor/./src/gtest-death-test.cc:1451:27 ]. Skipping.
Found a loop without an exit block at /opt/ros/humble/src/gtest_vendor/./src/gtest-death-test.cc:1358:3 @[ /opt/ros/humble/src/gtest_vendor/./src/gtest-death-test.cc:1451:27 ]. Skipping.
Found a loop without a preheader at /usr/lib/gcc/aarch64-linux-gnu/11/../../../../include/c++/11/bits/stl_construct.h:162:4 @[ /usr/lib/gcc/aarch64-linux-gnu/11/../../../../include/c++/11/bits/stl_construct.h:195:7 @[ /usr/lib/gcc/aarch64-linux-gnu/11/../../../../include/c++/11/bits/alloc_traits.h:848:7 @[ /usr/lib/gcc/aarch64-linux-gnu/11/../../../../include/c++/11/bits/stl_vector.h:680:2 @[ /opt/ros/humble/src/gtest_vendor/./src/gtest-death-test.cc:1440:3 ] ] ] ]. Skipping.
Found a loop without a preheader at /opt/ros/humble/src/gtest_vendor/./src/gtest-death-test.cc:1207:5 @[ /opt/ros/humble/src/gtest_vendor/./src/gtest-death-test.cc:1440:8 ]. Skipping.
Found a loop without a preheader at /opt/ros/humble/src/gtest_vendor/./src/gtest-death-test.cc:1196:5. Skipping.
Found a loop without a preheader at /usr/lib/gcc/aarch64-linux-gnu/11/../../../../include/c++/11/bits/stl_construct.h:162:4 @[ /usr/lib/gcc/aarch64-linux-gnu/11/../../../../include/c++/11/bits/stl_construct.h:195:7 @[ /usr/lib/gcc/aarch64-linux-gnu/11/../../../../include/c++/11/bits/alloc_traits.h:848:7 @[ /usr/lib/gcc/aarch64-linux-gnu/11/../../../../include/c++/11/bits/stl_vector.h:680:2 @[ /opt/ros/humble/src/gtest_vendor/./src/gtest-death-test.cc:1647:1 ] ] ] ]. Skipping.
Found a loop without a preheader at /opt/ros/humble/src/gtest_vendor/./src/gtest-filepath.cc:358:3. Skipping.
Found a loop without a preheader at /usr/lib/gcc/aarch64-linux-gnu/11/../../../../include/c++/11/bits/stl_construct.h:162:4 @[ /usr/lib/gcc/aarch64-linux-gnu/11/../../../../include/c++/11/bits/stl_construct.h:195:7 @[ /usr/lib/gcc/aarch64-linux-gnu/11/../../../../include/c++/11/bits/alloc_traits.h:848:7 @[ /usr/lib/gcc/aarch64-linux-gnu/11/../../../../include/c++/11/bits/stl_vector.h:680:2 @[ /opt/ros/humble/src/gtest_vendor/./src/gtest-port.cc:1247:43 ] ] ] ]. Skipping.
Found a loop without a preheader at /usr/lib/gcc/aarch64-linux-gnu/11/../../../../include/c++/11/bits/stl_construct.h:162:4 @[ /usr/lib/gcc/aarch64-linux-gnu/11/../../../../include/c++/11/bits/stl_construct.h:195:7 @[ /usr/lib/gcc/aarch64-linux-gnu/11/../../../../include/c++/11/bits/alloc_traits.h:848:7 @[ /usr/lib/gcc/aarch64-linux-gnu/11/../../../../include/c++/11/bits/stl_vector.h:680:2 @[ /opt/ros/humble/src/gtest_vendor/./src/gtest-port.cc:1247:43 @[ /opt/ros/humble/src/gtest_vendor/./src/gtest-port.cc:1252:3 ] ] ] ] ]. Skipping.
Found a loop without a preheader at /usr/lib/gcc/aarch64-linux-gnu/11/../../../../include/c++/11/bits/stl_construct.h:162:4 @[ /usr/lib/gcc/aarch64-linux-gnu/11/../../../../include/c++/11/bits/stl_construct.h:195:7 @[ /usr/lib/gcc/aarch64-linux-gnu/11/../../../../include/c++/11/bits/alloc_traits.h:848:7 @[ /usr/lib/gcc/aarch64-linux-gnu/11/../../../../include/c++/11/bits/stl_vector.h:680:2 @[ /opt/ros/humble/src/gtest_vendor/./src/gtest-port.cc:1257:3 ] ] ] ]. Skipping.
Found a loop without a preheader at /opt/ros/humble/src/gtest_vendor/./src/gtest-port.cc:1279:3. Skipping.
Found a loop without a preheader at /opt/ros/humble/src/gtest_vendor/./src/gtest-printers.cc:273:3. Skipping.
Found a loop without a preheader at /opt/ros/humble/src/gtest_vendor/./src/gtest-printers.cc:273:3. Skipping.
Found a loop without a preheader at /opt/ros/humble/src/gtest_vendor/./src/gtest-printers.cc:388:9 @[ /opt/ros/humble/src/gtest_vendor/./src/gtest-printers.cc:419:7 @[ /opt/ros/humble/src/gtest_vendor/./src/gtest-printers.cc:429:7 ] ]. Skipping.
Found a loop without a preheader at /opt/ros/humble/src/gtest_vendor/./src/gtest-printers.cc:364:3 @[ /opt/ros/humble/src/gtest_vendor/./src/gtest-printers.cc:418:8 @[ /opt/ros/humble/src/gtest_vendor/./src/gtest-printers.cc:429:7 ] ]. Skipping.
Found a loop without a preheader at /usr/lib/gcc/aarch64-linux-gnu/11/../../../../include/c++/11/bits/stl_construct.h:162:4 @[ /usr/lib/gcc/aarch64-linux-gnu/11/../../../../include/c++/11/bits/stl_construct.h:195:7 @[ /usr/lib/gcc/aarch64-linux-gnu/11/../../../../include/c++/11/bits/alloc_traits.h:848:7 @[ /usr/lib/gcc/aarch64-linux-gnu/11/../../../../include/c++/11/bits/stl_vector.h:680:2 @[ /opt/ros/humble/src/gtest_vendor/./src/gtest-typed-test.cc:113:1 ] ] ] ]. Skipping.
Found a loop without a preheader at /opt/ros/humble/src/gtest_vendor/./src/gtest-typed-test.cc:96:3. Skipping.
Found a loop without an exit block at /opt/ros/humble/src/gtest_vendor/./src/gtest-typed-test.cc:70:3. Skipping.
Found a loop without an exit block at /opt/ros/humble/src/gtest_vendor/./src/gtest-typed-test.cc:51:3 @[ /opt/ros/humble/src/gtest_vendor/./src/gtest-typed-test.cc:65:39 ]. Skipping.
Found a loop without a preheader at /usr/lib/gcc/aarch64-linux-gnu/11/../../../../include/c++/11/bits/stl_tree.h:1887:7. Skipping.
Found a loop without a preheader at /usr/lib/gcc/aarch64-linux-gnu/11/../../../../include/c++/11/bits/stl_uninitialized.h:91:8. Skipping.
Found a loop without a preheader at /usr/lib/gcc/aarch64-linux-gnu/11/../../../../include/c++/11/bits/stl_construct.h:162:4 @[ /usr/lib/gcc/aarch64-linux-gnu/11/../../../../include/c++/11/bits/stl_construct.h:195:7 ]. Skipping.
Found a loop without a preheader at /opt/ros/humble/src/gtest_vendor/./src/gtest-internal-inl.h:284:3 @[ /opt/ros/humble/src/gtest_vendor/./src/gtest.cc:2719:10 @[ /opt/ros/humble/src/gtest_vendor/include/gtest/gtest.h:892:32 @[ /opt/ros/humble/src/gtest_vendor/include/gtest/gtest.h:889:33 @[ /opt/ros/humble/src/gtest_vendor/./src/gtest-internal-inl.h:1165:63 ] ] ] ]. Skipping.
Found a loop without an exit block at /opt/ros/humble/src/gtest_vendor/./src/gtest-death-test.cc:1248:3. Skipping.
Found a loop without a preheader at /opt/ros/humble/src/gtest_vendor/./src/gtest-printers.cc:67:3. Skipping.
Found a loop without a preheader at /usr/lib/gcc/aarch64-linux-gnu/11/../../../../include/c++/11/bits/stl_tree.h:1887:7. Skipping.
Found a loop without a preheader at /usr/lib/gcc/aarch64-linux-gnu/11/../../../../include/c++/11/bits/stl_uninitialized.h:91:8. Skipping.
Found a loop without a preheader at /usr/lib/gcc/aarch64-linux-gnu/11/../../../../include/c++/11/bits/stl_uninitialized.h:1031:7 @[ /usr/lib/gcc/aarch64-linux-gnu/11/../../../../include/c++/11/bits/stl_uninitialized.h:1046:14 @[ /usr/lib/gcc/aarch64-linux-gnu/11/../../../../include/c++/11/bits/stl_vector.h:456:9 @[ /usr/lib/gcc/aarch64-linux-gnu/11/../../../../include/c++/11/bits/stl_vector.h:469:9 @[ /usr/lib/gcc/aarch64-linux-gnu/11/../../../../include/c++/11/bits/vector.tcc:466:23 ] ] ] ]. Skipping.
Found a loop without a preheader at /usr/lib/gcc/aarch64-linux-gnu/11/../../../../include/c++/11/bits/stl_uninitialized.h:1031:7 @[ /usr/lib/gcc/aarch64-linux-gnu/11/../../../../include/c++/11/bits/stl_uninitialized.h:1046:14 @[ /usr/lib/gcc/aarch64-linux-gnu/11/../../../../include/c++/11/bits/stl_vector.h:456:9 @[ /usr/lib/gcc/aarch64-linux-gnu/11/../../../../include/c++/11/bits/stl_vector.h:469:9 @[ /usr/lib/gcc/aarch64-linux-gnu/11/../../../../include/c++/11/bits/vector.tcc:461:23 ] ] ] ]. Skipping.
Found a loop without an exit block at /usr/lib/gcc/aarch64-linux-gnu/11/../../../../include/c++/11/bits/stl_uninitialized.h:236:8. Skipping.
Found a loop without a preheader at /usr/lib/gcc/aarch64-linux-gnu/11/../../../../include/c++/11/bits/stl_construct.h:162:4 @[ /usr/lib/gcc/aarch64-linux-gnu/11/../../../../include/c++/11/bits/stl_construct.h:195:7 ]. Skipping.
Found a loop without an exit block at /usr/lib/gcc/aarch64-linux-gnu/11/../../../../include/c++/11/bits/stl_uninitialized.h:236:8. Skipping.
Found a loop without a preheader at /usr/lib/gcc/aarch64-linux-gnu/11/../../../../include/c++/11/bits/stl_construct.h:162:4 @[ /usr/lib/gcc/aarch64-linux-gnu/11/../../../../include/c++/11/bits/stl_construct.h:195:7 ]. Skipping.
Found a loop without a preheader at /usr/lib/gcc/aarch64-linux-gnu/11/../../../../include/c++/11/bits/stl_uninitialized.h:1031:7 @[ /usr/lib/gcc/aarch64-linux-gnu/11/../../../../include/c++/11/bits/stl_uninitialized.h:1046:14 @[ /usr/lib/gcc/aarch64-linux-gnu/11/../../../../include/c++/11/bits/stl_vector.h:456:9 @[ /usr/lib/gcc/aarch64-linux-gnu/11/../../../../include/c++/11/bits/stl_vector.h:469:9 @[ /usr/lib/gcc/aarch64-linux-gnu/11/../../../../include/c++/11/bits/vector.tcc:466:23 ] ] ] ]. Skipping.
Found a loop without a preheader at /usr/lib/gcc/aarch64-linux-gnu/11/../../../../include/c++/11/bits/stl_uninitialized.h:1031:7 @[ /usr/lib/gcc/aarch64-linux-gnu/11/../../../../include/c++/11/bits/stl_uninitialized.h:1046:14 @[ /usr/lib/gcc/aarch64-linux-gnu/11/../../../../include/c++/11/bits/stl_vector.h:456:9 @[ /usr/lib/gcc/aarch64-linux-gnu/11/../../../../include/c++/11/bits/stl_vector.h:469:9 @[ /usr/lib/gcc/aarch64-linux-gnu/11/../../../../include/c++/11/bits/vector.tcc:461:23 ] ] ] ]. Skipping.
Found a loop without a preheader at /usr/lib/gcc/aarch64-linux-gnu/11/../../../../include/c++/11/bits/stl_algobase.h:2067:7. Skipping.
Found a loop without a preheader at /usr/lib/gcc/aarch64-linux-gnu/11/../../../../include/c++/11/bits/stl_uninitialized.h:1031:7 @[ /usr/lib/gcc/aarch64-linux-gnu/11/../../../../include/c++/11/bits/stl_uninitialized.h:1046:14 @[ /usr/lib/gcc/aarch64-linux-gnu/11/../../../../include/c++/11/bits/stl_vector.h:456:9 @[ /usr/lib/gcc/aarch64-linux-gnu/11/../../../../include/c++/11/bits/stl_vector.h:469:9 @[ /usr/lib/gcc/aarch64-linux-gnu/11/../../../../include/c++/11/bits/vector.tcc:466:23 ] ] ] ]. Skipping.
Found a loop without a preheader at /usr/lib/gcc/aarch64-linux-gnu/11/../../../../include/c++/11/bits/stl_uninitialized.h:1031:7 @[ /usr/lib/gcc/aarch64-linux-gnu/11/../../../../include/c++/11/bits/stl_uninitialized.h:1046:14 @[ /usr/lib/gcc/aarch64-linux-gnu/11/../../../../include/c++/11/bits/stl_vector.h:456:9 @[ /usr/lib/gcc/aarch64-linux-gnu/11/../../../../include/c++/11/bits/stl_vector.h:469:9 @[ /usr/lib/gcc/aarch64-linux-gnu/11/../../../../include/c++/11/bits/vector.tcc:461:23 ] ] ] ]. Skipping.
Found a loop without an exit block at /usr/lib/gcc/aarch64-linux-gnu/11/../../../../include/c++/11/bits/stl_algobase.h:2067:7. Skipping.
Found a loop without a preheader at /usr/lib/gcc/aarch64-linux-gnu/11/../../../../include/c++/11/bits/stl_uninitialized.h:1031:7 @[ /usr/lib/gcc/aarch64-linux-gnu/11/../../../../include/c++/11/bits/stl_uninitialized.h:1046:14 @[ /usr/lib/gcc/aarch64-linux-gnu/11/../../../../include/c++/11/bits/stl_vector.h:456:9 @[ /usr/lib/gcc/aarch64-linux-gnu/11/../../../../include/c++/11/bits/stl_vector.h:469:9 @[ /usr/lib/gcc/aarch64-linux-gnu/11/../../../../include/c++/11/bits/vector.tcc:466:23 ] ] ] ]. Skipping.
Found a loop without a preheader at /usr/lib/gcc/aarch64-linux-gnu/11/../../../../include/c++/11/bits/stl_uninitialized.h:1031:7 @[ /usr/lib/gcc/aarch64-linux-gnu/11/../../../../include/c++/11/bits/stl_uninitialized.h:1046:14 @[ /usr/lib/gcc/aarch64-linux-gnu/11/../../../../include/c++/11/bits/stl_vector.h:456:9 @[ /usr/lib/gcc/aarch64-linux-gnu/11/../../../../include/c++/11/bits/stl_vector.h:469:9 @[ /usr/lib/gcc/aarch64-linux-gnu/11/../../../../include/c++/11/bits/vector.tcc:461:23 ] ] ] ]. Skipping.
Found a loop without a preheader at /usr/lib/gcc/aarch64-linux-gnu/11/../../../../include/c++/11/bits/stl_construct.h:162:4 @[ /usr/lib/gcc/aarch64-linux-gnu/11/../../../../include/c++/11/bits/stl_construct.h:195:7 @[ /usr/lib/gcc/aarch64-linux-gnu/11/../../../../include/c++/11/bits/alloc_traits.h:848:7 @[ /usr/lib/gcc/aarch64-linux-gnu/11/../../../../include/c++/11/bits/stl_vector.h:680:2 @[ /opt/ros/humble/src/gtest_vendor/include/gtest/internal/gtest-port.h:1764:9 ] ] ] ]. Skipping.
Found a loop without a preheader at /usr/lib/gcc/aarch64-linux-gnu/11/../../../../include/c++/11/bits/stl_construct.h:162:4 @[ /usr/lib/gcc/aarch64-linux-gnu/11/../../../../include/c++/11/bits/stl_construct.h:195:7 @[ /usr/lib/gcc/aarch64-linux-gnu/11/../../../../include/c++/11/bits/alloc_traits.h:848:7 @[ /usr/lib/gcc/aarch64-linux-gnu/11/../../../../include/c++/11/bits/stl_vector.h:680:2 @[ /opt/ros/humble/src/gtest_vendor/include/gtest/internal/gtest-port.h:1764:9 @[ /opt/ros/humble/src/gtest_vendor/include/gtest/internal/gtest-port.h:1764:9 ] ] ] ] ]. Skipping.
Found a loop without a preheader at /usr/lib/gcc/aarch64-linux-gnu/11/../../../../include/c++/11/bits/stl_algobase.h:2067:7. Skipping.
Found a loop without a preheader at /usr/lib/gcc/aarch64-linux-gnu/11/../../../../include/c++/11/bits/stl_construct.h:162:4 @[ /usr/lib/gcc/aarch64-linux-gnu/11/../../../../include/c++/11/bits/stl_construct.h:195:7 @[ /usr/lib/gcc/aarch64-linux-gnu/11/../../../../include/c++/11/bits/alloc_traits.h:848:7 @[ /usr/lib/gcc/aarch64-linux-gnu/11/../../../../include/c++/11/bits/stl_vector.h:680:2 @[ /opt/ros/humble/src/gtest_vendor/./src/gtest.cc:5989:1 ] ] ] ]. Skipping.
Found a loop without an exit block at /opt/ros/humble/src/gtest_vendor/./src/gtest.cc:5983:3. Skipping.
Found a loop without an exit block at src/universe/autoware_universe/perception/autoware_shape_estimation/lib/model/convex_hull.cpp:80:3. Skipping.
Found a loop without an exit block at src/universe/autoware_universe/perception/autoware_shape_estimation/lib/model/convex_hull.cpp:64:3. Skipping.
Found a loop without a preheader at /usr/lib/gcc/aarch64-linux-gnu/11/../../../../include/c++/11/bits/stl_uninitialized.h:91:8 @[ /usr/lib/gcc/aarch64-linux-gnu/11/../../../../include/c++/11/bits/stl_uninitialized.h:148:14 @[ /usr/lib/gcc/aarch64-linux-gnu/11/../../../../include/c++/11/bits/stl_uninitialized.h:333:14 @[ /usr/lib/gcc/aarch64-linux-gnu/11/../../../../include/c++/11/bits/stl_vector.h:558:4 @[ /opt/ros/humble/include/geometry_msgs/geometry_msgs/msg/detail/polygon__struct.hpp:37:8 @[ install/autoware_perception_msgs/include/autoware_perception_msgs/autoware_perception_msgs/msg/detail/shape__struct.hpp:39:8 @[ src/universe/autoware_universe/perception/autoware_shape_estimation/include/autoware/shape_estimation/shape_estimator.hpp:39:8 @[ src/universe/autoware_universe/perception/autoware_shape_estimation/include/autoware/shape_estimation/corrector/reference_object_based_corrector.hpp:35:5 @[ src/universe/autoware_universe/perception/autoware_shape_estimation/lib/shape_estimator.cpp:126:31 ] ] ] ] ] ] ] ]. Skipping.
Found a loop without a preheader at /usr/lib/gcc/aarch64-linux-gnu/11/../../../../include/c++/11/bits/stl_uninitialized.h:91:8 @[ /usr/lib/gcc/aarch64-linux-gnu/11/../../../../include/c++/11/bits/stl_uninitialized.h:148:14 @[ /usr/lib/gcc/aarch64-linux-gnu/11/../../../../include/c++/11/bits/stl_uninitialized.h:333:14 @[ /usr/lib/gcc/aarch64-linux-gnu/11/../../../../include/c++/11/bits/stl_vector.h:558:4 @[ /opt/ros/humble/include/geometry_msgs/geometry_msgs/msg/detail/polygon__struct.hpp:37:8 @[ install/autoware_perception_msgs/include/autoware_perception_msgs/autoware_perception_msgs/msg/detail/shape__struct.hpp:39:8 @[ src/universe/autoware_universe/perception/autoware_shape_estimation/include/autoware/shape_estimation/shape_estimator.hpp:39:8 @[ src/universe/autoware_universe/perception/autoware_shape_estimation/include/autoware/shape_estimation/corrector/reference_shape_size_corrector.hpp:33:5 @[ src/universe/autoware_universe/perception/autoware_shape_estimation/lib/shape_estimator.cpp:130:13 ] ] ] ] ] ] ] ]. Skipping.
Found a loop without a preheader at /usr/lib/gcc/aarch64-linux-gnu/11/../../../../include/c++/11/bits/stl_uninitialized.h:91:8 @[ /usr/lib/gcc/aarch64-linux-gnu/11/../../../../include/c++/11/bits/stl_uninitialized.h:148:14 @[ /usr/lib/gcc/aarch64-linux-gnu/11/../../../../include/c++/11/bits/stl_uninitialized.h:333:14 @[ /usr/lib/gcc/aarch64-linux-gnu/11/../../../../include/c++/11/bits/vector.tcc:245:8 ] ] ]. Skipping.
Found a loop without a preheader at /usr/lib/gcc/aarch64-linux-gnu/11/../../../../include/c++/11/bits/stl_algo.h:5623:7 @[ /usr/lib/gcc/aarch64-linux-gnu/11/../../../../include/c++/11/bits/stl_algo.h:5648:14 @[ src/universe/autoware_universe/perception/autoware_shape_estimation/lib/model/bounding_box.cpp:120:31 ] ]. Skipping.
Found a loop without a preheader at /usr/lib/gcc/aarch64-linux-gnu/11/../../../../include/c++/11/bits/stl_algo.h:5623:7 @[ /usr/lib/gcc/aarch64-linux-gnu/11/../../../../include/c++/11/bits/stl_algo.h:5648:14 @[ src/universe/autoware_universe/perception/autoware_shape_estimation/lib/model/bounding_box.cpp:118:31 ] ]. Skipping.
Found a loop without an exit block at src/universe/autoware_universe/perception/autoware_shape_estimation/lib/model/bounding_box.cpp:112:3. Skipping.
Found a loop without an exit block at /usr/include/boost/math/tools/minima.hpp:47:4 @[ src/universe/autoware_universe/perception/autoware_shape_estimation/lib/model/bounding_box.cpp:255:33 ]. Skipping.
Found a loop without an exit block at src/universe/autoware_universe/perception/autoware_shape_estimation/lib/model/bounding_box.cpp:208:3. Skipping.
Found a loop without an exit block at src/universe/autoware_universe/perception/autoware_shape_estimation/lib/model/bounding_box.cpp:193:3. Skipping.
Found a loop without an exit block at src/universe/autoware_universe/perception/autoware_shape_estimation/lib/model/bounding_box.cpp:186:3. Skipping.
Found a loop without a preheader at src/universe/autoware_universe/perception/autoware_shape_estimation/lib/model/bounding_box.cpp:180:3. Skipping.
Found a loop without a preheader at /usr/lib/gcc/aarch64-linux-gnu/11/../../../../include/c++/11/bits/stl_algo.h:5623:7 @[ /usr/lib/gcc/aarch64-linux-gnu/11/../../../../include/c++/11/bits/stl_algo.h:5648:14 @[ src/universe/autoware_universe/perception/autoware_shape_estimation/lib/model/bounding_box.cpp:176:26 ] ]. Skipping.
Found a loop without a preheader at /usr/lib/gcc/aarch64-linux-gnu/11/../../../../include/c++/11/bits/stl_algo.h:5623:7 @[ /usr/lib/gcc/aarch64-linux-gnu/11/../../../../include/c++/11/bits/stl_algo.h:5648:14 @[ src/universe/autoware_universe/perception/autoware_shape_estimation/lib/model/bounding_box.cpp:174:26 ] ]. Skipping.
Found a loop without an exit block at src/universe/autoware_universe/perception/autoware_shape_estimation/lib/model/bounding_box.cpp:245:5. Skipping.
In file included from /home/tristan-toye/Autoware-47-installation-Nvidia-Jetson-Orin-AGX/autoware/src/universe/autoware_universe/perception/autoware_shape_estimation/lib/tensorrt_shape_estimator.cpp:15:
In file included from /home/tristan-toye/Autoware-47-installation-Nvidia-Jetson-Orin-AGX/autoware/src/universe/autoware_universe/perception/autoware_shape_estimation/include/autoware/shape_estimation/tensorrt_shape_estimator.hpp:19:
In file included from /home/tristan-toye/Autoware-47-installation-Nvidia-Jetson-Orin-AGX/autoware/install/autoware_cuda_utils/include/autoware/cuda_utils/cuda_unique_ptr.hpp:26:
In file included from /usr/lib/gcc/aarch64-linux-gnu/11/../../../../include/c++/11/memory:76:
/usr/lib/gcc/aarch64-linux-gnu/11/../../../../include/c++/11/bits/unique_ptr.h:85:2: warning: delete called on non-final 'autoware::tensorrt_common::TrtCommon' that has virtual functions but non-virtual destructor [-Wdelete-non-abstract-non-virtual-dtor]
   85 |         delete __ptr;
      |         ^
/usr/lib/gcc/aarch64-linux-gnu/11/../../../../include/c++/11/bits/unique_ptr.h:361:4: note: in instantiation of member function 'std::default_delete<autoware::tensorrt_common::TrtCommon>::operator()' requested here
  361 |           get_deleter()(std::move(__ptr));
      |           ^
/home/tristan-toye/Autoware-47-installation-Nvidia-Jetson-Orin-AGX/autoware/src/universe/autoware_universe/perception/autoware_shape_estimation/lib/tensorrt_shape_estimator.cpp:31:20: note: in instantiation of member function 'std::unique_ptr<autoware::tensorrt_common::TrtCommon>::~unique_ptr' requested here
   31 | TrtShapeEstimator::TrtShapeEstimator(
      |                    ^
Found a loop without a preheader at /usr/lib/gcc/aarch64-linux-gnu/11/../../../../include/c++/11/bits/stl_construct.h:162:4 @[ /usr/lib/gcc/aarch64-linux-gnu/11/../../../../include/c++/11/bits/stl_construct.h:195:7 @[ /usr/lib/gcc/aarch64-linux-gnu/11/../../../../include/c++/11/bits/alloc_traits.h:848:7 @[ /usr/lib/gcc/aarch64-linux-gnu/11/../../../../include/c++/11/bits/stl_vector.h:680:2 @[ /usr/lib/gcc/aarch64-linux-gnu/11/../../../../include/c++/11/bits/unique_ptr.h:85:2 @[ /usr/lib/gcc/aarch64-linux-gnu/11/../../../../include/c++/11/bits/unique_ptr.h:361:4 @[ src/universe/autoware_universe/perception/autoware_shape_estimation/lib/tensorrt_shape_estimator.cpp:38:7 ] ] ] ] ] ]. Skipping.
Found a loop without a preheader at /usr/lib/gcc/aarch64-linux-gnu/11/../../../../include/c++/11/bits/stl_construct.h:162:4 @[ /usr/lib/gcc/aarch64-linux-gnu/11/../../../../include/c++/11/bits/stl_construct.h:195:7 @[ /usr/lib/gcc/aarch64-linux-gnu/11/../../../../include/c++/11/bits/alloc_traits.h:848:7 @[ /usr/lib/gcc/aarch64-linux-gnu/11/../../../../include/c++/11/bits/stl_vector.h:680:2 @[ /usr/lib/gcc/aarch64-linux-gnu/11/../../../../include/c++/11/bits/unique_ptr.h:85:2 @[ /usr/lib/gcc/aarch64-linux-gnu/11/../../../../include/c++/11/bits/unique_ptr.h:361:4 @[ src/universe/autoware_universe/perception/autoware_shape_estimation/lib/tensorrt_shape_estimator.cpp:38:7 ] ] ] ] ] ]. Skipping.
Found a loop without a preheader at /usr/lib/gcc/aarch64-linux-gnu/11/../../../../include/c++/11/bits/stl_construct.h:162:4 @[ /usr/lib/gcc/aarch64-linux-gnu/11/../../../../include/c++/11/bits/stl_construct.h:195:7 @[ /usr/lib/gcc/aarch64-linux-gnu/11/../../../../include/c++/11/bits/alloc_traits.h:848:7 @[ /usr/lib/gcc/aarch64-linux-gnu/11/../../../../include/c++/11/bits/stl_vector.h:680:2 @[ /usr/lib/gcc/aarch64-linux-gnu/11/../../../../include/c++/11/bits/unique_ptr.h:962:7 ] ] ] ]. Skipping.
Found a loop without a preheader at /usr/lib/gcc/aarch64-linux-gnu/11/../../../../include/c++/11/bits/stl_construct.h:162:4 @[ /usr/lib/gcc/aarch64-linux-gnu/11/../../../../include/c++/11/bits/stl_construct.h:195:7 @[ /usr/lib/gcc/aarch64-linux-gnu/11/../../../../include/c++/11/bits/alloc_traits.h:848:7 @[ /usr/lib/gcc/aarch64-linux-gnu/11/../../../../include/c++/11/bits/stl_vector.h:680:2 @[ /usr/lib/gcc/aarch64-linux-gnu/11/../../../../include/c++/11/experimental/bits/fs_path.h:259:21 @[ install/autoware_tensorrt_common/include/autoware_tensorrt_common/autoware/tensorrt_common/utils.hpp:74:7 ] ] ] ] ]. Skipping.
Found a loop without a preheader at /usr/lib/gcc/aarch64-linux-gnu/11/../../../../include/c++/11/bits/stl_construct.h:162:4 @[ /usr/lib/gcc/aarch64-linux-gnu/11/../../../../include/c++/11/bits/stl_construct.h:195:7 @[ /usr/lib/gcc/aarch64-linux-gnu/11/../../../../include/c++/11/bits/alloc_traits.h:848:7 @[ /usr/lib/gcc/aarch64-linux-gnu/11/../../../../include/c++/11/bits/stl_vector.h:680:2 @[ /usr/lib/gcc/aarch64-linux-gnu/11/../../../../include/c++/11/experimental/bits/fs_path.h:259:21 @[ /usr/lib/gcc/aarch64-linux-gnu/11/../../../../include/c++/11/experimental/bits/fs_path.h:271:9 @[ install/autoware_tensorrt_common/include/autoware_tensorrt_common/autoware/tensorrt_common/utils.hpp:73:25 ] ] ] ] ] ]. Skipping.
Found a loop without a preheader at /usr/lib/gcc/aarch64-linux-gnu/11/../../../../include/c++/11/bits/stl_construct.h:162:4 @[ /usr/lib/gcc/aarch64-linux-gnu/11/../../../../include/c++/11/bits/stl_construct.h:195:7 @[ /usr/lib/gcc/aarch64-linux-gnu/11/../../../../include/c++/11/bits/alloc_traits.h:848:7 @[ /usr/lib/gcc/aarch64-linux-gnu/11/../../../../include/c++/11/bits/stl_vector.h:680:2 @[ /usr/lib/gcc/aarch64-linux-gnu/11/../../../../include/c++/11/experimental/bits/fs_path.h:259:21 @[ install/autoware_tensorrt_common/include/autoware_tensorrt_common/autoware/tensorrt_common/utils.hpp:48:8 ] ] ] ] ]. Skipping.
Found a loop without a preheader at /usr/lib/gcc/aarch64-linux-gnu/11/../../../../include/c++/11/bits/stl_construct.h:162:4 @[ /usr/lib/gcc/aarch64-linux-gnu/11/../../../../include/c++/11/bits/stl_construct.h:195:7 @[ /usr/lib/gcc/aarch64-linux-gnu/11/../../../../include/c++/11/bits/alloc_traits.h:848:7 @[ /usr/lib/gcc/aarch64-linux-gnu/11/../../../../include/c++/11/bits/stl_vector.h:680:2 @[ /usr/lib/gcc/aarch64-linux-gnu/11/../../../../include/c++/11/experimental/bits/fs_path.h:259:21 @[ install/autoware_tensorrt_common/include/autoware_tensorrt_common/autoware/tensorrt_common/utils.hpp:48:8 ] ] ] ] ]. Skipping.
Found a loop without a preheader at /usr/lib/gcc/aarch64-linux-gnu/11/../../../../include/c++/11/bits/stl_construct.h:162:4 @[ /usr/lib/gcc/aarch64-linux-gnu/11/../../../../include/c++/11/bits/stl_construct.h:195:7 @[ /usr/lib/gcc/aarch64-linux-gnu/11/../../../../include/c++/11/bits/alloc_traits.h:848:7 @[ /usr/lib/gcc/aarch64-linux-gnu/11/../../../../include/c++/11/bits/stl_vector.h:680:2 @[ /usr/lib/gcc/aarch64-linux-gnu/11/../../../../include/c++/11/bits/unique_ptr.h:85:2 @[ /usr/lib/gcc/aarch64-linux-gnu/11/../../../../include/c++/11/bits/unique_ptr.h:361:4 ] ] ] ] ]. Skipping.
Found a loop without a preheader at /usr/lib/gcc/aarch64-linux-gnu/11/../../../../include/c++/11/bits/stl_construct.h:162:4 @[ /usr/lib/gcc/aarch64-linux-gnu/11/../../../../include/c++/11/bits/stl_construct.h:195:7 @[ /usr/lib/gcc/aarch64-linux-gnu/11/../../../../include/c++/11/bits/alloc_traits.h:848:7 @[ /usr/lib/gcc/aarch64-linux-gnu/11/../../../../include/c++/11/bits/stl_vector.h:680:2 @[ /usr/lib/gcc/aarch64-linux-gnu/11/../../../../include/c++/11/bits/unique_ptr.h:85:2 @[ /usr/lib/gcc/aarch64-linux-gnu/11/../../../../include/c++/11/bits/unique_ptr.h:361:4 ] ] ] ] ]. Skipping.
Found a loop without a preheader at /usr/lib/gcc/aarch64-linux-gnu/11/../../../../include/c++/11/bits/stl_construct.h:162:4 @[ /usr/lib/gcc/aarch64-linux-gnu/11/../../../../include/c++/11/bits/stl_construct.h:195:7 @[ /usr/lib/gcc/aarch64-linux-gnu/11/../../../../include/c++/11/bits/alloc_traits.h:848:7 @[ /usr/lib/gcc/aarch64-linux-gnu/11/../../../../include/c++/11/bits/stl_vector.h:680:2 ] ] ]. Skipping.
Found a loop without an exit block at src/universe/autoware_universe/perception/autoware_shape_estimation/lib/tensorrt_shape_estimator.cpp:82:3. Skipping.
Found a loop without an exit block at src/universe/autoware_universe/perception/autoware_shape_estimation/lib/tensorrt_shape_estimator.cpp:120:3. Skipping.
Found a loop without an exit block at src/universe/autoware_universe/perception/autoware_shape_estimation/lib/tensorrt_shape_estimator.cpp:241:3. Skipping.
Found a loop without a preheader at /usr/lib/gcc/aarch64-linux-gnu/11/../../../../include/c++/11/bits/stl_construct.h:162:4 @[ /usr/lib/gcc/aarch64-linux-gnu/11/../../../../include/c++/11/bits/stl_construct.h:195:7 @[ /usr/lib/gcc/aarch64-linux-gnu/11/../../../../include/c++/11/bits/alloc_traits.h:848:7 @[ /usr/lib/gcc/aarch64-linux-gnu/11/../../../../include/c++/11/bits/stl_vector.h:1796:6 @[ /usr/lib/gcc/aarch64-linux-gnu/11/../../../../include/c++/11/bits/stl_vector.h:942:4 @[ src/universe/autoware_universe/perception/autoware_shape_estimation/lib/tensorrt_shape_estimator.cpp:240:26 ] ] ] ] ]. Skipping.
Found a loop without a preheader at /usr/lib/gcc/aarch64-linux-gnu/11/../../../../include/c++/11/bits/stl_construct.h:162:4 @[ /usr/lib/gcc/aarch64-linux-gnu/11/../../../../include/c++/11/bits/stl_construct.h:195:7 @[ /usr/lib/gcc/aarch64-linux-gnu/11/../../../../include/c++/11/bits/alloc_traits.h:848:7 @[ /usr/lib/gcc/aarch64-linux-gnu/11/../../../../include/c++/11/bits/stl_vector.h:680:2 @[ install/tier4_perception_msgs/include/tier4_perception_msgs/tier4_perception_msgs/msg/detail/detected_objects_with_feature__struct.hpp:39:8 ] ] ] ]. Skipping.
Found a loop without a preheader at src/universe/autoware_universe/perception/autoware_shape_estimation/lib/tensorrt_shape_estimator.cpp:332:3. Skipping.
Found a loop without a preheader at src/universe/autoware_universe/perception/autoware_shape_estimation/lib/tensorrt_shape_estimator.cpp:329:3. Skipping.
Found a loop without a preheader at /usr/lib/gcc/aarch64-linux-gnu/11/../../../../include/c++/11/bits/stl_construct.h:162:4 @[ /usr/lib/gcc/aarch64-linux-gnu/11/../../../../include/c++/11/bits/stl_construct.h:195:7 @[ /usr/lib/gcc/aarch64-linux-gnu/11/../../../../include/c++/11/bits/alloc_traits.h:848:7 @[ /usr/lib/gcc/aarch64-linux-gnu/11/../../../../include/c++/11/bits/stl_vector.h:680:2 @[ /usr/lib/gcc/aarch64-linux-gnu/11/../../../../include/c++/11/experimental/bits/fs_path.h:259:21 ] ] ] ]. Skipping.
Found a loop without a preheader at /usr/lib/gcc/aarch64-linux-gnu/11/../../../../include/c++/11/bits/stl_construct.h:162:4 @[ /usr/lib/gcc/aarch64-linux-gnu/11/../../../../include/c++/11/bits/stl_construct.h:195:7 @[ /usr/lib/gcc/aarch64-linux-gnu/11/../../../../include/c++/11/bits/alloc_traits.h:848:7 @[ /usr/lib/gcc/aarch64-linux-gnu/11/../../../../include/c++/11/bits/stl_vector.h:680:2 ] ] ]. Skipping.
Found a loop without a preheader at /usr/lib/gcc/aarch64-linux-gnu/11/../../../../include/c++/11/bits/stl_construct.h:162:4 @[ /usr/lib/gcc/aarch64-linux-gnu/11/../../../../include/c++/11/bits/stl_construct.h:195:7 @[ /usr/lib/gcc/aarch64-linux-gnu/11/../../../../include/c++/11/bits/alloc_traits.h:848:7 @[ /usr/lib/gcc/aarch64-linux-gnu/11/../../../../include/c++/11/bits/stl_vector.h:680:2 @[ /usr/lib/gcc/aarch64-linux-gnu/11/../../../../include/c++/11/experimental/bits/fs_path.h:259:21 @[ /usr/lib/gcc/aarch64-linux-gnu/11/../../../../include/c++/11/bits/stl_construct.h:151:19 ] ] ] ] ]. Skipping.
Found a loop without an exit block at /usr/lib/gcc/aarch64-linux-gnu/11/../../../../include/c++/11/bits/stl_algobase.h:2067:7. Skipping.
Found a loop without a preheader at /usr/lib/gcc/aarch64-linux-gnu/11/../../../../include/c++/11/bits/stl_construct.h:162:4 @[ /usr/lib/gcc/aarch64-linux-gnu/11/../../../../include/c++/11/bits/stl_construct.h:195:7 @[ /usr/lib/gcc/aarch64-linux-gnu/11/../../../../include/c++/11/bits/alloc_traits.h:848:7 @[ /usr/lib/gcc/aarch64-linux-gnu/11/../../../../include/c++/11/bits/stl_vector.h:680:2 @[ /usr/lib/gcc/aarch64-linux-gnu/11/../../../../include/c++/11/bits/stl_vector.h:1821:7 @[ /usr/lib/gcc/aarch64-linux-gnu/11/../../../../include/c++/11/bits/stl_vector.h:714:2 @[ /usr/lib/gcc/aarch64-linux-gnu/11/../../../../include/c++/11/experimental/bits/fs_path.h:910:14 ] ] ] ] ] ]. Skipping.
Found a loop without a preheader at /usr/lib/gcc/aarch64-linux-gnu/11/../../../../include/c++/11/bits/stl_construct.h:162:4 @[ /usr/lib/gcc/aarch64-linux-gnu/11/../../../../include/c++/11/bits/stl_construct.h:195:7 @[ /usr/lib/gcc/aarch64-linux-gnu/11/../../../../include/c++/11/bits/alloc_traits.h:848:7 @[ /usr/lib/gcc/aarch64-linux-gnu/11/../../../../include/c++/11/bits/stl_vector.h:680:2 @[ /opt/ros/humble/include/sensor_msgs/sensor_msgs/msg/detail/point_cloud2__struct.hpp:39:8 @[ install/tier4_perception_msgs/include/tier4_perception_msgs/tier4_perception_msgs/msg/detail/feature__struct.hpp:39:8 @[ install/tier4_perception_msgs/include/tier4_perception_msgs/tier4_perception_msgs/msg/detail/detected_object_with_feature__struct.hpp:39:8 ] ] ] ] ] ]. Skipping.
Found a loop without a preheader at /usr/lib/gcc/aarch64-linux-gnu/11/../../../../include/c++/11/bits/stl_construct.h:162:4 @[ /usr/lib/gcc/aarch64-linux-gnu/11/../../../../include/c++/11/bits/stl_construct.h:195:7 @[ /usr/lib/gcc/aarch64-linux-gnu/11/../../../../include/c++/11/bits/alloc_traits.h:848:7 @[ /usr/lib/gcc/aarch64-linux-gnu/11/../../../../include/c++/11/bits/stl_vector.h:680:2 ] ] ]. Skipping.
Found a loop without a preheader at /usr/lib/gcc/aarch64-linux-gnu/11/../../../../include/c++/11/bits/stl_construct.h:162:4 @[ /usr/lib/gcc/aarch64-linux-gnu/11/../../../../include/c++/11/bits/stl_construct.h:195:7 ]. Skipping.
Found a loop without a preheader at /usr/lib/gcc/aarch64-linux-gnu/11/../../../../include/c++/11/bits/stl_construct.h:162:4 @[ /usr/lib/gcc/aarch64-linux-gnu/11/../../../../include/c++/11/bits/stl_construct.h:195:7 @[ /usr/lib/gcc/aarch64-linux-gnu/11/../../../../include/c++/11/bits/alloc_traits.h:848:7 @[ /usr/lib/gcc/aarch64-linux-gnu/11/../../../../include/c++/11/bits/vector.tcc:228:8 ] ] ]. Skipping.
Found a loop without a preheader at /usr/lib/gcc/aarch64-linux-gnu/11/../../../../include/c++/11/bits/stl_construct.h:162:4 @[ /usr/lib/gcc/aarch64-linux-gnu/11/../../../../include/c++/11/bits/stl_construct.h:195:7 @[ /usr/lib/gcc/aarch64-linux-gnu/11/../../../../include/c++/11/bits/alloc_traits.h:848:7 @[ /usr/lib/gcc/aarch64-linux-gnu/11/../../../../include/c++/11/bits/vector.tcc:238:8 ] ] ]. Skipping.
Found a loop without a preheader at /usr/lib/gcc/aarch64-linux-gnu/11/../../../../include/c++/11/bits/stl_uninitialized.h:91:8. Skipping.
Found a loop without a preheader at /usr/lib/gcc/aarch64-linux-gnu/11/../../../../include/c++/11/bits/stl_uninitialized.h:91:8. Skipping.
Found a loop without a preheader at /usr/lib/gcc/aarch64-linux-gnu/11/../../../../include/c++/11/bits/stl_uninitialized.h:91:8 @[ /usr/lib/gcc/aarch64-linux-gnu/11/../../../../include/c++/11/bits/stl_uninitialized.h:148:14 @[ /usr/lib/gcc/aarch64-linux-gnu/11/../../../../include/c++/11/bits/stl_uninitialized.h:333:14 @[ /usr/lib/gcc/aarch64-linux-gnu/11/../../../../include/c++/11/bits/vector.tcc:245:8 ] ] ]. Skipping.
Found a loop without a preheader at /usr/lib/gcc/aarch64-linux-gnu/11/../../../../include/c++/11/bits/stl_construct.h:162:4 @[ /usr/lib/gcc/aarch64-linux-gnu/11/../../../../include/c++/11/bits/stl_construct.h:195:7 ]. Skipping.
Found a loop without a preheader at /usr/lib/gcc/aarch64-linux-gnu/11/../../../../include/c++/11/bits/stl_construct.h:162:4 @[ /usr/lib/gcc/aarch64-linux-gnu/11/../../../../include/c++/11/bits/stl_construct.h:195:7 @[ /usr/lib/gcc/aarch64-linux-gnu/11/../../../../include/c++/11/bits/alloc_traits.h:848:7 @[ /usr/lib/gcc/aarch64-linux-gnu/11/../../../../include/c++/11/bits/stl_vector.h:680:2 ] ] ]. Skipping.
Found a loop without a preheader at /usr/lib/gcc/aarch64-linux-gnu/11/../../../../include/c++/11/bits/stl_construct.h:162:4 @[ /usr/lib/gcc/aarch64-linux-gnu/11/../../../../include/c++/11/bits/stl_construct.h:195:7 @[ /usr/lib/gcc/aarch64-linux-gnu/11/../../../../include/c++/11/bits/alloc_traits.h:848:7 @[ /usr/lib/gcc/aarch64-linux-gnu/11/../../../../include/c++/11/bits/stl_vector.h:680:2 @[ /usr/lib/gcc/aarch64-linux-gnu/11/../../../../include/c++/11/ext/new_allocator.h:162:4 @[ /usr/lib/gcc/aarch64-linux-gnu/11/../../../../include/c++/11/bits/alloc_traits.h:516:8 @[ /usr/lib/gcc/aarch64-linux-gnu/11/../../../../include/c++/11/bits/shared_ptr_base.h:519:4 @[ /usr/lib/gcc/aarch64-linux-gnu/11/../../../../include/c++/11/bits/shared_ptr_base.h:651:6 ] ] ] ] ] ] ]. Skipping.
Found a loop without a preheader at /usr/lib/gcc/aarch64-linux-gnu/11/../../../../include/c++/11/bits/stl_construct.h:162:4 @[ /usr/lib/gcc/aarch64-linux-gnu/11/../../../../include/c++/11/bits/stl_construct.h:195:7 @[ /usr/lib/gcc/aarch64-linux-gnu/11/../../../../include/c++/11/bits/alloc_traits.h:848:7 @[ /usr/lib/gcc/aarch64-linux-gnu/11/../../../../include/c++/11/bits/stl_vector.h:680:2 ] ] ]. Skipping.
Found a loop without a preheader at /usr/lib/gcc/aarch64-linux-gnu/11/../../../../include/c++/11/bits/stl_construct.h:162:4 @[ /usr/lib/gcc/aarch64-linux-gnu/11/../../../../include/c++/11/bits/stl_construct.h:195:7 @[ /usr/lib/gcc/aarch64-linux-gnu/11/../../../../include/c++/11/bits/alloc_traits.h:848:7 @[ /usr/lib/gcc/aarch64-linux-gnu/11/../../../../include/c++/11/bits/vector.tcc:310:6 ] ] ]. Skipping.
Found a loop without a preheader at /usr/lib/gcc/aarch64-linux-gnu/11/../../../../include/c++/11/bits/stl_construct.h:162:4 @[ /usr/lib/gcc/aarch64-linux-gnu/11/../../../../include/c++/11/bits/stl_construct.h:195:7 @[ /usr/lib/gcc/aarch64-linux-gnu/11/../../../../include/c++/11/bits/alloc_traits.h:848:7 @[ /usr/lib/gcc/aarch64-linux-gnu/11/../../../../include/c++/11/bits/stl_vector.h:1796:6 @[ /usr/lib/gcc/aarch64-linux-gnu/11/../../../../include/c++/11/bits/vector.tcc:321:4 ] ] ] ]. Skipping.
Found a loop without a preheader at /usr/lib/gcc/aarch64-linux-gnu/11/../../../../include/c++/11/bits/stl_uninitialized.h:91:8. Skipping.
Found a loop without a preheader at /usr/lib/gcc/aarch64-linux-gnu/11/../../../../include/c++/11/bits/stl_uninitialized.h:91:8 @[ /usr/lib/gcc/aarch64-linux-gnu/11/../../../../include/c++/11/bits/stl_uninitialized.h:148:14 @[ /usr/lib/gcc/aarch64-linux-gnu/11/../../../../include/c++/11/bits/stl_uninitialized.h:333:14 @[ /usr/lib/gcc/aarch64-linux-gnu/11/../../../../include/c++/11/bits/stl_vector.h:558:4 @[ /opt/ros/humble/include/geometry_msgs/geometry_msgs/msg/detail/polygon__struct.hpp:37:8 @[ install/autoware_perception_msgs/include/autoware_perception_msgs/autoware_perception_msgs/msg/detail/shape__struct.hpp:39:8 @[ install/autoware_perception_msgs/include/autoware_perception_msgs/autoware_perception_msgs/msg/detail/detected_object__struct.hpp:41:8 ] ] ] ] ] ]. Skipping.
Found a loop without a preheader at /usr/lib/gcc/aarch64-linux-gnu/11/../../../../include/c++/11/bits/stl_uninitialized.h:1031:7 @[ /usr/lib/gcc/aarch64-linux-gnu/11/../../../../include/c++/11/bits/stl_uninitialized.h:1046:14 @[ /usr/lib/gcc/aarch64-linux-gnu/11/../../../../include/c++/11/bits/stl_vector.h:456:9 ] ]. Skipping.
Found a loop without a preheader at /usr/lib/gcc/aarch64-linux-gnu/11/../../../../include/c++/11/bits/stl_construct.h:162:4 @[ /usr/lib/gcc/aarch64-linux-gnu/11/../../../../include/c++/11/bits/stl_construct.h:195:7 @[ /usr/lib/gcc/aarch64-linux-gnu/11/../../../../include/c++/11/bits/alloc_traits.h:848:7 @[ /usr/lib/gcc/aarch64-linux-gnu/11/../../../../include/c++/11/bits/vector.tcc:793:3 ] ] ]. Skipping.
Found a loop without a preheader at /usr/lib/gcc/aarch64-linux-gnu/11/../../../../include/c++/11/bits/stl_construct.h:162:4 @[ /usr/lib/gcc/aarch64-linux-gnu/11/../../../../include/c++/11/bits/stl_construct.h:195:7 @[ /usr/lib/gcc/aarch64-linux-gnu/11/../../../../include/c++/11/bits/alloc_traits.h:848:7 @[ /usr/lib/gcc/aarch64-linux-gnu/11/../../../../include/c++/11/bits/vector.tcc:788:7 ] ] ]. Skipping.
Found a loop without a preheader at /usr/lib/gcc/aarch64-linux-gnu/11/../../../../include/c++/11/bits/stl_uninitialized.h:91:8. Skipping.
Found a loop without a preheader at /usr/lib/gcc/aarch64-linux-gnu/11/../../../../include/c++/11/bits/stl_construct.h:162:4 @[ /usr/lib/gcc/aarch64-linux-gnu/11/../../../../include/c++/11/bits/stl_construct.h:195:7 @[ /usr/lib/gcc/aarch64-linux-gnu/11/../../../../include/c++/11/bits/alloc_traits.h:848:7 @[ /usr/lib/gcc/aarch64-linux-gnu/11/../../../../include/c++/11/bits/stl_vector.h:680:2 @[ /usr/lib/gcc/aarch64-linux-gnu/11/../../../../include/c++/11/bits/stl_vector.h:1821:7 @[ /usr/lib/gcc/aarch64-linux-gnu/11/../../../../include/c++/11/bits/stl_vector.h:714:2 @[ /opt/ros/humble/include/sensor_msgs/sensor_msgs/msg/detail/point_cloud2__struct.hpp:39:8 ] ] ] ] ] ]. Skipping.
Found a loop without a preheader at /usr/lib/gcc/aarch64-linux-gnu/11/../../../../include/c++/11/bits/stl_construct.h:162:4 @[ /usr/lib/gcc/aarch64-linux-gnu/11/../../../../include/c++/11/bits/stl_construct.h:195:7 @[ /usr/lib/gcc/aarch64-linux-gnu/11/../../../../include/c++/11/bits/stl_uninitialized.h:97:8 ] ]. Skipping.
Found a loop without a preheader at /usr/lib/gcc/aarch64-linux-gnu/11/../../../../include/c++/11/bits/stl_uninitialized.h:91:8. Skipping.
Found a loop without a preheader at /opt/ros/humble/include/sensor_msgs/sensor_msgs/impl/point_cloud2_iterator.hpp:369:7. Skipping.
Found a loop without an exit block at /opt/ros/humble/include/sensor_msgs/sensor_msgs/impl/point_cloud2_iterator.hpp:359:3. Skipping.
Found a loop without an exit block at /usr/lib/gcc/aarch64-linux-gnu/11/../../../../include/c++/11/bits/stl_algo.h:5830:7. Skipping.
Found a loop without an exit block at /usr/lib/gcc/aarch64-linux-gnu/11/../../../../include/c++/11/bits/stl_algo.h:5801:4. Skipping.
Found a loop without a preheader at /usr/lib/gcc/aarch64-linux-gnu/11/../../../../include/c++/11/bits/uniform_int_dist.h:263:8 @[ /usr/lib/gcc/aarch64-linux-gnu/11/../../../../include/c++/11/bits/uniform_int_dist.h:316:11 ]. Skipping.
Found a loop without a preheader at /usr/lib/gcc/aarch64-linux-gnu/11/../../../../include/c++/11/bits/stl_construct.h:162:4 @[ /usr/lib/gcc/aarch64-linux-gnu/11/../../../../include/c++/11/bits/stl_construct.h:195:7 @[ /usr/lib/gcc/aarch64-linux-gnu/11/../../../../include/c++/11/bits/stl_uninitialized.h:584:8 ] ]. Skipping.
Found a loop without a preheader at /usr/lib/gcc/aarch64-linux-gnu/11/../../../../include/c++/11/bits/stl_uninitialized.h:578:8. Skipping.
1 warning generated.
Found a loop without a preheader at /usr/include/eigen3/Eigen/src/SVD/JacobiSVD.h:774:3. Skipping.
In file included from /home/tristan-toye/Autoware-47-installation-Nvidia-Jetson-Orin-AGX/autoware/src/universe/autoware_universe/perception/autoware_shape_estimation/src/shape_estimation_node.cpp:15:
In file included from /home/tristan-toye/Autoware-47-installation-Nvidia-Jetson-Orin-AGX/autoware/src/universe/autoware_universe/perception/autoware_shape_estimation/src/shape_estimation_node.hpp:18:
In file included from /home/tristan-toye/Autoware-47-installation-Nvidia-Jetson-Orin-AGX/autoware/src/universe/autoware_universe/perception/autoware_shape_estimation/include/autoware/shape_estimation/shape_estimator.hpp:18:
In file included from /home/tristan-toye/Autoware-47-installation-Nvidia-Jetson-Orin-AGX/autoware/install/autoware_perception_msgs/include/autoware_perception_msgs/autoware_perception_msgs/msg/object_classification.hpp:7:
In file included from /home/tristan-toye/Autoware-47-installation-Nvidia-Jetson-Orin-AGX/autoware/install/autoware_perception_msgs/include/autoware_perception_msgs/autoware_perception_msgs/msg/detail/object_classification__struct.hpp:11:
In file included from /usr/lib/gcc/aarch64-linux-gnu/11/../../../../include/c++/11/memory:76:
/usr/lib/gcc/aarch64-linux-gnu/11/../../../../include/c++/11/bits/unique_ptr.h:85:2: warning: delete called on non-final 'autoware::tensorrt_common::TrtCommon' that has virtual functions but non-virtual destructor [-Wdelete-non-abstract-non-virtual-dtor]
   85 |         delete __ptr;
      |         ^
/usr/lib/gcc/aarch64-linux-gnu/11/../../../../include/c++/11/bits/unique_ptr.h:361:4: note: in instantiation of member function 'std::default_delete<autoware::tensorrt_common::TrtCommon>::operator()' requested here
  361 |           get_deleter()(std::move(__ptr));
      |           ^
/home/tristan-toye/Autoware-47-installation-Nvidia-Jetson-Orin-AGX/autoware/src/universe/autoware_universe/perception/autoware_shape_estimation/include/autoware/shape_estimation/tensorrt_shape_estimator.hpp:53:3: note: in instantiation of member function 'std::unique_ptr<autoware::tensorrt_common::TrtCommon>::~unique_ptr' requested here
   53 |   ~TrtShapeEstimator() = default;
      |   ^
/usr/lib/gcc/aarch64-linux-gnu/11/../../../../include/c++/11/bits/unique_ptr.h:361:4: note: in instantiation of member function 'std::default_delete<autoware::shape_estimation::TrtShapeEstimator>::operator()' requested here
  361 |           get_deleter()(std::move(__ptr));
      |           ^
/home/tristan-toye/Autoware-47-installation-Nvidia-Jetson-Orin-AGX/autoware/src/universe/autoware_universe/perception/autoware_shape_estimation/src/shape_estimation_node.cpp:40:22: note: in instantiation of member function 'std::unique_ptr<autoware::shape_estimation::TrtShapeEstimator>::~unique_ptr' requested here
   40 | ShapeEstimationNode::ShapeEstimationNode(const rclcpp::NodeOptions & node_options)
      |                      ^
Found a loop without a preheader at /usr/lib/gcc/aarch64-linux-gnu/11/../../../../include/c++/11/bits/hashtable_policy.h:1912:7 @[ /usr/lib/gcc/aarch64-linux-gnu/11/../../../../include/c++/11/bits/hashtable.h:2320:13 @[ /usr/lib/gcc/aarch64-linux-gnu/11/../../../../include/c++/11/bits/hashtable.h:1532:7 @[ /usr/lib/gcc/aarch64-linux-gnu/11/../../../../include/c++/11/bits/unordered_map.h:102:11 @[ install/autoware_utils_system/include/autoware_utils_system/stop_watch.hpp:27:7 @[ /usr/lib/gcc/aarch64-linux-gnu/11/../../../../include/c++/11/bits/unique_ptr.h:85:2 @[ /usr/lib/gcc/aarch64-linux-gnu/11/../../../../include/c++/11/bits/unique_ptr.h:182:4 @[ /usr/lib/gcc/aarch64-linux-gnu/11/../../../../include/c++/11/bits/unique_ptr.h:167:2 @[ /usr/lib/gcc/aarch64-linux-gnu/11/../../../../include/c++/11/bits/unique_ptr.h:212:61 @[ /usr/lib/gcc/aarch64-linux-gnu/11/../../../../include/c++/11/bits/unique_ptr.h:371:51 @[ src/universe/autoware_universe/perception/autoware_shape_estimation/src/shape_estimation_node.cpp:77:19 ] ] ] ] ] ] ] ] ] ]. Skipping.
Found a loop without a preheader at /usr/lib/gcc/aarch64-linux-gnu/11/../../../../include/c++/11/bits/stl_construct.h:162:4 @[ /usr/lib/gcc/aarch64-linux-gnu/11/../../../../include/c++/11/bits/stl_construct.h:195:7 @[ /usr/lib/gcc/aarch64-linux-gnu/11/../../../../include/c++/11/bits/alloc_traits.h:848:7 @[ /usr/lib/gcc/aarch64-linux-gnu/11/../../../../include/c++/11/bits/stl_vector.h:680:2 @[ install/tier4_perception_msgs/include/tier4_perception_msgs/tier4_perception_msgs/msg/detail/detected_objects_with_feature__struct.hpp:39:8 @[ src/universe/autoware_universe/perception/autoware_shape_estimation/src/shape_estimation_node.cpp:184:1 ] ] ] ] ]. Skipping.
Found a loop without a preheader at /usr/lib/gcc/aarch64-linux-gnu/11/../../../../include/c++/11/bits/stl_construct.h:162:4 @[ /usr/lib/gcc/aarch64-linux-gnu/11/../../../../include/c++/11/bits/stl_construct.h:195:7 @[ /usr/lib/gcc/aarch64-linux-gnu/11/../../../../include/c++/11/bits/alloc_traits.h:848:7 @[ /usr/lib/gcc/aarch64-linux-gnu/11/../../../../include/c++/11/bits/stl_vector.h:680:2 @[ install/tier4_perception_msgs/include/tier4_perception_msgs/tier4_perception_msgs/msg/detail/detected_objects_with_feature__struct.hpp:39:8 @[ src/universe/autoware_universe/perception/autoware_shape_estimation/src/shape_estimation_node.cpp:184:1 ] ] ] ] ]. Skipping.
Found a loop without a preheader at /usr/lib/gcc/aarch64-linux-gnu/11/../../../../include/c++/11/bits/stl_construct.h:162:4 @[ /usr/lib/gcc/aarch64-linux-gnu/11/../../../../include/c++/11/bits/stl_construct.h:195:7 @[ /usr/lib/gcc/aarch64-linux-gnu/11/../../../../include/c++/11/bits/alloc_traits.h:848:7 @[ /usr/lib/gcc/aarch64-linux-gnu/11/../../../../include/c++/11/bits/stl_vector.h:680:2 @[ install/tier4_perception_msgs/include/tier4_perception_msgs/tier4_perception_msgs/msg/detail/detected_objects_with_feature__struct.hpp:39:8 @[ src/universe/autoware_universe/perception/autoware_shape_estimation/src/shape_estimation_node.cpp:184:1 ] ] ] ] ]. Skipping.
Found a loop without an exit block at src/universe/autoware_universe/perception/autoware_shape_estimation/src/shape_estimation_node.cpp:172:3. Skipping.
Found a loop without an exit block at src/universe/autoware_universe/perception/autoware_shape_estimation/src/shape_estimation_node.cpp:115:3. Skipping.
Found a loop without a preheader at /usr/lib/gcc/aarch64-linux-gnu/11/../../../../include/c++/11/bits/hashtable_policy.h:1912:7 @[ /usr/lib/gcc/aarch64-linux-gnu/11/../../../../include/c++/11/bits/hashtable.h:2320:13 @[ /usr/lib/gcc/aarch64-linux-gnu/11/../../../../include/c++/11/bits/hashtable.h:1532:7 @[ /usr/lib/gcc/aarch64-linux-gnu/11/../../../../include/c++/11/bits/unordered_map.h:102:11 @[ install/autoware_utils_system/include/autoware_utils_system/stop_watch.hpp:27:7 @[ /usr/lib/gcc/aarch64-linux-gnu/11/../../../../include/c++/11/bits/unique_ptr.h:85:2 @[ /usr/lib/gcc/aarch64-linux-gnu/11/../../../../include/c++/11/bits/unique_ptr.h:361:4 ] ] ] ] ] ]. Skipping.
Found a loop without a preheader at /usr/lib/gcc/aarch64-linux-gnu/11/../../../../include/c++/11/bits/stl_construct.h:162:4 @[ /usr/lib/gcc/aarch64-linux-gnu/11/../../../../include/c++/11/bits/stl_construct.h:195:7 @[ /usr/lib/gcc/aarch64-linux-gnu/11/../../../../include/c++/11/bits/alloc_traits.h:848:7 @[ /usr/lib/gcc/aarch64-linux-gnu/11/../../../../include/c++/11/bits/stl_vector.h:680:2 @[ /usr/include/pcl-1.12/pcl/PCLPointCloud2.h:16:22 @[ /opt/ros/humble/include/pcl_conversions/pcl_conversions/pcl_conversions.h:580:3 ] ] ] ] ]. Skipping.
Found a loop without a preheader at /usr/lib/gcc/aarch64-linux-gnu/11/../../../../include/c++/11/bits/stl_construct.h:162:4 @[ /usr/lib/gcc/aarch64-linux-gnu/11/../../../../include/c++/11/bits/stl_construct.h:195:7 @[ /usr/lib/gcc/aarch64-linux-gnu/11/../../../../include/c++/11/bits/alloc_traits.h:848:7 @[ /usr/lib/gcc/aarch64-linux-gnu/11/../../../../include/c++/11/bits/stl_vector.h:680:2 @[ install/tier4_perception_msgs/include/tier4_perception_msgs/tier4_perception_msgs/msg/detail/detected_objects_with_feature__struct.hpp:39:8 @[ /usr/lib/gcc/aarch64-linux-gnu/11/../../../../include/c++/11/bits/unique_ptr.h:85:2 @[ /usr/lib/gcc/aarch64-linux-gnu/11/../../../../include/c++/11/bits/unique_ptr.h:361:4 @[ ros2_caret_ws/install/include/rclcpp/rclcpp/publisher.hpp:308:5 ] ] ] ] ] ] ]. Skipping.
Found a loop without a preheader at /usr/lib/gcc/aarch64-linux-gnu/11/../../../../include/c++/11/bits/stl_construct.h:162:4 @[ /usr/lib/gcc/aarch64-linux-gnu/11/../../../../include/c++/11/bits/stl_construct.h:195:7 @[ /usr/lib/gcc/aarch64-linux-gnu/11/../../../../include/c++/11/bits/alloc_traits.h:848:7 @[ /usr/lib/gcc/aarch64-linux-gnu/11/../../../../include/c++/11/bits/stl_vector.h:680:2 @[ install/tier4_perception_msgs/include/tier4_perception_msgs/tier4_perception_msgs/msg/detail/detected_objects_with_feature__struct.hpp:39:8 ] ] ] ]. Skipping.
Found a loop without a preheader at /usr/lib/gcc/aarch64-linux-gnu/11/../../../../include/c++/11/bits/stl_construct.h:162:4 @[ /usr/lib/gcc/aarch64-linux-gnu/11/../../../../include/c++/11/bits/stl_construct.h:195:7 @[ /usr/lib/gcc/aarch64-linux-gnu/11/../../../../include/c++/11/bits/alloc_traits.h:848:7 @[ /usr/lib/gcc/aarch64-linux-gnu/11/../../../../include/c++/11/bits/stl_vector.h:680:2 @[ ros2_caret_ws/install/include/rclcpp/rclcpp/subscription_content_filter_options.hpp:25:8 @[ ros2_caret_ws/install/include/rclcpp/rclcpp/subscription_options.hpp:39:8 ] ] ] ] ]. Skipping.
Found a loop without a preheader at /usr/lib/gcc/aarch64-linux-gnu/11/../../../../include/c++/11/bits/stl_construct.h:162:4 @[ /usr/lib/gcc/aarch64-linux-gnu/11/../../../../include/c++/11/bits/stl_construct.h:195:7 ]. Skipping.
Found a loop without a preheader at /usr/lib/gcc/aarch64-linux-gnu/11/../../../../include/c++/11/bits/stl_construct.h:162:4 @[ /usr/lib/gcc/aarch64-linux-gnu/11/../../../../include/c++/11/bits/stl_construct.h:195:7 @[ /usr/lib/gcc/aarch64-linux-gnu/11/../../../../include/c++/11/bits/alloc_traits.h:848:7 @[ /usr/lib/gcc/aarch64-linux-gnu/11/../../../../include/c++/11/bits/stl_vector.h:680:2 @[ /opt/ros/humble/include/rcl_interfaces/rcl_interfaces/msg/detail/parameter_value__struct.hpp:33:8 ] ] ] ]. Skipping.
Found a loop without a preheader at /usr/lib/gcc/aarch64-linux-gnu/11/../../../../include/c++/11/bits/stl_construct.h:162:4 @[ /usr/lib/gcc/aarch64-linux-gnu/11/../../../../include/c++/11/bits/stl_construct.h:195:7 @[ /usr/lib/gcc/aarch64-linux-gnu/11/../../../../include/c++/11/bits/alloc_traits.h:848:7 @[ /usr/lib/gcc/aarch64-linux-gnu/11/../../../../include/c++/11/bits/stl_vector.h:680:2 @[ src/universe/autoware_universe/perception/autoware_shape_estimation/include/autoware/shape_estimation/tensorrt_shape_estimator.hpp:53:32 ] ] ] ]. Skipping.
Found a loop without a preheader at /usr/lib/gcc/aarch64-linux-gnu/11/../../../../include/c++/11/bits/hashtable_policy.h:1912:7 @[ /usr/lib/gcc/aarch64-linux-gnu/11/../../../../include/c++/11/bits/hashtable.h:2320:13 ]. Skipping.
Found a loop without a preheader at /usr/lib/gcc/aarch64-linux-gnu/11/../../../../include/c++/11/bits/hashtable_policy.h:1912:7 @[ /usr/lib/gcc/aarch64-linux-gnu/11/../../../../include/c++/11/bits/hashtable.h:2320:13 @[ /usr/lib/gcc/aarch64-linux-gnu/11/../../../../include/c++/11/bits/hashtable.h:1532:7 @[ /usr/lib/gcc/aarch64-linux-gnu/11/../../../../include/c++/11/bits/unordered_map.h:102:11 ] ] ]. Skipping.
Found a loop without a preheader at /usr/lib/gcc/aarch64-linux-gnu/11/../../../../include/c++/11/bits/stl_tree.h:1887:7. Skipping.
Found a loop without a preheader at /usr/lib/gcc/aarch64-linux-gnu/11/../../../../include/c++/11/bits/stl_uninitialized.h:91:8 @[ /usr/lib/gcc/aarch64-linux-gnu/11/../../../../include/c++/11/bits/stl_uninitialized.h:148:14 @[ /usr/lib/gcc/aarch64-linux-gnu/11/../../../../include/c++/11/bits/stl_uninitialized.h:333:14 @[ /usr/lib/gcc/aarch64-linux-gnu/11/../../../../include/c++/11/bits/vector.tcc:245:8 ] ] ]. Skipping.
Found a loop without an exit block at ros2_caret_ws/install/include/rclcpp/rclcpp/detail/qos_parameters.hpp:167:3. Skipping.
Found a loop without a preheader at /usr/lib/gcc/aarch64-linux-gnu/11/../../../../include/c++/11/bits/stl_uninitialized.h:91:8 @[ /usr/lib/gcc/aarch64-linux-gnu/11/../../../../include/c++/11/bits/stl_uninitialized.h:148:14 @[ /usr/lib/gcc/aarch64-linux-gnu/11/../../../../include/c++/11/bits/stl_uninitialized.h:333:14 @[ /usr/lib/gcc/aarch64-linux-gnu/11/../../../../include/c++/11/bits/stl_vector.h:558:4 @[ /opt/ros/humble/include/rosidl_runtime_cpp/rosidl_runtime_cpp/bounded_vector.hpp:121:5 @[ /opt/ros/humble/include/rcl_interfaces/rcl_interfaces/msg/detail/parameter_descriptor__struct.hpp:39:8 ] ] ] ] ]. Skipping.
Found a loop without a preheader at /usr/lib/gcc/aarch64-linux-gnu/11/../../../../include/c++/11/bits/stl_uninitialized.h:91:8 @[ /usr/lib/gcc/aarch64-linux-gnu/11/../../../../include/c++/11/bits/stl_uninitialized.h:148:14 @[ /usr/lib/gcc/aarch64-linux-gnu/11/../../../../include/c++/11/bits/stl_uninitialized.h:333:14 @[ /usr/lib/gcc/aarch64-linux-gnu/11/../../../../include/c++/11/bits/stl_vector.h:558:4 @[ /opt/ros/humble/include/rosidl_runtime_cpp/rosidl_runtime_cpp/bounded_vector.hpp:121:5 @[ /opt/ros/humble/include/rcl_interfaces/rcl_interfaces/msg/detail/parameter_descriptor__struct.hpp:39:8 ] ] ] ] ]. Skipping.
Found a loop without a preheader at /usr/lib/gcc/aarch64-linux-gnu/11/../../../../include/c++/11/bits/stl_uninitialized.h:91:8. Skipping.
Found a loop without an exit block at /usr/lib/gcc/aarch64-linux-gnu/11/../../../../include/c++/11/bits/shared_ptr_base.h:259:7 @[ /usr/lib/gcc/aarch64-linux-gnu/11/../../../../include/c++/11/bits/shared_ptr_base.h:872:39 @[ /usr/lib/gcc/aarch64-linux-gnu/11/../../../../include/c++/11/bits/shared_ptr_base.h:1178:4 @[ /usr/lib/gcc/aarch64-linux-gnu/11/../../../../include/c++/11/bits/shared_ptr.h:326:4 @[ /usr/lib/gcc/aarch64-linux-gnu/11/../../../../include/c++/11/bits/shared_ptr.h:808:16 @[ ros2_caret_ws/install/include/rclcpp/rclcpp/publisher.hpp:207:70 ] ] ] ] ]. Skipping.
Found a loop without a preheader at /usr/lib/gcc/aarch64-linux-gnu/11/../../../../include/c++/11/bits/hashtable.h:1837:7 @[ /usr/lib/gcc/aarch64-linux-gnu/11/../../../../include/c++/11/bits/hashtable.h:810:31 @[ /usr/lib/gcc/aarch64-linux-gnu/11/../../../../include/c++/11/bits/hashtable.h:1970:23 ] ]. Skipping.
Found a loop without a preheader at /usr/lib/gcc/aarch64-linux-gnu/11/../../../../include/c++/11/bits/hashtable.h:2386:7. Skipping.
Found a loop without a preheader at /usr/lib/gcc/aarch64-linux-gnu/11/../../../../include/c++/11/bits/hashtable.h:1837:7 @[ /usr/lib/gcc/aarch64-linux-gnu/11/../../../../include/c++/11/bits/hashtable.h:810:31 @[ /usr/lib/gcc/aarch64-linux-gnu/11/../../../../include/c++/11/bits/hashtable.h:1970:23 ] ]. Skipping.
Found a loop without a preheader at /usr/lib/gcc/aarch64-linux-gnu/11/../../../../include/c++/11/bits/hashtable.h:1837:7 @[ /usr/lib/gcc/aarch64-linux-gnu/11/../../../../include/c++/11/bits/hashtable.h:810:31 @[ /usr/lib/gcc/aarch64-linux-gnu/11/../../../../include/c++/11/bits/hashtable.h:1970:23 ] ]. Skipping.
Found a loop without a preheader at /usr/lib/gcc/aarch64-linux-gnu/11/../../../../include/c++/11/bits/hashtable.h:1837:7 @[ /usr/lib/gcc/aarch64-linux-gnu/11/../../../../include/c++/11/bits/hashtable.h:810:31 @[ /usr/lib/gcc/aarch64-linux-gnu/11/../../../../include/c++/11/bits/hashtable.h:1970:23 ] ]. Skipping.
Found a loop without a preheader at /usr/lib/gcc/aarch64-linux-gnu/11/../../../../include/c++/11/bits/hashtable.h:1837:7 @[ /usr/lib/gcc/aarch64-linux-gnu/11/../../../../include/c++/11/bits/hashtable.h:810:31 @[ /usr/lib/gcc/aarch64-linux-gnu/11/../../../../include/c++/11/bits/hashtable.h:1595:23 ] ]. Skipping.
Found a loop without a preheader at /usr/lib/gcc/aarch64-linux-gnu/11/../../../../include/c++/11/bits/hashtable.h:1837:7 @[ /usr/lib/gcc/aarch64-linux-gnu/11/../../../../include/c++/11/bits/hashtable.h:810:31 @[ /usr/lib/gcc/aarch64-linux-gnu/11/../../../../include/c++/11/bits/hashtable_policy.h:704:30 ] ]. Skipping.
Found a loop without a preheader at /usr/lib/gcc/aarch64-linux-gnu/11/../../../../include/c++/11/bits/hashtable.h:2386:7. Skipping.
Found a loop without a preheader at /usr/lib/gcc/aarch64-linux-gnu/11/../../../../include/c++/11/bits/stl_tree.h:2068:7 @[ /usr/lib/gcc/aarch64-linux-gnu/11/../../../../include/c++/11/bits/stl_tree.h:2193:13 ]. Skipping.
Found a loop without a preheader at /usr/lib/gcc/aarch64-linux-gnu/11/../../../../include/c++/11/bits/stl_tree.h:2068:7 @[ /usr/lib/gcc/aarch64-linux-gnu/11/../../../../include/c++/11/bits/stl_tree.h:2209:13 ]. Skipping.
Found a loop without an exit block at /usr/lib/gcc/aarch64-linux-gnu/11/../../../../include/c++/11/bits/shared_ptr_base.h:259:7 @[ /usr/lib/gcc/aarch64-linux-gnu/11/../../../../include/c++/11/bits/shared_ptr_base.h:883:28 @[ /usr/lib/gcc/aarch64-linux-gnu/11/../../../../include/c++/11/bits/shared_ptr_base.h:1353:9 @[ /usr/lib/gcc/aarch64-linux-gnu/11/../../../../include/c++/11/bits/shared_ptr.h:418:9 @[ /usr/lib/gcc/aarch64-linux-gnu/11/../../../../include/c++/11/bits/shared_ptr.h:750:16 @[ ros2_caret_ws/install/include/rclcpp/rclcpp/publisher.hpp:561:26 ] ] ] ] ]. Skipping.
Found a loop without an exit block at /usr/lib/gcc/aarch64-linux-gnu/11/../../../../include/c++/11/bits/shared_ptr_base.h:259:7 @[ /usr/lib/gcc/aarch64-linux-gnu/11/../../../../include/c++/11/bits/shared_ptr_base.h:883:28 @[ /usr/lib/gcc/aarch64-linux-gnu/11/../../../../include/c++/11/bits/shared_ptr_base.h:1353:9 @[ /usr/lib/gcc/aarch64-linux-gnu/11/../../../../include/c++/11/bits/shared_ptr.h:418:9 @[ /usr/lib/gcc/aarch64-linux-gnu/11/../../../../include/c++/11/bits/shared_ptr.h:750:16 @[ ros2_caret_ws/install/include/rclcpp/rclcpp/publisher.hpp:537:26 ] ] ] ] ]. Skipping.
Found a loop without a preheader at /usr/lib/gcc/aarch64-linux-gnu/11/../../../../include/c++/11/bits/hashtable.h:1837:7 @[ /usr/lib/gcc/aarch64-linux-gnu/11/../../../../include/c++/11/bits/hashtable.h:810:31 @[ /usr/lib/gcc/aarch64-linux-gnu/11/../../../../include/c++/11/bits/hashtable.h:1595:23 @[ /usr/lib/gcc/aarch64-linux-gnu/11/../../../../include/c++/11/bits/unordered_map.h:869:21 @[ ros2_caret_ws/install/include/rclcpp/rclcpp/experimental/intra_process_manager.hpp:260:38 ] ] ] ]. Skipping.
Found a loop without an exit block at /usr/lib/gcc/aarch64-linux-gnu/11/../../../../include/c++/11/shared_mutex:228:7 @[ /usr/lib/gcc/aarch64-linux-gnu/11/../../../../include/c++/11/shared_mutex:489:33 @[ /usr/lib/gcc/aarch64-linux-gnu/11/../../../../include/c++/11/shared_mutex:727:13 @[ ros2_caret_ws/install/include/rclcpp/rclcpp/experimental/intra_process_manager.hpp:258:47 ] ] ]. Skipping.
Found a loop without an exit block at ros2_caret_ws/install/include/rclcpp/rclcpp/experimental/intra_process_manager.hpp:363:5. Skipping.
Found a loop without an exit block at ros2_caret_ws/install/include/rclcpp/rclcpp/experimental/intra_process_manager.hpp:442:5. Skipping.
Found a loop without a preheader at /usr/lib/gcc/aarch64-linux-gnu/11/../../../../include/c++/11/bits/hashtable.h:1837:7 @[ /usr/lib/gcc/aarch64-linux-gnu/11/../../../../include/c++/11/bits/hashtable.h:2203:34 ]. Skipping.
Found a loop without a preheader at /usr/lib/gcc/aarch64-linux-gnu/11/../../../../include/c++/11/bits/hashtable.h:1837:7 @[ /usr/lib/gcc/aarch64-linux-gnu/11/../../../../include/c++/11/bits/hashtable.h:810:31 @[ /usr/lib/gcc/aarch64-linux-gnu/11/../../../../include/c++/11/bits/hashtable.h:1595:23 @[ /usr/lib/gcc/aarch64-linux-gnu/11/../../../../include/c++/11/bits/unordered_map.h:869:21 @[ ros2_caret_ws/install/include/rclcpp/rclcpp/experimental/intra_process_manager.hpp:196:38 ] ] ] ]. Skipping.
Found a loop without an exit block at /usr/lib/gcc/aarch64-linux-gnu/11/../../../../include/c++/11/shared_mutex:228:7 @[ /usr/lib/gcc/aarch64-linux-gnu/11/../../../../include/c++/11/shared_mutex:489:33 @[ /usr/lib/gcc/aarch64-linux-gnu/11/../../../../include/c++/11/shared_mutex:727:13 @[ ros2_caret_ws/install/include/rclcpp/rclcpp/experimental/intra_process_manager.hpp:194:47 ] ] ]. Skipping.
Found a loop without a preheader at /usr/lib/gcc/aarch64-linux-gnu/11/../../../../include/c++/11/bits/stl_construct.h:162:4 @[ /usr/lib/gcc/aarch64-linux-gnu/11/../../../../include/c++/11/bits/stl_construct.h:195:7 @[ /usr/lib/gcc/aarch64-linux-gnu/11/../../../../include/c++/11/bits/alloc_traits.h:848:7 @[ /usr/lib/gcc/aarch64-linux-gnu/11/../../../../include/c++/11/bits/stl_vector.h:680:2 @[ /opt/ros/humble/include/sensor_msgs/sensor_msgs/msg/detail/point_cloud2__struct.hpp:39:8 @[ install/tier4_perception_msgs/include/tier4_perception_msgs/tier4_perception_msgs/msg/detail/feature__struct.hpp:39:8 @[ install/tier4_perception_msgs/include/tier4_perception_msgs/tier4_perception_msgs/msg/detail/detected_object_with_feature__struct.hpp:39:8 ] ] ] ] ] ]. Skipping.
Found a loop without a preheader at /usr/lib/gcc/aarch64-linux-gnu/11/../../../../include/c++/11/bits/stl_construct.h:162:4 @[ /usr/lib/gcc/aarch64-linux-gnu/11/../../../../include/c++/11/bits/stl_construct.h:195:7 @[ /usr/lib/gcc/aarch64-linux-gnu/11/../../../../include/c++/11/bits/alloc_traits.h:848:7 @[ /usr/lib/gcc/aarch64-linux-gnu/11/../../../../include/c++/11/bits/stl_vector.h:680:2 ] ] ]. Skipping.
Found a loop without a preheader at /usr/lib/gcc/aarch64-linux-gnu/11/../../../../include/c++/11/bits/stl_construct.h:162:4 @[ /usr/lib/gcc/aarch64-linux-gnu/11/../../../../include/c++/11/bits/stl_construct.h:195:7 ]. Skipping.
Found a loop without a preheader at /usr/lib/gcc/aarch64-linux-gnu/11/../../../../include/c++/11/bits/charconv.h:56:7 @[ /usr/lib/gcc/aarch64-linux-gnu/11/../../../../include/c++/11/bits/basic_string.h:6683:24 ]. Skipping.
Found a loop without an exit block at ros2_caret_ws/install/include/rclcpp/rclcpp/detail/qos_parameters.hpp:167:3. Skipping.
Found a loop without an exit block at /usr/lib/gcc/aarch64-linux-gnu/11/../../../../include/c++/11/bits/shared_ptr_base.h:259:7 @[ /usr/lib/gcc/aarch64-linux-gnu/11/../../../../include/c++/11/bits/shared_ptr_base.h:872:39 @[ /usr/lib/gcc/aarch64-linux-gnu/11/../../../../include/c++/11/bits/shared_ptr_base.h:1178:4 @[ /usr/lib/gcc/aarch64-linux-gnu/11/../../../../include/c++/11/bits/shared_ptr.h:326:4 @[ /usr/lib/gcc/aarch64-linux-gnu/11/../../../../include/c++/11/bits/shared_ptr.h:808:16 @[ ros2_caret_ws/install/include/rclcpp/rclcpp/publisher.hpp:207:70 ] ] ] ] ]. Skipping.
Found a loop without a preheader at /usr/lib/gcc/aarch64-linux-gnu/11/../../../../include/c++/11/bits/hashtable.h:1837:7 @[ /usr/lib/gcc/aarch64-linux-gnu/11/../../../../include/c++/11/bits/hashtable.h:810:31 @[ /usr/lib/gcc/aarch64-linux-gnu/11/../../../../include/c++/11/bits/hashtable.h:1970:23 ] ]. Skipping.
Found a loop without a preheader at /usr/lib/gcc/aarch64-linux-gnu/11/../../../../include/c++/11/bits/stl_construct.h:162:4 @[ /usr/lib/gcc/aarch64-linux-gnu/11/../../../../include/c++/11/bits/stl_construct.h:195:7 @[ /usr/lib/gcc/aarch64-linux-gnu/11/../../../../include/c++/11/bits/alloc_traits.h:848:7 @[ /usr/lib/gcc/aarch64-linux-gnu/11/../../../../include/c++/11/bits/stl_vector.h:680:2 ] ] ]. Skipping.
Found a loop without a preheader at /usr/lib/gcc/aarch64-linux-gnu/11/../../../../include/c++/11/bits/stl_construct.h:162:4 @[ /usr/lib/gcc/aarch64-linux-gnu/11/../../../../include/c++/11/bits/stl_construct.h:195:7 @[ /usr/lib/gcc/aarch64-linux-gnu/11/../../../../include/c++/11/bits/alloc_traits.h:848:7 @[ /usr/lib/gcc/aarch64-linux-gnu/11/../../../../include/c++/11/bits/stl_vector.h:680:2 @[ ros2_caret_ws/install/include/rclcpp/rclcpp/topic_statistics/subscription_topic_statistics.hpp:98:3 ] ] ] ]. Skipping.
Found a loop without a preheader at ros2_caret_ws/install/include/rclcpp/rclcpp/topic_statistics/subscription_topic_statistics.hpp:112:5. Skipping.
Found a loop without an exit block at ros2_caret_ws/install/include/rclcpp/rclcpp/topic_statistics/subscription_topic_statistics.hpp:152:5. Skipping.
Found a loop without an exit block at ros2_caret_ws/install/include/rclcpp/rclcpp/topic_statistics/subscription_topic_statistics.hpp:137:7. Skipping.
Found a loop without a preheader at /usr/lib/gcc/aarch64-linux-gnu/11/../../../../include/c++/11/bits/stl_construct.h:162:4 @[ /usr/lib/gcc/aarch64-linux-gnu/11/../../../../include/c++/11/bits/stl_construct.h:195:7 @[ /usr/lib/gcc/aarch64-linux-gnu/11/../../../../include/c++/11/bits/alloc_traits.h:848:7 @[ /usr/lib/gcc/aarch64-linux-gnu/11/../../../../include/c++/11/bits/stl_vector.h:1796:6 @[ /usr/lib/gcc/aarch64-linux-gnu/11/../../../../include/c++/11/bits/stl_vector.h:1499:9 @[ ros2_caret_ws/install/include/rclcpp/rclcpp/topic_statistics/subscription_topic_statistics.hpp:208:41 ] ] ] ] ]. Skipping.
Found a loop without a preheader at ros2_caret_ws/install/include/rclcpp/rclcpp/topic_statistics/subscription_topic_statistics.hpp:204:7. Skipping.
Found a loop without a preheader at /usr/lib/gcc/aarch64-linux-gnu/11/../../../../include/c++/11/bits/stl_construct.h:162:4 @[ /usr/lib/gcc/aarch64-linux-gnu/11/../../../../include/c++/11/bits/stl_construct.h:195:7 @[ /usr/lib/gcc/aarch64-linux-gnu/11/../../../../include/c++/11/bits/alloc_traits.h:848:7 @[ /usr/lib/gcc/aarch64-linux-gnu/11/../../../../include/c++/11/bits/stl_vector.h:680:2 ] ] ]. Skipping.
Found a loop without a preheader at /usr/lib/gcc/aarch64-linux-gnu/11/../../../../include/c++/11/bits/stl_uninitialized.h:1031:7 @[ /usr/lib/gcc/aarch64-linux-gnu/11/../../../../include/c++/11/bits/stl_uninitialized.h:1046:14 @[ /usr/lib/gcc/aarch64-linux-gnu/11/../../../../include/c++/11/bits/stl_vector.h:456:9 @[ /usr/lib/gcc/aarch64-linux-gnu/11/../../../../include/c++/11/bits/stl_vector.h:469:9 @[ /usr/lib/gcc/aarch64-linux-gnu/11/../../../../include/c++/11/bits/vector.tcc:466:23 ] ] ] ]. Skipping.
Found a loop without a preheader at /usr/lib/gcc/aarch64-linux-gnu/11/../../../../include/c++/11/bits/stl_uninitialized.h:1031:7 @[ /usr/lib/gcc/aarch64-linux-gnu/11/../../../../include/c++/11/bits/stl_uninitialized.h:1046:14 @[ /usr/lib/gcc/aarch64-linux-gnu/11/../../../../include/c++/11/bits/stl_vector.h:456:9 @[ /usr/lib/gcc/aarch64-linux-gnu/11/../../../../include/c++/11/bits/stl_vector.h:469:9 @[ /usr/lib/gcc/aarch64-linux-gnu/11/../../../../include/c++/11/bits/vector.tcc:461:23 ] ] ] ]. Skipping.
Found a loop without a preheader at /usr/lib/gcc/aarch64-linux-gnu/11/../../../../include/c++/11/bits/stl_uninitialized.h:91:8 @[ /usr/lib/gcc/aarch64-linux-gnu/11/../../../../include/c++/11/bits/stl_uninitialized.h:148:14 @[ /usr/lib/gcc/aarch64-linux-gnu/11/../../../../include/c++/11/bits/stl_uninitialized.h:333:14 @[ /usr/lib/gcc/aarch64-linux-gnu/11/../../../../include/c++/11/bits/stl_vector.h:558:4 @[ /opt/ros/humble/include/statistics_msgs/statistics_msgs/msg/detail/metrics_message__struct.hpp:40:8 ] ] ] ]. Skipping.
Found a loop without an exit block at /usr/lib/gcc/aarch64-linux-gnu/11/../../../../include/c++/11/bits/shared_ptr_base.h:259:7 @[ /usr/lib/gcc/aarch64-linux-gnu/11/../../../../include/c++/11/bits/shared_ptr_base.h:883:28 @[ /usr/lib/gcc/aarch64-linux-gnu/11/../../../../include/c++/11/bits/shared_ptr_base.h:1353:9 @[ /usr/lib/gcc/aarch64-linux-gnu/11/../../../../include/c++/11/bits/shared_ptr.h:418:9 @[ /usr/lib/gcc/aarch64-linux-gnu/11/../../../../include/c++/11/bits/shared_ptr.h:750:16 @[ ros2_caret_ws/install/include/rclcpp/rclcpp/publisher.hpp:561:26 ] ] ] ] ]. Skipping.
Found a loop without an exit block at /usr/lib/gcc/aarch64-linux-gnu/11/../../../../include/c++/11/bits/shared_ptr_base.h:259:7 @[ /usr/lib/gcc/aarch64-linux-gnu/11/../../../../include/c++/11/bits/shared_ptr_base.h:883:28 @[ /usr/lib/gcc/aarch64-linux-gnu/11/../../../../include/c++/11/bits/shared_ptr_base.h:1353:9 @[ /usr/lib/gcc/aarch64-linux-gnu/11/../../../../include/c++/11/bits/shared_ptr.h:418:9 @[ /usr/lib/gcc/aarch64-linux-gnu/11/../../../../include/c++/11/bits/shared_ptr.h:750:16 @[ ros2_caret_ws/install/include/rclcpp/rclcpp/publisher.hpp:537:26 ] ] ] ] ]. Skipping.
Found a loop without a preheader at /usr/lib/gcc/aarch64-linux-gnu/11/../../../../include/c++/11/bits/hashtable.h:1837:7 @[ /usr/lib/gcc/aarch64-linux-gnu/11/../../../../include/c++/11/bits/hashtable.h:810:31 @[ /usr/lib/gcc/aarch64-linux-gnu/11/../../../../include/c++/11/bits/hashtable.h:1595:23 @[ /usr/lib/gcc/aarch64-linux-gnu/11/../../../../include/c++/11/bits/unordered_map.h:869:21 @[ ros2_caret_ws/install/include/rclcpp/rclcpp/experimental/intra_process_manager.hpp:260:38 ] ] ] ]. Skipping.
Found a loop without an exit block at /usr/lib/gcc/aarch64-linux-gnu/11/../../../../include/c++/11/shared_mutex:228:7 @[ /usr/lib/gcc/aarch64-linux-gnu/11/../../../../include/c++/11/shared_mutex:489:33 @[ /usr/lib/gcc/aarch64-linux-gnu/11/../../../../include/c++/11/shared_mutex:727:13 @[ ros2_caret_ws/install/include/rclcpp/rclcpp/experimental/intra_process_manager.hpp:258:47 ] ] ]. Skipping.
Found a loop without an exit block at ros2_caret_ws/install/include/rclcpp/rclcpp/experimental/intra_process_manager.hpp:363:5. Skipping.
Found a loop without an exit block at ros2_caret_ws/install/include/rclcpp/rclcpp/experimental/intra_process_manager.hpp:442:5. Skipping.
Found a loop without a preheader at /usr/lib/gcc/aarch64-linux-gnu/11/../../../../include/c++/11/bits/hashtable.h:1837:7 @[ /usr/lib/gcc/aarch64-linux-gnu/11/../../../../include/c++/11/bits/hashtable.h:810:31 @[ /usr/lib/gcc/aarch64-linux-gnu/11/../../../../include/c++/11/bits/hashtable.h:1595:23 @[ /usr/lib/gcc/aarch64-linux-gnu/11/../../../../include/c++/11/bits/unordered_map.h:869:21 @[ ros2_caret_ws/install/include/rclcpp/rclcpp/experimental/intra_process_manager.hpp:196:38 ] ] ] ]. Skipping.
Found a loop without an exit block at /usr/lib/gcc/aarch64-linux-gnu/11/../../../../include/c++/11/shared_mutex:228:7 @[ /usr/lib/gcc/aarch64-linux-gnu/11/../../../../include/c++/11/shared_mutex:489:33 @[ /usr/lib/gcc/aarch64-linux-gnu/11/../../../../include/c++/11/shared_mutex:727:13 @[ ros2_caret_ws/install/include/rclcpp/rclcpp/experimental/intra_process_manager.hpp:194:47 ] ] ]. Skipping.
Found a loop without an exit block at /usr/lib/gcc/aarch64-linux-gnu/11/../../../../include/c++/11/bits/shared_ptr_base.h:259:7 @[ /usr/lib/gcc/aarch64-linux-gnu/11/../../../../include/c++/11/bits/shared_ptr_base.h:883:28 @[ /usr/lib/gcc/aarch64-linux-gnu/11/../../../../include/c++/11/bits/shared_ptr_base.h:1353:9 @[ /usr/lib/gcc/aarch64-linux-gnu/11/../../../../include/c++/11/bits/shared_ptr.h:418:9 @[ /usr/lib/gcc/aarch64-linux-gnu/11/../../../../include/c++/11/bits/shared_ptr.h:750:16 @[ ros2_caret_ws/install/include/rclcpp/rclcpp/create_subscription.hpp:102:71 @[ ros2_caret_ws/install/include/rclcpp/rclcpp/timer.hpp:244:5 ] ] ] ] ] ]. Skipping.
Found a loop without a preheader at /usr/lib/gcc/aarch64-linux-gnu/11/../../../../include/c++/11/bits/hashtable.h:1837:7 @[ /usr/lib/gcc/aarch64-linux-gnu/11/../../../../include/c++/11/bits/hashtable.h:810:31 @[ /usr/lib/gcc/aarch64-linux-gnu/11/../../../../include/c++/11/bits/hashtable.h:1970:23 ] ]. Skipping.
Found a loop without a preheader at /usr/lib/gcc/aarch64-linux-gnu/11/../../../../include/c++/11/bits/hashtable.h:2386:7. Skipping.
Found a loop without a preheader at /usr/lib/gcc/aarch64-linux-gnu/11/../../../../include/c++/11/bits/hashtable.h:1837:7 @[ /usr/lib/gcc/aarch64-linux-gnu/11/../../../../include/c++/11/bits/hashtable.h:810:31 @[ /usr/lib/gcc/aarch64-linux-gnu/11/../../../../include/c++/11/bits/hashtable.h:1970:23 ] ]. Skipping.
Found a loop without a preheader at /usr/lib/gcc/aarch64-linux-gnu/11/../../../../include/c++/11/bits/hashtable.h:2386:7. Skipping.
Found a loop without a preheader at /usr/lib/gcc/aarch64-linux-gnu/11/../../../../include/c++/11/bits/hashtable.h:1837:7 @[ /usr/lib/gcc/aarch64-linux-gnu/11/../../../../include/c++/11/bits/hashtable.h:810:31 @[ /usr/lib/gcc/aarch64-linux-gnu/11/../../../../include/c++/11/bits/hashtable.h:1970:23 ] ]. Skipping.
Found a loop without a preheader at /usr/lib/gcc/aarch64-linux-gnu/11/../../../../include/c++/11/bits/hashtable.h:1837:7 @[ /usr/lib/gcc/aarch64-linux-gnu/11/../../../../include/c++/11/bits/hashtable.h:810:31 @[ /usr/lib/gcc/aarch64-linux-gnu/11/../../../../include/c++/11/bits/hashtable.h:1970:23 ] ]. Skipping.
Found a loop without a preheader at /usr/lib/gcc/aarch64-linux-gnu/11/../../../../include/c++/11/bits/hashtable.h:1837:7 @[ /usr/lib/gcc/aarch64-linux-gnu/11/../../../../include/c++/11/bits/hashtable.h:810:31 @[ /usr/lib/gcc/aarch64-linux-gnu/11/../../../../include/c++/11/bits/hashtable.h:1970:23 ] ]. Skipping.
Found a loop without a preheader at /usr/lib/gcc/aarch64-linux-gnu/11/../../../../include/c++/11/bits/hashtable.h:1837:7 @[ /usr/lib/gcc/aarch64-linux-gnu/11/../../../../include/c++/11/bits/hashtable.h:810:31 @[ /usr/lib/gcc/aarch64-linux-gnu/11/../../../../include/c++/11/bits/hashtable.h:1970:23 ] ]. Skipping.
Found a loop without a preheader at /usr/lib/gcc/aarch64-linux-gnu/11/../../../../include/c++/11/bits/hashtable.h:1837:7 @[ /usr/lib/gcc/aarch64-linux-gnu/11/../../../../include/c++/11/bits/hashtable.h:810:31 @[ /usr/lib/gcc/aarch64-linux-gnu/11/../../../../include/c++/11/bits/hashtable.h:1970:23 ] ]. Skipping.
Found a loop without a preheader at /usr/lib/gcc/aarch64-linux-gnu/11/../../../../include/c++/11/bits/hashtable.h:1837:7 @[ /usr/lib/gcc/aarch64-linux-gnu/11/../../../../include/c++/11/bits/hashtable.h:810:31 @[ /usr/lib/gcc/aarch64-linux-gnu/11/../../../../include/c++/11/bits/hashtable.h:1970:23 ] ]. Skipping.
Found a loop without a preheader at /usr/lib/gcc/aarch64-linux-gnu/11/../../../../include/c++/11/bits/hashtable.h:1837:7 @[ /usr/lib/gcc/aarch64-linux-gnu/11/../../../../include/c++/11/bits/hashtable.h:810:31 @[ /usr/lib/gcc/aarch64-linux-gnu/11/../../../../include/c++/11/bits/hashtable.h:1970:23 ] ]. Skipping.
Found a loop without a preheader at /usr/lib/gcc/aarch64-linux-gnu/11/../../../../include/c++/11/bits/hashtable.h:1837:7 @[ /usr/lib/gcc/aarch64-linux-gnu/11/../../../../include/c++/11/bits/hashtable.h:810:31 @[ /usr/lib/gcc/aarch64-linux-gnu/11/../../../../include/c++/11/bits/hashtable.h:1970:23 ] ]. Skipping.
Found a loop without a preheader at /usr/lib/gcc/aarch64-linux-gnu/11/../../../../include/c++/11/bits/stl_construct.h:162:4 @[ /usr/lib/gcc/aarch64-linux-gnu/11/../../../../include/c++/11/bits/stl_construct.h:195:7 @[ /usr/lib/gcc/aarch64-linux-gnu/11/../../../../include/c++/11/bits/alloc_traits.h:848:7 @[ /usr/lib/gcc/aarch64-linux-gnu/11/../../../../include/c++/11/bits/stl_vector.h:680:2 @[ install/tier4_perception_msgs/include/tier4_perception_msgs/tier4_perception_msgs/msg/detail/detected_objects_with_feature__struct.hpp:39:8 @[ /usr/lib/gcc/aarch64-linux-gnu/11/../../../../include/c++/11/bits/unique_ptr.h:85:2 @[ /usr/lib/gcc/aarch64-linux-gnu/11/../../../../include/c++/11/bits/unique_ptr.h:361:4 @[ ros2_caret_ws/install/include/rclcpp/rclcpp/experimental/subscription_intra_process.hpp:133:3 ] ] ] ] ] ] ]. Skipping.
Found a loop without a preheader at /usr/lib/gcc/aarch64-linux-gnu/11/../../../../include/c++/11/bits/stl_construct.h:162:4 @[ /usr/lib/gcc/aarch64-linux-gnu/11/../../../../include/c++/11/bits/stl_construct.h:195:7 @[ /usr/lib/gcc/aarch64-linux-gnu/11/../../../../include/c++/11/bits/alloc_traits.h:848:7 @[ /usr/lib/gcc/aarch64-linux-gnu/11/../../../../include/c++/11/bits/stl_vector.h:680:2 @[ install/tier4_perception_msgs/include/tier4_perception_msgs/tier4_perception_msgs/msg/detail/detected_objects_with_feature__struct.hpp:39:8 @[ /usr/lib/gcc/aarch64-linux-gnu/11/../../../../include/c++/11/bits/unique_ptr.h:85:2 @[ /usr/lib/gcc/aarch64-linux-gnu/11/../../../../include/c++/11/bits/unique_ptr.h:361:4 @[ ros2_caret_ws/install/include/rclcpp/rclcpp/experimental/subscription_intra_process_buffer.hpp:135:7 ] ] ] ] ] ] ]. Skipping.
Found a loop without a preheader at /usr/lib/gcc/aarch64-linux-gnu/11/../../../../include/c++/11/bits/stl_construct.h:162:4 @[ /usr/lib/gcc/aarch64-linux-gnu/11/../../../../include/c++/11/bits/stl_construct.h:195:7 @[ /usr/lib/gcc/aarch64-linux-gnu/11/../../../../include/c++/11/bits/alloc_traits.h:848:7 @[ /usr/lib/gcc/aarch64-linux-gnu/11/../../../../include/c++/11/bits/stl_vector.h:680:2 ] ] ]. Skipping.
Found a loop without a preheader at /usr/lib/gcc/aarch64-linux-gnu/11/../../../../include/c++/11/bits/stl_construct.h:162:4 @[ /usr/lib/gcc/aarch64-linux-gnu/11/../../../../include/c++/11/bits/stl_construct.h:195:7 @[ /usr/lib/gcc/aarch64-linux-gnu/11/../../../../include/c++/11/bits/alloc_traits.h:848:7 @[ /usr/lib/gcc/aarch64-linux-gnu/11/../../../../include/c++/11/bits/stl_vector.h:680:2 @[ ros2_caret_ws/install/include/rclcpp/rclcpp/experimental/buffers/ring_buffer_implementation.hpp:56:40 ] ] ] ]. Skipping.
Found a loop without a preheader at /usr/lib/gcc/aarch64-linux-gnu/11/../../../../include/c++/11/bits/stl_construct.h:162:4 @[ /usr/lib/gcc/aarch64-linux-gnu/11/../../../../include/c++/11/bits/stl_construct.h:195:7 @[ /usr/lib/gcc/aarch64-linux-gnu/11/../../../../include/c++/11/bits/alloc_traits.h:848:7 @[ /usr/lib/gcc/aarch64-linux-gnu/11/../../../../include/c++/11/bits/stl_vector.h:680:2 @[ ros2_caret_ws/install/include/rclcpp/rclcpp/experimental/buffers/ring_buffer_implementation.hpp:56:40 @[ ros2_caret_ws/install/include/rclcpp/rclcpp/experimental/buffers/ring_buffer_implementation.hpp:56:39 ] ] ] ] ]. Skipping.
Found a loop without a preheader at /usr/lib/gcc/aarch64-linux-gnu/11/../../../../include/c++/11/bits/stl_construct.h:162:4 @[ /usr/lib/gcc/aarch64-linux-gnu/11/../../../../include/c++/11/bits/stl_construct.h:195:7 @[ /usr/lib/gcc/aarch64-linux-gnu/11/../../../../include/c++/11/bits/alloc_traits.h:848:7 @[ /usr/lib/gcc/aarch64-linux-gnu/11/../../../../include/c++/11/bits/stl_vector.h:680:2 @[ install/tier4_perception_msgs/include/tier4_perception_msgs/tier4_perception_msgs/msg/detail/detected_objects_with_feature__struct.hpp:39:8 @[ /usr/lib/gcc/aarch64-linux-gnu/11/../../../../include/c++/11/bits/unique_ptr.h:85:2 @[ /usr/lib/gcc/aarch64-linux-gnu/11/../../../../include/c++/11/bits/shared_ptr_base.h:442:9 ] ] ] ] ] ]. Skipping.
Found a loop without a preheader at /usr/lib/gcc/aarch64-linux-gnu/11/../../../../include/c++/11/bits/stl_construct.h:162:4 @[ /usr/lib/gcc/aarch64-linux-gnu/11/../../../../include/c++/11/bits/stl_construct.h:195:7 @[ /usr/lib/gcc/aarch64-linux-gnu/11/../../../../include/c++/11/bits/alloc_traits.h:848:7 @[ /usr/lib/gcc/aarch64-linux-gnu/11/../../../../include/c++/11/bits/stl_vector.h:680:2 @[ install/tier4_perception_msgs/include/tier4_perception_msgs/tier4_perception_msgs/msg/detail/detected_objects_with_feature__struct.hpp:39:8 @[ /usr/lib/gcc/aarch64-linux-gnu/11/../../../../include/c++/11/bits/unique_ptr.h:85:2 @[ /usr/lib/gcc/aarch64-linux-gnu/11/../../../../include/c++/11/bits/unique_ptr.h:361:4 ] ] ] ] ] ]. Skipping.
Found a loop without a preheader at /usr/lib/gcc/aarch64-linux-gnu/11/../../../../include/c++/11/bits/stl_construct.h:162:4 @[ /usr/lib/gcc/aarch64-linux-gnu/11/../../../../include/c++/11/bits/stl_construct.h:195:7 @[ /usr/lib/gcc/aarch64-linux-gnu/11/../../../../include/c++/11/bits/stl_uninitialized.h:97:8 ] ]. Skipping.
Found a loop without a preheader at /usr/lib/gcc/aarch64-linux-gnu/11/../../../../include/c++/11/bits/stl_uninitialized.h:91:8. Skipping.
Found a loop without a preheader at /usr/lib/gcc/aarch64-linux-gnu/11/../../../../include/c++/11/bits/stl_uninitialized.h:91:8 @[ /usr/lib/gcc/aarch64-linux-gnu/11/../../../../include/c++/11/bits/stl_uninitialized.h:148:14 @[ /usr/lib/gcc/aarch64-linux-gnu/11/../../../../include/c++/11/bits/stl_uninitialized.h:333:14 @[ /usr/lib/gcc/aarch64-linux-gnu/11/../../../../include/c++/11/bits/stl_vector.h:558:4 @[ /opt/ros/humble/include/geometry_msgs/geometry_msgs/msg/detail/polygon__struct.hpp:37:8 @[ install/autoware_perception_msgs/include/autoware_perception_msgs/autoware_perception_msgs/msg/detail/shape__struct.hpp:39:8 @[ install/autoware_perception_msgs/include/autoware_perception_msgs/autoware_perception_msgs/msg/detail/detected_object__struct.hpp:41:8 ] ] ] ] ] ]. Skipping.
Found a loop without a preheader at /usr/lib/gcc/aarch64-linux-gnu/11/../../../../include/c++/11/bits/stl_uninitialized.h:91:8. Skipping.
Found a loop without a preheader at /usr/lib/gcc/aarch64-linux-gnu/11/../../../../include/c++/11/bits/stl_construct.h:162:4 @[ /usr/lib/gcc/aarch64-linux-gnu/11/../../../../include/c++/11/bits/stl_construct.h:195:7 @[ /usr/lib/gcc/aarch64-linux-gnu/11/../../../../include/c++/11/bits/alloc_traits.h:848:7 @[ /usr/lib/gcc/aarch64-linux-gnu/11/../../../../include/c++/11/bits/stl_vector.h:680:2 @[ install/tier4_perception_msgs/include/tier4_perception_msgs/tier4_perception_msgs/msg/detail/detected_objects_with_feature__struct.hpp:39:8 @[ /usr/lib/gcc/aarch64-linux-gnu/11/../../../../include/c++/11/bits/unique_ptr.h:85:2 @[ /usr/lib/gcc/aarch64-linux-gnu/11/../../../../include/c++/11/bits/unique_ptr.h:182:4 @[ /usr/lib/gcc/aarch64-linux-gnu/11/../../../../include/c++/11/bits/unique_ptr.h:167:2 @[ /usr/lib/gcc/aarch64-linux-gnu/11/../../../../include/c++/11/bits/unique_ptr.h:212:61 @[ /usr/lib/gcc/aarch64-linux-gnu/11/../../../../include/c++/11/bits/unique_ptr.h:371:51 @[ ros2_caret_ws/install/include/rclcpp/rclcpp/experimental/buffers/ring_buffer_implementation.hpp:69:32 ] ] ] ] ] ] ] ] ] ]. Skipping.
Found a loop without a preheader at /usr/lib/gcc/aarch64-linux-gnu/11/../../../../include/c++/11/bits/stl_construct.h:162:4. Skipping.
Found a loop without a preheader at /usr/lib/gcc/aarch64-linux-gnu/11/../../../../include/c++/11/bits/stl_construct.h:162:4 @[ /usr/lib/gcc/aarch64-linux-gnu/11/../../../../include/c++/11/bits/stl_construct.h:195:7 @[ /usr/lib/gcc/aarch64-linux-gnu/11/../../../../include/c++/11/bits/alloc_traits.h:848:7 @[ /usr/lib/gcc/aarch64-linux-gnu/11/../../../../include/c++/11/bits/stl_vector.h:680:2 @[ install/tier4_perception_msgs/include/tier4_perception_msgs/tier4_perception_msgs/msg/detail/detected_objects_with_feature__struct.hpp:39:8 @[ /usr/lib/gcc/aarch64-linux-gnu/11/../../../../include/c++/11/bits/unique_ptr.h:85:2 @[ /usr/lib/gcc/aarch64-linux-gnu/11/../../../../include/c++/11/bits/unique_ptr.h:361:4 @[ ros2_caret_ws/install/include/rclcpp/rclcpp/experimental/buffers/intra_process_buffer.hpp:115:5 ] ] ] ] ] ] ]. Skipping.
Found a loop without a preheader at /usr/lib/gcc/aarch64-linux-gnu/11/../../../../include/c++/11/bits/stl_construct.h:162:4 @[ /usr/lib/gcc/aarch64-linux-gnu/11/../../../../include/c++/11/bits/stl_construct.h:195:7 @[ /usr/lib/gcc/aarch64-linux-gnu/11/../../../../include/c++/11/bits/alloc_traits.h:848:7 @[ /usr/lib/gcc/aarch64-linux-gnu/11/../../../../include/c++/11/bits/stl_vector.h:680:2 @[ install/tier4_perception_msgs/include/tier4_perception_msgs/tier4_perception_msgs/msg/detail/detected_objects_with_feature__struct.hpp:39:8 @[ /usr/lib/gcc/aarch64-linux-gnu/11/../../../../include/c++/11/bits/unique_ptr.h:85:2 @[ /usr/lib/gcc/aarch64-linux-gnu/11/../../../../include/c++/11/bits/unique_ptr.h:361:4 @[ ros2_caret_ws/install/include/rclcpp/rclcpp/experimental/buffers/intra_process_buffer.hpp:179:5 ] ] ] ] ] ] ]. Skipping.
Found a loop without a preheader at /usr/lib/gcc/aarch64-linux-gnu/11/../../../../include/c++/11/bits/stl_construct.h:162:4 @[ /usr/lib/gcc/aarch64-linux-gnu/11/../../../../include/c++/11/bits/stl_construct.h:195:7 @[ /usr/lib/gcc/aarch64-linux-gnu/11/../../../../include/c++/11/bits/alloc_traits.h:848:7 @[ /usr/lib/gcc/aarch64-linux-gnu/11/../../../../include/c++/11/bits/stl_vector.h:680:2 @[ install/tier4_perception_msgs/include/tier4_perception_msgs/tier4_perception_msgs/msg/detail/detected_objects_with_feature__struct.hpp:39:8 @[ /usr/lib/gcc/aarch64-linux-gnu/11/../../../../include/c++/11/bits/unique_ptr.h:85:2 @[ /usr/lib/gcc/aarch64-linux-gnu/11/../../../../include/c++/11/bits/unique_ptr.h:361:4 @[ ros2_caret_ws/install/include/rclcpp/rclcpp/experimental/buffers/intra_process_buffer.hpp:202:5 ] ] ] ] ] ] ]. Skipping.
Found a loop without a preheader at /usr/lib/gcc/aarch64-linux-gnu/11/../../../../include/c++/11/bits/stl_construct.h:162:4 @[ /usr/lib/gcc/aarch64-linux-gnu/11/../../../../include/c++/11/bits/stl_construct.h:195:7 @[ /usr/lib/gcc/aarch64-linux-gnu/11/../../../../include/c++/11/bits/alloc_traits.h:848:7 @[ /usr/lib/gcc/aarch64-linux-gnu/11/../../../../include/c++/11/bits/stl_vector.h:680:2 @[ install/tier4_perception_msgs/include/tier4_perception_msgs/tier4_perception_msgs/msg/detail/detected_objects_with_feature__struct.hpp:39:8 @[ /usr/lib/gcc/aarch64-linux-gnu/11/../../../../include/c++/11/bits/unique_ptr.h:85:2 @[ /usr/lib/gcc/aarch64-linux-gnu/11/../../../../include/c++/11/bits/unique_ptr.h:361:4 @[ /usr/lib/gcc/aarch64-linux-gnu/11/../../../../include/c++/11/bits/stl_iterator.h:2488:12 ] ] ] ] ] ] ]. Skipping.
Found a loop without a preheader at /usr/lib/gcc/aarch64-linux-gnu/11/../../../../include/c++/11/bits/stl_construct.h:162:4 @[ /usr/lib/gcc/aarch64-linux-gnu/11/../../../../include/c++/11/bits/stl_construct.h:195:7 @[ /usr/lib/gcc/aarch64-linux-gnu/11/../../../../include/c++/11/bits/alloc_traits.h:848:7 @[ /usr/lib/gcc/aarch64-linux-gnu/11/../../../../include/c++/11/bits/stl_vector.h:680:2 @[ install/tier4_perception_msgs/include/tier4_perception_msgs/tier4_perception_msgs/msg/detail/detected_objects_with_feature__struct.hpp:39:8 @[ /usr/lib/gcc/aarch64-linux-gnu/11/../../../../include/c++/11/bits/unique_ptr.h:85:2 @[ /usr/lib/gcc/aarch64-linux-gnu/11/../../../../include/c++/11/bits/unique_ptr.h:361:4 @[ ros2_caret_ws/install/include/rclcpp/rclcpp/experimental/subscription_intra_process.hpp:169:7 ] ] ] ] ] ] ]. Skipping.
Found a loop without a preheader at /usr/lib/gcc/aarch64-linux-gnu/11/../../../../include/c++/11/bits/stl_construct.h:162:4 @[ /usr/lib/gcc/aarch64-linux-gnu/11/../../../../include/c++/11/bits/stl_construct.h:195:7 @[ /usr/lib/gcc/aarch64-linux-gnu/11/../../../../include/c++/11/bits/alloc_traits.h:848:7 @[ /usr/lib/gcc/aarch64-linux-gnu/11/../../../../include/c++/11/bits/stl_vector.h:680:2 @[ install/tier4_perception_msgs/include/tier4_perception_msgs/tier4_perception_msgs/msg/detail/detected_objects_with_feature__struct.hpp:39:8 @[ /usr/lib/gcc/aarch64-linux-gnu/11/../../../../include/c++/11/bits/unique_ptr.h:85:2 @[ /usr/lib/gcc/aarch64-linux-gnu/11/../../../../include/c++/11/bits/unique_ptr.h:361:4 @[ ros2_caret_ws/install/include/rclcpp/rclcpp/any_subscription_callback.hpp:756:13 ] ] ] ] ] ] ]. Skipping.
Found a loop without a preheader at /usr/lib/gcc/aarch64-linux-gnu/11/../../../../include/c++/11/bits/stl_construct.h:162:4 @[ /usr/lib/gcc/aarch64-linux-gnu/11/../../../../include/c++/11/bits/stl_construct.h:195:7 @[ /usr/lib/gcc/aarch64-linux-gnu/11/../../../../include/c++/11/bits/alloc_traits.h:848:7 @[ /usr/lib/gcc/aarch64-linux-gnu/11/../../../../include/c++/11/bits/stl_vector.h:680:2 @[ install/tier4_perception_msgs/include/tier4_perception_msgs/tier4_perception_msgs/msg/detail/detected_objects_with_feature__struct.hpp:39:8 @[ /usr/lib/gcc/aarch64-linux-gnu/11/../../../../include/c++/11/bits/unique_ptr.h:85:2 @[ /usr/lib/gcc/aarch64-linux-gnu/11/../../../../include/c++/11/bits/unique_ptr.h:361:4 @[ ros2_caret_ws/install/include/rclcpp/rclcpp/any_subscription_callback.hpp:765:13 ] ] ] ] ] ] ]. Skipping.
Found a loop without a preheader at /usr/lib/gcc/aarch64-linux-gnu/11/../../../../include/c++/11/bits/stl_construct.h:162:4 @[ /usr/lib/gcc/aarch64-linux-gnu/11/../../../../include/c++/11/bits/stl_construct.h:195:7 @[ /usr/lib/gcc/aarch64-linux-gnu/11/../../../../include/c++/11/bits/alloc_traits.h:848:7 @[ /usr/lib/gcc/aarch64-linux-gnu/11/../../../../include/c++/11/bits/stl_vector.h:680:2 @[ install/tier4_perception_msgs/include/tier4_perception_msgs/tier4_perception_msgs/msg/detail/detected_objects_with_feature__struct.hpp:39:8 @[ /usr/lib/gcc/aarch64-linux-gnu/11/../../../../include/c++/11/bits/unique_ptr.h:85:2 @[ /usr/lib/gcc/aarch64-linux-gnu/11/../../../../include/c++/11/bits/unique_ptr.h:361:4 @[ ros2_caret_ws/install/include/rclcpp/rclcpp/any_subscription_callback.hpp:756:13 ] ] ] ] ] ] ]. Skipping.
Found a loop without a preheader at /usr/lib/gcc/aarch64-linux-gnu/11/../../../../include/c++/11/bits/stl_construct.h:162:4 @[ /usr/lib/gcc/aarch64-linux-gnu/11/../../../../include/c++/11/bits/stl_construct.h:195:7 @[ /usr/lib/gcc/aarch64-linux-gnu/11/../../../../include/c++/11/bits/alloc_traits.h:848:7 @[ /usr/lib/gcc/aarch64-linux-gnu/11/../../../../include/c++/11/bits/stl_vector.h:680:2 @[ install/tier4_perception_msgs/include/tier4_perception_msgs/tier4_perception_msgs/msg/detail/detected_objects_with_feature__struct.hpp:39:8 @[ /usr/lib/gcc/aarch64-linux-gnu/11/../../../../include/c++/11/bits/unique_ptr.h:85:2 @[ /usr/lib/gcc/aarch64-linux-gnu/11/../../../../include/c++/11/bits/unique_ptr.h:361:4 @[ ros2_caret_ws/install/include/rclcpp/rclcpp/any_subscription_callback.hpp:765:13 ] ] ] ] ] ] ]. Skipping.
Found a loop without a preheader at /usr/lib/gcc/aarch64-linux-gnu/11/../../../../include/c++/11/bits/stl_construct.h:162:4 @[ /usr/lib/gcc/aarch64-linux-gnu/11/../../../../include/c++/11/bits/stl_construct.h:195:7 @[ /usr/lib/gcc/aarch64-linux-gnu/11/../../../../include/c++/11/bits/alloc_traits.h:848:7 @[ /usr/lib/gcc/aarch64-linux-gnu/11/../../../../include/c++/11/bits/stl_vector.h:680:2 @[ install/tier4_perception_msgs/include/tier4_perception_msgs/tier4_perception_msgs/msg/detail/detected_objects_with_feature__struct.hpp:39:8 @[ /usr/lib/gcc/aarch64-linux-gnu/11/../../../../include/c++/11/bits/unique_ptr.h:85:2 @[ /usr/lib/gcc/aarch64-linux-gnu/11/../../../../include/c++/11/bits/unique_ptr.h:361:4 @[ ros2_caret_ws/install/include/rclcpp/rclcpp/any_subscription_callback.hpp:896:13 ] ] ] ] ] ] ]. Skipping.
Found a loop without a preheader at /usr/lib/gcc/aarch64-linux-gnu/11/../../../../include/c++/11/bits/stl_construct.h:162:4 @[ /usr/lib/gcc/aarch64-linux-gnu/11/../../../../include/c++/11/bits/stl_construct.h:195:7 @[ /usr/lib/gcc/aarch64-linux-gnu/11/../../../../include/c++/11/bits/alloc_traits.h:848:7 @[ /usr/lib/gcc/aarch64-linux-gnu/11/../../../../include/c++/11/bits/stl_vector.h:680:2 @[ install/tier4_perception_msgs/include/tier4_perception_msgs/tier4_perception_msgs/msg/detail/detected_objects_with_feature__struct.hpp:39:8 @[ /usr/lib/gcc/aarch64-linux-gnu/11/../../../../include/c++/11/bits/unique_ptr.h:85:2 @[ /usr/lib/gcc/aarch64-linux-gnu/11/../../../../include/c++/11/bits/unique_ptr.h:361:4 @[ ros2_caret_ws/install/include/rclcpp/rclcpp/any_subscription_callback.hpp:905:13 ] ] ] ] ] ] ]. Skipping.
Found a loop without a preheader at /usr/lib/gcc/aarch64-linux-gnu/11/../../../../include/c++/11/bits/stl_construct.h:162:4 @[ /usr/lib/gcc/aarch64-linux-gnu/11/../../../../include/c++/11/bits/stl_construct.h:195:7 @[ /usr/lib/gcc/aarch64-linux-gnu/11/../../../../include/c++/11/bits/alloc_traits.h:848:7 @[ /usr/lib/gcc/aarch64-linux-gnu/11/../../../../include/c++/11/bits/stl_vector.h:680:2 @[ install/tier4_perception_msgs/include/tier4_perception_msgs/tier4_perception_msgs/msg/detail/detected_objects_with_feature__struct.hpp:39:8 @[ /usr/lib/gcc/aarch64-linux-gnu/11/../../../../include/c++/11/bits/unique_ptr.h:85:2 @[ /usr/lib/gcc/aarch64-linux-gnu/11/../../../../include/c++/11/bits/unique_ptr.h:361:4 @[ ros2_caret_ws/install/include/rclcpp/rclcpp/any_subscription_callback.hpp:553:11 ] ] ] ] ] ] ]. Skipping.
Found a loop without a preheader at /usr/lib/gcc/aarch64-linux-gnu/11/../../../../include/c++/11/bits/stl_construct.h:162:4 @[ /usr/lib/gcc/aarch64-linux-gnu/11/../../../../include/c++/11/bits/stl_construct.h:195:7 @[ /usr/lib/gcc/aarch64-linux-gnu/11/../../../../include/c++/11/bits/alloc_traits.h:848:7 @[ /usr/lib/gcc/aarch64-linux-gnu/11/../../../../include/c++/11/bits/stl_vector.h:680:2 @[ install/tier4_perception_msgs/include/tier4_perception_msgs/tier4_perception_msgs/msg/detail/detected_objects_with_feature__struct.hpp:39:8 @[ /usr/lib/gcc/aarch64-linux-gnu/11/../../../../include/c++/11/bits/unique_ptr.h:85:2 @[ /usr/lib/gcc/aarch64-linux-gnu/11/../../../../include/c++/11/bits/unique_ptr.h:361:4 @[ ros2_caret_ws/install/include/rclcpp/rclcpp/any_subscription_callback.hpp:555:11 ] ] ] ] ] ] ]. Skipping.
Found a loop without a preheader at /usr/lib/gcc/aarch64-linux-gnu/11/../../../../include/c++/11/bits/stl_construct.h:162:4 @[ /usr/lib/gcc/aarch64-linux-gnu/11/../../../../include/c++/11/bits/stl_construct.h:195:7 @[ /usr/lib/gcc/aarch64-linux-gnu/11/../../../../include/c++/11/bits/alloc_traits.h:848:7 @[ /usr/lib/gcc/aarch64-linux-gnu/11/../../../../include/c++/11/bits/stl_vector.h:680:2 @[ install/tier4_perception_msgs/include/tier4_perception_msgs/tier4_perception_msgs/msg/detail/detected_objects_with_feature__struct.hpp:39:8 @[ /usr/lib/gcc/aarch64-linux-gnu/11/../../../../include/c++/11/ext/new_allocator.h:168:10 @[ /usr/lib/gcc/aarch64-linux-gnu/11/../../../../include/c++/11/bits/alloc_traits.h:535:8 @[ /usr/lib/gcc/aarch64-linux-gnu/11/../../../../include/c++/11/bits/shared_ptr_base.h:528:2 ] ] ] ] ] ] ]. Skipping.
Found a loop without an exit block at /usr/lib/gcc/aarch64-linux-gnu/11/../../../../include/c++/11/bits/shared_ptr_base.h:259:7 @[ /usr/lib/gcc/aarch64-linux-gnu/11/../../../../include/c++/11/bits/shared_ptr_base.h:872:39 @[ /usr/lib/gcc/aarch64-linux-gnu/11/../../../../include/c++/11/bits/shared_ptr_base.h:1178:4 @[ /usr/lib/gcc/aarch64-linux-gnu/11/../../../../include/c++/11/bits/shared_ptr.h:326:4 @[ /usr/lib/gcc/aarch64-linux-gnu/11/../../../../include/c++/11/bits/shared_ptr.h:808:16 @[ ros2_caret_ws/install/include/rclcpp/rclcpp/publisher.hpp:207:70 ] ] ] ] ]. Skipping.
Found a loop without a preheader at /usr/lib/gcc/aarch64-linux-gnu/11/../../../../include/c++/11/bits/hashtable.h:1837:7 @[ /usr/lib/gcc/aarch64-linux-gnu/11/../../../../include/c++/11/bits/hashtable.h:810:31 @[ /usr/lib/gcc/aarch64-linux-gnu/11/../../../../include/c++/11/bits/hashtable.h:1970:23 ] ]. Skipping.
Found a loop without a preheader at /usr/lib/gcc/aarch64-linux-gnu/11/../../../../include/c++/11/bits/hashtable.h:1837:7 @[ /usr/lib/gcc/aarch64-linux-gnu/11/../../../../include/c++/11/bits/hashtable.h:810:31 @[ /usr/lib/gcc/aarch64-linux-gnu/11/../../../../include/c++/11/bits/hashtable_policy.h:704:30 ] ]. Skipping.
Found a loop without a preheader at /usr/lib/gcc/aarch64-linux-gnu/11/../../../../include/c++/11/bits/hashtable.h:1837:7 @[ /usr/lib/gcc/aarch64-linux-gnu/11/../../../../include/c++/11/bits/hashtable.h:810:31 @[ /usr/lib/gcc/aarch64-linux-gnu/11/../../../../include/c++/11/bits/hashtable_policy.h:704:30 ] ]. Skipping.
Found a loop without a preheader at /usr/lib/gcc/aarch64-linux-gnu/11/../../../../include/c++/11/bits/hashtable.h:2386:7. Skipping.
Found a loop without a preheader at /usr/lib/gcc/aarch64-linux-gnu/11/../../../../include/c++/11/bits/hashtable.h:1837:7 @[ /usr/lib/gcc/aarch64-linux-gnu/11/../../../../include/c++/11/bits/hashtable.h:810:31 @[ /usr/lib/gcc/aarch64-linux-gnu/11/../../../../include/c++/11/bits/hashtable.h:1595:23 ] ]. Skipping.
Found a loop without a preheader at /usr/lib/gcc/aarch64-linux-gnu/11/../../../../include/c++/11/bits/hashtable.h:1837:7 @[ /usr/lib/gcc/aarch64-linux-gnu/11/../../../../include/c++/11/bits/hashtable.h:810:31 @[ /usr/lib/gcc/aarch64-linux-gnu/11/../../../../include/c++/11/bits/hashtable.h:1595:23 ] ]. Skipping.
Found a loop without a preheader at /usr/lib/gcc/aarch64-linux-gnu/11/../../../../include/c++/11/bits/stl_construct.h:162:4 @[ /usr/lib/gcc/aarch64-linux-gnu/11/../../../../include/c++/11/bits/stl_construct.h:195:7 @[ /usr/lib/gcc/aarch64-linux-gnu/11/../../../../include/c++/11/bits/alloc_traits.h:848:7 @[ /usr/lib/gcc/aarch64-linux-gnu/11/../../../../include/c++/11/bits/stl_vector.h:680:2 @[ /usr/include/pcl-1.12/pcl/PCLPointCloud2.h:16:22 ] ] ] ]. Skipping.
Found a loop without a preheader at /opt/ros/humble/include/pcl_conversions/pcl_conversions/pcl_conversions.h:237:5 @[ /opt/ros/humble/include/pcl_conversions/pcl_conversions/pcl_conversions.h:277:5 ]. Skipping.
Found a loop without a preheader at /usr/lib/gcc/aarch64-linux-gnu/11/../../../../include/c++/11/bits/stl_construct.h:162:4 @[ /usr/lib/gcc/aarch64-linux-gnu/11/../../../../include/c++/11/bits/stl_construct.h:195:7 @[ /usr/lib/gcc/aarch64-linux-gnu/11/../../../../include/c++/11/bits/alloc_traits.h:848:7 @[ /usr/lib/gcc/aarch64-linux-gnu/11/../../../../include/c++/11/bits/stl_vector.h:1796:6 @[ /usr/lib/gcc/aarch64-linux-gnu/11/../../../../include/c++/11/bits/stl_vector.h:942:4 @[ /opt/ros/humble/include/pcl_conversions/pcl_conversions/pcl_conversions.h:234:13 @[ /opt/ros/humble/include/pcl_conversions/pcl_conversions/pcl_conversions.h:277:5 ] ] ] ] ] ]. Skipping.
Found a loop without a preheader at /usr/lib/gcc/aarch64-linux-gnu/11/../../../../include/c++/11/bits/stl_uninitialized.h:1031:7 @[ /usr/lib/gcc/aarch64-linux-gnu/11/../../../../include/c++/11/bits/stl_uninitialized.h:1046:14 @[ /usr/lib/gcc/aarch64-linux-gnu/11/../../../../include/c++/11/bits/stl_vector.h:456:9 @[ /usr/lib/gcc/aarch64-linux-gnu/11/../../../../include/c++/11/bits/stl_vector.h:469:9 @[ /usr/lib/gcc/aarch64-linux-gnu/11/../../../../include/c++/11/bits/vector.tcc:648:5 ] ] ] ]. Skipping.
Found a loop without a preheader at /usr/lib/gcc/aarch64-linux-gnu/11/../../../../include/c++/11/bits/stl_uninitialized.h:578:8 @[ /usr/lib/gcc/aarch64-linux-gnu/11/../../../../include/c++/11/bits/stl_uninitialized.h:638:14 @[ /usr/lib/gcc/aarch64-linux-gnu/11/../../../../include/c++/11/bits/stl_uninitialized.h:704:14 @[ /usr/lib/gcc/aarch64-linux-gnu/11/../../../../include/c++/11/bits/vector.tcc:627:3 ] ] ]. Skipping.
Found a loop without a preheader at /usr/include/pcl-1.12/pcl/conversions.h:133:7. Skipping.
Found a loop without a preheader at /usr/lib/gcc/aarch64-linux-gnu/11/../../../../include/c++/11/bits/stl_algo.h:1846:7 @[ /usr/lib/gcc/aarch64-linux-gnu/11/../../../../include/c++/11/bits/stl_algo.h:1867:4 @[ /usr/lib/gcc/aarch64-linux-gnu/11/../../../../include/c++/11/bits/stl_algo.h:1957:4 @[ /usr/lib/gcc/aarch64-linux-gnu/11/../../../../include/c++/11/bits/stl_algo.h:4875:7 @[ /usr/include/pcl-1.12/pcl/conversions.h:131:7 ] ] ] ]. Skipping.
Found a loop without a preheader at /usr/lib/gcc/aarch64-linux-gnu/11/../../../../include/c++/11/bits/stl_algo.h:1824:7 @[ /usr/lib/gcc/aarch64-linux-gnu/11/../../../../include/c++/11/bits/stl_algo.h:1866:4 @[ /usr/lib/gcc/aarch64-linux-gnu/11/../../../../include/c++/11/bits/stl_algo.h:1957:4 @[ /usr/lib/gcc/aarch64-linux-gnu/11/../../../../include/c++/11/bits/stl_algo.h:4875:7 @[ /usr/include/pcl-1.12/pcl/conversions.h:131:7 ] ] ] ]. Skipping.
Found a loop without a preheader at /usr/lib/gcc/aarch64-linux-gnu/11/../../../../include/c++/11/bits/stl_algo.h:1824:7 @[ /usr/lib/gcc/aarch64-linux-gnu/11/../../../../include/c++/11/bits/stl_algo.h:1871:2 @[ /usr/lib/gcc/aarch64-linux-gnu/11/../../../../include/c++/11/bits/stl_algo.h:1957:4 @[ /usr/lib/gcc/aarch64-linux-gnu/11/../../../../include/c++/11/bits/stl_algo.h:4875:7 @[ /usr/include/pcl-1.12/pcl/conversions.h:131:7 ] ] ] ]. Skipping.
Found a loop without a preheader at /usr/include/pcl-1.12/pcl/conversions.h:197:9. Skipping.
Found a loop without a preheader at /usr/include/pcl-1.12/pcl/conversions.h:205:7. Skipping.
Found a loop without a preheader at /usr/include/pcl-1.12/pcl/conversions.h:92:9. Skipping.
Found a loop without a preheader at /usr/include/pcl-1.12/pcl/conversions.h:92:9. Skipping.
Found a loop without a preheader at /usr/include/pcl-1.12/pcl/conversions.h:92:9. Skipping.
Found a loop without an exit block at /usr/lib/gcc/aarch64-linux-gnu/11/../../../../include/c++/11/bits/stl_algo.h:1929:7. Skipping.
Found a loop without a preheader at /usr/lib/gcc/aarch64-linux-gnu/11/../../../../include/c++/11/bits/stl_uninitialized.h:1031:7 @[ /usr/lib/gcc/aarch64-linux-gnu/11/../../../../include/c++/11/bits/stl_uninitialized.h:1046:14 @[ /usr/lib/gcc/aarch64-linux-gnu/11/../../../../include/c++/11/bits/stl_vector.h:456:9 @[ /usr/lib/gcc/aarch64-linux-gnu/11/../../../../include/c++/11/bits/stl_vector.h:469:9 @[ /usr/lib/gcc/aarch64-linux-gnu/11/../../../../include/c++/11/bits/vector.tcc:648:5 ] ] ] ]. Skipping.
Found a loop without a preheader at /usr/lib/gcc/aarch64-linux-gnu/11/../../../../include/c++/11/bits/stl_uninitialized.h:1031:7 @[ /usr/lib/gcc/aarch64-linux-gnu/11/../../../../include/c++/11/bits/stl_uninitialized.h:1046:14 @[ /usr/lib/gcc/aarch64-linux-gnu/11/../../../../include/c++/11/bits/stl_vector.h:456:9 ] ]. Skipping.
Found a loop without a preheader at /usr/lib/gcc/aarch64-linux-gnu/11/../../../../include/c++/11/bits/stl_construct.h:162:4 @[ /usr/lib/gcc/aarch64-linux-gnu/11/../../../../include/c++/11/bits/stl_construct.h:195:7 @[ /usr/lib/gcc/aarch64-linux-gnu/11/../../../../include/c++/11/bits/alloc_traits.h:848:7 @[ /usr/lib/gcc/aarch64-linux-gnu/11/../../../../include/c++/11/bits/stl_vector.h:680:2 @[ install/tier4_perception_msgs/include/tier4_perception_msgs/tier4_perception_msgs/msg/detail/detected_objects_with_feature__struct.hpp:39:8 @[ /usr/lib/gcc/aarch64-linux-gnu/11/../../../../include/c++/11/bits/unique_ptr.h:85:2 @[ /usr/lib/gcc/aarch64-linux-gnu/11/../../../../include/c++/11/bits/unique_ptr.h:361:4 @[ ros2_caret_ws/install/include/rclcpp/rclcpp/publisher.hpp:273:9 ] ] ] ] ] ] ]. Skipping.
Found a loop without a preheader at /usr/lib/gcc/aarch64-linux-gnu/11/../../../../include/c++/11/bits/stl_construct.h:162:4 @[ /usr/lib/gcc/aarch64-linux-gnu/11/../../../../include/c++/11/bits/stl_construct.h:195:7 @[ /usr/lib/gcc/aarch64-linux-gnu/11/../../../../include/c++/11/bits/alloc_traits.h:848:7 @[ /usr/lib/gcc/aarch64-linux-gnu/11/../../../../include/c++/11/bits/stl_vector.h:680:2 @[ install/tier4_perception_msgs/include/tier4_perception_msgs/tier4_perception_msgs/msg/detail/detected_objects_with_feature__struct.hpp:39:8 @[ /usr/lib/gcc/aarch64-linux-gnu/11/../../../../include/c++/11/bits/unique_ptr.h:85:2 @[ /usr/lib/gcc/aarch64-linux-gnu/11/../../../../include/c++/11/bits/unique_ptr.h:361:4 @[ ros2_caret_ws/install/include/rclcpp/rclcpp/publisher.hpp:276:7 ] ] ] ] ] ] ]. Skipping.
Found a loop without a preheader at /usr/lib/gcc/aarch64-linux-gnu/11/../../../../include/c++/11/bits/stl_construct.h:162:4 @[ /usr/lib/gcc/aarch64-linux-gnu/11/../../../../include/c++/11/bits/stl_construct.h:195:7 @[ /usr/lib/gcc/aarch64-linux-gnu/11/../../../../include/c++/11/bits/alloc_traits.h:848:7 @[ /usr/lib/gcc/aarch64-linux-gnu/11/../../../../include/c++/11/bits/stl_vector.h:680:2 @[ install/tier4_perception_msgs/include/tier4_perception_msgs/tier4_perception_msgs/msg/detail/detected_objects_with_feature__struct.hpp:39:8 @[ /usr/lib/gcc/aarch64-linux-gnu/11/../../../../include/c++/11/bits/unique_ptr.h:85:2 @[ /usr/lib/gcc/aarch64-linux-gnu/11/../../../../include/c++/11/bits/unique_ptr.h:361:4 @[ ros2_caret_ws/install/include/rclcpp/rclcpp/publisher.hpp:574:5 ] ] ] ] ] ] ]. Skipping.
Found a loop without an exit block at /usr/lib/gcc/aarch64-linux-gnu/11/../../../../include/c++/11/bits/shared_ptr_base.h:259:7 @[ /usr/lib/gcc/aarch64-linux-gnu/11/../../../../include/c++/11/bits/shared_ptr_base.h:883:28 @[ /usr/lib/gcc/aarch64-linux-gnu/11/../../../../include/c++/11/bits/shared_ptr_base.h:1353:9 @[ /usr/lib/gcc/aarch64-linux-gnu/11/../../../../include/c++/11/bits/shared_ptr.h:418:9 @[ /usr/lib/gcc/aarch64-linux-gnu/11/../../../../include/c++/11/bits/shared_ptr.h:750:16 @[ ros2_caret_ws/install/include/rclcpp/rclcpp/publisher.hpp:561:26 ] ] ] ] ]. Skipping.
Found a loop without a preheader at /usr/lib/gcc/aarch64-linux-gnu/11/../../../../include/c++/11/bits/stl_construct.h:162:4 @[ /usr/lib/gcc/aarch64-linux-gnu/11/../../../../include/c++/11/bits/stl_construct.h:195:7 @[ /usr/lib/gcc/aarch64-linux-gnu/11/../../../../include/c++/11/bits/alloc_traits.h:848:7 @[ /usr/lib/gcc/aarch64-linux-gnu/11/../../../../include/c++/11/bits/stl_vector.h:680:2 @[ install/tier4_perception_msgs/include/tier4_perception_msgs/tier4_perception_msgs/msg/detail/detected_objects_with_feature__struct.hpp:39:8 @[ /usr/lib/gcc/aarch64-linux-gnu/11/../../../../include/c++/11/bits/unique_ptr.h:85:2 @[ /usr/lib/gcc/aarch64-linux-gnu/11/../../../../include/c++/11/bits/unique_ptr.h:361:4 @[ ros2_caret_ws/install/include/rclcpp/rclcpp/publisher.hpp:551:5 ] ] ] ] ] ] ]. Skipping.
Found a loop without an exit block at /usr/lib/gcc/aarch64-linux-gnu/11/../../../../include/c++/11/bits/shared_ptr_base.h:259:7 @[ /usr/lib/gcc/aarch64-linux-gnu/11/../../../../include/c++/11/bits/shared_ptr_base.h:883:28 @[ /usr/lib/gcc/aarch64-linux-gnu/11/../../../../include/c++/11/bits/shared_ptr_base.h:1353:9 @[ /usr/lib/gcc/aarch64-linux-gnu/11/../../../../include/c++/11/bits/shared_ptr.h:418:9 @[ /usr/lib/gcc/aarch64-linux-gnu/11/../../../../include/c++/11/bits/shared_ptr.h:750:16 @[ ros2_caret_ws/install/include/rclcpp/rclcpp/publisher.hpp:537:26 ] ] ] ] ]. Skipping.
Found a loop without a preheader at /usr/lib/gcc/aarch64-linux-gnu/11/../../../../include/c++/11/bits/stl_construct.h:162:4 @[ /usr/lib/gcc/aarch64-linux-gnu/11/../../../../include/c++/11/bits/stl_construct.h:195:7 @[ /usr/lib/gcc/aarch64-linux-gnu/11/../../../../include/c++/11/bits/alloc_traits.h:848:7 @[ /usr/lib/gcc/aarch64-linux-gnu/11/../../../../include/c++/11/bits/stl_vector.h:680:2 @[ install/tier4_perception_msgs/include/tier4_perception_msgs/tier4_perception_msgs/msg/detail/detected_objects_with_feature__struct.hpp:39:8 @[ /usr/lib/gcc/aarch64-linux-gnu/11/../../../../include/c++/11/bits/unique_ptr.h:85:2 @[ /usr/lib/gcc/aarch64-linux-gnu/11/../../../../include/c++/11/bits/unique_ptr.h:361:4 @[ ros2_caret_ws/install/include/rclcpp/rclcpp/experimental/intra_process_manager.hpp:290:9 ] ] ] ] ] ] ]. Skipping.
Found a loop without a preheader at /usr/lib/gcc/aarch64-linux-gnu/11/../../../../include/c++/11/bits/hashtable.h:1837:7 @[ /usr/lib/gcc/aarch64-linux-gnu/11/../../../../include/c++/11/bits/hashtable.h:810:31 @[ /usr/lib/gcc/aarch64-linux-gnu/11/../../../../include/c++/11/bits/hashtable.h:1595:23 @[ /usr/lib/gcc/aarch64-linux-gnu/11/../../../../include/c++/11/bits/unordered_map.h:869:21 @[ ros2_caret_ws/install/include/rclcpp/rclcpp/experimental/intra_process_manager.hpp:260:38 ] ] ] ]. Skipping.
Found a loop without an exit block at /usr/lib/gcc/aarch64-linux-gnu/11/../../../../include/c++/11/shared_mutex:228:7 @[ /usr/lib/gcc/aarch64-linux-gnu/11/../../../../include/c++/11/shared_mutex:489:33 @[ /usr/lib/gcc/aarch64-linux-gnu/11/../../../../include/c++/11/shared_mutex:727:13 @[ ros2_caret_ws/install/include/rclcpp/rclcpp/experimental/intra_process_manager.hpp:258:47 ] ] ]. Skipping.
Found a loop without an exit block at ros2_caret_ws/install/include/rclcpp/rclcpp/experimental/intra_process_manager.hpp:363:5. Skipping.
Found a loop without an exit block at ros2_caret_ws/install/include/rclcpp/rclcpp/experimental/intra_process_manager.hpp:442:5. Skipping.
Found a loop without a preheader at /usr/lib/gcc/aarch64-linux-gnu/11/../../../../include/c++/11/bits/stl_construct.h:162:4 @[ /usr/lib/gcc/aarch64-linux-gnu/11/../../../../include/c++/11/bits/stl_construct.h:195:7 @[ /usr/lib/gcc/aarch64-linux-gnu/11/../../../../include/c++/11/bits/alloc_traits.h:848:7 @[ /usr/lib/gcc/aarch64-linux-gnu/11/../../../../include/c++/11/bits/stl_vector.h:680:2 @[ install/tier4_perception_msgs/include/tier4_perception_msgs/tier4_perception_msgs/msg/detail/detected_objects_with_feature__struct.hpp:39:8 @[ /usr/lib/gcc/aarch64-linux-gnu/11/../../../../include/c++/11/bits/unique_ptr.h:85:2 @[ /usr/lib/gcc/aarch64-linux-gnu/11/../../../../include/c++/11/bits/unique_ptr.h:361:4 @[ ros2_caret_ws/install/include/rclcpp/rclcpp/experimental/subscription_intra_process_buffer.hpp:155:5 ] ] ] ] ] ] ]. Skipping.
Found a loop without a preheader at /usr/lib/gcc/aarch64-linux-gnu/11/../../../../include/c++/11/bits/stl_construct.h:162:4 @[ /usr/lib/gcc/aarch64-linux-gnu/11/../../../../include/c++/11/bits/stl_construct.h:195:7 @[ /usr/lib/gcc/aarch64-linux-gnu/11/../../../../include/c++/11/bits/alloc_traits.h:848:7 @[ /usr/lib/gcc/aarch64-linux-gnu/11/../../../../include/c++/11/bits/stl_vector.h:680:2 @[ install/tier4_perception_msgs/include/tier4_perception_msgs/tier4_perception_msgs/msg/detail/detected_objects_with_feature__struct.hpp:39:8 @[ /usr/lib/gcc/aarch64-linux-gnu/11/../../../../include/c++/11/bits/unique_ptr.h:85:2 @[ /usr/lib/gcc/aarch64-linux-gnu/11/../../../../include/c++/11/bits/unique_ptr.h:361:4 @[ ros2_caret_ws/install/include/rclcpp/rclcpp/experimental/intra_process_manager.hpp:224:7 ] ] ] ] ] ] ]. Skipping.
Found a loop without a preheader at /usr/lib/gcc/aarch64-linux-gnu/11/../../../../include/c++/11/bits/stl_construct.h:162:4 @[ /usr/lib/gcc/aarch64-linux-gnu/11/../../../../include/c++/11/bits/stl_construct.h:195:7 @[ /usr/lib/gcc/aarch64-linux-gnu/11/../../../../include/c++/11/bits/alloc_traits.h:848:7 @[ /usr/lib/gcc/aarch64-linux-gnu/11/../../../../include/c++/11/bits/stl_vector.h:680:2 @[ install/tier4_perception_msgs/include/tier4_perception_msgs/tier4_perception_msgs/msg/detail/detected_objects_with_feature__struct.hpp:39:8 @[ /usr/lib/gcc/aarch64-linux-gnu/11/../../../../include/c++/11/bits/unique_ptr.h:85:2 @[ /usr/lib/gcc/aarch64-linux-gnu/11/../../../../include/c++/11/bits/unique_ptr.h:361:4 @[ ros2_caret_ws/install/include/rclcpp/rclcpp/experimental/intra_process_manager.hpp:238:7 ] ] ] ] ] ] ]. Skipping.
Found a loop without a preheader at /usr/lib/gcc/aarch64-linux-gnu/11/../../../../include/c++/11/bits/hashtable.h:1837:7 @[ /usr/lib/gcc/aarch64-linux-gnu/11/../../../../include/c++/11/bits/hashtable.h:810:31 @[ /usr/lib/gcc/aarch64-linux-gnu/11/../../../../include/c++/11/bits/hashtable.h:1595:23 @[ /usr/lib/gcc/aarch64-linux-gnu/11/../../../../include/c++/11/bits/unordered_map.h:869:21 @[ ros2_caret_ws/install/include/rclcpp/rclcpp/experimental/intra_process_manager.hpp:196:38 ] ] ] ]. Skipping.
Found a loop without an exit block at /usr/lib/gcc/aarch64-linux-gnu/11/../../../../include/c++/11/shared_mutex:228:7 @[ /usr/lib/gcc/aarch64-linux-gnu/11/../../../../include/c++/11/shared_mutex:489:33 @[ /usr/lib/gcc/aarch64-linux-gnu/11/../../../../include/c++/11/shared_mutex:727:13 @[ ros2_caret_ws/install/include/rclcpp/rclcpp/experimental/intra_process_manager.hpp:194:47 ] ] ]. Skipping.
Found a loop without a preheader at /usr/lib/gcc/aarch64-linux-gnu/11/../../../../include/c++/11/bits/hashtable.h:1837:7 @[ /usr/lib/gcc/aarch64-linux-gnu/11/../../../../include/c++/11/bits/hashtable.h:810:31 @[ /usr/lib/gcc/aarch64-linux-gnu/11/../../../../include/c++/11/bits/hashtable.h:1610:29 ] ]. Skipping.
Found a loop without a preheader at /usr/lib/gcc/aarch64-linux-gnu/11/../../../../include/c++/11/bits/hashtable.h:1837:7 @[ /usr/lib/gcc/aarch64-linux-gnu/11/../../../../include/c++/11/bits/hashtable.h:810:31 @[ /usr/lib/gcc/aarch64-linux-gnu/11/../../../../include/c++/11/bits/hashtable.h:1610:29 ] ]. Skipping.
Found a loop without an exit block at /usr/lib/gcc/aarch64-linux-gnu/11/../../../../include/c++/11/bits/shared_ptr_base.h:259:7 @[ /usr/lib/gcc/aarch64-linux-gnu/11/../../../../include/c++/11/bits/shared_ptr_base.h:872:39 @[ /usr/lib/gcc/aarch64-linux-gnu/11/../../../../include/c++/11/bits/shared_ptr_base.h:1178:4 @[ /usr/lib/gcc/aarch64-linux-gnu/11/../../../../include/c++/11/bits/shared_ptr.h:326:4 @[ /usr/lib/gcc/aarch64-linux-gnu/11/../../../../include/c++/11/bits/shared_ptr.h:808:16 @[ ros2_caret_ws/install/include/rclcpp/rclcpp/publisher.hpp:207:70 ] ] ] ] ]. Skipping.
Found a loop without a preheader at /usr/lib/gcc/aarch64-linux-gnu/11/../../../../include/c++/11/bits/hashtable.h:1837:7 @[ /usr/lib/gcc/aarch64-linux-gnu/11/../../../../include/c++/11/bits/hashtable.h:810:31 @[ /usr/lib/gcc/aarch64-linux-gnu/11/../../../../include/c++/11/bits/hashtable.h:1970:23 ] ]. Skipping.
Found a loop without a preheader at /usr/lib/gcc/aarch64-linux-gnu/11/../../../../include/c++/11/bits/hashtable.h:1837:7 @[ /usr/lib/gcc/aarch64-linux-gnu/11/../../../../include/c++/11/bits/hashtable.h:810:31 @[ /usr/lib/gcc/aarch64-linux-gnu/11/../../../../include/c++/11/bits/hashtable_policy.h:704:30 ] ]. Skipping.
Found a loop without a preheader at /usr/lib/gcc/aarch64-linux-gnu/11/../../../../include/c++/11/bits/hashtable.h:1837:7 @[ /usr/lib/gcc/aarch64-linux-gnu/11/../../../../include/c++/11/bits/hashtable.h:810:31 @[ /usr/lib/gcc/aarch64-linux-gnu/11/../../../../include/c++/11/bits/hashtable_policy.h:704:30 ] ]. Skipping.
Found a loop without a preheader at /usr/lib/gcc/aarch64-linux-gnu/11/../../../../include/c++/11/bits/hashtable.h:2386:7. Skipping.
Found a loop without a preheader at /usr/lib/gcc/aarch64-linux-gnu/11/../../../../include/c++/11/bits/hashtable.h:1837:7 @[ /usr/lib/gcc/aarch64-linux-gnu/11/../../../../include/c++/11/bits/hashtable.h:810:31 @[ /usr/lib/gcc/aarch64-linux-gnu/11/../../../../include/c++/11/bits/hashtable.h:1595:23 ] ]. Skipping.
Found a loop without a preheader at /usr/lib/gcc/aarch64-linux-gnu/11/../../../../include/c++/11/bits/hashtable.h:1837:7 @[ /usr/lib/gcc/aarch64-linux-gnu/11/../../../../include/c++/11/bits/hashtable.h:810:31 @[ /usr/lib/gcc/aarch64-linux-gnu/11/../../../../include/c++/11/bits/hashtable.h:1595:23 ] ]. Skipping.
Found a loop without an exit block at /usr/lib/gcc/aarch64-linux-gnu/11/../../../../include/c++/11/bits/shared_ptr_base.h:259:7 @[ /usr/lib/gcc/aarch64-linux-gnu/11/../../../../include/c++/11/bits/shared_ptr_base.h:883:28 @[ /usr/lib/gcc/aarch64-linux-gnu/11/../../../../include/c++/11/bits/shared_ptr_base.h:1353:9 @[ /usr/lib/gcc/aarch64-linux-gnu/11/../../../../include/c++/11/bits/shared_ptr.h:418:9 @[ /usr/lib/gcc/aarch64-linux-gnu/11/../../../../include/c++/11/bits/shared_ptr.h:750:16 @[ ros2_caret_ws/install/include/rclcpp/rclcpp/publisher.hpp:561:26 ] ] ] ] ]. Skipping.
Found a loop without an exit block at /usr/lib/gcc/aarch64-linux-gnu/11/../../../../include/c++/11/bits/shared_ptr_base.h:259:7 @[ /usr/lib/gcc/aarch64-linux-gnu/11/../../../../include/c++/11/bits/shared_ptr_base.h:883:28 @[ /usr/lib/gcc/aarch64-linux-gnu/11/../../../../include/c++/11/bits/shared_ptr_base.h:1353:9 @[ /usr/lib/gcc/aarch64-linux-gnu/11/../../../../include/c++/11/bits/shared_ptr.h:418:9 @[ /usr/lib/gcc/aarch64-linux-gnu/11/../../../../include/c++/11/bits/shared_ptr.h:750:16 @[ ros2_caret_ws/install/include/rclcpp/rclcpp/publisher.hpp:537:26 ] ] ] ] ]. Skipping.
Found a loop without a preheader at /usr/lib/gcc/aarch64-linux-gnu/11/../../../../include/c++/11/bits/hashtable.h:1837:7 @[ /usr/lib/gcc/aarch64-linux-gnu/11/../../../../include/c++/11/bits/hashtable.h:810:31 @[ /usr/lib/gcc/aarch64-linux-gnu/11/../../../../include/c++/11/bits/hashtable.h:1595:23 @[ /usr/lib/gcc/aarch64-linux-gnu/11/../../../../include/c++/11/bits/unordered_map.h:869:21 @[ ros2_caret_ws/install/include/rclcpp/rclcpp/experimental/intra_process_manager.hpp:260:38 ] ] ] ]. Skipping.
Found a loop without an exit block at /usr/lib/gcc/aarch64-linux-gnu/11/../../../../include/c++/11/shared_mutex:228:7 @[ /usr/lib/gcc/aarch64-linux-gnu/11/../../../../include/c++/11/shared_mutex:489:33 @[ /usr/lib/gcc/aarch64-linux-gnu/11/../../../../include/c++/11/shared_mutex:727:13 @[ ros2_caret_ws/install/include/rclcpp/rclcpp/experimental/intra_process_manager.hpp:258:47 ] ] ]. Skipping.
Found a loop without an exit block at ros2_caret_ws/install/include/rclcpp/rclcpp/experimental/intra_process_manager.hpp:363:5. Skipping.
Found a loop without an exit block at ros2_caret_ws/install/include/rclcpp/rclcpp/experimental/intra_process_manager.hpp:442:5. Skipping.
Found a loop without a preheader at /usr/lib/gcc/aarch64-linux-gnu/11/../../../../include/c++/11/bits/hashtable.h:1837:7 @[ /usr/lib/gcc/aarch64-linux-gnu/11/../../../../include/c++/11/bits/hashtable.h:810:31 @[ /usr/lib/gcc/aarch64-linux-gnu/11/../../../../include/c++/11/bits/hashtable.h:1595:23 @[ /usr/lib/gcc/aarch64-linux-gnu/11/../../../../include/c++/11/bits/unordered_map.h:869:21 @[ ros2_caret_ws/install/include/rclcpp/rclcpp/experimental/intra_process_manager.hpp:196:38 ] ] ] ]. Skipping.
Found a loop without an exit block at /usr/lib/gcc/aarch64-linux-gnu/11/../../../../include/c++/11/shared_mutex:228:7 @[ /usr/lib/gcc/aarch64-linux-gnu/11/../../../../include/c++/11/shared_mutex:489:33 @[ /usr/lib/gcc/aarch64-linux-gnu/11/../../../../include/c++/11/shared_mutex:727:13 @[ ros2_caret_ws/install/include/rclcpp/rclcpp/experimental/intra_process_manager.hpp:194:47 ] ] ]. Skipping.
1 warning generated.
Found a loop without a preheader at src/universe/autoware_universe/perception/autoware_shape_estimation/test/shape_estimation/test_shape_estimator.cpp:53:3. Skipping.
Found a loop without an exit block at src/universe/autoware_universe/perception/autoware_shape_estimation/test/shape_estimation/test_shape_estimator.cpp:44:3. Skipping.
Found a loop without an exit block at src/universe/autoware_universe/perception/autoware_shape_estimation/test/shape_estimation/test_shape_estimator.cpp:41:3. Skipping.
Found a loop without a preheader at /usr/lib/gcc/aarch64-linux-gnu/11/../../../../include/c++/11/bits/stl_uninitialized.h:1031:7 @[ /usr/lib/gcc/aarch64-linux-gnu/11/../../../../include/c++/11/bits/stl_uninitialized.h:1046:14 @[ /usr/lib/gcc/aarch64-linux-gnu/11/../../../../include/c++/11/bits/stl_vector.h:456:9 @[ /usr/lib/gcc/aarch64-linux-gnu/11/../../../../include/c++/11/bits/stl_vector.h:469:9 @[ /usr/lib/gcc/aarch64-linux-gnu/11/../../../../include/c++/11/bits/vector.tcc:466:23 ] ] ] ]. Skipping.
Found a loop without a preheader at /usr/lib/gcc/aarch64-linux-gnu/11/../../../../include/c++/11/bits/stl_uninitialized.h:1031:7 @[ /usr/lib/gcc/aarch64-linux-gnu/11/../../../../include/c++/11/bits/stl_uninitialized.h:1046:14 @[ /usr/lib/gcc/aarch64-linux-gnu/11/../../../../include/c++/11/bits/stl_vector.h:456:9 @[ /usr/lib/gcc/aarch64-linux-gnu/11/../../../../include/c++/11/bits/stl_vector.h:469:9 @[ /usr/lib/gcc/aarch64-linux-gnu/11/../../../../include/c++/11/bits/vector.tcc:461:23 ] ] ] ]. Skipping.
In file included from /home/tristan-toye/Autoware-47-installation-Nvidia-Jetson-Orin-AGX/autoware/src/universe/autoware_universe/perception/autoware_shape_estimation/test/test_shape_estimation_node.cpp:16:
In file included from /home/tristan-toye/Autoware-47-installation-Nvidia-Jetson-Orin-AGX/autoware/src/universe/autoware_universe/perception/autoware_shape_estimation/src/shape_estimation_node.hpp:18:
In file included from /home/tristan-toye/Autoware-47-installation-Nvidia-Jetson-Orin-AGX/autoware/src/universe/autoware_universe/perception/autoware_shape_estimation/include/autoware/shape_estimation/shape_estimator.hpp:18:
In file included from /home/tristan-toye/Autoware-47-installation-Nvidia-Jetson-Orin-AGX/autoware/install/autoware_perception_msgs/include/autoware_perception_msgs/autoware_perception_msgs/msg/object_classification.hpp:7:
In file included from /home/tristan-toye/Autoware-47-installation-Nvidia-Jetson-Orin-AGX/autoware/install/autoware_perception_msgs/include/autoware_perception_msgs/autoware_perception_msgs/msg/detail/object_classification__struct.hpp:11:
In file included from /usr/lib/gcc/aarch64-linux-gnu/11/../../../../include/c++/11/memory:76:
/usr/lib/gcc/aarch64-linux-gnu/11/../../../../include/c++/11/bits/unique_ptr.h:85:2: warning: delete called on non-final 'autoware::tensorrt_common::TrtCommon' that has virtual functions but non-virtual destructor [-Wdelete-non-abstract-non-virtual-dtor]
   85 |         delete __ptr;
      |         ^
/usr/lib/gcc/aarch64-linux-gnu/11/../../../../include/c++/11/bits/unique_ptr.h:361:4: note: in instantiation of member function 'std::default_delete<autoware::tensorrt_common::TrtCommon>::operator()' requested here
  361 |           get_deleter()(std::move(__ptr));
      |           ^
/home/tristan-toye/Autoware-47-installation-Nvidia-Jetson-Orin-AGX/autoware/src/universe/autoware_universe/perception/autoware_shape_estimation/include/autoware/shape_estimation/tensorrt_shape_estimator.hpp:53:3: note: in instantiation of member function 'std::unique_ptr<autoware::tensorrt_common::TrtCommon>::~unique_ptr' requested here
   53 |   ~TrtShapeEstimator() = default;
      |   ^
/usr/lib/gcc/aarch64-linux-gnu/11/../../../../include/c++/11/bits/unique_ptr.h:361:4: note: in instantiation of member function 'std::default_delete<autoware::shape_estimation::TrtShapeEstimator>::operator()' requested here
  361 |           get_deleter()(std::move(__ptr));
      |           ^
/home/tristan-toye/Autoware-47-installation-Nvidia-Jetson-Orin-AGX/autoware/src/universe/autoware_universe/perception/autoware_shape_estimation/src/shape_estimation_node.hpp:41:7: note: in instantiation of member function 'std::unique_ptr<autoware::shape_estimation::TrtShapeEstimator>::~unique_ptr' requested here
   41 | class ShapeEstimationNode : public rclcpp::Node
      |       ^
/usr/lib/gcc/aarch64-linux-gnu/11/../../../../include/c++/11/bits/alloc_traits.h:535:8: note: in instantiation of function template specialization '__gnu_cxx::new_allocator<autoware::shape_estimation::ShapeEstimationNode>::destroy<autoware::shape_estimation::ShapeEstimationNode>' requested here
  535 |           __a.destroy(__p);
      |               ^
/usr/lib/gcc/aarch64-linux-gnu/11/../../../../include/c++/11/bits/shared_ptr_base.h:528:28: note: (skipping 3 contexts in backtrace; use -ftemplate-backtrace-limit=0 to see all)
  528 |         allocator_traits<_Alloc>::destroy(_M_impl._M_alloc(), _M_ptr());
      |                                   ^
/usr/lib/gcc/aarch64-linux-gnu/11/../../../../include/c++/11/bits/shared_ptr_base.h:1342:14: note: in instantiation of function template specialization 'std::__shared_count<>::__shared_count<autoware::shape_estimation::ShapeEstimationNode, std::allocator<autoware::shape_estimation::ShapeEstimationNode>, rclcpp::NodeOptions &>' requested here
 1342 |         : _M_ptr(), _M_refcount(_M_ptr, __tag, std::forward<_Args>(__args)...)
      |                     ^
/usr/lib/gcc/aarch64-linux-gnu/11/../../../../include/c++/11/bits/shared_ptr.h:409:4: note: in instantiation of function template specialization 'std::__shared_ptr<autoware::shape_estimation::ShapeEstimationNode>::__shared_ptr<std::allocator<autoware::shape_estimation::ShapeEstimationNode>, rclcpp::NodeOptions &>' requested here
  409 |         : __shared_ptr<_Tp>(__tag, std::forward<_Args>(__args)...)
      |           ^
/usr/lib/gcc/aarch64-linux-gnu/11/../../../../include/c++/11/bits/shared_ptr.h:862:14: note: in instantiation of function template specialization 'std::shared_ptr<autoware::shape_estimation::ShapeEstimationNode>::shared_ptr<std::allocator<autoware::shape_estimation::ShapeEstimationNode>, rclcpp::NodeOptions &>' requested here
  862 |       return shared_ptr<_Tp>(_Sp_alloc_shared_tag<_Alloc>{__a},
      |              ^
/usr/lib/gcc/aarch64-linux-gnu/11/../../../../include/c++/11/bits/shared_ptr.h:878:19: note: in instantiation of function template specialization 'std::allocate_shared<autoware::shape_estimation::ShapeEstimationNode, std::allocator<autoware::shape_estimation::ShapeEstimationNode>, rclcpp::NodeOptions &>' requested here
  878 |       return std::allocate_shared<_Tp>(std::allocator<_Tp_nc>(),
      |                   ^
/home/tristan-toye/Autoware-47-installation-Nvidia-Jetson-Orin-AGX/autoware/src/universe/autoware_universe/perception/autoware_shape_estimation/test/test_shape_estimation_node.cpp:64:15: note: in instantiation of function template specialization 'std::make_shared<autoware::shape_estimation::ShapeEstimationNode, rclcpp::NodeOptions &>' requested here
   64 |   return std::make_shared<ShapeEstimationNode>(node_options);
      |               ^
Found a loop without a preheader at /usr/lib/gcc/aarch64-linux-gnu/11/../../../../include/c++/11/bits/stl_construct.h:162:4 @[ /usr/lib/gcc/aarch64-linux-gnu/11/../../../../include/c++/11/bits/stl_construct.h:195:7 @[ /usr/lib/gcc/aarch64-linux-gnu/11/../../../../include/c++/11/bits/alloc_traits.h:848:7 @[ /usr/lib/gcc/aarch64-linux-gnu/11/../../../../include/c++/11/bits/stl_vector.h:680:2 @[ install/tier4_perception_msgs/include/tier4_perception_msgs/tier4_perception_msgs/msg/detail/detected_objects_with_feature__struct.hpp:39:8 @[ src/universe/autoware_universe/perception/autoware_shape_estimation/test/test_shape_estimation_node.cpp:170:1 ] ] ] ] ]. Skipping.
Found a loop without a preheader at /usr/lib/gcc/aarch64-linux-gnu/11/../../../../include/c++/11/bits/stl_construct.h:162:4 @[ /usr/lib/gcc/aarch64-linux-gnu/11/../../../../include/c++/11/bits/stl_construct.h:195:7 @[ /usr/lib/gcc/aarch64-linux-gnu/11/../../../../include/c++/11/bits/alloc_traits.h:848:7 @[ /usr/lib/gcc/aarch64-linux-gnu/11/../../../../include/c++/11/bits/stl_vector.h:680:2 @[ install/tier4_perception_msgs/include/tier4_perception_msgs/tier4_perception_msgs/msg/detail/detected_objects_with_feature__struct.hpp:39:8 @[ src/universe/autoware_universe/perception/autoware_shape_estimation/test/test_shape_estimation_node.cpp:197:1 ] ] ] ] ]. Skipping.
Found a loop without a preheader at /usr/lib/gcc/aarch64-linux-gnu/11/../../../../include/c++/11/bits/stl_construct.h:162:4 @[ /usr/lib/gcc/aarch64-linux-gnu/11/../../../../include/c++/11/bits/stl_construct.h:195:7 @[ /usr/lib/gcc/aarch64-linux-gnu/11/../../../../include/c++/11/bits/alloc_traits.h:848:7 @[ /usr/lib/gcc/aarch64-linux-gnu/11/../../../../include/c++/11/bits/stl_vector.h:680:2 @[ src/universe/autoware_universe/perception/autoware_shape_estimation/test/test_shape_estimation_node.cpp:61:3 ] ] ] ]. Skipping.
Found a loop without a preheader at /usr/lib/gcc/aarch64-linux-gnu/11/../../../../include/c++/11/bits/stl_construct.h:162:4 @[ /usr/lib/gcc/aarch64-linux-gnu/11/../../../../include/c++/11/bits/stl_construct.h:195:7 @[ /usr/lib/gcc/aarch64-linux-gnu/11/../../../../include/c++/11/bits/alloc_traits.h:848:7 @[ /usr/lib/gcc/aarch64-linux-gnu/11/../../../../include/c++/11/bits/stl_vector.h:680:2 @[ /opt/ros/humble/include/sensor_msgs/sensor_msgs/msg/detail/point_cloud2__struct.hpp:39:8 @[ src/universe/autoware_universe/perception/autoware_shape_estimation/test/test_shape_estimation_node.cpp:137:5 ] ] ] ] ]. Skipping.
Found a loop without an exit block at src/universe/autoware_universe/perception/autoware_shape_estimation/test/test_shape_estimation_node.cpp:91:3 @[ src/universe/autoware_universe/perception/autoware_shape_estimation/test/test_shape_estimation_node.cpp:137:30 ]. Skipping.
Found a loop without an exit block at src/universe/autoware_universe/perception/autoware_shape_estimation/test/test_shape_estimation_node.cpp:88:3 @[ src/universe/autoware_universe/perception/autoware_shape_estimation/test/test_shape_estimation_node.cpp:137:30 ]. Skipping.
Found a loop without a preheader at /usr/lib/gcc/aarch64-linux-gnu/11/../../../../include/c++/11/bits/stl_construct.h:162:4 @[ /usr/lib/gcc/aarch64-linux-gnu/11/../../../../include/c++/11/bits/stl_construct.h:195:7 @[ /usr/lib/gcc/aarch64-linux-gnu/11/../../../../include/c++/11/bits/alloc_traits.h:848:7 @[ /usr/lib/gcc/aarch64-linux-gnu/11/../../../../include/c++/11/bits/stl_vector.h:680:2 @[ install/tier4_perception_msgs/include/tier4_perception_msgs/tier4_perception_msgs/msg/detail/detected_objects_with_feature__struct.hpp:39:8 ] ] ] ]. Skipping.
Found a loop without a preheader at /usr/lib/gcc/aarch64-linux-gnu/11/../../../../include/c++/11/bits/stl_construct.h:162:4 @[ /usr/lib/gcc/aarch64-linux-gnu/11/../../../../include/c++/11/bits/stl_construct.h:195:7 @[ /usr/lib/gcc/aarch64-linux-gnu/11/../../../../include/c++/11/bits/alloc_traits.h:848:7 @[ /usr/lib/gcc/aarch64-linux-gnu/11/../../../../include/c++/11/bits/stl_vector.h:680:2 @[ ros2_caret_ws/install/include/rclcpp/rclcpp/node_options.hpp:67:26 ] ] ] ]. Skipping.
Found a loop without a preheader at /usr/lib/gcc/aarch64-linux-gnu/11/../../../../include/c++/11/bits/stl_construct.h:162:4 @[ /usr/lib/gcc/aarch64-linux-gnu/11/../../../../include/c++/11/bits/stl_construct.h:195:7 @[ /usr/lib/gcc/aarch64-linux-gnu/11/../../../../include/c++/11/bits/alloc_traits.h:848:7 @[ /usr/lib/gcc/aarch64-linux-gnu/11/../../../../include/c++/11/bits/stl_vector.h:680:2 @[ ros2_caret_ws/install/include/rclcpp/rclcpp/node_options.hpp:67:26 ] ] ] ]. Skipping.
Found a loop without a preheader at /usr/lib/gcc/aarch64-linux-gnu/11/../../../../include/c++/11/bits/stl_construct.h:162:4 @[ /usr/lib/gcc/aarch64-linux-gnu/11/../../../../include/c++/11/bits/stl_construct.h:195:7 @[ /usr/lib/gcc/aarch64-linux-gnu/11/../../../../include/c++/11/bits/alloc_traits.h:848:7 @[ /usr/lib/gcc/aarch64-linux-gnu/11/../../../../include/c++/11/bits/stl_vector.h:680:2 ] ] ]. Skipping.
Found a loop without a preheader at /usr/lib/gcc/aarch64-linux-gnu/11/../../../../include/c++/11/bits/stl_construct.h:162:4 @[ /usr/lib/gcc/aarch64-linux-gnu/11/../../../../include/c++/11/bits/stl_construct.h:195:7 @[ /usr/lib/gcc/aarch64-linux-gnu/11/../../../../include/c++/11/bits/alloc_traits.h:848:7 @[ /usr/lib/gcc/aarch64-linux-gnu/11/../../../../include/c++/11/bits/stl_vector.h:680:2 @[ /opt/ros/humble/include/rcl_interfaces/rcl_interfaces/msg/detail/parameter_value__struct.hpp:33:8 ] ] ] ]. Skipping.
Found a loop without a preheader at /usr/lib/gcc/aarch64-linux-gnu/11/../../../../include/c++/11/bits/stl_construct.h:162:4 @[ /usr/lib/gcc/aarch64-linux-gnu/11/../../../../include/c++/11/bits/stl_construct.h:195:7 ]. Skipping.
Found a loop without an exit block at ros2_caret_ws/install/include/rclcpp/rclcpp/detail/qos_parameters.hpp:167:3. Skipping.
Found a loop without a preheader at /usr/lib/gcc/aarch64-linux-gnu/11/../../../../include/c++/11/bits/stl_uninitialized.h:91:8 @[ /usr/lib/gcc/aarch64-linux-gnu/11/../../../../include/c++/11/bits/stl_uninitialized.h:148:14 @[ /usr/lib/gcc/aarch64-linux-gnu/11/../../../../include/c++/11/bits/stl_uninitialized.h:333:14 @[ /usr/lib/gcc/aarch64-linux-gnu/11/../../../../include/c++/11/bits/stl_vector.h:558:4 @[ /opt/ros/humble/include/rosidl_runtime_cpp/rosidl_runtime_cpp/bounded_vector.hpp:121:5 @[ /opt/ros/humble/include/rcl_interfaces/rcl_interfaces/msg/detail/parameter_descriptor__struct.hpp:39:8 ] ] ] ] ]. Skipping.
Found a loop without a preheader at /usr/lib/gcc/aarch64-linux-gnu/11/../../../../include/c++/11/bits/stl_uninitialized.h:91:8 @[ /usr/lib/gcc/aarch64-linux-gnu/11/../../../../include/c++/11/bits/stl_uninitialized.h:148:14 @[ /usr/lib/gcc/aarch64-linux-gnu/11/../../../../include/c++/11/bits/stl_uninitialized.h:333:14 @[ /usr/lib/gcc/aarch64-linux-gnu/11/../../../../include/c++/11/bits/stl_vector.h:558:4 @[ /opt/ros/humble/include/rosidl_runtime_cpp/rosidl_runtime_cpp/bounded_vector.hpp:121:5 @[ /opt/ros/humble/include/rcl_interfaces/rcl_interfaces/msg/detail/parameter_descriptor__struct.hpp:39:8 ] ] ] ] ]. Skipping.
Found a loop without a preheader at /usr/lib/gcc/aarch64-linux-gnu/11/../../../../include/c++/11/bits/stl_uninitialized.h:91:8. Skipping.
Found a loop without an exit block at /usr/lib/gcc/aarch64-linux-gnu/11/../../../../include/c++/11/bits/shared_ptr_base.h:259:7 @[ /usr/lib/gcc/aarch64-linux-gnu/11/../../../../include/c++/11/bits/shared_ptr_base.h:872:39 @[ /usr/lib/gcc/aarch64-linux-gnu/11/../../../../include/c++/11/bits/shared_ptr_base.h:1178:4 @[ /usr/lib/gcc/aarch64-linux-gnu/11/../../../../include/c++/11/bits/shared_ptr.h:326:4 @[ /usr/lib/gcc/aarch64-linux-gnu/11/../../../../include/c++/11/bits/shared_ptr.h:808:16 @[ ros2_caret_ws/install/include/rclcpp/rclcpp/publisher.hpp:207:70 ] ] ] ] ]. Skipping.
Found a loop without a preheader at /usr/lib/gcc/aarch64-linux-gnu/11/../../../../include/c++/11/bits/hashtable.h:1837:7 @[ /usr/lib/gcc/aarch64-linux-gnu/11/../../../../include/c++/11/bits/hashtable.h:810:31 @[ /usr/lib/gcc/aarch64-linux-gnu/11/../../../../include/c++/11/bits/hashtable.h:1970:23 ] ]. Skipping.
Found a loop without a preheader at /usr/lib/gcc/aarch64-linux-gnu/11/../../../../include/c++/11/bits/hashtable.h:2386:7. Skipping.
Found a loop without a preheader at /usr/lib/gcc/aarch64-linux-gnu/11/../../../../include/c++/11/bits/hashtable.h:1837:7 @[ /usr/lib/gcc/aarch64-linux-gnu/11/../../../../include/c++/11/bits/hashtable.h:810:31 @[ /usr/lib/gcc/aarch64-linux-gnu/11/../../../../include/c++/11/bits/hashtable.h:1970:23 ] ]. Skipping.
Found a loop without a preheader at /usr/lib/gcc/aarch64-linux-gnu/11/../../../../include/c++/11/bits/hashtable.h:1837:7 @[ /usr/lib/gcc/aarch64-linux-gnu/11/../../../../include/c++/11/bits/hashtable.h:810:31 @[ /usr/lib/gcc/aarch64-linux-gnu/11/../../../../include/c++/11/bits/hashtable.h:1970:23 ] ]. Skipping.
Found a loop without a preheader at /usr/lib/gcc/aarch64-linux-gnu/11/../../../../include/c++/11/bits/hashtable.h:1837:7 @[ /usr/lib/gcc/aarch64-linux-gnu/11/../../../../include/c++/11/bits/hashtable.h:810:31 @[ /usr/lib/gcc/aarch64-linux-gnu/11/../../../../include/c++/11/bits/hashtable.h:1970:23 ] ]. Skipping.
Found a loop without a preheader at /usr/lib/gcc/aarch64-linux-gnu/11/../../../../include/c++/11/bits/hashtable.h:1837:7 @[ /usr/lib/gcc/aarch64-linux-gnu/11/../../../../include/c++/11/bits/hashtable.h:810:31 @[ /usr/lib/gcc/aarch64-linux-gnu/11/../../../../include/c++/11/bits/hashtable.h:1595:23 ] ]. Skipping.
Found a loop without a preheader at /usr/lib/gcc/aarch64-linux-gnu/11/../../../../include/c++/11/bits/hashtable.h:1837:7 @[ /usr/lib/gcc/aarch64-linux-gnu/11/../../../../include/c++/11/bits/hashtable.h:810:31 @[ /usr/lib/gcc/aarch64-linux-gnu/11/../../../../include/c++/11/bits/hashtable_policy.h:704:30 ] ]. Skipping.
Found a loop without a preheader at /usr/lib/gcc/aarch64-linux-gnu/11/../../../../include/c++/11/bits/hashtable.h:2386:7. Skipping.
Found a loop without a preheader at /usr/lib/gcc/aarch64-linux-gnu/11/../../../../include/c++/11/bits/hashtable_policy.h:1912:7 @[ /usr/lib/gcc/aarch64-linux-gnu/11/../../../../include/c++/11/bits/hashtable.h:2320:13 ]. Skipping.
Found a loop without a preheader at /usr/lib/gcc/aarch64-linux-gnu/11/../../../../include/c++/11/bits/hashtable_policy.h:1912:7 @[ /usr/lib/gcc/aarch64-linux-gnu/11/../../../../include/c++/11/bits/hashtable.h:2320:13 ]. Skipping.
Found a loop without a preheader at /usr/lib/gcc/aarch64-linux-gnu/11/../../../../include/c++/11/bits/stl_uninitialized.h:91:8. Skipping.
Found a loop without a preheader at /usr/lib/gcc/aarch64-linux-gnu/11/../../../../include/c++/11/bits/hashtable.h:1837:7 @[ /usr/lib/gcc/aarch64-linux-gnu/11/../../../../include/c++/11/bits/hashtable.h:810:31 @[ /usr/lib/gcc/aarch64-linux-gnu/11/../../../../include/c++/11/bits/hashtable.h:1595:23 ] ]. Skipping.
Found a loop without a preheader at /usr/lib/gcc/aarch64-linux-gnu/11/../../../../include/c++/11/bits/hashtable.h:1837:7 @[ /usr/lib/gcc/aarch64-linux-gnu/11/../../../../include/c++/11/bits/hashtable.h:810:31 @[ /usr/lib/gcc/aarch64-linux-gnu/11/../../../../include/c++/11/bits/hashtable.h:1595:23 ] ]. Skipping.
Found a loop without a preheader at /usr/lib/gcc/aarch64-linux-gnu/11/../../../../include/c++/11/bits/charconv.h:56:7 @[ /usr/lib/gcc/aarch64-linux-gnu/11/../../../../include/c++/11/bits/basic_string.h:6683:24 ]. Skipping.
Found a loop without an exit block at ros2_caret_ws/install/include/rclcpp/rclcpp/detail/qos_parameters.hpp:167:3. Skipping.
Found a loop without an exit block at /usr/lib/gcc/aarch64-linux-gnu/11/../../../../include/c++/11/bits/shared_ptr_base.h:259:7 @[ /usr/lib/gcc/aarch64-linux-gnu/11/../../../../include/c++/11/bits/shared_ptr_base.h:872:39 @[ /usr/lib/gcc/aarch64-linux-gnu/11/../../../../include/c++/11/bits/shared_ptr_base.h:1178:4 @[ /usr/lib/gcc/aarch64-linux-gnu/11/../../../../include/c++/11/bits/shared_ptr.h:326:4 @[ /usr/lib/gcc/aarch64-linux-gnu/11/../../../../include/c++/11/bits/shared_ptr.h:808:16 @[ ros2_caret_ws/install/include/rclcpp/rclcpp/publisher.hpp:207:70 ] ] ] ] ]. Skipping.
Found a loop without a preheader at /usr/lib/gcc/aarch64-linux-gnu/11/../../../../include/c++/11/bits/hashtable.h:1837:7 @[ /usr/lib/gcc/aarch64-linux-gnu/11/../../../../include/c++/11/bits/hashtable.h:810:31 @[ /usr/lib/gcc/aarch64-linux-gnu/11/../../../../include/c++/11/bits/hashtable.h:1970:23 ] ]. Skipping.
Found a loop without a preheader at /usr/lib/gcc/aarch64-linux-gnu/11/../../../../include/c++/11/bits/stl_construct.h:162:4 @[ /usr/lib/gcc/aarch64-linux-gnu/11/../../../../include/c++/11/bits/stl_construct.h:195:7 @[ /usr/lib/gcc/aarch64-linux-gnu/11/../../../../include/c++/11/bits/alloc_traits.h:848:7 @[ /usr/lib/gcc/aarch64-linux-gnu/11/../../../../include/c++/11/bits/stl_vector.h:680:2 ] ] ]. Skipping.
Found a loop without a preheader at /usr/lib/gcc/aarch64-linux-gnu/11/../../../../include/c++/11/bits/stl_construct.h:162:4 @[ /usr/lib/gcc/aarch64-linux-gnu/11/../../../../include/c++/11/bits/stl_construct.h:195:7 @[ /usr/lib/gcc/aarch64-linux-gnu/11/../../../../include/c++/11/bits/alloc_traits.h:848:7 @[ /usr/lib/gcc/aarch64-linux-gnu/11/../../../../include/c++/11/bits/stl_vector.h:680:2 @[ ros2_caret_ws/install/include/rclcpp/rclcpp/topic_statistics/subscription_topic_statistics.hpp:98:3 ] ] ] ]. Skipping.
Found a loop without a preheader at ros2_caret_ws/install/include/rclcpp/rclcpp/topic_statistics/subscription_topic_statistics.hpp:112:5. Skipping.
Found a loop without an exit block at ros2_caret_ws/install/include/rclcpp/rclcpp/topic_statistics/subscription_topic_statistics.hpp:152:5. Skipping.
Found a loop without an exit block at ros2_caret_ws/install/include/rclcpp/rclcpp/topic_statistics/subscription_topic_statistics.hpp:137:7. Skipping.
Found a loop without a preheader at /usr/lib/gcc/aarch64-linux-gnu/11/../../../../include/c++/11/bits/stl_construct.h:162:4 @[ /usr/lib/gcc/aarch64-linux-gnu/11/../../../../include/c++/11/bits/stl_construct.h:195:7 @[ /usr/lib/gcc/aarch64-linux-gnu/11/../../../../include/c++/11/bits/alloc_traits.h:848:7 @[ /usr/lib/gcc/aarch64-linux-gnu/11/../../../../include/c++/11/bits/stl_vector.h:1796:6 @[ /usr/lib/gcc/aarch64-linux-gnu/11/../../../../include/c++/11/bits/stl_vector.h:1499:9 @[ ros2_caret_ws/install/include/rclcpp/rclcpp/topic_statistics/subscription_topic_statistics.hpp:208:41 ] ] ] ] ]. Skipping.
Found a loop without a preheader at ros2_caret_ws/install/include/rclcpp/rclcpp/topic_statistics/subscription_topic_statistics.hpp:204:7. Skipping.
Found a loop without a preheader at /usr/lib/gcc/aarch64-linux-gnu/11/../../../../include/c++/11/bits/stl_construct.h:162:4 @[ /usr/lib/gcc/aarch64-linux-gnu/11/../../../../include/c++/11/bits/stl_construct.h:195:7 @[ /usr/lib/gcc/aarch64-linux-gnu/11/../../../../include/c++/11/bits/alloc_traits.h:848:7 @[ /usr/lib/gcc/aarch64-linux-gnu/11/../../../../include/c++/11/bits/stl_vector.h:680:2 ] ] ]. Skipping.
Found a loop without a preheader at /usr/lib/gcc/aarch64-linux-gnu/11/../../../../include/c++/11/bits/stl_uninitialized.h:1031:7 @[ /usr/lib/gcc/aarch64-linux-gnu/11/../../../../include/c++/11/bits/stl_uninitialized.h:1046:14 @[ /usr/lib/gcc/aarch64-linux-gnu/11/../../../../include/c++/11/bits/stl_vector.h:456:9 @[ /usr/lib/gcc/aarch64-linux-gnu/11/../../../../include/c++/11/bits/stl_vector.h:469:9 @[ /usr/lib/gcc/aarch64-linux-gnu/11/../../../../include/c++/11/bits/vector.tcc:466:23 ] ] ] ]. Skipping.
Found a loop without a preheader at /usr/lib/gcc/aarch64-linux-gnu/11/../../../../include/c++/11/bits/stl_uninitialized.h:1031:7 @[ /usr/lib/gcc/aarch64-linux-gnu/11/../../../../include/c++/11/bits/stl_uninitialized.h:1046:14 @[ /usr/lib/gcc/aarch64-linux-gnu/11/../../../../include/c++/11/bits/stl_vector.h:456:9 @[ /usr/lib/gcc/aarch64-linux-gnu/11/../../../../include/c++/11/bits/stl_vector.h:469:9 @[ /usr/lib/gcc/aarch64-linux-gnu/11/../../../../include/c++/11/bits/vector.tcc:461:23 ] ] ] ]. Skipping.
Found a loop without a preheader at /usr/lib/gcc/aarch64-linux-gnu/11/../../../../include/c++/11/bits/stl_uninitialized.h:91:8 @[ /usr/lib/gcc/aarch64-linux-gnu/11/../../../../include/c++/11/bits/stl_uninitialized.h:148:14 @[ /usr/lib/gcc/aarch64-linux-gnu/11/../../../../include/c++/11/bits/stl_uninitialized.h:333:14 @[ /usr/lib/gcc/aarch64-linux-gnu/11/../../../../include/c++/11/bits/stl_vector.h:558:4 @[ /opt/ros/humble/include/statistics_msgs/statistics_msgs/msg/detail/metrics_message__struct.hpp:40:8 ] ] ] ]. Skipping.
Found a loop without an exit block at /usr/lib/gcc/aarch64-linux-gnu/11/../../../../include/c++/11/bits/shared_ptr_base.h:259:7 @[ /usr/lib/gcc/aarch64-linux-gnu/11/../../../../include/c++/11/bits/shared_ptr_base.h:883:28 @[ /usr/lib/gcc/aarch64-linux-gnu/11/../../../../include/c++/11/bits/shared_ptr_base.h:1353:9 @[ /usr/lib/gcc/aarch64-linux-gnu/11/../../../../include/c++/11/bits/shared_ptr.h:418:9 @[ /usr/lib/gcc/aarch64-linux-gnu/11/../../../../include/c++/11/bits/shared_ptr.h:750:16 @[ ros2_caret_ws/install/include/rclcpp/rclcpp/publisher.hpp:561:26 ] ] ] ] ]. Skipping.
Found a loop without an exit block at /usr/lib/gcc/aarch64-linux-gnu/11/../../../../include/c++/11/bits/shared_ptr_base.h:259:7 @[ /usr/lib/gcc/aarch64-linux-gnu/11/../../../../include/c++/11/bits/shared_ptr_base.h:883:28 @[ /usr/lib/gcc/aarch64-linux-gnu/11/../../../../include/c++/11/bits/shared_ptr_base.h:1353:9 @[ /usr/lib/gcc/aarch64-linux-gnu/11/../../../../include/c++/11/bits/shared_ptr.h:418:9 @[ /usr/lib/gcc/aarch64-linux-gnu/11/../../../../include/c++/11/bits/shared_ptr.h:750:16 @[ ros2_caret_ws/install/include/rclcpp/rclcpp/publisher.hpp:537:26 ] ] ] ] ]. Skipping.
Found a loop without a preheader at /usr/lib/gcc/aarch64-linux-gnu/11/../../../../include/c++/11/bits/hashtable.h:1837:7 @[ /usr/lib/gcc/aarch64-linux-gnu/11/../../../../include/c++/11/bits/hashtable.h:810:31 @[ /usr/lib/gcc/aarch64-linux-gnu/11/../../../../include/c++/11/bits/hashtable.h:1595:23 @[ /usr/lib/gcc/aarch64-linux-gnu/11/../../../../include/c++/11/bits/unordered_map.h:869:21 @[ ros2_caret_ws/install/include/rclcpp/rclcpp/experimental/intra_process_manager.hpp:260:38 ] ] ] ]. Skipping.
Found a loop without an exit block at /usr/lib/gcc/aarch64-linux-gnu/11/../../../../include/c++/11/shared_mutex:228:7 @[ /usr/lib/gcc/aarch64-linux-gnu/11/../../../../include/c++/11/shared_mutex:489:33 @[ /usr/lib/gcc/aarch64-linux-gnu/11/../../../../include/c++/11/shared_mutex:727:13 @[ ros2_caret_ws/install/include/rclcpp/rclcpp/experimental/intra_process_manager.hpp:258:47 ] ] ]. Skipping.
Found a loop without an exit block at ros2_caret_ws/install/include/rclcpp/rclcpp/experimental/intra_process_manager.hpp:363:5. Skipping.
Found a loop without an exit block at ros2_caret_ws/install/include/rclcpp/rclcpp/experimental/intra_process_manager.hpp:442:5. Skipping.
Found a loop without a preheader at /usr/lib/gcc/aarch64-linux-gnu/11/../../../../include/c++/11/bits/hashtable.h:1837:7 @[ /usr/lib/gcc/aarch64-linux-gnu/11/../../../../include/c++/11/bits/hashtable.h:2203:34 ]. Skipping.
Found a loop without a preheader at /usr/lib/gcc/aarch64-linux-gnu/11/../../../../include/c++/11/bits/hashtable.h:1837:7 @[ /usr/lib/gcc/aarch64-linux-gnu/11/../../../../include/c++/11/bits/hashtable.h:810:31 @[ /usr/lib/gcc/aarch64-linux-gnu/11/../../../../include/c++/11/bits/hashtable.h:1595:23 @[ /usr/lib/gcc/aarch64-linux-gnu/11/../../../../include/c++/11/bits/unordered_map.h:869:21 @[ ros2_caret_ws/install/include/rclcpp/rclcpp/experimental/intra_process_manager.hpp:196:38 ] ] ] ]. Skipping.
Found a loop without an exit block at /usr/lib/gcc/aarch64-linux-gnu/11/../../../../include/c++/11/shared_mutex:228:7 @[ /usr/lib/gcc/aarch64-linux-gnu/11/../../../../include/c++/11/shared_mutex:489:33 @[ /usr/lib/gcc/aarch64-linux-gnu/11/../../../../include/c++/11/shared_mutex:727:13 @[ ros2_caret_ws/install/include/rclcpp/rclcpp/experimental/intra_process_manager.hpp:194:47 ] ] ]. Skipping.
Found a loop without an exit block at /usr/lib/gcc/aarch64-linux-gnu/11/../../../../include/c++/11/bits/shared_ptr_base.h:259:7 @[ /usr/lib/gcc/aarch64-linux-gnu/11/../../../../include/c++/11/bits/shared_ptr_base.h:883:28 @[ /usr/lib/gcc/aarch64-linux-gnu/11/../../../../include/c++/11/bits/shared_ptr_base.h:1353:9 @[ /usr/lib/gcc/aarch64-linux-gnu/11/../../../../include/c++/11/bits/shared_ptr.h:418:9 @[ /usr/lib/gcc/aarch64-linux-gnu/11/../../../../include/c++/11/bits/shared_ptr.h:750:16 @[ ros2_caret_ws/install/include/rclcpp/rclcpp/create_subscription.hpp:102:71 @[ ros2_caret_ws/install/include/rclcpp/rclcpp/timer.hpp:244:5 ] ] ] ] ] ]. Skipping.
Found a loop without a preheader at /usr/lib/gcc/aarch64-linux-gnu/11/../../../../include/c++/11/bits/hashtable.h:1837:7 @[ /usr/lib/gcc/aarch64-linux-gnu/11/../../../../include/c++/11/bits/hashtable.h:810:31 @[ /usr/lib/gcc/aarch64-linux-gnu/11/../../../../include/c++/11/bits/hashtable.h:1970:23 ] ]. Skipping.
Found a loop without a preheader at /usr/lib/gcc/aarch64-linux-gnu/11/../../../../include/c++/11/bits/hashtable.h:2386:7. Skipping.
Found a loop without a preheader at /usr/lib/gcc/aarch64-linux-gnu/11/../../../../include/c++/11/bits/hashtable.h:1837:7 @[ /usr/lib/gcc/aarch64-linux-gnu/11/../../../../include/c++/11/bits/hashtable.h:810:31 @[ /usr/lib/gcc/aarch64-linux-gnu/11/../../../../include/c++/11/bits/hashtable.h:1970:23 ] ]. Skipping.
Found a loop without a preheader at /usr/lib/gcc/aarch64-linux-gnu/11/../../../../include/c++/11/bits/hashtable.h:2386:7. Skipping.
Found a loop without a preheader at /usr/lib/gcc/aarch64-linux-gnu/11/../../../../include/c++/11/bits/hashtable.h:1837:7 @[ /usr/lib/gcc/aarch64-linux-gnu/11/../../../../include/c++/11/bits/hashtable.h:810:31 @[ /usr/lib/gcc/aarch64-linux-gnu/11/../../../../include/c++/11/bits/hashtable.h:1970:23 ] ]. Skipping.
Found a loop without a preheader at /usr/lib/gcc/aarch64-linux-gnu/11/../../../../include/c++/11/bits/hashtable.h:1837:7 @[ /usr/lib/gcc/aarch64-linux-gnu/11/../../../../include/c++/11/bits/hashtable.h:810:31 @[ /usr/lib/gcc/aarch64-linux-gnu/11/../../../../include/c++/11/bits/hashtable.h:1970:23 ] ]. Skipping.
Found a loop without a preheader at /usr/lib/gcc/aarch64-linux-gnu/11/../../../../include/c++/11/bits/hashtable.h:1837:7 @[ /usr/lib/gcc/aarch64-linux-gnu/11/../../../../include/c++/11/bits/hashtable.h:810:31 @[ /usr/lib/gcc/aarch64-linux-gnu/11/../../../../include/c++/11/bits/hashtable.h:1970:23 ] ]. Skipping.
Found a loop without a preheader at /usr/lib/gcc/aarch64-linux-gnu/11/../../../../include/c++/11/bits/hashtable.h:1837:7 @[ /usr/lib/gcc/aarch64-linux-gnu/11/../../../../include/c++/11/bits/hashtable.h:810:31 @[ /usr/lib/gcc/aarch64-linux-gnu/11/../../../../include/c++/11/bits/hashtable.h:1970:23 ] ]. Skipping.
Found a loop without a preheader at /usr/lib/gcc/aarch64-linux-gnu/11/../../../../include/c++/11/bits/hashtable.h:1837:7 @[ /usr/lib/gcc/aarch64-linux-gnu/11/../../../../include/c++/11/bits/hashtable.h:810:31 @[ /usr/lib/gcc/aarch64-linux-gnu/11/../../../../include/c++/11/bits/hashtable.h:1970:23 ] ]. Skipping.
Found a loop without a preheader at /usr/lib/gcc/aarch64-linux-gnu/11/../../../../include/c++/11/bits/hashtable.h:1837:7 @[ /usr/lib/gcc/aarch64-linux-gnu/11/../../../../include/c++/11/bits/hashtable.h:810:31 @[ /usr/lib/gcc/aarch64-linux-gnu/11/../../../../include/c++/11/bits/hashtable.h:1970:23 ] ]. Skipping.
Found a loop without a preheader at /usr/lib/gcc/aarch64-linux-gnu/11/../../../../include/c++/11/bits/hashtable.h:1837:7 @[ /usr/lib/gcc/aarch64-linux-gnu/11/../../../../include/c++/11/bits/hashtable.h:810:31 @[ /usr/lib/gcc/aarch64-linux-gnu/11/../../../../include/c++/11/bits/hashtable.h:1970:23 ] ]. Skipping.
Found a loop without a preheader at /usr/lib/gcc/aarch64-linux-gnu/11/../../../../include/c++/11/bits/hashtable.h:1837:7 @[ /usr/lib/gcc/aarch64-linux-gnu/11/../../../../include/c++/11/bits/hashtable.h:810:31 @[ /usr/lib/gcc/aarch64-linux-gnu/11/../../../../include/c++/11/bits/hashtable.h:1970:23 ] ]. Skipping.
Found a loop without a preheader at /usr/lib/gcc/aarch64-linux-gnu/11/../../../../include/c++/11/bits/stl_construct.h:162:4 @[ /usr/lib/gcc/aarch64-linux-gnu/11/../../../../include/c++/11/bits/stl_construct.h:195:7 @[ /usr/lib/gcc/aarch64-linux-gnu/11/../../../../include/c++/11/bits/alloc_traits.h:848:7 @[ /usr/lib/gcc/aarch64-linux-gnu/11/../../../../include/c++/11/bits/stl_vector.h:680:2 @[ install/tier4_perception_msgs/include/tier4_perception_msgs/tier4_perception_msgs/msg/detail/detected_objects_with_feature__struct.hpp:39:8 @[ /usr/lib/gcc/aarch64-linux-gnu/11/../../../../include/c++/11/bits/unique_ptr.h:85:2 @[ /usr/lib/gcc/aarch64-linux-gnu/11/../../../../include/c++/11/bits/unique_ptr.h:361:4 @[ ros2_caret_ws/install/include/rclcpp/rclcpp/experimental/subscription_intra_process.hpp:133:3 ] ] ] ] ] ] ]. Skipping.
Found a loop without a preheader at /usr/lib/gcc/aarch64-linux-gnu/11/../../../../include/c++/11/bits/stl_construct.h:162:4 @[ /usr/lib/gcc/aarch64-linux-gnu/11/../../../../include/c++/11/bits/stl_construct.h:195:7 @[ /usr/lib/gcc/aarch64-linux-gnu/11/../../../../include/c++/11/bits/alloc_traits.h:848:7 @[ /usr/lib/gcc/aarch64-linux-gnu/11/../../../../include/c++/11/bits/stl_vector.h:680:2 @[ install/tier4_perception_msgs/include/tier4_perception_msgs/tier4_perception_msgs/msg/detail/detected_objects_with_feature__struct.hpp:39:8 @[ /usr/lib/gcc/aarch64-linux-gnu/11/../../../../include/c++/11/bits/unique_ptr.h:85:2 @[ /usr/lib/gcc/aarch64-linux-gnu/11/../../../../include/c++/11/bits/unique_ptr.h:361:4 @[ ros2_caret_ws/install/include/rclcpp/rclcpp/experimental/subscription_intra_process_buffer.hpp:135:7 ] ] ] ] ] ] ]. Skipping.
Found a loop without a preheader at /usr/lib/gcc/aarch64-linux-gnu/11/../../../../include/c++/11/bits/stl_construct.h:162:4 @[ /usr/lib/gcc/aarch64-linux-gnu/11/../../../../include/c++/11/bits/stl_construct.h:195:7 @[ /usr/lib/gcc/aarch64-linux-gnu/11/../../../../include/c++/11/bits/alloc_traits.h:848:7 @[ /usr/lib/gcc/aarch64-linux-gnu/11/../../../../include/c++/11/bits/stl_vector.h:680:2 ] ] ]. Skipping.
Found a loop without a preheader at /usr/lib/gcc/aarch64-linux-gnu/11/../../../../include/c++/11/bits/stl_construct.h:162:4 @[ /usr/lib/gcc/aarch64-linux-gnu/11/../../../../include/c++/11/bits/stl_construct.h:195:7 @[ /usr/lib/gcc/aarch64-linux-gnu/11/../../../../include/c++/11/bits/alloc_traits.h:848:7 @[ /usr/lib/gcc/aarch64-linux-gnu/11/../../../../include/c++/11/bits/stl_vector.h:680:2 @[ ros2_caret_ws/install/include/rclcpp/rclcpp/experimental/buffers/ring_buffer_implementation.hpp:56:40 ] ] ] ]. Skipping.
Found a loop without a preheader at /usr/lib/gcc/aarch64-linux-gnu/11/../../../../include/c++/11/bits/stl_construct.h:162:4 @[ /usr/lib/gcc/aarch64-linux-gnu/11/../../../../include/c++/11/bits/stl_construct.h:195:7 @[ /usr/lib/gcc/aarch64-linux-gnu/11/../../../../include/c++/11/bits/alloc_traits.h:848:7 @[ /usr/lib/gcc/aarch64-linux-gnu/11/../../../../include/c++/11/bits/stl_vector.h:680:2 @[ ros2_caret_ws/install/include/rclcpp/rclcpp/experimental/buffers/ring_buffer_implementation.hpp:56:40 @[ ros2_caret_ws/install/include/rclcpp/rclcpp/experimental/buffers/ring_buffer_implementation.hpp:56:39 ] ] ] ] ]. Skipping.
Found a loop without a preheader at /usr/lib/gcc/aarch64-linux-gnu/11/../../../../include/c++/11/bits/stl_construct.h:162:4 @[ /usr/lib/gcc/aarch64-linux-gnu/11/../../../../include/c++/11/bits/stl_construct.h:195:7 @[ /usr/lib/gcc/aarch64-linux-gnu/11/../../../../include/c++/11/bits/alloc_traits.h:848:7 @[ /usr/lib/gcc/aarch64-linux-gnu/11/../../../../include/c++/11/bits/stl_vector.h:680:2 @[ install/tier4_perception_msgs/include/tier4_perception_msgs/tier4_perception_msgs/msg/detail/detected_objects_with_feature__struct.hpp:39:8 @[ /usr/lib/gcc/aarch64-linux-gnu/11/../../../../include/c++/11/bits/unique_ptr.h:85:2 @[ /usr/lib/gcc/aarch64-linux-gnu/11/../../../../include/c++/11/bits/shared_ptr_base.h:442:9 ] ] ] ] ] ]. Skipping.
Found a loop without a preheader at /usr/lib/gcc/aarch64-linux-gnu/11/../../../../include/c++/11/bits/stl_construct.h:162:4 @[ /usr/lib/gcc/aarch64-linux-gnu/11/../../../../include/c++/11/bits/stl_construct.h:195:7 @[ /usr/lib/gcc/aarch64-linux-gnu/11/../../../../include/c++/11/bits/alloc_traits.h:848:7 @[ /usr/lib/gcc/aarch64-linux-gnu/11/../../../../include/c++/11/bits/stl_vector.h:680:2 @[ install/tier4_perception_msgs/include/tier4_perception_msgs/tier4_perception_msgs/msg/detail/detected_objects_with_feature__struct.hpp:39:8 @[ /usr/lib/gcc/aarch64-linux-gnu/11/../../../../include/c++/11/bits/unique_ptr.h:85:2 @[ /usr/lib/gcc/aarch64-linux-gnu/11/../../../../include/c++/11/bits/unique_ptr.h:361:4 ] ] ] ] ] ]. Skipping.
Found a loop without a preheader at /usr/lib/gcc/aarch64-linux-gnu/11/../../../../include/c++/11/bits/stl_construct.h:162:4 @[ /usr/lib/gcc/aarch64-linux-gnu/11/../../../../include/c++/11/bits/stl_construct.h:195:7 @[ /usr/lib/gcc/aarch64-linux-gnu/11/../../../../include/c++/11/bits/stl_uninitialized.h:97:8 ] ]. Skipping.
Found a loop without a preheader at /usr/lib/gcc/aarch64-linux-gnu/11/../../../../include/c++/11/bits/stl_uninitialized.h:91:8. Skipping.
Found a loop without a preheader at /usr/lib/gcc/aarch64-linux-gnu/11/../../../../include/c++/11/bits/stl_uninitialized.h:91:8 @[ /usr/lib/gcc/aarch64-linux-gnu/11/../../../../include/c++/11/bits/stl_uninitialized.h:148:14 @[ /usr/lib/gcc/aarch64-linux-gnu/11/../../../../include/c++/11/bits/stl_uninitialized.h:333:14 @[ /usr/lib/gcc/aarch64-linux-gnu/11/../../../../include/c++/11/bits/stl_vector.h:558:4 @[ /opt/ros/humble/include/geometry_msgs/geometry_msgs/msg/detail/polygon__struct.hpp:37:8 @[ install/autoware_perception_msgs/include/autoware_perception_msgs/autoware_perception_msgs/msg/detail/shape__struct.hpp:39:8 @[ install/autoware_perception_msgs/include/autoware_perception_msgs/autoware_perception_msgs/msg/detail/detected_object__struct.hpp:41:8 ] ] ] ] ] ]. Skipping.
Found a loop without a preheader at /usr/lib/gcc/aarch64-linux-gnu/11/../../../../include/c++/11/bits/stl_construct.h:162:4 @[ /usr/lib/gcc/aarch64-linux-gnu/11/../../../../include/c++/11/bits/stl_construct.h:195:7 @[ /usr/lib/gcc/aarch64-linux-gnu/11/../../../../include/c++/11/bits/alloc_traits.h:848:7 @[ /usr/lib/gcc/aarch64-linux-gnu/11/../../../../include/c++/11/bits/stl_vector.h:680:2 ] ] ]. Skipping.
Found a loop without a preheader at /usr/lib/gcc/aarch64-linux-gnu/11/../../../../include/c++/11/bits/stl_uninitialized.h:91:8. Skipping.
Found a loop without a preheader at /usr/lib/gcc/aarch64-linux-gnu/11/../../../../include/c++/11/bits/stl_construct.h:162:4 @[ /usr/lib/gcc/aarch64-linux-gnu/11/../../../../include/c++/11/bits/stl_construct.h:195:7 ]. Skipping.
Found a loop without a preheader at /usr/lib/gcc/aarch64-linux-gnu/11/../../../../include/c++/11/bits/stl_construct.h:162:4 @[ /usr/lib/gcc/aarch64-linux-gnu/11/../../../../include/c++/11/bits/stl_construct.h:195:7 @[ /usr/lib/gcc/aarch64-linux-gnu/11/../../../../include/c++/11/bits/alloc_traits.h:848:7 @[ /usr/lib/gcc/aarch64-linux-gnu/11/../../../../include/c++/11/bits/stl_vector.h:680:2 @[ /opt/ros/humble/include/sensor_msgs/sensor_msgs/msg/detail/point_cloud2__struct.hpp:39:8 @[ install/tier4_perception_msgs/include/tier4_perception_msgs/tier4_perception_msgs/msg/detail/feature__struct.hpp:39:8 @[ install/tier4_perception_msgs/include/tier4_perception_msgs/tier4_perception_msgs/msg/detail/detected_object_with_feature__struct.hpp:39:8 ] ] ] ] ] ]. Skipping.
Found a loop without a preheader at /usr/lib/gcc/aarch64-linux-gnu/11/../../../../include/c++/11/bits/stl_construct.h:162:4 @[ /usr/lib/gcc/aarch64-linux-gnu/11/../../../../include/c++/11/bits/stl_construct.h:195:7 @[ /usr/lib/gcc/aarch64-linux-gnu/11/../../../../include/c++/11/bits/alloc_traits.h:848:7 @[ /usr/lib/gcc/aarch64-linux-gnu/11/../../../../include/c++/11/bits/stl_vector.h:680:2 @[ /opt/ros/humble/include/sensor_msgs/sensor_msgs/msg/detail/point_cloud2__struct.hpp:39:8 ] ] ] ]. Skipping.
Found a loop without a preheader at /usr/lib/gcc/aarch64-linux-gnu/11/../../../../include/c++/11/bits/stl_construct.h:162:4 @[ /usr/lib/gcc/aarch64-linux-gnu/11/../../../../include/c++/11/bits/stl_construct.h:195:7 @[ /usr/lib/gcc/aarch64-linux-gnu/11/../../../../include/c++/11/bits/alloc_traits.h:848:7 @[ /usr/lib/gcc/aarch64-linux-gnu/11/../../../../include/c++/11/bits/stl_vector.h:680:2 @[ install/tier4_perception_msgs/include/tier4_perception_msgs/tier4_perception_msgs/msg/detail/detected_objects_with_feature__struct.hpp:39:8 @[ /usr/lib/gcc/aarch64-linux-gnu/11/../../../../include/c++/11/bits/unique_ptr.h:85:2 @[ /usr/lib/gcc/aarch64-linux-gnu/11/../../../../include/c++/11/bits/unique_ptr.h:182:4 @[ /usr/lib/gcc/aarch64-linux-gnu/11/../../../../include/c++/11/bits/unique_ptr.h:167:2 @[ /usr/lib/gcc/aarch64-linux-gnu/11/../../../../include/c++/11/bits/unique_ptr.h:212:61 @[ /usr/lib/gcc/aarch64-linux-gnu/11/../../../../include/c++/11/bits/unique_ptr.h:371:51 @[ ros2_caret_ws/install/include/rclcpp/rclcpp/experimental/buffers/ring_buffer_implementation.hpp:69:32 ] ] ] ] ] ] ] ] ] ]. Skipping.
Found a loop without a preheader at /usr/lib/gcc/aarch64-linux-gnu/11/../../../../include/c++/11/bits/stl_construct.h:162:4. Skipping.
Found a loop without a preheader at /usr/lib/gcc/aarch64-linux-gnu/11/../../../../include/c++/11/bits/stl_construct.h:162:4 @[ /usr/lib/gcc/aarch64-linux-gnu/11/../../../../include/c++/11/bits/stl_construct.h:195:7 @[ /usr/lib/gcc/aarch64-linux-gnu/11/../../../../include/c++/11/bits/alloc_traits.h:848:7 @[ /usr/lib/gcc/aarch64-linux-gnu/11/../../../../include/c++/11/bits/stl_vector.h:680:2 @[ install/tier4_perception_msgs/include/tier4_perception_msgs/tier4_perception_msgs/msg/detail/detected_objects_with_feature__struct.hpp:39:8 @[ /usr/lib/gcc/aarch64-linux-gnu/11/../../../../include/c++/11/bits/unique_ptr.h:85:2 @[ /usr/lib/gcc/aarch64-linux-gnu/11/../../../../include/c++/11/bits/unique_ptr.h:361:4 @[ ros2_caret_ws/install/include/rclcpp/rclcpp/experimental/buffers/intra_process_buffer.hpp:115:5 ] ] ] ] ] ] ]. Skipping.
Found a loop without a preheader at /usr/lib/gcc/aarch64-linux-gnu/11/../../../../include/c++/11/bits/stl_construct.h:162:4 @[ /usr/lib/gcc/aarch64-linux-gnu/11/../../../../include/c++/11/bits/stl_construct.h:195:7 @[ /usr/lib/gcc/aarch64-linux-gnu/11/../../../../include/c++/11/bits/alloc_traits.h:848:7 @[ /usr/lib/gcc/aarch64-linux-gnu/11/../../../../include/c++/11/bits/stl_vector.h:680:2 @[ install/tier4_perception_msgs/include/tier4_perception_msgs/tier4_perception_msgs/msg/detail/detected_objects_with_feature__struct.hpp:39:8 @[ /usr/lib/gcc/aarch64-linux-gnu/11/../../../../include/c++/11/bits/unique_ptr.h:85:2 @[ /usr/lib/gcc/aarch64-linux-gnu/11/../../../../include/c++/11/bits/unique_ptr.h:361:4 @[ ros2_caret_ws/install/include/rclcpp/rclcpp/experimental/buffers/intra_process_buffer.hpp:179:5 ] ] ] ] ] ] ]. Skipping.
Found a loop without a preheader at /usr/lib/gcc/aarch64-linux-gnu/11/../../../../include/c++/11/bits/stl_construct.h:162:4 @[ /usr/lib/gcc/aarch64-linux-gnu/11/../../../../include/c++/11/bits/stl_construct.h:195:7 @[ /usr/lib/gcc/aarch64-linux-gnu/11/../../../../include/c++/11/bits/alloc_traits.h:848:7 @[ /usr/lib/gcc/aarch64-linux-gnu/11/../../../../include/c++/11/bits/stl_vector.h:680:2 @[ install/tier4_perception_msgs/include/tier4_perception_msgs/tier4_perception_msgs/msg/detail/detected_objects_with_feature__struct.hpp:39:8 @[ /usr/lib/gcc/aarch64-linux-gnu/11/../../../../include/c++/11/bits/unique_ptr.h:85:2 @[ /usr/lib/gcc/aarch64-linux-gnu/11/../../../../include/c++/11/bits/unique_ptr.h:361:4 @[ ros2_caret_ws/install/include/rclcpp/rclcpp/experimental/buffers/intra_process_buffer.hpp:202:5 ] ] ] ] ] ] ]. Skipping.
Found a loop without a preheader at /usr/lib/gcc/aarch64-linux-gnu/11/../../../../include/c++/11/bits/stl_construct.h:162:4 @[ /usr/lib/gcc/aarch64-linux-gnu/11/../../../../include/c++/11/bits/stl_construct.h:195:7 @[ /usr/lib/gcc/aarch64-linux-gnu/11/../../../../include/c++/11/bits/alloc_traits.h:848:7 @[ /usr/lib/gcc/aarch64-linux-gnu/11/../../../../include/c++/11/bits/stl_vector.h:680:2 @[ install/tier4_perception_msgs/include/tier4_perception_msgs/tier4_perception_msgs/msg/detail/detected_objects_with_feature__struct.hpp:39:8 @[ /usr/lib/gcc/aarch64-linux-gnu/11/../../../../include/c++/11/bits/unique_ptr.h:85:2 @[ /usr/lib/gcc/aarch64-linux-gnu/11/../../../../include/c++/11/bits/unique_ptr.h:361:4 @[ /usr/lib/gcc/aarch64-linux-gnu/11/../../../../include/c++/11/bits/stl_iterator.h:2488:12 ] ] ] ] ] ] ]. Skipping.
Found a loop without a preheader at /usr/lib/gcc/aarch64-linux-gnu/11/../../../../include/c++/11/bits/stl_construct.h:162:4 @[ /usr/lib/gcc/aarch64-linux-gnu/11/../../../../include/c++/11/bits/stl_construct.h:195:7 @[ /usr/lib/gcc/aarch64-linux-gnu/11/../../../../include/c++/11/bits/alloc_traits.h:848:7 @[ /usr/lib/gcc/aarch64-linux-gnu/11/../../../../include/c++/11/bits/stl_vector.h:680:2 @[ install/tier4_perception_msgs/include/tier4_perception_msgs/tier4_perception_msgs/msg/detail/detected_objects_with_feature__struct.hpp:39:8 @[ /usr/lib/gcc/aarch64-linux-gnu/11/../../../../include/c++/11/bits/unique_ptr.h:85:2 @[ /usr/lib/gcc/aarch64-linux-gnu/11/../../../../include/c++/11/bits/unique_ptr.h:361:4 @[ ros2_caret_ws/install/include/rclcpp/rclcpp/experimental/subscription_intra_process.hpp:169:7 ] ] ] ] ] ] ]. Skipping.
Found a loop without a preheader at /usr/lib/gcc/aarch64-linux-gnu/11/../../../../include/c++/11/bits/stl_construct.h:162:4 @[ /usr/lib/gcc/aarch64-linux-gnu/11/../../../../include/c++/11/bits/stl_construct.h:195:7 @[ /usr/lib/gcc/aarch64-linux-gnu/11/../../../../include/c++/11/bits/alloc_traits.h:848:7 @[ /usr/lib/gcc/aarch64-linux-gnu/11/../../../../include/c++/11/bits/stl_vector.h:680:2 @[ install/tier4_perception_msgs/include/tier4_perception_msgs/tier4_perception_msgs/msg/detail/detected_objects_with_feature__struct.hpp:39:8 @[ /usr/lib/gcc/aarch64-linux-gnu/11/../../../../include/c++/11/bits/unique_ptr.h:85:2 @[ /usr/lib/gcc/aarch64-linux-gnu/11/../../../../include/c++/11/bits/unique_ptr.h:361:4 @[ ros2_caret_ws/install/include/rclcpp/rclcpp/any_subscription_callback.hpp:756:13 ] ] ] ] ] ] ]. Skipping.
Found a loop without a preheader at /usr/lib/gcc/aarch64-linux-gnu/11/../../../../include/c++/11/bits/stl_construct.h:162:4 @[ /usr/lib/gcc/aarch64-linux-gnu/11/../../../../include/c++/11/bits/stl_construct.h:195:7 @[ /usr/lib/gcc/aarch64-linux-gnu/11/../../../../include/c++/11/bits/alloc_traits.h:848:7 @[ /usr/lib/gcc/aarch64-linux-gnu/11/../../../../include/c++/11/bits/stl_vector.h:680:2 @[ install/tier4_perception_msgs/include/tier4_perception_msgs/tier4_perception_msgs/msg/detail/detected_objects_with_feature__struct.hpp:39:8 @[ /usr/lib/gcc/aarch64-linux-gnu/11/../../../../include/c++/11/bits/unique_ptr.h:85:2 @[ /usr/lib/gcc/aarch64-linux-gnu/11/../../../../include/c++/11/bits/unique_ptr.h:361:4 @[ ros2_caret_ws/install/include/rclcpp/rclcpp/any_subscription_callback.hpp:765:13 ] ] ] ] ] ] ]. Skipping.
Found a loop without a preheader at /usr/lib/gcc/aarch64-linux-gnu/11/../../../../include/c++/11/bits/stl_construct.h:162:4 @[ /usr/lib/gcc/aarch64-linux-gnu/11/../../../../include/c++/11/bits/stl_construct.h:195:7 @[ /usr/lib/gcc/aarch64-linux-gnu/11/../../../../include/c++/11/bits/alloc_traits.h:848:7 @[ /usr/lib/gcc/aarch64-linux-gnu/11/../../../../include/c++/11/bits/stl_vector.h:680:2 @[ install/tier4_perception_msgs/include/tier4_perception_msgs/tier4_perception_msgs/msg/detail/detected_objects_with_feature__struct.hpp:39:8 @[ /usr/lib/gcc/aarch64-linux-gnu/11/../../../../include/c++/11/bits/unique_ptr.h:85:2 @[ /usr/lib/gcc/aarch64-linux-gnu/11/../../../../include/c++/11/bits/unique_ptr.h:361:4 @[ ros2_caret_ws/install/include/rclcpp/rclcpp/any_subscription_callback.hpp:756:13 ] ] ] ] ] ] ]. Skipping.
Found a loop without a preheader at /usr/lib/gcc/aarch64-linux-gnu/11/../../../../include/c++/11/bits/stl_construct.h:162:4 @[ /usr/lib/gcc/aarch64-linux-gnu/11/../../../../include/c++/11/bits/stl_construct.h:195:7 @[ /usr/lib/gcc/aarch64-linux-gnu/11/../../../../include/c++/11/bits/alloc_traits.h:848:7 @[ /usr/lib/gcc/aarch64-linux-gnu/11/../../../../include/c++/11/bits/stl_vector.h:680:2 @[ install/tier4_perception_msgs/include/tier4_perception_msgs/tier4_perception_msgs/msg/detail/detected_objects_with_feature__struct.hpp:39:8 @[ /usr/lib/gcc/aarch64-linux-gnu/11/../../../../include/c++/11/bits/unique_ptr.h:85:2 @[ /usr/lib/gcc/aarch64-linux-gnu/11/../../../../include/c++/11/bits/unique_ptr.h:361:4 @[ ros2_caret_ws/install/include/rclcpp/rclcpp/any_subscription_callback.hpp:765:13 ] ] ] ] ] ] ]. Skipping.
Found a loop without a preheader at /usr/lib/gcc/aarch64-linux-gnu/11/../../../../include/c++/11/bits/stl_construct.h:162:4 @[ /usr/lib/gcc/aarch64-linux-gnu/11/../../../../include/c++/11/bits/stl_construct.h:195:7 @[ /usr/lib/gcc/aarch64-linux-gnu/11/../../../../include/c++/11/bits/alloc_traits.h:848:7 @[ /usr/lib/gcc/aarch64-linux-gnu/11/../../../../include/c++/11/bits/stl_vector.h:680:2 @[ install/tier4_perception_msgs/include/tier4_perception_msgs/tier4_perception_msgs/msg/detail/detected_objects_with_feature__struct.hpp:39:8 @[ /usr/lib/gcc/aarch64-linux-gnu/11/../../../../include/c++/11/bits/unique_ptr.h:85:2 @[ /usr/lib/gcc/aarch64-linux-gnu/11/../../../../include/c++/11/bits/unique_ptr.h:361:4 @[ ros2_caret_ws/install/include/rclcpp/rclcpp/any_subscription_callback.hpp:896:13 ] ] ] ] ] ] ]. Skipping.
Found a loop without a preheader at /usr/lib/gcc/aarch64-linux-gnu/11/../../../../include/c++/11/bits/stl_construct.h:162:4 @[ /usr/lib/gcc/aarch64-linux-gnu/11/../../../../include/c++/11/bits/stl_construct.h:195:7 @[ /usr/lib/gcc/aarch64-linux-gnu/11/../../../../include/c++/11/bits/alloc_traits.h:848:7 @[ /usr/lib/gcc/aarch64-linux-gnu/11/../../../../include/c++/11/bits/stl_vector.h:680:2 @[ install/tier4_perception_msgs/include/tier4_perception_msgs/tier4_perception_msgs/msg/detail/detected_objects_with_feature__struct.hpp:39:8 @[ /usr/lib/gcc/aarch64-linux-gnu/11/../../../../include/c++/11/bits/unique_ptr.h:85:2 @[ /usr/lib/gcc/aarch64-linux-gnu/11/../../../../include/c++/11/bits/unique_ptr.h:361:4 @[ ros2_caret_ws/install/include/rclcpp/rclcpp/any_subscription_callback.hpp:905:13 ] ] ] ] ] ] ]. Skipping.
Found a loop without a preheader at /usr/lib/gcc/aarch64-linux-gnu/11/../../../../include/c++/11/bits/stl_construct.h:162:4 @[ /usr/lib/gcc/aarch64-linux-gnu/11/../../../../include/c++/11/bits/stl_construct.h:195:7 @[ /usr/lib/gcc/aarch64-linux-gnu/11/../../../../include/c++/11/bits/alloc_traits.h:848:7 @[ /usr/lib/gcc/aarch64-linux-gnu/11/../../../../include/c++/11/bits/stl_vector.h:680:2 @[ install/tier4_perception_msgs/include/tier4_perception_msgs/tier4_perception_msgs/msg/detail/detected_objects_with_feature__struct.hpp:39:8 @[ /usr/lib/gcc/aarch64-linux-gnu/11/../../../../include/c++/11/bits/unique_ptr.h:85:2 @[ /usr/lib/gcc/aarch64-linux-gnu/11/../../../../include/c++/11/bits/unique_ptr.h:361:4 @[ ros2_caret_ws/install/include/rclcpp/rclcpp/any_subscription_callback.hpp:553:11 ] ] ] ] ] ] ]. Skipping.
Found a loop without a preheader at /usr/lib/gcc/aarch64-linux-gnu/11/../../../../include/c++/11/bits/stl_construct.h:162:4 @[ /usr/lib/gcc/aarch64-linux-gnu/11/../../../../include/c++/11/bits/stl_construct.h:195:7 @[ /usr/lib/gcc/aarch64-linux-gnu/11/../../../../include/c++/11/bits/alloc_traits.h:848:7 @[ /usr/lib/gcc/aarch64-linux-gnu/11/../../../../include/c++/11/bits/stl_vector.h:680:2 @[ install/tier4_perception_msgs/include/tier4_perception_msgs/tier4_perception_msgs/msg/detail/detected_objects_with_feature__struct.hpp:39:8 @[ /usr/lib/gcc/aarch64-linux-gnu/11/../../../../include/c++/11/bits/unique_ptr.h:85:2 @[ /usr/lib/gcc/aarch64-linux-gnu/11/../../../../include/c++/11/bits/unique_ptr.h:361:4 @[ ros2_caret_ws/install/include/rclcpp/rclcpp/any_subscription_callback.hpp:555:11 ] ] ] ] ] ] ]. Skipping.
Found a loop without a preheader at /usr/lib/gcc/aarch64-linux-gnu/11/../../../../include/c++/11/bits/stl_construct.h:162:4 @[ /usr/lib/gcc/aarch64-linux-gnu/11/../../../../include/c++/11/bits/stl_construct.h:195:7 @[ /usr/lib/gcc/aarch64-linux-gnu/11/../../../../include/c++/11/bits/alloc_traits.h:848:7 @[ /usr/lib/gcc/aarch64-linux-gnu/11/../../../../include/c++/11/bits/stl_vector.h:680:2 @[ install/tier4_perception_msgs/include/tier4_perception_msgs/tier4_perception_msgs/msg/detail/detected_objects_with_feature__struct.hpp:39:8 @[ /usr/lib/gcc/aarch64-linux-gnu/11/../../../../include/c++/11/ext/new_allocator.h:168:10 @[ /usr/lib/gcc/aarch64-linux-gnu/11/../../../../include/c++/11/bits/alloc_traits.h:535:8 @[ /usr/lib/gcc/aarch64-linux-gnu/11/../../../../include/c++/11/bits/shared_ptr_base.h:528:2 ] ] ] ] ] ] ]. Skipping.
Found a loop without a preheader at /usr/lib/gcc/aarch64-linux-gnu/11/../../../../include/c++/11/bits/stl_construct.h:162:4 @[ /usr/lib/gcc/aarch64-linux-gnu/11/../../../../include/c++/11/bits/stl_construct.h:195:7 @[ /usr/lib/gcc/aarch64-linux-gnu/11/../../../../include/c++/11/bits/alloc_traits.h:848:7 @[ /usr/lib/gcc/aarch64-linux-gnu/11/../../../../include/c++/11/bits/stl_vector.h:680:2 @[ ros2_caret_ws/install/include/rclcpp/rclcpp/subscription_content_filter_options.hpp:25:8 @[ ros2_caret_ws/install/include/rclcpp/rclcpp/subscription_options.hpp:39:8 ] ] ] ] ]. Skipping.
Found a loop without a preheader at /usr/lib/gcc/aarch64-linux-gnu/11/../../../../include/c++/11/bits/hashtable.h:1837:7 @[ /usr/lib/gcc/aarch64-linux-gnu/11/../../../../include/c++/11/bits/hashtable.h:810:31 @[ /usr/lib/gcc/aarch64-linux-gnu/11/../../../../include/c++/11/bits/hashtable_policy.h:704:30 ] ]. Skipping.
Found a loop without a preheader at /usr/lib/gcc/aarch64-linux-gnu/11/../../../../include/c++/11/bits/hashtable.h:1837:7 @[ /usr/lib/gcc/aarch64-linux-gnu/11/../../../../include/c++/11/bits/hashtable.h:810:31 @[ /usr/lib/gcc/aarch64-linux-gnu/11/../../../../include/c++/11/bits/hashtable_policy.h:704:30 ] ]. Skipping.
Found a loop without a preheader at /usr/lib/gcc/aarch64-linux-gnu/11/../../../../include/c++/11/bits/hashtable.h:2386:7. Skipping.
Found a loop without a preheader at /usr/lib/gcc/aarch64-linux-gnu/11/../../../../include/c++/11/bits/stl_construct.h:162:4 @[ /usr/lib/gcc/aarch64-linux-gnu/11/../../../../include/c++/11/bits/stl_construct.h:195:7 @[ /usr/lib/gcc/aarch64-linux-gnu/11/../../../../include/c++/11/bits/alloc_traits.h:848:7 @[ /usr/lib/gcc/aarch64-linux-gnu/11/../../../../include/c++/11/bits/stl_vector.h:680:2 @[ /usr/lib/gcc/aarch64-linux-gnu/11/../../../../include/c++/11/bits/stl_vector.h:1821:7 @[ /usr/lib/gcc/aarch64-linux-gnu/11/../../../../include/c++/11/bits/stl_vector.h:714:2 @[ /opt/ros/humble/include/sensor_msgs/sensor_msgs/msg/detail/point_cloud2__struct.hpp:39:8 ] ] ] ] ] ]. Skipping.
Found a loop without a preheader at /usr/lib/gcc/aarch64-linux-gnu/11/../../../../include/c++/11/bits/stl_construct.h:162:4 @[ /usr/lib/gcc/aarch64-linux-gnu/11/../../../../include/c++/11/bits/stl_construct.h:195:7 @[ /usr/lib/gcc/aarch64-linux-gnu/11/../../../../include/c++/11/bits/alloc_traits.h:848:7 @[ /usr/lib/gcc/aarch64-linux-gnu/11/../../../../include/c++/11/bits/stl_vector.h:680:2 @[ /usr/include/pcl-1.12/pcl/PCLPointCloud2.h:16:22 @[ /opt/ros/humble/include/pcl_conversions/pcl_conversions/pcl_conversions.h:565:3 ] ] ] ] ]. Skipping.
Found a loop without a preheader at /usr/lib/gcc/aarch64-linux-gnu/11/../../../../include/c++/11/bits/stl_uninitialized.h:1031:7 @[ /usr/lib/gcc/aarch64-linux-gnu/11/../../../../include/c++/11/bits/stl_uninitialized.h:1046:14 @[ /usr/lib/gcc/aarch64-linux-gnu/11/../../../../include/c++/11/bits/stl_vector.h:456:9 @[ /usr/lib/gcc/aarch64-linux-gnu/11/../../../../include/c++/11/bits/stl_vector.h:469:9 @[ /usr/lib/gcc/aarch64-linux-gnu/11/../../../../include/c++/11/bits/vector.tcc:466:23 ] ] ] ]. Skipping.
Found a loop without a preheader at /usr/lib/gcc/aarch64-linux-gnu/11/../../../../include/c++/11/bits/stl_uninitialized.h:1031:7 @[ /usr/lib/gcc/aarch64-linux-gnu/11/../../../../include/c++/11/bits/stl_uninitialized.h:1046:14 @[ /usr/lib/gcc/aarch64-linux-gnu/11/../../../../include/c++/11/bits/stl_vector.h:456:9 @[ /usr/lib/gcc/aarch64-linux-gnu/11/../../../../include/c++/11/bits/stl_vector.h:469:9 @[ /usr/lib/gcc/aarch64-linux-gnu/11/../../../../include/c++/11/bits/vector.tcc:461:23 ] ] ] ]. Skipping.
Found a loop without a preheader at /usr/lib/gcc/aarch64-linux-gnu/11/../../../../include/c++/11/bits/stl_uninitialized.h:1031:7 @[ /usr/lib/gcc/aarch64-linux-gnu/11/../../../../include/c++/11/bits/stl_uninitialized.h:1046:14 @[ /usr/lib/gcc/aarch64-linux-gnu/11/../../../../include/c++/11/bits/stl_vector.h:456:9 @[ /usr/lib/gcc/aarch64-linux-gnu/11/../../../../include/c++/11/bits/stl_vector.h:469:9 @[ /usr/lib/gcc/aarch64-linux-gnu/11/../../../../include/c++/11/bits/vector.tcc:466:23 ] ] ] ]. Skipping.
Found a loop without a preheader at /usr/lib/gcc/aarch64-linux-gnu/11/../../../../include/c++/11/bits/stl_uninitialized.h:1031:7 @[ /usr/lib/gcc/aarch64-linux-gnu/11/../../../../include/c++/11/bits/stl_uninitialized.h:1046:14 @[ /usr/lib/gcc/aarch64-linux-gnu/11/../../../../include/c++/11/bits/stl_vector.h:456:9 @[ /usr/lib/gcc/aarch64-linux-gnu/11/../../../../include/c++/11/bits/stl_vector.h:469:9 @[ /usr/lib/gcc/aarch64-linux-gnu/11/../../../../include/c++/11/bits/vector.tcc:461:23 ] ] ] ]. Skipping.
Found a loop without a preheader at /usr/lib/gcc/aarch64-linux-gnu/11/../../../../include/c++/11/bits/stl_uninitialized.h:1031:7 @[ /usr/lib/gcc/aarch64-linux-gnu/11/../../../../include/c++/11/bits/stl_uninitialized.h:1046:14 @[ /usr/lib/gcc/aarch64-linux-gnu/11/../../../../include/c++/11/bits/stl_vector.h:456:9 @[ /usr/lib/gcc/aarch64-linux-gnu/11/../../../../include/c++/11/bits/stl_vector.h:469:9 @[ /usr/lib/gcc/aarch64-linux-gnu/11/../../../../include/c++/11/bits/vector.tcc:466:23 ] ] ] ]. Skipping.
Found a loop without a preheader at /usr/lib/gcc/aarch64-linux-gnu/11/../../../../include/c++/11/bits/stl_uninitialized.h:1031:7 @[ /usr/lib/gcc/aarch64-linux-gnu/11/../../../../include/c++/11/bits/stl_uninitialized.h:1046:14 @[ /usr/lib/gcc/aarch64-linux-gnu/11/../../../../include/c++/11/bits/stl_vector.h:456:9 @[ /usr/lib/gcc/aarch64-linux-gnu/11/../../../../include/c++/11/bits/stl_vector.h:469:9 @[ /usr/lib/gcc/aarch64-linux-gnu/11/../../../../include/c++/11/bits/vector.tcc:461:23 ] ] ] ]. Skipping.
Found a loop without a preheader at /usr/lib/gcc/aarch64-linux-gnu/11/../../../../include/c++/11/bits/stl_uninitialized.h:1031:7 @[ /usr/lib/gcc/aarch64-linux-gnu/11/../../../../include/c++/11/bits/stl_uninitialized.h:1046:14 @[ /usr/lib/gcc/aarch64-linux-gnu/11/../../../../include/c++/11/bits/stl_vector.h:456:9 @[ /usr/lib/gcc/aarch64-linux-gnu/11/../../../../include/c++/11/bits/stl_vector.h:469:9 @[ /usr/lib/gcc/aarch64-linux-gnu/11/../../../../include/c++/11/bits/vector.tcc:466:23 ] ] ] ]. Skipping.
Found a loop without a preheader at /usr/lib/gcc/aarch64-linux-gnu/11/../../../../include/c++/11/bits/stl_uninitialized.h:1031:7 @[ /usr/lib/gcc/aarch64-linux-gnu/11/../../../../include/c++/11/bits/stl_uninitialized.h:1046:14 @[ /usr/lib/gcc/aarch64-linux-gnu/11/../../../../include/c++/11/bits/stl_vector.h:456:9 @[ /usr/lib/gcc/aarch64-linux-gnu/11/../../../../include/c++/11/bits/stl_vector.h:469:9 @[ /usr/lib/gcc/aarch64-linux-gnu/11/../../../../include/c++/11/bits/vector.tcc:461:23 ] ] ] ]. Skipping.
Found a loop without a preheader at /usr/lib/gcc/aarch64-linux-gnu/11/../../../../include/c++/11/bits/stl_construct.h:162:4 @[ /usr/lib/gcc/aarch64-linux-gnu/11/../../../../include/c++/11/bits/stl_construct.h:195:7 @[ /usr/lib/gcc/aarch64-linux-gnu/11/../../../../include/c++/11/bits/alloc_traits.h:848:7 @[ /usr/lib/gcc/aarch64-linux-gnu/11/../../../../include/c++/11/bits/stl_vector.h:1796:6 @[ /usr/lib/gcc/aarch64-linux-gnu/11/../../../../include/c++/11/bits/stl_vector.h:1499:9 @[ /usr/include/pcl-1.12/pcl/conversions.h:262:16 ] ] ] ] ]. Skipping.
Found a loop without a preheader at /usr/lib/gcc/aarch64-linux-gnu/11/../../../../include/c++/11/bits/stl_construct.h:162:4 @[ /usr/lib/gcc/aarch64-linux-gnu/11/../../../../include/c++/11/bits/stl_construct.h:195:7 @[ /usr/lib/gcc/aarch64-linux-gnu/11/../../../../include/c++/11/bits/alloc_traits.h:848:7 @[ /usr/lib/gcc/aarch64-linux-gnu/11/../../../../include/c++/11/bits/stl_vector.h:680:2 @[ /usr/include/pcl-1.12/pcl/PCLPointCloud2.h:16:22 ] ] ] ]. Skipping.
Found a loop without a preheader at /usr/lib/gcc/aarch64-linux-gnu/11/../../../../include/c++/11/bits/stl_uninitialized.h:1031:7 @[ /usr/lib/gcc/aarch64-linux-gnu/11/../../../../include/c++/11/bits/stl_uninitialized.h:1046:14 @[ /usr/lib/gcc/aarch64-linux-gnu/11/../../../../include/c++/11/bits/stl_vector.h:456:9 @[ /usr/lib/gcc/aarch64-linux-gnu/11/../../../../include/c++/11/bits/stl_vector.h:469:9 @[ /usr/lib/gcc/aarch64-linux-gnu/11/../../../../include/c++/11/bits/vector.tcc:466:23 ] ] ] ]. Skipping.
Found a loop without a preheader at /usr/lib/gcc/aarch64-linux-gnu/11/../../../../include/c++/11/bits/stl_uninitialized.h:1031:7 @[ /usr/lib/gcc/aarch64-linux-gnu/11/../../../../include/c++/11/bits/stl_uninitialized.h:1046:14 @[ /usr/lib/gcc/aarch64-linux-gnu/11/../../../../include/c++/11/bits/stl_vector.h:456:9 @[ /usr/lib/gcc/aarch64-linux-gnu/11/../../../../include/c++/11/bits/stl_vector.h:469:9 @[ /usr/lib/gcc/aarch64-linux-gnu/11/../../../../include/c++/11/bits/vector.tcc:461:23 ] ] ] ]. Skipping.
Found a loop without a preheader at /opt/ros/humble/include/pcl_conversions/pcl_conversions/pcl_conversions.h:217:5 @[ /opt/ros/humble/include/pcl_conversions/pcl_conversions/pcl_conversions.h:250:5 ]. Skipping.
Found a loop without a preheader at /usr/lib/gcc/aarch64-linux-gnu/11/../../../../include/c++/11/bits/stl_construct.h:162:4 @[ /usr/lib/gcc/aarch64-linux-gnu/11/../../../../include/c++/11/bits/stl_construct.h:195:7 @[ /usr/lib/gcc/aarch64-linux-gnu/11/../../../../include/c++/11/bits/alloc_traits.h:848:7 @[ /usr/lib/gcc/aarch64-linux-gnu/11/../../../../include/c++/11/bits/stl_vector.h:1796:6 @[ /usr/lib/gcc/aarch64-linux-gnu/11/../../../../include/c++/11/bits/stl_vector.h:942:4 @[ /opt/ros/humble/include/pcl_conversions/pcl_conversions/pcl_conversions.h:214:9 @[ /opt/ros/humble/include/pcl_conversions/pcl_conversions/pcl_conversions.h:250:5 ] ] ] ] ] ]. Skipping.
Found a loop without a preheader at /usr/lib/gcc/aarch64-linux-gnu/11/../../../../include/c++/11/bits/stl_uninitialized.h:1031:7 @[ /usr/lib/gcc/aarch64-linux-gnu/11/../../../../include/c++/11/bits/stl_uninitialized.h:1046:14 @[ /usr/lib/gcc/aarch64-linux-gnu/11/../../../../include/c++/11/bits/stl_vector.h:456:9 @[ /usr/lib/gcc/aarch64-linux-gnu/11/../../../../include/c++/11/bits/stl_vector.h:469:9 @[ /usr/lib/gcc/aarch64-linux-gnu/11/../../../../include/c++/11/bits/vector.tcc:648:5 ] ] ] ]. Skipping.
Found a loop without a preheader at /usr/lib/gcc/aarch64-linux-gnu/11/../../../../include/c++/11/bits/stl_uninitialized.h:578:8. Skipping.
Found a loop without a preheader at /usr/lib/gcc/aarch64-linux-gnu/11/../../../../include/c++/11/bits/stl_uninitialized.h:1031:7 @[ /usr/lib/gcc/aarch64-linux-gnu/11/../../../../include/c++/11/bits/stl_uninitialized.h:1046:14 @[ /usr/lib/gcc/aarch64-linux-gnu/11/../../../../include/c++/11/bits/stl_vector.h:456:9 ] ]. Skipping.
Found a loop without a preheader at /usr/lib/gcc/aarch64-linux-gnu/11/../../../../include/c++/11/bits/stl_construct.h:162:4 @[ /usr/lib/gcc/aarch64-linux-gnu/11/../../../../include/c++/11/bits/stl_construct.h:195:7 @[ /usr/lib/gcc/aarch64-linux-gnu/11/../../../../include/c++/11/bits/alloc_traits.h:848:7 @[ /usr/lib/gcc/aarch64-linux-gnu/11/../../../../include/c++/11/bits/stl_vector.h:680:2 @[ install/tier4_perception_msgs/include/tier4_perception_msgs/tier4_perception_msgs/msg/detail/detected_objects_with_feature__struct.hpp:39:8 @[ /usr/lib/gcc/aarch64-linux-gnu/11/../../../../include/c++/11/bits/unique_ptr.h:85:2 @[ /usr/lib/gcc/aarch64-linux-gnu/11/../../../../include/c++/11/bits/unique_ptr.h:361:4 @[ ros2_caret_ws/install/include/rclcpp/rclcpp/publisher.hpp:308:5 ] ] ] ] ] ] ]. Skipping.
Found a loop without a preheader at /usr/lib/gcc/aarch64-linux-gnu/11/../../../../include/c++/11/bits/hashtable.h:1837:7 @[ /usr/lib/gcc/aarch64-linux-gnu/11/../../../../include/c++/11/bits/hashtable.h:810:31 @[ /usr/lib/gcc/aarch64-linux-gnu/11/../../../../include/c++/11/bits/hashtable.h:1595:23 ] ]. Skipping.
Found a loop without a preheader at /usr/lib/gcc/aarch64-linux-gnu/11/../../../../include/c++/11/bits/hashtable.h:1837:7 @[ /usr/lib/gcc/aarch64-linux-gnu/11/../../../../include/c++/11/bits/hashtable.h:810:31 @[ /usr/lib/gcc/aarch64-linux-gnu/11/../../../../include/c++/11/bits/hashtable.h:1595:23 ] ]. Skipping.
Found a loop without an exit block at /usr/lib/gcc/aarch64-linux-gnu/11/../../../../include/c++/11/bits/shared_ptr_base.h:259:7 @[ /usr/lib/gcc/aarch64-linux-gnu/11/../../../../include/c++/11/bits/shared_ptr_base.h:872:39 @[ /usr/lib/gcc/aarch64-linux-gnu/11/../../../../include/c++/11/bits/shared_ptr_base.h:1178:4 @[ /usr/lib/gcc/aarch64-linux-gnu/11/../../../../include/c++/11/bits/shared_ptr.h:326:4 @[ /usr/lib/gcc/aarch64-linux-gnu/11/../../../../include/c++/11/bits/shared_ptr.h:808:16 @[ ros2_caret_ws/install/include/rclcpp/rclcpp/publisher.hpp:207:70 ] ] ] ] ]. Skipping.
Found a loop without a preheader at /usr/lib/gcc/aarch64-linux-gnu/11/../../../../include/c++/11/bits/hashtable.h:1837:7 @[ /usr/lib/gcc/aarch64-linux-gnu/11/../../../../include/c++/11/bits/hashtable.h:810:31 @[ /usr/lib/gcc/aarch64-linux-gnu/11/../../../../include/c++/11/bits/hashtable.h:1970:23 ] ]. Skipping.
Found a loop without a preheader at /usr/lib/gcc/aarch64-linux-gnu/11/../../../../include/c++/11/bits/hashtable.h:1837:7 @[ /usr/lib/gcc/aarch64-linux-gnu/11/../../../../include/c++/11/bits/hashtable.h:810:31 @[ /usr/lib/gcc/aarch64-linux-gnu/11/../../../../include/c++/11/bits/hashtable_policy.h:704:30 ] ]. Skipping.
Found a loop without a preheader at /usr/lib/gcc/aarch64-linux-gnu/11/../../../../include/c++/11/bits/hashtable.h:1837:7 @[ /usr/lib/gcc/aarch64-linux-gnu/11/../../../../include/c++/11/bits/hashtable.h:810:31 @[ /usr/lib/gcc/aarch64-linux-gnu/11/../../../../include/c++/11/bits/hashtable_policy.h:704:30 ] ]. Skipping.
Found a loop without a preheader at /usr/lib/gcc/aarch64-linux-gnu/11/../../../../include/c++/11/bits/hashtable.h:2386:7. Skipping.
Found a loop without a preheader at /usr/lib/gcc/aarch64-linux-gnu/11/../../../../include/c++/11/bits/stl_construct.h:162:4 @[ /usr/lib/gcc/aarch64-linux-gnu/11/../../../../include/c++/11/bits/stl_construct.h:195:7 @[ /usr/lib/gcc/aarch64-linux-gnu/11/../../../../include/c++/11/bits/alloc_traits.h:848:7 @[ /usr/lib/gcc/aarch64-linux-gnu/11/../../../../include/c++/11/bits/stl_vector.h:680:2 @[ install/tier4_perception_msgs/include/tier4_perception_msgs/tier4_perception_msgs/msg/detail/detected_objects_with_feature__struct.hpp:39:8 @[ /usr/lib/gcc/aarch64-linux-gnu/11/../../../../include/c++/11/bits/unique_ptr.h:85:2 @[ /usr/lib/gcc/aarch64-linux-gnu/11/../../../../include/c++/11/bits/unique_ptr.h:361:4 @[ ros2_caret_ws/install/include/rclcpp/rclcpp/publisher.hpp:273:9 ] ] ] ] ] ] ]. Skipping.
Found a loop without a preheader at /usr/lib/gcc/aarch64-linux-gnu/11/../../../../include/c++/11/bits/stl_construct.h:162:4 @[ /usr/lib/gcc/aarch64-linux-gnu/11/../../../../include/c++/11/bits/stl_construct.h:195:7 @[ /usr/lib/gcc/aarch64-linux-gnu/11/../../../../include/c++/11/bits/alloc_traits.h:848:7 @[ /usr/lib/gcc/aarch64-linux-gnu/11/../../../../include/c++/11/bits/stl_vector.h:680:2 @[ install/tier4_perception_msgs/include/tier4_perception_msgs/tier4_perception_msgs/msg/detail/detected_objects_with_feature__struct.hpp:39:8 @[ /usr/lib/gcc/aarch64-linux-gnu/11/../../../../include/c++/11/bits/unique_ptr.h:85:2 @[ /usr/lib/gcc/aarch64-linux-gnu/11/../../../../include/c++/11/bits/unique_ptr.h:361:4 @[ ros2_caret_ws/install/include/rclcpp/rclcpp/publisher.hpp:276:7 ] ] ] ] ] ] ]. Skipping.
Found a loop without a preheader at /usr/lib/gcc/aarch64-linux-gnu/11/../../../../include/c++/11/bits/stl_construct.h:162:4 @[ /usr/lib/gcc/aarch64-linux-gnu/11/../../../../include/c++/11/bits/stl_construct.h:195:7 @[ /usr/lib/gcc/aarch64-linux-gnu/11/../../../../include/c++/11/bits/alloc_traits.h:848:7 @[ /usr/lib/gcc/aarch64-linux-gnu/11/../../../../include/c++/11/bits/stl_vector.h:680:2 @[ install/tier4_perception_msgs/include/tier4_perception_msgs/tier4_perception_msgs/msg/detail/detected_objects_with_feature__struct.hpp:39:8 @[ /usr/lib/gcc/aarch64-linux-gnu/11/../../../../include/c++/11/bits/unique_ptr.h:85:2 @[ /usr/lib/gcc/aarch64-linux-gnu/11/../../../../include/c++/11/bits/unique_ptr.h:361:4 @[ ros2_caret_ws/install/include/rclcpp/rclcpp/publisher.hpp:574:5 ] ] ] ] ] ] ]. Skipping.
Found a loop without an exit block at /usr/lib/gcc/aarch64-linux-gnu/11/../../../../include/c++/11/bits/shared_ptr_base.h:259:7 @[ /usr/lib/gcc/aarch64-linux-gnu/11/../../../../include/c++/11/bits/shared_ptr_base.h:883:28 @[ /usr/lib/gcc/aarch64-linux-gnu/11/../../../../include/c++/11/bits/shared_ptr_base.h:1353:9 @[ /usr/lib/gcc/aarch64-linux-gnu/11/../../../../include/c++/11/bits/shared_ptr.h:418:9 @[ /usr/lib/gcc/aarch64-linux-gnu/11/../../../../include/c++/11/bits/shared_ptr.h:750:16 @[ ros2_caret_ws/install/include/rclcpp/rclcpp/publisher.hpp:561:26 ] ] ] ] ]. Skipping.
Found a loop without a preheader at /usr/lib/gcc/aarch64-linux-gnu/11/../../../../include/c++/11/bits/stl_construct.h:162:4 @[ /usr/lib/gcc/aarch64-linux-gnu/11/../../../../include/c++/11/bits/stl_construct.h:195:7 @[ /usr/lib/gcc/aarch64-linux-gnu/11/../../../../include/c++/11/bits/alloc_traits.h:848:7 @[ /usr/lib/gcc/aarch64-linux-gnu/11/../../../../include/c++/11/bits/stl_vector.h:680:2 @[ install/tier4_perception_msgs/include/tier4_perception_msgs/tier4_perception_msgs/msg/detail/detected_objects_with_feature__struct.hpp:39:8 @[ /usr/lib/gcc/aarch64-linux-gnu/11/../../../../include/c++/11/bits/unique_ptr.h:85:2 @[ /usr/lib/gcc/aarch64-linux-gnu/11/../../../../include/c++/11/bits/unique_ptr.h:361:4 @[ ros2_caret_ws/install/include/rclcpp/rclcpp/publisher.hpp:551:5 ] ] ] ] ] ] ]. Skipping.
Found a loop without an exit block at /usr/lib/gcc/aarch64-linux-gnu/11/../../../../include/c++/11/bits/shared_ptr_base.h:259:7 @[ /usr/lib/gcc/aarch64-linux-gnu/11/../../../../include/c++/11/bits/shared_ptr_base.h:883:28 @[ /usr/lib/gcc/aarch64-linux-gnu/11/../../../../include/c++/11/bits/shared_ptr_base.h:1353:9 @[ /usr/lib/gcc/aarch64-linux-gnu/11/../../../../include/c++/11/bits/shared_ptr.h:418:9 @[ /usr/lib/gcc/aarch64-linux-gnu/11/../../../../include/c++/11/bits/shared_ptr.h:750:16 @[ ros2_caret_ws/install/include/rclcpp/rclcpp/publisher.hpp:537:26 ] ] ] ] ]. Skipping.
Found a loop without a preheader at /usr/lib/gcc/aarch64-linux-gnu/11/../../../../include/c++/11/bits/stl_construct.h:162:4 @[ /usr/lib/gcc/aarch64-linux-gnu/11/../../../../include/c++/11/bits/stl_construct.h:195:7 @[ /usr/lib/gcc/aarch64-linux-gnu/11/../../../../include/c++/11/bits/alloc_traits.h:848:7 @[ /usr/lib/gcc/aarch64-linux-gnu/11/../../../../include/c++/11/bits/stl_vector.h:680:2 @[ install/tier4_perception_msgs/include/tier4_perception_msgs/tier4_perception_msgs/msg/detail/detected_objects_with_feature__struct.hpp:39:8 @[ /usr/lib/gcc/aarch64-linux-gnu/11/../../../../include/c++/11/bits/unique_ptr.h:85:2 @[ /usr/lib/gcc/aarch64-linux-gnu/11/../../../../include/c++/11/bits/unique_ptr.h:361:4 @[ ros2_caret_ws/install/include/rclcpp/rclcpp/experimental/intra_process_manager.hpp:290:9 ] ] ] ] ] ] ]. Skipping.
Found a loop without a preheader at /usr/lib/gcc/aarch64-linux-gnu/11/../../../../include/c++/11/bits/hashtable.h:1837:7 @[ /usr/lib/gcc/aarch64-linux-gnu/11/../../../../include/c++/11/bits/hashtable.h:810:31 @[ /usr/lib/gcc/aarch64-linux-gnu/11/../../../../include/c++/11/bits/hashtable.h:1595:23 @[ /usr/lib/gcc/aarch64-linux-gnu/11/../../../../include/c++/11/bits/unordered_map.h:869:21 @[ ros2_caret_ws/install/include/rclcpp/rclcpp/experimental/intra_process_manager.hpp:260:38 ] ] ] ]. Skipping.
Found a loop without an exit block at /usr/lib/gcc/aarch64-linux-gnu/11/../../../../include/c++/11/shared_mutex:228:7 @[ /usr/lib/gcc/aarch64-linux-gnu/11/../../../../include/c++/11/shared_mutex:489:33 @[ /usr/lib/gcc/aarch64-linux-gnu/11/../../../../include/c++/11/shared_mutex:727:13 @[ ros2_caret_ws/install/include/rclcpp/rclcpp/experimental/intra_process_manager.hpp:258:47 ] ] ]. Skipping.
Found a loop without an exit block at ros2_caret_ws/install/include/rclcpp/rclcpp/experimental/intra_process_manager.hpp:363:5. Skipping.
Found a loop without an exit block at ros2_caret_ws/install/include/rclcpp/rclcpp/experimental/intra_process_manager.hpp:442:5. Skipping.
Found a loop without a preheader at /usr/lib/gcc/aarch64-linux-gnu/11/../../../../include/c++/11/bits/stl_construct.h:162:4 @[ /usr/lib/gcc/aarch64-linux-gnu/11/../../../../include/c++/11/bits/stl_construct.h:195:7 @[ /usr/lib/gcc/aarch64-linux-gnu/11/../../../../include/c++/11/bits/alloc_traits.h:848:7 @[ /usr/lib/gcc/aarch64-linux-gnu/11/../../../../include/c++/11/bits/stl_vector.h:680:2 @[ install/tier4_perception_msgs/include/tier4_perception_msgs/tier4_perception_msgs/msg/detail/detected_objects_with_feature__struct.hpp:39:8 @[ /usr/lib/gcc/aarch64-linux-gnu/11/../../../../include/c++/11/bits/unique_ptr.h:85:2 @[ /usr/lib/gcc/aarch64-linux-gnu/11/../../../../include/c++/11/bits/unique_ptr.h:361:4 @[ ros2_caret_ws/install/include/rclcpp/rclcpp/experimental/subscription_intra_process_buffer.hpp:155:5 ] ] ] ] ] ] ]. Skipping.
Found a loop without a preheader at /usr/lib/gcc/aarch64-linux-gnu/11/../../../../include/c++/11/bits/stl_construct.h:162:4 @[ /usr/lib/gcc/aarch64-linux-gnu/11/../../../../include/c++/11/bits/stl_construct.h:195:7 @[ /usr/lib/gcc/aarch64-linux-gnu/11/../../../../include/c++/11/bits/alloc_traits.h:848:7 @[ /usr/lib/gcc/aarch64-linux-gnu/11/../../../../include/c++/11/bits/stl_vector.h:680:2 @[ install/tier4_perception_msgs/include/tier4_perception_msgs/tier4_perception_msgs/msg/detail/detected_objects_with_feature__struct.hpp:39:8 @[ /usr/lib/gcc/aarch64-linux-gnu/11/../../../../include/c++/11/bits/unique_ptr.h:85:2 @[ /usr/lib/gcc/aarch64-linux-gnu/11/../../../../include/c++/11/bits/unique_ptr.h:361:4 @[ ros2_caret_ws/install/include/rclcpp/rclcpp/experimental/intra_process_manager.hpp:224:7 ] ] ] ] ] ] ]. Skipping.
Found a loop without a preheader at /usr/lib/gcc/aarch64-linux-gnu/11/../../../../include/c++/11/bits/stl_construct.h:162:4 @[ /usr/lib/gcc/aarch64-linux-gnu/11/../../../../include/c++/11/bits/stl_construct.h:195:7 @[ /usr/lib/gcc/aarch64-linux-gnu/11/../../../../include/c++/11/bits/alloc_traits.h:848:7 @[ /usr/lib/gcc/aarch64-linux-gnu/11/../../../../include/c++/11/bits/stl_vector.h:680:2 @[ install/tier4_perception_msgs/include/tier4_perception_msgs/tier4_perception_msgs/msg/detail/detected_objects_with_feature__struct.hpp:39:8 @[ /usr/lib/gcc/aarch64-linux-gnu/11/../../../../include/c++/11/bits/unique_ptr.h:85:2 @[ /usr/lib/gcc/aarch64-linux-gnu/11/../../../../include/c++/11/bits/unique_ptr.h:361:4 @[ ros2_caret_ws/install/include/rclcpp/rclcpp/experimental/intra_process_manager.hpp:238:7 ] ] ] ] ] ] ]. Skipping.
Found a loop without a preheader at /usr/lib/gcc/aarch64-linux-gnu/11/../../../../include/c++/11/bits/hashtable.h:1837:7 @[ /usr/lib/gcc/aarch64-linux-gnu/11/../../../../include/c++/11/bits/hashtable.h:810:31 @[ /usr/lib/gcc/aarch64-linux-gnu/11/../../../../include/c++/11/bits/hashtable.h:1595:23 @[ /usr/lib/gcc/aarch64-linux-gnu/11/../../../../include/c++/11/bits/unordered_map.h:869:21 @[ ros2_caret_ws/install/include/rclcpp/rclcpp/experimental/intra_process_manager.hpp:196:38 ] ] ] ]. Skipping.
Found a loop without an exit block at /usr/lib/gcc/aarch64-linux-gnu/11/../../../../include/c++/11/shared_mutex:228:7 @[ /usr/lib/gcc/aarch64-linux-gnu/11/../../../../include/c++/11/shared_mutex:489:33 @[ /usr/lib/gcc/aarch64-linux-gnu/11/../../../../include/c++/11/shared_mutex:727:13 @[ ros2_caret_ws/install/include/rclcpp/rclcpp/experimental/intra_process_manager.hpp:194:47 ] ] ]. Skipping.
1 warning generated.
---
[Processing: autoware_shape_estimation]
[Processing: autoware_shape_estimation]
[Processing: autoware_shape_estimation]
[Processing: autoware_shape_estimation]
[Processing: autoware_shape_estimation]
[Processing: autoware_shape_estimation]
[Processing: autoware_shape_estimation]
[Processing: autoware_shape_estimation]
[Processing: autoware_shape_estimation]
[Processing: autoware_shape_estimation]
[Processing: autoware_shape_estimation]
Finished <<< autoware_shape_estimation [5min 38s]

Summary: 1 package finished [5min 42s]
  1 package had stderr output: autoware_shape_estimation
