Starting >>> autoware_map_based_prediction
[4.154s] WARNING:colcon.colcon_core.shell:The following packages are in the workspace but haven't been built:
- autoware_adapi_v1_msgs
- autoware_common_msgs
- autoware_internal_debug_msgs
- autoware_internal_metric_msgs
- autoware_lint_common
- autoware_map_msgs
- autoware_perception_msgs
- glog
- autoware_cmake
- autoware_internal_perception_msgs
- autoware_planning_msgs
- autoware_internal_planning_msgs
- autoware_lanelet2_extension
- autoware_pyplot
- autoware_utils_diagnostics
- autoware_utils_logging
- autoware_utils_math
- autoware_utils_rclcpp
- autoware_utils_system
- autoware_utils_uuid
- autoware_utils_visualization
- autoware_vehicle_msgs
- autoware_internal_msgs
- autoware_utils_geometry
- autoware_interpolation
- autoware_test_utils
- autoware_utils_debug
- autoware_utils_tf
- autoware_lanelet2_utils
- autoware_motion_utils
- autoware_object_recognition_utils
- autoware_utils_pcl
- autoware_utils
They are being used from the following locations instead:
- /home/tristan-toye/Autoware-47-installation-Nvidia-Jetson-Orin-AGX/autoware/install/autoware_adapi_v1_msgs
- /home/tristan-toye/Autoware-47-installation-Nvidia-Jetson-Orin-AGX/autoware/install/autoware_common_msgs
- /home/tristan-toye/Autoware-47-installation-Nvidia-Jetson-Orin-AGX/autoware/install/autoware_internal_debug_msgs
- /home/tristan-toye/Autoware-47-installation-Nvidia-Jetson-Orin-AGX/autoware/install/autoware_internal_metric_msgs
- /home/tristan-toye/Autoware-47-installation-Nvidia-Jetson-Orin-AGX/autoware/install/autoware_lint_common
- /home/tristan-toye/Autoware-47-installation-Nvidia-Jetson-Orin-AGX/autoware/install/autoware_map_msgs
- /home/tristan-toye/Autoware-47-installation-Nvidia-Jetson-Orin-AGX/autoware/install/autoware_perception_msgs
- /home/tristan-toye/Autoware-47-installation-Nvidia-Jetson-Orin-AGX/autoware/install/glog
- /home/tristan-toye/Autoware-47-installation-Nvidia-Jetson-Orin-AGX/autoware/install/autoware_cmake
- /home/tristan-toye/Autoware-47-installation-Nvidia-Jetson-Orin-AGX/autoware/install/autoware_internal_perception_msgs
- /home/tristan-toye/Autoware-47-installation-Nvidia-Jetson-Orin-AGX/autoware/install/autoware_planning_msgs
- /home/tristan-toye/Autoware-47-installation-Nvidia-Jetson-Orin-AGX/autoware/install/autoware_internal_planning_msgs
- /home/tristan-toye/Autoware-47-installation-Nvidia-Jetson-Orin-AGX/autoware/install/autoware_lanelet2_extension
- /home/tristan-toye/Autoware-47-installation-Nvidia-Jetson-Orin-AGX/autoware/install/autoware_pyplot
- /home/tristan-toye/Autoware-47-installation-Nvidia-Jetson-Orin-AGX/autoware/install/autoware_utils_diagnostics
- /home/tristan-toye/Autoware-47-installation-Nvidia-Jetson-Orin-AGX/autoware/install/autoware_utils_logging
- /home/tristan-toye/Autoware-47-installation-Nvidia-Jetson-Orin-AGX/autoware/install/autoware_utils_math
- /home/tristan-toye/Autoware-47-installation-Nvidia-Jetson-Orin-AGX/autoware/install/autoware_utils_rclcpp
- /home/tristan-toye/Autoware-47-installation-Nvidia-Jetson-Orin-AGX/autoware/install/autoware_utils_system
- /home/tristan-toye/Autoware-47-installation-Nvidia-Jetson-Orin-AGX/autoware/install/autoware_utils_uuid
- /home/tristan-toye/Autoware-47-installation-Nvidia-Jetson-Orin-AGX/autoware/install/autoware_utils_visualization
- /home/tristan-toye/Autoware-47-installation-Nvidia-Jetson-Orin-AGX/autoware/install/autoware_vehicle_msgs
- /home/tristan-toye/Autoware-47-installation-Nvidia-Jetson-Orin-AGX/autoware/install/autoware_internal_msgs
- /home/tristan-toye/Autoware-47-installation-Nvidia-Jetson-Orin-AGX/autoware/install/autoware_utils_geometry
- /home/tristan-toye/Autoware-47-installation-Nvidia-Jetson-Orin-AGX/autoware/install/autoware_interpolation
- /home/tristan-toye/Autoware-47-installation-Nvidia-Jetson-Orin-AGX/autoware/install/autoware_test_utils
- /home/tristan-toye/Autoware-47-installation-Nvidia-Jetson-Orin-AGX/autoware/install/autoware_utils_debug
- /home/tristan-toye/Autoware-47-installation-Nvidia-Jetson-Orin-AGX/autoware/install/autoware_utils_tf
- /home/tristan-toye/Autoware-47-installation-Nvidia-Jetson-Orin-AGX/autoware/install/autoware_lanelet2_utils
- /home/tristan-toye/Autoware-47-installation-Nvidia-Jetson-Orin-AGX/autoware/install/autoware_motion_utils
- /home/tristan-toye/Autoware-47-installation-Nvidia-Jetson-Orin-AGX/autoware/install/autoware_object_recognition_utils
- /home/tristan-toye/Autoware-47-installation-Nvidia-Jetson-Orin-AGX/autoware/install/autoware_utils_pcl
- /home/tristan-toye/Autoware-47-installation-Nvidia-Jetson-Orin-AGX/autoware/install/autoware_utils
To suppress this warning ignore these packages in the workspace:
--packages-ignore autoware_adapi_v1_msgs autoware_common_msgs autoware_internal_debug_msgs autoware_internal_metric_msgs autoware_lint_common autoware_map_msgs autoware_perception_msgs glog autoware_cmake autoware_internal_perception_msgs autoware_planning_msgs autoware_internal_planning_msgs autoware_lanelet2_extension autoware_pyplot autoware_utils_diagnostics autoware_utils_logging autoware_utils_math autoware_utils_rclcpp autoware_utils_system autoware_utils_uuid autoware_utils_visualization autoware_vehicle_msgs autoware_internal_msgs autoware_utils_geometry autoware_interpolation autoware_test_utils autoware_utils_debug autoware_utils_tf autoware_lanelet2_utils autoware_motion_utils autoware_object_recognition_utils autoware_utils_pcl autoware_utils
--- stderr: autoware_map_based_prediction
In this package, headers install destination is set to `include` by ament_auto_package. It is recommended to install `include/autoware_map_based_prediction` instead and will be the default behavior of ament_auto_package from ROS 2 Kilted Kaiju. On distributions before Kilted, ament_auto_package behaves the same way when you use USE_SCOPED_HEADER_INSTALL_DIR option.
CMake Warning at /opt/ros/humble/share/ament_cmake_auto/cmake/ament_auto_add_library.cmake:66 (add_library):
  Cannot generate a safe runtime search path for target
  map_based_prediction_node because there is a cycle in the constraint graph:

    dir 0 is [/home/tristan-toye/Autoware-47-installation-Nvidia-Jetson-Orin-AGX/autoware/install/autoware_internal_debug_msgs/lib]
    dir 1 is [/opt/ros/humble/lib]
      dir 15 must precede it due to runtime library [libcomponent_manager.so]
    dir 2 is [/opt/ros/humble/lib/aarch64-linux-gnu]
    dir 3 is [/home/tristan-toye/Autoware-47-installation-Nvidia-Jetson-Orin-AGX/autoware/install/autoware_lanelet2_extension/lib]
    dir 4 is [/home/tristan-toye/Autoware-47-installation-Nvidia-Jetson-Orin-AGX/autoware/install/autoware_map_msgs/lib]
    dir 5 is [/home/tristan-toye/Autoware-47-installation-Nvidia-Jetson-Orin-AGX/autoware/install/autoware_lanelet2_utils/lib]
    dir 6 is [/home/tristan-toye/Autoware-47-installation-Nvidia-Jetson-Orin-AGX/autoware/install/autoware_adapi_v1_msgs/lib]
    dir 7 is [/home/tristan-toye/Autoware-47-installation-Nvidia-Jetson-Orin-AGX/autoware/install/autoware_vehicle_msgs/lib]
    dir 8 is [/home/tristan-toye/Autoware-47-installation-Nvidia-Jetson-Orin-AGX/autoware/install/autoware_motion_utils/lib]
    dir 9 is [/home/tristan-toye/Autoware-47-installation-Nvidia-Jetson-Orin-AGX/autoware/install/autoware_interpolation/lib]
    dir 10 is [/home/tristan-toye/Autoware-47-installation-Nvidia-Jetson-Orin-AGX/autoware/install/autoware_object_recognition_utils/lib]
    dir 11 is [/home/tristan-toye/Autoware-47-installation-Nvidia-Jetson-Orin-AGX/autoware/install/autoware_internal_msgs/lib]
    dir 12 is [/home/tristan-toye/Autoware-47-installation-Nvidia-Jetson-Orin-AGX/autoware/install/autoware_utils_debug/lib]
    dir 13 is [/home/tristan-toye/Autoware-47-installation-Nvidia-Jetson-Orin-AGX/autoware/install/autoware_utils_diagnostics/lib]
    dir 14 is [/home/tristan-toye/Autoware-47-installation-Nvidia-Jetson-Orin-AGX/autoware/install/autoware_utils_logging/lib]
    dir 15 is [/home/tristan-toye/Autoware-47-installation-Nvidia-Jetson-Orin-AGX/ros2_caret_ws/install/lib]
      dir 1 must precede it due to runtime library [librcl_yaml_param_parser.so]
    dir 16 is [/home/tristan-toye/Autoware-47-installation-Nvidia-Jetson-Orin-AGX/autoware/install/autoware_utils_system/lib]
    dir 17 is [/home/tristan-toye/Autoware-47-installation-Nvidia-Jetson-Orin-AGX/autoware/install/autoware_common_msgs/lib]
    dir 18 is [/home/tristan-toye/Autoware-47-installation-Nvidia-Jetson-Orin-AGX/autoware/install/autoware_perception_msgs/lib]
    dir 19 is [/home/tristan-toye/Autoware-47-installation-Nvidia-Jetson-Orin-AGX/autoware/install/autoware_planning_msgs/lib]
    dir 20 is [/home/tristan-toye/Autoware-47-installation-Nvidia-Jetson-Orin-AGX/autoware/install/autoware_internal_planning_msgs/lib]
    dir 21 is [/home/tristan-toye/Autoware-47-installation-Nvidia-Jetson-Orin-AGX/autoware/install/autoware_utils_math/lib]
    dir 22 is [/home/tristan-toye/Autoware-47-installation-Nvidia-Jetson-Orin-AGX/autoware/install/autoware_utils_geometry/lib]
    dir 23 is [/home/tristan-toye/Autoware-47-installation-Nvidia-Jetson-Orin-AGX/autoware/install/autoware_utils_visualization/lib]
    dir 24 is [/home/tristan-toye/Autoware-47-installation-Nvidia-Jetson-Orin-AGX/autoware/install/glog/lib]

  Some of these libraries may not be found correctly.
Call Stack (most recent call first):
  CMakeLists.txt:17 (ament_auto_add_library)


CMake Warning at /opt/ros/humble/share/ament_cmake_gtest/cmake/ament_add_gtest_executable.cmake:50 (add_executable):
  Cannot generate a safe runtime search path for target
  test_map_based_prediction because there is a cycle in the constraint graph:

    dir 0 is [/home/tristan-toye/Autoware-47-installation-Nvidia-Jetson-Orin-AGX/autoware/build_instrumented/autoware_map_based_prediction/autoware_map_based_prediction]
    dir 1 is [/home/tristan-toye/Autoware-47-installation-Nvidia-Jetson-Orin-AGX/autoware/install/autoware_internal_debug_msgs/lib]
    dir 2 is [/home/tristan-toye/Autoware-47-installation-Nvidia-Jetson-Orin-AGX/autoware/install/autoware_perception_msgs/lib]
    dir 3 is [/home/tristan-toye/Autoware-47-installation-Nvidia-Jetson-Orin-AGX/ros2_caret_ws/install/lib]
      dir 4 must precede it due to runtime library [librcl_yaml_param_parser.so]
    dir 4 is [/opt/ros/humble/lib]
      dir 3 must precede it due to runtime library [libcomponent_manager.so]
    dir 5 is [/opt/ros/humble/lib/aarch64-linux-gnu]
    dir 6 is [/home/tristan-toye/Autoware-47-installation-Nvidia-Jetson-Orin-AGX/autoware/install/autoware_lanelet2_extension/lib]
    dir 7 is [/home/tristan-toye/Autoware-47-installation-Nvidia-Jetson-Orin-AGX/autoware/install/autoware_map_msgs/lib]
    dir 8 is [/home/tristan-toye/Autoware-47-installation-Nvidia-Jetson-Orin-AGX/autoware/install/autoware_lanelet2_utils/lib]
    dir 9 is [/home/tristan-toye/Autoware-47-installation-Nvidia-Jetson-Orin-AGX/autoware/install/autoware_adapi_v1_msgs/lib]
    dir 10 is [/home/tristan-toye/Autoware-47-installation-Nvidia-Jetson-Orin-AGX/autoware/install/autoware_vehicle_msgs/lib]
    dir 11 is [/home/tristan-toye/Autoware-47-installation-Nvidia-Jetson-Orin-AGX/autoware/install/autoware_motion_utils/lib]
    dir 12 is [/home/tristan-toye/Autoware-47-installation-Nvidia-Jetson-Orin-AGX/autoware/install/autoware_interpolation/lib]
    dir 13 is [/home/tristan-toye/Autoware-47-installation-Nvidia-Jetson-Orin-AGX/autoware/install/autoware_object_recognition_utils/lib]
    dir 14 is [/home/tristan-toye/Autoware-47-installation-Nvidia-Jetson-Orin-AGX/autoware/install/autoware_internal_msgs/lib]
    dir 15 is [/home/tristan-toye/Autoware-47-installation-Nvidia-Jetson-Orin-AGX/autoware/install/autoware_utils_debug/lib]
    dir 16 is [/home/tristan-toye/Autoware-47-installation-Nvidia-Jetson-Orin-AGX/autoware/install/autoware_utils_diagnostics/lib]
    dir 17 is [/home/tristan-toye/Autoware-47-installation-Nvidia-Jetson-Orin-AGX/autoware/install/autoware_utils_logging/lib]
    dir 18 is [/home/tristan-toye/Autoware-47-installation-Nvidia-Jetson-Orin-AGX/autoware/install/autoware_utils_system/lib]
    dir 19 is [/home/tristan-toye/Autoware-47-installation-Nvidia-Jetson-Orin-AGX/autoware/install/autoware_common_msgs/lib]
    dir 20 is [/home/tristan-toye/Autoware-47-installation-Nvidia-Jetson-Orin-AGX/autoware/install/autoware_planning_msgs/lib]
    dir 21 is [/home/tristan-toye/Autoware-47-installation-Nvidia-Jetson-Orin-AGX/autoware/install/autoware_internal_planning_msgs/lib]
    dir 22 is [/home/tristan-toye/Autoware-47-installation-Nvidia-Jetson-Orin-AGX/autoware/install/autoware_utils_math/lib]
    dir 23 is [/home/tristan-toye/Autoware-47-installation-Nvidia-Jetson-Orin-AGX/autoware/install/autoware_utils_geometry/lib]
    dir 24 is [/home/tristan-toye/Autoware-47-installation-Nvidia-Jetson-Orin-AGX/autoware/install/autoware_utils_visualization/lib]
    dir 25 is [/home/tristan-toye/Autoware-47-installation-Nvidia-Jetson-Orin-AGX/autoware/install/glog/lib]

  Some of these libraries may not be found correctly.
Call Stack (most recent call first):
  /opt/ros/humble/share/ament_cmake_gtest/cmake/ament_add_gtest_executable.cmake:37 (_ament_add_gtest_executable)
  /opt/ros/humble/share/ament_cmake_gtest/cmake/ament_add_gtest.cmake:68 (ament_add_gtest_executable)
  /opt/ros/humble/share/ament_cmake_ros/cmake/ament_add_ros_isolated_gtest.cmake:33 (ament_add_gtest)
  CMakeLists.txt:45 (ament_add_ros_isolated_gtest)


Found a loop without a preheader at /usr/lib/gcc/aarch64-linux-gnu/11/../../../../include/c++/11/bits/stl_construct.h:162:4 @[ /usr/lib/gcc/aarch64-linux-gnu/11/../../../../include/c++/11/bits/stl_construct.h:195:7 @[ /usr/lib/gcc/aarch64-linux-gnu/11/../../../../include/c++/11/bits/alloc_traits.h:848:7 @[ /usr/lib/gcc/aarch64-linux-gnu/11/../../../../include/c++/11/bits/stl_vector.h:680:2 @[ rclcpp_components/node_main_map_based_prediction.cpp:75:1 ] ] ] ]. Skipping.
Found a loop without a preheader at /usr/lib/gcc/aarch64-linux-gnu/11/../../../../include/c++/11/bits/stl_construct.h:162:4 @[ /usr/lib/gcc/aarch64-linux-gnu/11/../../../../include/c++/11/bits/stl_construct.h:195:7 @[ /usr/lib/gcc/aarch64-linux-gnu/11/../../../../include/c++/11/bits/alloc_traits.h:848:7 @[ /usr/lib/gcc/aarch64-linux-gnu/11/../../../../include/c++/11/bits/stl_vector.h:680:2 @[ rclcpp_components/node_main_map_based_prediction.cpp:75:1 ] ] ] ]. Skipping.
Found a loop without a preheader at /usr/lib/gcc/aarch64-linux-gnu/11/../../../../include/c++/11/bits/stl_construct.h:162:4 @[ /usr/lib/gcc/aarch64-linux-gnu/11/../../../../include/c++/11/bits/stl_construct.h:195:7 @[ /usr/lib/gcc/aarch64-linux-gnu/11/../../../../include/c++/11/bits/alloc_traits.h:848:7 @[ /usr/lib/gcc/aarch64-linux-gnu/11/../../../../include/c++/11/bits/stl_vector.h:1796:6 @[ /usr/lib/gcc/aarch64-linux-gnu/11/../../../../include/c++/11/bits/stl_vector.h:1499:9 @[ rclcpp_components/node_main_map_based_prediction.cpp:70:17 ] ] ] ] ]. Skipping.
Found a loop without an exit block at rclcpp_components/node_main_map_based_prediction.cpp:67:3. Skipping.
Found a loop without an exit block at rclcpp_components/node_main_map_based_prediction.cpp:42:3. Skipping.
Found a loop without a preheader at /usr/lib/gcc/aarch64-linux-gnu/11/../../../../include/c++/11/bits/stl_construct.h:162:4 @[ /usr/lib/gcc/aarch64-linux-gnu/11/../../../../include/c++/11/bits/stl_construct.h:195:7 @[ /usr/lib/gcc/aarch64-linux-gnu/11/../../../../include/c++/11/bits/alloc_traits.h:848:7 @[ /usr/lib/gcc/aarch64-linux-gnu/11/../../../../include/c++/11/bits/stl_vector.h:680:2 ] ] ]. Skipping.
Found a loop without a preheader at /usr/lib/gcc/aarch64-linux-gnu/11/../../../../include/c++/11/bits/stl_construct.h:162:4 @[ /usr/lib/gcc/aarch64-linux-gnu/11/../../../../include/c++/11/bits/stl_construct.h:195:7 @[ /usr/lib/gcc/aarch64-linux-gnu/11/../../../../include/c++/11/bits/alloc_traits.h:848:7 @[ /usr/lib/gcc/aarch64-linux-gnu/11/../../../../include/c++/11/bits/stl_vector.h:680:2 ] ] ]. Skipping.
Found a loop without a preheader at /usr/lib/gcc/aarch64-linux-gnu/11/../../../../include/c++/11/bits/stl_construct.h:162:4 @[ /usr/lib/gcc/aarch64-linux-gnu/11/../../../../include/c++/11/bits/stl_construct.h:195:7 @[ /usr/lib/gcc/aarch64-linux-gnu/11/../../../../include/c++/11/bits/alloc_traits.h:848:7 @[ /usr/lib/gcc/aarch64-linux-gnu/11/../../../../include/c++/11/bits/stl_vector.h:680:2 @[ ros2_caret_ws/install/include/rclcpp/rclcpp/node_options.hpp:67:26 ] ] ] ]. Skipping.
Found a loop without a preheader at /usr/lib/gcc/aarch64-linux-gnu/11/../../../../include/c++/11/bits/stl_construct.h:162:4 @[ /usr/lib/gcc/aarch64-linux-gnu/11/../../../../include/c++/11/bits/stl_construct.h:195:7 @[ /usr/lib/gcc/aarch64-linux-gnu/11/../../../../include/c++/11/bits/alloc_traits.h:848:7 @[ /usr/lib/gcc/aarch64-linux-gnu/11/../../../../include/c++/11/bits/stl_vector.h:680:2 @[ ros2_caret_ws/install/include/rclcpp/rclcpp/node_options.hpp:67:26 ] ] ] ]. Skipping.
Found a loop without a preheader at /usr/lib/gcc/aarch64-linux-gnu/11/../../../../include/c++/11/bits/stl_construct.h:162:4 @[ /usr/lib/gcc/aarch64-linux-gnu/11/../../../../include/c++/11/bits/stl_construct.h:195:7 @[ /usr/lib/gcc/aarch64-linux-gnu/11/../../../../include/c++/11/bits/alloc_traits.h:848:7 @[ /usr/lib/gcc/aarch64-linux-gnu/11/../../../../include/c++/11/bits/stl_vector.h:680:2 @[ /opt/ros/humble/include/rcl_interfaces/rcl_interfaces/msg/detail/parameter_value__struct.hpp:33:8 ] ] ] ]. Skipping.
Found a loop without a preheader at /usr/lib/gcc/aarch64-linux-gnu/11/../../../../include/c++/11/bits/stl_construct.h:162:4 @[ /usr/lib/gcc/aarch64-linux-gnu/11/../../../../include/c++/11/bits/stl_construct.h:195:7 ]. Skipping.
Found a loop without a preheader at /usr/lib/gcc/aarch64-linux-gnu/11/../../../../include/c++/11/bits/stl_construct.h:162:4 @[ /usr/lib/gcc/aarch64-linux-gnu/11/../../../../include/c++/11/bits/stl_construct.h:195:7 @[ /usr/lib/gcc/aarch64-linux-gnu/11/../../../../include/c++/11/bits/alloc_traits.h:848:7 @[ /usr/lib/gcc/aarch64-linux-gnu/11/../../../../include/c++/11/bits/stl_vector.h:680:2 @[ /opt/ros/humble/include/class_loader/class_loader/class_loader_core.hpp:357:1 ] ] ] ]. Skipping.
Found a loop without an exit block at /opt/ros/humble/include/class_loader/class_loader/class_loader_core.hpp:344:3. Skipping.
Found a loop without a preheader at /usr/lib/gcc/aarch64-linux-gnu/11/../../../../include/c++/11/bits/stl_uninitialized.h:1031:7 @[ /usr/lib/gcc/aarch64-linux-gnu/11/../../../../include/c++/11/bits/stl_uninitialized.h:1046:14 @[ /usr/lib/gcc/aarch64-linux-gnu/11/../../../../include/c++/11/bits/stl_vector.h:456:9 @[ /usr/lib/gcc/aarch64-linux-gnu/11/../../../../include/c++/11/bits/stl_vector.h:469:9 @[ /usr/lib/gcc/aarch64-linux-gnu/11/../../../../include/c++/11/bits/vector.tcc:466:23 ] ] ] ]. Skipping.
Found a loop without a preheader at /usr/lib/gcc/aarch64-linux-gnu/11/../../../../include/c++/11/bits/stl_uninitialized.h:1031:7 @[ /usr/lib/gcc/aarch64-linux-gnu/11/../../../../include/c++/11/bits/stl_uninitialized.h:1046:14 @[ /usr/lib/gcc/aarch64-linux-gnu/11/../../../../include/c++/11/bits/stl_vector.h:456:9 @[ /usr/lib/gcc/aarch64-linux-gnu/11/../../../../include/c++/11/bits/stl_vector.h:469:9 @[ /usr/lib/gcc/aarch64-linux-gnu/11/../../../../include/c++/11/bits/vector.tcc:461:23 ] ] ] ]. Skipping.
Found a loop without a preheader at /usr/lib/gcc/aarch64-linux-gnu/11/../../../../include/c++/11/bits/stl_construct.h:162:4 @[ /usr/lib/gcc/aarch64-linux-gnu/11/../../../../include/c++/11/bits/stl_construct.h:195:7 @[ /usr/lib/gcc/aarch64-linux-gnu/11/../../../../include/c++/11/bits/alloc_traits.h:848:7 @[ /usr/lib/gcc/aarch64-linux-gnu/11/../../../../include/c++/11/bits/vector.tcc:793:3 ] ] ]. Skipping.
Found a loop without a preheader at /usr/lib/gcc/aarch64-linux-gnu/11/../../../../include/c++/11/bits/stl_uninitialized.h:91:8 @[ /usr/lib/gcc/aarch64-linux-gnu/11/../../../../include/c++/11/bits/stl_uninitialized.h:148:14 @[ /usr/lib/gcc/aarch64-linux-gnu/11/../../../../include/c++/11/bits/stl_uninitialized.h:333:14 @[ /usr/lib/gcc/aarch64-linux-gnu/11/../../../../include/c++/11/bits/stl_uninitialized.h:354:14 @[ /usr/lib/gcc/aarch64-linux-gnu/11/../../../../include/c++/11/bits/vector.tcc:782:11 ] ] ] ]. Skipping.
Found a loop without a preheader at /usr/lib/gcc/aarch64-linux-gnu/11/../../../../include/c++/11/bits/stl_construct.h:162:4 @[ /usr/lib/gcc/aarch64-linux-gnu/11/../../../../include/c++/11/bits/stl_construct.h:195:7 @[ /usr/lib/gcc/aarch64-linux-gnu/11/../../../../include/c++/11/bits/alloc_traits.h:848:7 @[ /usr/lib/gcc/aarch64-linux-gnu/11/../../../../include/c++/11/bits/vector.tcc:788:7 ] ] ]. Skipping.
Found a loop without a preheader at /usr/lib/gcc/aarch64-linux-gnu/11/../../../../include/c++/11/bits/stl_uninitialized.h:91:8 @[ /usr/lib/gcc/aarch64-linux-gnu/11/../../../../include/c++/11/bits/stl_uninitialized.h:148:14 @[ /usr/lib/gcc/aarch64-linux-gnu/11/../../../../include/c++/11/bits/stl_uninitialized.h:333:14 @[ /usr/lib/gcc/aarch64-linux-gnu/11/../../../../include/c++/11/bits/stl_uninitialized.h:354:14 @[ /usr/lib/gcc/aarch64-linux-gnu/11/../../../../include/c++/11/bits/vector.tcc:774:11 ] ] ] ]. Skipping.
Found a loop without a preheader at /usr/lib/gcc/aarch64-linux-gnu/11/../../../../include/c++/11/bits/stl_algobase.h:383:4 @[ /usr/lib/gcc/aarch64-linux-gnu/11/../../../../include/c++/11/bits/stl_algobase.h:494:14 @[ /usr/lib/gcc/aarch64-linux-gnu/11/../../../../include/c++/11/bits/stl_algobase.h:522:14 @[ /usr/lib/gcc/aarch64-linux-gnu/11/../../../../include/c++/11/bits/stl_algobase.h:530:3 @[ /usr/lib/gcc/aarch64-linux-gnu/11/../../../../include/c++/11/bits/stl_algobase.h:619:14 @[ /usr/lib/gcc/aarch64-linux-gnu/11/../../../../include/c++/11/bits/vector.tcc:744:7 ] ] ] ] ]. Skipping.
Found a loop without a preheader at /usr/lib/gcc/aarch64-linux-gnu/11/../../../../include/c++/11/bits/stl_algobase.h:718:4 @[ /usr/lib/gcc/aarch64-linux-gnu/11/../../../../include/c++/11/bits/stl_algobase.h:758:14 @[ /usr/lib/gcc/aarch64-linux-gnu/11/../../../../include/c++/11/bits/stl_algobase.h:769:14 @[ /usr/lib/gcc/aarch64-linux-gnu/11/../../../../include/c++/11/bits/stl_algobase.h:799:3 @[ /usr/lib/gcc/aarch64-linux-gnu/11/../../../../include/c++/11/bits/stl_algobase.h:894:14 @[ /usr/lib/gcc/aarch64-linux-gnu/11/../../../../include/c++/11/bits/vector.tcc:742:7 ] ] ] ] ]. Skipping.
Found a loop without a preheader at /usr/lib/gcc/aarch64-linux-gnu/11/../../../../include/c++/11/bits/stl_uninitialized.h:91:8 @[ /usr/lib/gcc/aarch64-linux-gnu/11/../../../../include/c++/11/bits/stl_uninitialized.h:148:14 @[ /usr/lib/gcc/aarch64-linux-gnu/11/../../../../include/c++/11/bits/stl_uninitialized.h:333:14 @[ /usr/lib/gcc/aarch64-linux-gnu/11/../../../../include/c++/11/bits/stl_uninitialized.h:341:14 @[ /usr/lib/gcc/aarch64-linux-gnu/11/../../../../include/c++/11/bits/vector.tcc:736:7 ] ] ] ]. Skipping.
Found a loop without a preheader at /usr/lib/gcc/aarch64-linux-gnu/11/../../../../include/c++/11/bits/stl_algobase.h:383:4 @[ /usr/lib/gcc/aarch64-linux-gnu/11/../../../../include/c++/11/bits/stl_algobase.h:494:14 @[ /usr/lib/gcc/aarch64-linux-gnu/11/../../../../include/c++/11/bits/stl_algobase.h:522:14 @[ /usr/lib/gcc/aarch64-linux-gnu/11/../../../../include/c++/11/bits/stl_algobase.h:530:3 @[ /usr/lib/gcc/aarch64-linux-gnu/11/../../../../include/c++/11/bits/stl_algobase.h:619:14 @[ /usr/lib/gcc/aarch64-linux-gnu/11/../../../../include/c++/11/bits/vector.tcc:762:7 ] ] ] ] ]. Skipping.
Found a loop without a preheader at /usr/lib/gcc/aarch64-linux-gnu/11/../../../../include/c++/11/bits/stl_uninitialized.h:91:8 @[ /usr/lib/gcc/aarch64-linux-gnu/11/../../../../include/c++/11/bits/stl_uninitialized.h:148:14 @[ /usr/lib/gcc/aarch64-linux-gnu/11/../../../../include/c++/11/bits/stl_uninitialized.h:333:14 @[ /usr/lib/gcc/aarch64-linux-gnu/11/../../../../include/c++/11/bits/stl_uninitialized.h:341:14 @[ /usr/lib/gcc/aarch64-linux-gnu/11/../../../../include/c++/11/bits/vector.tcc:756:7 ] ] ] ]. Skipping.
Found a loop without a preheader at /usr/lib/gcc/aarch64-linux-gnu/11/../../../../include/c++/11/bits/stl_uninitialized.h:91:8. Skipping.
Found a loop without a preheader at /usr/lib/gcc/aarch64-linux-gnu/11/../../../../include/c++/11/bits/stl_uninitialized.h:1031:7 @[ /usr/lib/gcc/aarch64-linux-gnu/11/../../../../include/c++/11/bits/stl_uninitialized.h:1046:14 @[ /usr/lib/gcc/aarch64-linux-gnu/11/../../../../include/c++/11/bits/stl_vector.h:456:9 @[ /usr/lib/gcc/aarch64-linux-gnu/11/../../../../include/c++/11/bits/stl_vector.h:469:9 @[ /usr/lib/gcc/aarch64-linux-gnu/11/../../../../include/c++/11/bits/vector.tcc:466:23 ] ] ] ]. Skipping.
Found a loop without a preheader at /usr/lib/gcc/aarch64-linux-gnu/11/../../../../include/c++/11/bits/stl_uninitialized.h:1031:7 @[ /usr/lib/gcc/aarch64-linux-gnu/11/../../../../include/c++/11/bits/stl_uninitialized.h:1046:14 @[ /usr/lib/gcc/aarch64-linux-gnu/11/../../../../include/c++/11/bits/stl_vector.h:456:9 @[ /usr/lib/gcc/aarch64-linux-gnu/11/../../../../include/c++/11/bits/stl_vector.h:469:9 @[ /usr/lib/gcc/aarch64-linux-gnu/11/../../../../include/c++/11/bits/vector.tcc:461:23 ] ] ] ]. Skipping.
Found a loop without an exit block at /opt/ros/humble/src/gtest_vendor/./src/gtest.cc:4781:5. Skipping.
Found a loop without a preheader at /usr/lib/gcc/aarch64-linux-gnu/11/../../../../include/c++/11/bits/stl_construct.h:162:4 @[ /usr/lib/gcc/aarch64-linux-gnu/11/../../../../include/c++/11/bits/stl_construct.h:195:7 @[ /usr/lib/gcc/aarch64-linux-gnu/11/../../../../include/c++/11/bits/alloc_traits.h:848:7 @[ /usr/lib/gcc/aarch64-linux-gnu/11/../../../../include/c++/11/bits/stl_vector.h:680:2 ] ] ]. Skipping.
Found a loop without a preheader at /usr/lib/gcc/aarch64-linux-gnu/11/../../../../include/c++/11/bits/stl_construct.h:162:4 @[ /usr/lib/gcc/aarch64-linux-gnu/11/../../../../include/c++/11/bits/stl_construct.h:195:7 @[ /usr/lib/gcc/aarch64-linux-gnu/11/../../../../include/c++/11/bits/alloc_traits.h:848:7 @[ /usr/lib/gcc/aarch64-linux-gnu/11/../../../../include/c++/11/bits/stl_vector.h:680:2 @[ /opt/ros/humble/src/gtest_vendor/./src/gtest.cc:428:3 ] ] ] ]. Skipping.
Found a loop without an exit block at /opt/ros/humble/src/gtest_vendor/./src/gtest-filepath.cc:284:3. Skipping.
Found a loop without an exit block at /opt/ros/humble/src/gtest_vendor/./src/gtest.cc:485:3. Skipping.
Found a loop without a preheader at /opt/ros/humble/src/gtest_vendor/./src/gtest.cc:503:3. Skipping.
Found a loop without a preheader at /opt/ros/humble/src/gtest_vendor/./src/gtest.cc:503:3 @[ /opt/ros/humble/src/gtest_vendor/./src/gtest.cc:548:12 ]. Skipping.
Found a loop without a preheader at /opt/ros/humble/src/gtest_vendor/./src/gtest.cc:503:3 @[ /opt/ros/humble/src/gtest_vendor/./src/gtest.cc:547:11 ]. Skipping.
Found a loop without a preheader at /opt/ros/humble/src/gtest_vendor/./src/gtest.cc:665:5 @[ /opt/ros/humble/src/gtest_vendor/./src/gtest.cc:701:3 ]. Skipping.
Found a loop without a preheader at /opt/ros/humble/src/gtest_vendor/./src/gtest-internal-inl.h:284:3 @[ /opt/ros/humble/src/gtest_vendor/./src/gtest.cc:749:10 ]. Skipping.
Found a loop without a preheader at /opt/ros/humble/src/gtest_vendor/./src/gtest-internal-inl.h:284:3 @[ /opt/ros/humble/src/gtest_vendor/./src/gtest.cc:754:10 ]. Skipping.
Found a loop without an exit block at /opt/ros/humble/src/gtest_vendor/./src/gtest.cc:361:3 @[ /opt/ros/humble/src/gtest_vendor/./src/gtest.cc:770:10 ]. Skipping.
Found a loop without a preheader at /opt/ros/humble/src/gtest_vendor/./src/gtest-internal-inl.h:284:3 @[ /opt/ros/humble/src/gtest_vendor/./src/gtest.cc:2709:10 ]. Skipping.
Found a loop without an exit block at /opt/ros/humble/src/gtest_vendor/./src/gtest.cc:361:3 @[ /opt/ros/humble/src/gtest_vendor/./src/gtest.cc:775:10 ]. Skipping.
Found a loop without a preheader at /opt/ros/humble/src/gtest_vendor/./src/gtest-internal-inl.h:284:3 @[ /opt/ros/humble/src/gtest_vendor/./src/gtest.cc:2714:10 ]. Skipping.
Found a loop without an exit block at /opt/ros/humble/src/gtest_vendor/./src/gtest.cc:361:3 @[ /opt/ros/humble/src/gtest_vendor/./src/gtest.cc:780:10 ]. Skipping.
Found a loop without a preheader at /opt/ros/humble/src/gtest_vendor/./src/gtest-internal-inl.h:284:3 @[ /opt/ros/humble/src/gtest_vendor/./src/gtest.cc:2719:10 ]. Skipping.
Found a loop without a preheader at /opt/ros/humble/src/gtest_vendor/./src/gtest-internal-inl.h:284:3 @[ /opt/ros/humble/src/gtest_vendor/./src/gtest.cc:2724:10 ]. Skipping.
Found a loop without a preheader at /usr/lib/gcc/aarch64-linux-gnu/11/../../../../include/c++/11/bits/stl_construct.h:162:4 @[ /usr/lib/gcc/aarch64-linux-gnu/11/../../../../include/c++/11/bits/stl_construct.h:195:7 @[ /usr/lib/gcc/aarch64-linux-gnu/11/../../../../include/c++/11/bits/alloc_traits.h:848:7 @[ /usr/lib/gcc/aarch64-linux-gnu/11/../../../../include/c++/11/bits/stl_vector.h:680:2 @[ /opt/ros/humble/src/gtest_vendor/./src/gtest.cc:955:1 ] ] ] ]. Skipping.
Found a loop without an exit block at /opt/ros/humble/src/gtest_vendor/./src/gtest.cc:946:9. Skipping.
Found a loop without an exit block at /opt/ros/humble/src/gtest_vendor/./src/gtest.cc:926:3 @[ /opt/ros/humble/src/gtest_vendor/./src/gtest.cc:983:3 ]. Skipping.
Found a loop without a preheader at /opt/ros/humble/src/gtest_vendor/./src/gtest.cc:2000:3. Skipping.
Found a loop without a preheader at /usr/lib/gcc/aarch64-linux-gnu/11/../../../../include/c++/11/bits/stl_construct.h:162:4 @[ /usr/lib/gcc/aarch64-linux-gnu/11/../../../../include/c++/11/bits/stl_construct.h:195:7 @[ /usr/lib/gcc/aarch64-linux-gnu/11/../../../../include/c++/11/bits/alloc_traits.h:848:7 @[ /usr/lib/gcc/aarch64-linux-gnu/11/../../../../include/c++/11/bits/stl_vector.h:680:2 @[ /opt/ros/humble/src/gtest_vendor/./src/gtest.cc:1090:1 ] ] ] ]. Skipping.
Found a loop without a preheader at /usr/lib/gcc/aarch64-linux-gnu/11/../../../../include/c++/11/bits/stl_construct.h:162:4 @[ /usr/lib/gcc/aarch64-linux-gnu/11/../../../../include/c++/11/bits/stl_construct.h:195:7 @[ /usr/lib/gcc/aarch64-linux-gnu/11/../../../../include/c++/11/bits/alloc_traits.h:848:7 @[ /usr/lib/gcc/aarch64-linux-gnu/11/../../../../include/c++/11/bits/stl_vector.h:680:2 @[ /opt/ros/humble/src/gtest_vendor/./src/gtest.cc:1090:1 ] ] ] ]. Skipping.
Found a loop without a preheader at /usr/lib/gcc/aarch64-linux-gnu/11/../../../../include/c++/11/bits/stl_algo.h:1122:7 @[ /usr/lib/gcc/aarch64-linux-gnu/11/../../../../include/c++/11/bits/stl_algo.h:1151:7 @[ /opt/ros/humble/src/gtest_vendor/./src/gtest.cc:1088:3 ] ]. Skipping.
Found a loop without an exit block at /opt/ros/humble/src/gtest_vendor/./src/gtest.cc:1082:3. Skipping.
Found a loop without a preheader at /usr/lib/gcc/aarch64-linux-gnu/11/../../../../include/c++/11/bits/stl_construct.h:162:4 @[ /usr/lib/gcc/aarch64-linux-gnu/11/../../../../include/c++/11/bits/stl_construct.h:195:7 @[ /usr/lib/gcc/aarch64-linux-gnu/11/../../../../include/c++/11/bits/alloc_traits.h:848:7 @[ /usr/lib/gcc/aarch64-linux-gnu/11/../../../../include/c++/11/bits/stl_vector.h:680:2 ] ] ]. Skipping.
Found a loop without a preheader at /usr/lib/gcc/aarch64-linux-gnu/11/../../../../include/c++/11/bits/stl_construct.h:162:4 @[ /usr/lib/gcc/aarch64-linux-gnu/11/../../../../include/c++/11/bits/stl_construct.h:195:7 @[ /usr/lib/gcc/aarch64-linux-gnu/11/../../../../include/c++/11/bits/alloc_traits.h:848:7 @[ /usr/lib/gcc/aarch64-linux-gnu/11/../../../../include/c++/11/bits/stl_vector.h:680:2 ] ] ]. Skipping.
Found a loop without an exit block at /opt/ros/humble/src/gtest_vendor/./src/gtest.cc:1120:5. Skipping.
Found a loop without an exit block at /opt/ros/humble/src/gtest_vendor/./src/gtest.cc:1117:5. Skipping.
Found a loop without an exit block at /opt/ros/humble/src/gtest_vendor/./src/gtest.cc:1217:3. Skipping.
Found a loop without a preheader at /usr/lib/gcc/aarch64-linux-gnu/11/../../../../include/c++/11/bits/list.tcc:71:7 @[ /usr/lib/gcc/aarch64-linux-gnu/11/../../../../include/c++/11/bits/stl_list.h:500:9 @[ /opt/ros/humble/src/gtest_vendor/./src/gtest.cc:1133:7 ] ]. Skipping.
Found a loop without a preheader at /usr/lib/gcc/aarch64-linux-gnu/11/../../../../include/c++/11/bits/list.tcc:71:7 @[ /usr/lib/gcc/aarch64-linux-gnu/11/../../../../include/c++/11/bits/stl_list.h:500:9 @[ /opt/ros/humble/src/gtest_vendor/./src/gtest.cc:1133:7 ] ]. Skipping.
Found a loop without a preheader at /usr/lib/gcc/aarch64-linux-gnu/11/../../../../include/c++/11/bits/list.tcc:71:7 @[ /usr/lib/gcc/aarch64-linux-gnu/11/../../../../include/c++/11/bits/stl_list.h:500:9 @[ /opt/ros/humble/src/gtest_vendor/./src/gtest.cc:1133:7 ] ]. Skipping.
Found a loop without a preheader at /usr/lib/gcc/aarch64-linux-gnu/11/../../../../include/c++/11/bits/stl_construct.h:162:4 @[ /usr/lib/gcc/aarch64-linux-gnu/11/../../../../include/c++/11/bits/stl_construct.h:195:7 @[ /usr/lib/gcc/aarch64-linux-gnu/11/../../../../include/c++/11/bits/alloc_traits.h:848:7 @[ /usr/lib/gcc/aarch64-linux-gnu/11/../../../../include/c++/11/bits/stl_vector.h:680:2 @[ /opt/ros/humble/src/gtest_vendor/./src/gtest.cc:1349:3 ] ] ] ]. Skipping.
Found a loop without a preheader at /usr/lib/gcc/aarch64-linux-gnu/11/../../../../include/c++/11/bits/stl_construct.h:162:4 @[ /usr/lib/gcc/aarch64-linux-gnu/11/../../../../include/c++/11/bits/stl_construct.h:195:7 @[ /usr/lib/gcc/aarch64-linux-gnu/11/../../../../include/c++/11/bits/alloc_traits.h:848:7 @[ /usr/lib/gcc/aarch64-linux-gnu/11/../../../../include/c++/11/bits/stl_vector.h:680:2 @[ /opt/ros/humble/src/gtest_vendor/./src/gtest.cc:1349:3 ] ] ] ]. Skipping.
Found a loop without an exit block at /opt/ros/humble/src/gtest_vendor/./src/gtest.cc:1288:3. Skipping.
Found a loop without an exit block at /opt/ros/humble/src/gtest_vendor/./src/gtest.cc:1836:3. Skipping.
Found a loop without a preheader at /usr/lib/gcc/aarch64-linux-gnu/11/../../../../include/c++/11/bits/stl_construct.h:162:4 @[ /usr/lib/gcc/aarch64-linux-gnu/11/../../../../include/c++/11/bits/stl_construct.h:195:7 @[ /usr/lib/gcc/aarch64-linux-gnu/11/../../../../include/c++/11/bits/alloc_traits.h:848:7 @[ /usr/lib/gcc/aarch64-linux-gnu/11/../../../../include/c++/11/bits/stl_vector.h:680:2 @[ /opt/ros/humble/src/gtest_vendor/./src/gtest.cc:2033:1 ] ] ] ]. Skipping.
Found a loop without a preheader at /usr/lib/gcc/aarch64-linux-gnu/11/../../../../include/c++/11/bits/stl_construct.h:162:4 @[ /usr/lib/gcc/aarch64-linux-gnu/11/../../../../include/c++/11/bits/stl_construct.h:195:7 @[ /usr/lib/gcc/aarch64-linux-gnu/11/../../../../include/c++/11/bits/alloc_traits.h:848:7 @[ /usr/lib/gcc/aarch64-linux-gnu/11/../../../../include/c++/11/bits/stl_vector.h:680:2 ] ] ]. Skipping.
Found a loop without a preheader at /usr/lib/gcc/aarch64-linux-gnu/11/../../../../include/c++/11/bits/stl_construct.h:162:4 @[ /usr/lib/gcc/aarch64-linux-gnu/11/../../../../include/c++/11/bits/stl_construct.h:195:7 @[ /usr/lib/gcc/aarch64-linux-gnu/11/../../../../include/c++/11/bits/alloc_traits.h:848:7 @[ /usr/lib/gcc/aarch64-linux-gnu/11/../../../../include/c++/11/bits/stl_vector.h:1796:6 @[ /usr/lib/gcc/aarch64-linux-gnu/11/../../../../include/c++/11/bits/stl_vector.h:1499:9 @[ /opt/ros/humble/src/gtest_vendor/./src/gtest.cc:2055:22 ] ] ] ] ]. Skipping.
Found a loop without a preheader at /usr/lib/gcc/aarch64-linux-gnu/11/../../../../include/c++/11/bits/stl_construct.h:162:4 @[ /usr/lib/gcc/aarch64-linux-gnu/11/../../../../include/c++/11/bits/stl_construct.h:195:7 @[ /usr/lib/gcc/aarch64-linux-gnu/11/../../../../include/c++/11/bits/alloc_traits.h:848:7 @[ /usr/lib/gcc/aarch64-linux-gnu/11/../../../../include/c++/11/bits/stl_vector.h:680:2 @[ /opt/ros/humble/src/gtest_vendor/./src/gtest.cc:2178:3 ] ] ] ]. Skipping.
Found a loop without an exit block at /opt/ros/humble/src/gtest_vendor/./src/gtest.cc:2149:3 @[ /opt/ros/humble/src/gtest_vendor/./src/gtest.cc:2167:30 @[ /opt/ros/humble/src/gtest_vendor/./src/gtest.cc:2178:10 ] ]. Skipping.
Found a loop without a preheader at /usr/lib/gcc/aarch64-linux-gnu/11/../../../../include/c++/11/bits/stl_construct.h:162:4 @[ /usr/lib/gcc/aarch64-linux-gnu/11/../../../../include/c++/11/bits/stl_construct.h:195:7 @[ /usr/lib/gcc/aarch64-linux-gnu/11/../../../../include/c++/11/bits/alloc_traits.h:848:7 @[ /usr/lib/gcc/aarch64-linux-gnu/11/../../../../include/c++/11/bits/stl_vector.h:1796:6 @[ /usr/lib/gcc/aarch64-linux-gnu/11/../../../../include/c++/11/bits/stl_vector.h:1499:9 @[ /opt/ros/humble/src/gtest_vendor/./src/gtest.cc:2185:20 ] ] ] ] ]. Skipping.
Found a loop without a preheader at /usr/lib/gcc/aarch64-linux-gnu/11/../../../../include/c++/11/bits/stl_construct.h:162:4 @[ /usr/lib/gcc/aarch64-linux-gnu/11/../../../../include/c++/11/bits/stl_construct.h:195:7 @[ /usr/lib/gcc/aarch64-linux-gnu/11/../../../../include/c++/11/bits/alloc_traits.h:848:7 @[ /usr/lib/gcc/aarch64-linux-gnu/11/../../../../include/c++/11/bits/stl_vector.h:1796:6 @[ /usr/lib/gcc/aarch64-linux-gnu/11/../../../../include/c++/11/bits/stl_vector.h:1499:9 @[ /opt/ros/humble/src/gtest_vendor/./src/gtest.cc:2184:22 ] ] ] ] ]. Skipping.
Found a loop without an exit block at /opt/ros/humble/src/gtest_vendor/./src/gtest.cc:2202:3 @[ /opt/ros/humble/src/gtest_vendor/./src/gtest.cc:2197:11 ]. Skipping.
Found a loop without an exit block at /opt/ros/humble/src/gtest_vendor/./src/gtest.cc:2202:3. Skipping.
Found a loop without an exit block at /opt/ros/humble/src/gtest_vendor/./src/gtest.cc:2202:3 @[ /opt/ros/humble/src/gtest_vendor/./src/gtest.cc:2197:11 @[ /opt/ros/humble/src/gtest_vendor/./src/gtest.cc:2533:62 ] ]. Skipping.
Found a loop without a preheader at /opt/ros/humble/src/gtest_vendor/include/gtest/internal/gtest-param-util.h:698:5 @[ /opt/ros/humble/src/gtest_vendor/./src/gtest.cc:2648:34 ]. Skipping.
Found a loop without a preheader at /usr/lib/gcc/aarch64-linux-gnu/11/../../../../include/c++/11/bits/stl_algo.h:3819:7 @[ /opt/ros/humble/src/gtest_vendor/./src/gtest-internal-inl.h:294:3 @[ /opt/ros/humble/src/gtest_vendor/./src/gtest.cc:2770:3 ] ]. Skipping.
Found a loop without a preheader at /usr/lib/gcc/aarch64-linux-gnu/11/../../../../include/c++/11/bits/stl_algo.h:3819:7 @[ /opt/ros/humble/src/gtest_vendor/./src/gtest-internal-inl.h:294:3 @[ /opt/ros/humble/src/gtest_vendor/./src/gtest.cc:2837:3 ] ]. Skipping.
Found a loop without an exit block at /opt/ros/humble/src/gtest_vendor/./src/gtest.cc:2202:3 @[ /opt/ros/humble/src/gtest_vendor/./src/gtest.cc:3245:27 ]. Skipping.
Found a loop without an exit block at /opt/ros/humble/src/gtest_vendor/./src/gtest.cc:2202:3 @[ /opt/ros/humble/src/gtest_vendor/./src/gtest.cc:2197:11 @[ /opt/ros/humble/src/gtest_vendor/./src/gtest.cc:3239:34 ] ]. Skipping.
Found a loop without an exit block at /opt/ros/humble/src/gtest_vendor/./src/gtest.cc:2202:3 @[ /opt/ros/humble/src/gtest_vendor/include/gtest/gtest.h:578:47 ]. Skipping.
Found a loop without an exit block at /opt/ros/humble/src/gtest_vendor/./src/gtest.cc:2202:3 @[ /opt/ros/humble/src/gtest_vendor/./src/gtest.cc:2197:11 @[ /opt/ros/humble/src/gtest_vendor/include/gtest/gtest.h:578:33 ] ]. Skipping.
Found a loop without a preheader at /opt/ros/humble/src/gtest_vendor/./src/gtest.cc:3295:3. Skipping.
Found a loop without an exit block at /opt/ros/humble/src/gtest_vendor/./src/gtest.cc:361:3 @[ /opt/ros/humble/src/gtest_vendor/./src/gtest.cc:780:10 @[ /opt/ros/humble/src/gtest_vendor/./src/gtest.cc:4672:58 @[ /opt/ros/humble/src/gtest_vendor/./src/gtest.cc:3290:43 ] ] ]. Skipping.
Found a loop without an exit block at /opt/ros/humble/src/gtest_vendor/./src/gtest.cc:361:3 @[ /opt/ros/humble/src/gtest_vendor/./src/gtest.cc:780:10 @[ /opt/ros/humble/src/gtest_vendor/./src/gtest.cc:4672:58 ] ]. Skipping.
Found a loop without a preheader at /opt/ros/humble/src/gtest_vendor/./src/gtest.cc:3320:3. Skipping.
Found a loop without an exit block at /opt/ros/humble/src/gtest_vendor/./src/gtest.cc:361:3 @[ /opt/ros/humble/src/gtest_vendor/./src/gtest.cc:780:10 @[ /opt/ros/humble/src/gtest_vendor/./src/gtest.cc:4672:58 @[ /opt/ros/humble/src/gtest_vendor/./src/gtest.cc:3360:45 ] ] ]. Skipping.
Found a loop without an exit block at /opt/ros/humble/src/gtest_vendor/./src/gtest.cc:361:3 @[ /opt/ros/humble/src/gtest_vendor/./src/gtest.cc:780:10 @[ /opt/ros/humble/src/gtest_vendor/./src/gtest.cc:4672:58 @[ /opt/ros/humble/src/gtest_vendor/./src/gtest.cc:3358:32 ] ] ]. Skipping.
Found a loop without a preheader at /usr/lib/gcc/aarch64-linux-gnu/11/../../../../include/c++/11/bits/stl_algo.h:3819:7 @[ /opt/ros/humble/src/gtest_vendor/./src/gtest-internal-inl.h:294:3 @[ /opt/ros/humble/src/gtest_vendor/./src/gtest.cc:3432:3 ] ]. Skipping.
Found a loop without an exit block at /opt/ros/humble/src/gtest_vendor/./src/gtest.cc:3440:3. Skipping.
Found a loop without a preheader at /opt/ros/humble/src/gtest_vendor/./src/gtest.cc:3471:1. Skipping.
Found a loop without a preheader at /opt/ros/humble/src/gtest_vendor/./src/gtest.cc:3472:1. Skipping.
Found a loop without a preheader at /opt/ros/humble/src/gtest_vendor/./src/gtest.cc:3475:1. Skipping.
Found a loop without a preheader at /opt/ros/humble/src/gtest_vendor/./src/gtest.cc:3477:1. Skipping.
Found a loop without a preheader at /opt/ros/humble/src/gtest_vendor/./src/gtest.cc:3478:1. Skipping.
Found a loop without a preheader at /opt/ros/humble/src/gtest_vendor/./src/gtest.cc:3479:1. Skipping.
Found a loop without a preheader at /opt/ros/humble/src/gtest_vendor/./src/gtest.cc:3480:1. Skipping.
Found a loop without a preheader at /opt/ros/humble/src/gtest_vendor/./src/gtest.cc:3497:5. Skipping.
Found a loop without a preheader at /opt/ros/humble/src/gtest_vendor/./src/gtest.cc:3916:3. Skipping.
Found a loop without an exit block at /opt/ros/humble/src/gtest_vendor/./src/gtest.cc:361:3 @[ /opt/ros/humble/src/gtest_vendor/./src/gtest.cc:780:10 @[ /opt/ros/humble/src/gtest_vendor/./src/gtest.cc:4672:58 @[ /opt/ros/humble/src/gtest_vendor/./src/gtest.cc:3896:51 ] ] ]. Skipping.
Found a loop without a preheader at /opt/ros/humble/src/gtest_vendor/./src/gtest.cc:3939:3. Skipping.
Found a loop without an exit block at /opt/ros/humble/src/gtest_vendor/./src/gtest.cc:3638:3. Skipping.
Found a loop without an exit block at /opt/ros/humble/src/gtest_vendor/./src/gtest.cc:3684:3. Skipping.
Found a loop without a preheader at /opt/ros/humble/src/gtest_vendor/./src/gtest.cc:3752:9. Skipping.
Found a loop without a preheader at /usr/lib/gcc/aarch64-linux-gnu/11/../../../../include/c++/11/bits/stl_construct.h:162:4 @[ /usr/lib/gcc/aarch64-linux-gnu/11/../../../../include/c++/11/bits/stl_construct.h:195:7 @[ /usr/lib/gcc/aarch64-linux-gnu/11/../../../../include/c++/11/bits/alloc_traits.h:848:7 @[ /usr/lib/gcc/aarch64-linux-gnu/11/../../../../include/c++/11/bits/stl_vector.h:680:2 @[ /opt/ros/humble/src/gtest_vendor/./src/gtest.cc:3779:1 ] ] ] ]. Skipping.
Found a loop without an exit block at /opt/ros/humble/src/gtest_vendor/./src/gtest.cc:3825:3. Skipping.
Found a loop without an exit block at /opt/ros/humble/src/gtest_vendor/./src/gtest.cc:2202:3 @[ /opt/ros/humble/src/gtest_vendor/./src/gtest.cc:2197:11 @[ /opt/ros/humble/src/gtest_vendor/./src/gtest.cc:3815:36 ] ]. Skipping.
Found a loop without an exit block at /opt/ros/humble/src/gtest_vendor/./src/gtest.cc:3968:3. Skipping.
Found a loop without an exit block at /opt/ros/humble/src/gtest_vendor/./src/gtest.cc:3878:3. Skipping.
Found a loop without a preheader at /opt/ros/humble/src/gtest_vendor/./src/gtest-internal-inl.h:284:3 @[ /opt/ros/humble/src/gtest_vendor/./src/gtest.cc:2724:10 @[ /opt/ros/humble/src/gtest_vendor/./src/gtest.cc:3868:39 ] ]. Skipping.
Found a loop without a preheader at /opt/ros/humble/src/gtest_vendor/./src/gtest-internal-inl.h:284:3 @[ /opt/ros/humble/src/gtest_vendor/./src/gtest.cc:2719:10 @[ /opt/ros/humble/src/gtest_vendor/./src/gtest.cc:3865:54 ] ]. Skipping.
Found a loop without an exit block at /opt/ros/humble/src/gtest_vendor/./src/gtest.cc:3950:3. Skipping.
Found a loop without a preheader at /opt/ros/humble/src/gtest_vendor/./src/gtest.cc:4301:3. Skipping.
Found a loop without an exit block at /opt/ros/humble/src/gtest_vendor/./src/gtest.cc:361:3 @[ /opt/ros/humble/src/gtest_vendor/./src/gtest.cc:780:10 @[ /opt/ros/humble/src/gtest_vendor/./src/gtest.cc:4672:58 @[ /opt/ros/humble/src/gtest_vendor/./src/gtest.cc:4278:60 ] ] ]. Skipping.
Found a loop without an exit block at /opt/ros/humble/src/gtest_vendor/./src/gtest.cc:4055:3. Skipping.
Found a loop without a preheader at /usr/lib/gcc/aarch64-linux-gnu/11/../../../../include/c++/11/bits/stl_construct.h:162:4 @[ /usr/lib/gcc/aarch64-linux-gnu/11/../../../../include/c++/11/bits/stl_construct.h:195:7 @[ /usr/lib/gcc/aarch64-linux-gnu/11/../../../../include/c++/11/bits/alloc_traits.h:848:7 @[ /usr/lib/gcc/aarch64-linux-gnu/11/../../../../include/c++/11/bits/stl_vector.h:680:2 @[ /opt/ros/humble/src/gtest_vendor/./src/gtest.cc:4138:1 ] ] ] ]. Skipping.
Found a loop without a preheader at /usr/lib/gcc/aarch64-linux-gnu/11/../../../../include/c++/11/bits/stl_construct.h:162:4 @[ /usr/lib/gcc/aarch64-linux-gnu/11/../../../../include/c++/11/bits/stl_construct.h:195:7 @[ /usr/lib/gcc/aarch64-linux-gnu/11/../../../../include/c++/11/bits/alloc_traits.h:848:7 @[ /usr/lib/gcc/aarch64-linux-gnu/11/../../../../include/c++/11/bits/stl_vector.h:680:2 @[ /opt/ros/humble/src/gtest_vendor/./src/gtest.cc:4158:1 ] ] ] ]. Skipping.
Found a loop without an exit block at /opt/ros/humble/src/gtest_vendor/./src/gtest.cc:4203:3. Skipping.
Found a loop without an exit block at /opt/ros/humble/src/gtest_vendor/./src/gtest.cc:2202:3 @[ /opt/ros/humble/src/gtest_vendor/./src/gtest.cc:2197:11 @[ /opt/ros/humble/src/gtest_vendor/./src/gtest.cc:4190:31 ] ]. Skipping.
Found a loop without an exit block at /opt/ros/humble/src/gtest_vendor/./src/gtest.cc:4345:3. Skipping.
Found a loop without an exit block at /opt/ros/humble/src/gtest_vendor/./src/gtest.cc:4256:3. Skipping.
Found a loop without a preheader at /opt/ros/humble/src/gtest_vendor/./src/gtest-internal-inl.h:284:3 @[ /opt/ros/humble/src/gtest_vendor/./src/gtest.cc:2724:10 @[ /opt/ros/humble/src/gtest_vendor/./src/gtest.cc:4240:30 ] ]. Skipping.
Found a loop without a preheader at /opt/ros/humble/src/gtest_vendor/./src/gtest-internal-inl.h:284:3 @[ /opt/ros/humble/src/gtest_vendor/./src/gtest.cc:2719:10 @[ /opt/ros/humble/src/gtest_vendor/./src/gtest.cc:4238:30 ] ]. Skipping.
Found a loop without a preheader at /opt/ros/humble/src/gtest_vendor/./src/gtest.cc:4329:3. Skipping.
Found a loop without an exit block at /opt/ros/humble/src/gtest_vendor/./src/gtest.cc:4365:3. Skipping.
Found a loop without a preheader at /opt/ros/humble/src/gtest_vendor/./src/gtest.cc:4401:3. Skipping.
Found a loop without an exit block at /opt/ros/humble/src/gtest_vendor/./src/gtest.cc:3440:3 @[ /opt/ros/humble/src/gtest_vendor/./src/gtest.cc:4554:21 ]. Skipping.
Found a loop without an exit block at /opt/ros/humble/src/gtest_vendor/./src/gtest.cc:3440:3 @[ /opt/ros/humble/src/gtest_vendor/./src/gtest.cc:4554:21 @[ /opt/ros/humble/src/gtest_vendor/./src/gtest.cc:4570:12 ] ]. Skipping.
Found a loop without an exit block at /opt/ros/humble/src/gtest_vendor/./src/gtest.cc:3440:3 @[ /opt/ros/humble/src/gtest_vendor/./src/gtest.cc:4554:21 @[ /opt/ros/humble/src/gtest_vendor/./src/gtest.cc:4585:12 ] ]. Skipping.
Found a loop without a preheader at /opt/ros/humble/src/gtest_vendor/./src/gtest-internal-inl.h:284:3 @[ /opt/ros/humble/src/gtest_vendor/./src/gtest.cc:749:10 @[ /opt/ros/humble/src/gtest_vendor/./src/gtest.cc:4626:18 ] ]. Skipping.
Found a loop without a preheader at /opt/ros/humble/src/gtest_vendor/./src/gtest-internal-inl.h:284:3 @[ /opt/ros/humble/src/gtest_vendor/./src/gtest.cc:754:10 @[ /opt/ros/humble/src/gtest_vendor/./src/gtest.cc:4631:18 ] ]. Skipping.
Found a loop without a preheader at /opt/ros/humble/src/gtest_vendor/./src/gtest-internal-inl.h:284:3 @[ /opt/ros/humble/src/gtest_vendor/./src/gtest.cc:749:10 @[ /opt/ros/humble/src/gtest_vendor/./src/gtest.cc:4648:18 ] ]. Skipping.
Found a loop without a preheader at /opt/ros/humble/src/gtest_vendor/./src/gtest-internal-inl.h:284:3 @[ /opt/ros/humble/src/gtest_vendor/./src/gtest.cc:754:10 @[ /opt/ros/humble/src/gtest_vendor/./src/gtest.cc:4651:18 ] ]. Skipping.
Found a loop without an exit block at /opt/ros/humble/src/gtest_vendor/./src/gtest.cc:2202:3 @[ /opt/ros/humble/src/gtest_vendor/./src/gtest-internal-inl.h:587:67 ]. Skipping.
Found a loop without a preheader at /opt/ros/humble/src/gtest_vendor/./src/gtest-internal-inl.h:284:3 @[ /opt/ros/humble/src/gtest_vendor/./src/gtest.cc:754:10 @[ /opt/ros/humble/src/gtest_vendor/./src/gtest-internal-inl.h:587:12 ] ]. Skipping.
Found a loop without an exit block at /opt/ros/humble/src/gtest_vendor/./src/gtest.cc:5293:3. Skipping.
Found a loop without a preheader at /opt/ros/humble/src/gtest_vendor/include/gtest/internal/gtest-param-util.h:661:5. Skipping.
Found a loop without a preheader at /opt/ros/humble/src/gtest_vendor/include/gtest/internal/gtest-param-util.h:661:5 @[ /opt/ros/humble/src/gtest_vendor/./src/gtest.cc:5036:1 ]. Skipping.
Found a loop without a preheader at /usr/lib/gcc/aarch64-linux-gnu/11/../../../../include/c++/11/bits/stl_algo.h:3819:7 @[ /opt/ros/humble/src/gtest_vendor/./src/gtest-internal-inl.h:294:3 @[ /opt/ros/humble/src/gtest_vendor/./src/gtest.cc:5033:3 ] ]. Skipping.
Found a loop without a preheader at /usr/lib/gcc/aarch64-linux-gnu/11/../../../../include/c++/11/bits/stl_algo.h:3819:7 @[ /opt/ros/humble/src/gtest_vendor/./src/gtest-internal-inl.h:294:3 @[ /opt/ros/humble/src/gtest_vendor/./src/gtest.cc:5030:3 ] ]. Skipping.
Found a loop without a preheader at /opt/ros/humble/src/gtest_vendor/include/gtest/internal/gtest-param-util.h:698:5 @[ /opt/ros/humble/src/gtest_vendor/./src/gtest.cc:2648:34 @[ /opt/ros/humble/src/gtest_vendor/./src/gtest.cc:5126:5 ] ]. Skipping.
Found a loop without a preheader at /opt/ros/humble/src/gtest_vendor/./src/gtest.cc:503:3 @[ /opt/ros/humble/src/gtest_vendor/./src/gtest.cc:5197:7 ]. Skipping.
Found a loop without a preheader at /usr/lib/gcc/aarch64-linux-gnu/11/../../../../include/c++/11/bits/stl_construct.h:162:4 @[ /usr/lib/gcc/aarch64-linux-gnu/11/../../../../include/c++/11/bits/stl_construct.h:195:7 @[ /usr/lib/gcc/aarch64-linux-gnu/11/../../../../include/c++/11/bits/alloc_traits.h:848:7 @[ /usr/lib/gcc/aarch64-linux-gnu/11/../../../../include/c++/11/bits/stl_vector.h:680:2 @[ /opt/ros/humble/src/gtest_vendor/./src/gtest.cc:353:36 ] ] ] ]. Skipping.
Found a loop without an exit block at /opt/ros/humble/src/gtest_vendor/./src/gtest.cc:5504:3. Skipping.
Found a loop without a preheader at /opt/ros/humble/src/gtest_vendor/./src/gtest.cc:5570:3. Skipping.
Found a loop without a preheader at /usr/lib/gcc/aarch64-linux-gnu/11/../../../../include/c++/11/bits/stl_algo.h:3819:7 @[ /opt/ros/humble/src/gtest_vendor/./src/gtest-internal-inl.h:294:3 @[ /opt/ros/humble/src/gtest_vendor/./src/gtest-internal-inl.h:728:5 ] ]. Skipping.
Found a loop without a preheader at /opt/ros/humble/src/gtest_vendor/./src/gtest.cc:5668:3. Skipping.
Found a loop without an exit block at /opt/ros/humble/src/gtest_vendor/./src/gtest.cc:5997:3. Skipping.
Found a loop without an exit block at /opt/ros/humble/src/gtest_vendor/./src/gtest.cc:5997:3. Skipping.
Found a loop without an exit block at /opt/ros/humble/src/gtest_vendor/./src/gtest.cc:6079:3. Skipping.
Found a loop without a preheader at /usr/lib/gcc/aarch64-linux-gnu/11/../../../../include/c++/11/bits/stl_construct.h:162:4 @[ /usr/lib/gcc/aarch64-linux-gnu/11/../../../../include/c++/11/bits/stl_construct.h:195:7 @[ /usr/lib/gcc/aarch64-linux-gnu/11/../../../../include/c++/11/bits/alloc_traits.h:848:7 @[ /usr/lib/gcc/aarch64-linux-gnu/11/../../../../include/c++/11/bits/stl_vector.h:1796:6 @[ /usr/lib/gcc/aarch64-linux-gnu/11/../../../../include/c++/11/bits/stl_vector.h:1499:9 @[ /opt/ros/humble/src/gtest_vendor/./src/gtest.cc:6078:11 ] ] ] ] ]. Skipping.
Found a loop without an exit block at /opt/ros/humble/src/gtest_vendor/./src/gtest.cc:6079:3. Skipping.
Found a loop without a preheader at /usr/lib/gcc/aarch64-linux-gnu/11/../../../../include/c++/11/bits/stl_construct.h:162:4 @[ /usr/lib/gcc/aarch64-linux-gnu/11/../../../../include/c++/11/bits/stl_construct.h:195:7 @[ /usr/lib/gcc/aarch64-linux-gnu/11/../../../../include/c++/11/bits/alloc_traits.h:848:7 @[ /usr/lib/gcc/aarch64-linux-gnu/11/../../../../include/c++/11/bits/stl_vector.h:1796:6 @[ /usr/lib/gcc/aarch64-linux-gnu/11/../../../../include/c++/11/bits/stl_vector.h:1499:9 @[ /opt/ros/humble/src/gtest_vendor/./src/gtest.cc:6078:11 ] ] ] ] ]. Skipping.
Found a loop without an exit block at /opt/ros/humble/src/gtest_vendor/./src/gtest-death-test.cc:498:3. Skipping.
Found a loop without an exit block at /opt/ros/humble/src/gtest_vendor/./src/gtest-death-test.cc:351:3 @[ /opt/ros/humble/src/gtest_vendor/./src/gtest-death-test.cc:487:9 ]. Skipping.
Found a loop without an exit block at /opt/ros/humble/src/gtest_vendor/./src/gtest-death-test.cc:469:3. Skipping.
Found a loop without an exit block at /opt/ros/humble/src/gtest_vendor/./src/gtest-death-test.cc:518:3. Skipping.
Found a loop without an exit block at /opt/ros/humble/src/gtest_vendor/./src/gtest-death-test.cc:535:3. Skipping.
Found a loop without an exit block at /opt/ros/humble/src/gtest_vendor/./src/gtest-death-test.cc:1103:3. Skipping.
Found a loop without a preheader at /opt/ros/humble/src/gtest_vendor/./src/gtest-death-test.cc:1143:5. Skipping.
Found a loop without an exit block at /opt/ros/humble/src/gtest_vendor/./src/gtest-death-test.cc:1155:5. Skipping.
Found a loop without a preheader at /opt/ros/humble/src/gtest_vendor/./src/gtest-port.cc:107:3 @[ /opt/ros/humble/src/gtest_vendor/./src/gtest-port.cc:120:10 ]. Skipping.
Found a loop without a preheader at /opt/ros/humble/src/gtest_vendor/./src/gtest-death-test.cc:1196:5 @[ /opt/ros/humble/src/gtest_vendor/./src/gtest-death-test.cc:1457:1 ]. Skipping.
Found a loop without an exit block at /opt/ros/humble/src/gtest_vendor/./src/gtest-death-test.cc:1452:3. Skipping.
Found a loop without an exit block at /opt/ros/humble/src/gtest_vendor/./src/gtest-death-test.cc:1401:3 @[ /opt/ros/humble/src/gtest_vendor/./src/gtest-death-test.cc:1451:27 ]. Skipping.
Found a loop without an exit block at /opt/ros/humble/src/gtest_vendor/./src/gtest-death-test.cc:1358:3 @[ /opt/ros/humble/src/gtest_vendor/./src/gtest-death-test.cc:1451:27 ]. Skipping.
Found a loop without a preheader at /usr/lib/gcc/aarch64-linux-gnu/11/../../../../include/c++/11/bits/stl_construct.h:162:4 @[ /usr/lib/gcc/aarch64-linux-gnu/11/../../../../include/c++/11/bits/stl_construct.h:195:7 @[ /usr/lib/gcc/aarch64-linux-gnu/11/../../../../include/c++/11/bits/alloc_traits.h:848:7 @[ /usr/lib/gcc/aarch64-linux-gnu/11/../../../../include/c++/11/bits/stl_vector.h:680:2 @[ /opt/ros/humble/src/gtest_vendor/./src/gtest-death-test.cc:1440:3 ] ] ] ]. Skipping.
Found a loop without a preheader at /opt/ros/humble/src/gtest_vendor/./src/gtest-death-test.cc:1207:5 @[ /opt/ros/humble/src/gtest_vendor/./src/gtest-death-test.cc:1440:8 ]. Skipping.
Found a loop without a preheader at /opt/ros/humble/src/gtest_vendor/./src/gtest-death-test.cc:1196:5. Skipping.
Found a loop without a preheader at /usr/lib/gcc/aarch64-linux-gnu/11/../../../../include/c++/11/bits/stl_construct.h:162:4 @[ /usr/lib/gcc/aarch64-linux-gnu/11/../../../../include/c++/11/bits/stl_construct.h:195:7 @[ /usr/lib/gcc/aarch64-linux-gnu/11/../../../../include/c++/11/bits/alloc_traits.h:848:7 @[ /usr/lib/gcc/aarch64-linux-gnu/11/../../../../include/c++/11/bits/stl_vector.h:680:2 @[ /opt/ros/humble/src/gtest_vendor/./src/gtest-death-test.cc:1647:1 ] ] ] ]. Skipping.
Found a loop without a preheader at /opt/ros/humble/src/gtest_vendor/./src/gtest-filepath.cc:358:3. Skipping.
Found a loop without a preheader at /usr/lib/gcc/aarch64-linux-gnu/11/../../../../include/c++/11/bits/stl_construct.h:162:4 @[ /usr/lib/gcc/aarch64-linux-gnu/11/../../../../include/c++/11/bits/stl_construct.h:195:7 @[ /usr/lib/gcc/aarch64-linux-gnu/11/../../../../include/c++/11/bits/alloc_traits.h:848:7 @[ /usr/lib/gcc/aarch64-linux-gnu/11/../../../../include/c++/11/bits/stl_vector.h:680:2 @[ /opt/ros/humble/src/gtest_vendor/./src/gtest-port.cc:1247:43 ] ] ] ]. Skipping.
Found a loop without a preheader at /usr/lib/gcc/aarch64-linux-gnu/11/../../../../include/c++/11/bits/stl_construct.h:162:4 @[ /usr/lib/gcc/aarch64-linux-gnu/11/../../../../include/c++/11/bits/stl_construct.h:195:7 @[ /usr/lib/gcc/aarch64-linux-gnu/11/../../../../include/c++/11/bits/alloc_traits.h:848:7 @[ /usr/lib/gcc/aarch64-linux-gnu/11/../../../../include/c++/11/bits/stl_vector.h:680:2 @[ /opt/ros/humble/src/gtest_vendor/./src/gtest-port.cc:1247:43 @[ /opt/ros/humble/src/gtest_vendor/./src/gtest-port.cc:1252:3 ] ] ] ] ]. Skipping.
Found a loop without a preheader at /usr/lib/gcc/aarch64-linux-gnu/11/../../../../include/c++/11/bits/stl_construct.h:162:4 @[ /usr/lib/gcc/aarch64-linux-gnu/11/../../../../include/c++/11/bits/stl_construct.h:195:7 @[ /usr/lib/gcc/aarch64-linux-gnu/11/../../../../include/c++/11/bits/alloc_traits.h:848:7 @[ /usr/lib/gcc/aarch64-linux-gnu/11/../../../../include/c++/11/bits/stl_vector.h:680:2 @[ /opt/ros/humble/src/gtest_vendor/./src/gtest-port.cc:1257:3 ] ] ] ]. Skipping.
Found a loop without a preheader at /opt/ros/humble/src/gtest_vendor/./src/gtest-port.cc:1279:3. Skipping.
Found a loop without a preheader at /opt/ros/humble/src/gtest_vendor/./src/gtest-printers.cc:273:3. Skipping.
Found a loop without a preheader at /opt/ros/humble/src/gtest_vendor/./src/gtest-printers.cc:273:3. Skipping.
Found a loop without a preheader at /opt/ros/humble/src/gtest_vendor/./src/gtest-printers.cc:388:9 @[ /opt/ros/humble/src/gtest_vendor/./src/gtest-printers.cc:419:7 @[ /opt/ros/humble/src/gtest_vendor/./src/gtest-printers.cc:429:7 ] ]. Skipping.
Found a loop without a preheader at /opt/ros/humble/src/gtest_vendor/./src/gtest-printers.cc:364:3 @[ /opt/ros/humble/src/gtest_vendor/./src/gtest-printers.cc:418:8 @[ /opt/ros/humble/src/gtest_vendor/./src/gtest-printers.cc:429:7 ] ]. Skipping.
Found a loop without a preheader at /usr/lib/gcc/aarch64-linux-gnu/11/../../../../include/c++/11/bits/stl_construct.h:162:4 @[ /usr/lib/gcc/aarch64-linux-gnu/11/../../../../include/c++/11/bits/stl_construct.h:195:7 @[ /usr/lib/gcc/aarch64-linux-gnu/11/../../../../include/c++/11/bits/alloc_traits.h:848:7 @[ /usr/lib/gcc/aarch64-linux-gnu/11/../../../../include/c++/11/bits/stl_vector.h:680:2 @[ /opt/ros/humble/src/gtest_vendor/./src/gtest-typed-test.cc:113:1 ] ] ] ]. Skipping.
Found a loop without a preheader at /opt/ros/humble/src/gtest_vendor/./src/gtest-typed-test.cc:96:3. Skipping.
Found a loop without an exit block at /opt/ros/humble/src/gtest_vendor/./src/gtest-typed-test.cc:70:3. Skipping.
Found a loop without an exit block at /opt/ros/humble/src/gtest_vendor/./src/gtest-typed-test.cc:51:3 @[ /opt/ros/humble/src/gtest_vendor/./src/gtest-typed-test.cc:65:39 ]. Skipping.
Found a loop without a preheader at /usr/lib/gcc/aarch64-linux-gnu/11/../../../../include/c++/11/bits/stl_tree.h:1887:7. Skipping.
Found a loop without a preheader at /usr/lib/gcc/aarch64-linux-gnu/11/../../../../include/c++/11/bits/stl_uninitialized.h:91:8. Skipping.
Found a loop without a preheader at /usr/lib/gcc/aarch64-linux-gnu/11/../../../../include/c++/11/bits/stl_construct.h:162:4 @[ /usr/lib/gcc/aarch64-linux-gnu/11/../../../../include/c++/11/bits/stl_construct.h:195:7 ]. Skipping.
Found a loop without a preheader at /opt/ros/humble/src/gtest_vendor/./src/gtest-internal-inl.h:284:3 @[ /opt/ros/humble/src/gtest_vendor/./src/gtest.cc:2719:10 @[ /opt/ros/humble/src/gtest_vendor/include/gtest/gtest.h:892:32 @[ /opt/ros/humble/src/gtest_vendor/include/gtest/gtest.h:889:33 @[ /opt/ros/humble/src/gtest_vendor/./src/gtest-internal-inl.h:1165:63 ] ] ] ]. Skipping.
Found a loop without an exit block at /opt/ros/humble/src/gtest_vendor/./src/gtest-death-test.cc:1248:3. Skipping.
Found a loop without a preheader at /opt/ros/humble/src/gtest_vendor/./src/gtest-printers.cc:67:3. Skipping.
Found a loop without a preheader at /usr/lib/gcc/aarch64-linux-gnu/11/../../../../include/c++/11/bits/stl_tree.h:1887:7. Skipping.
Found a loop without a preheader at /usr/lib/gcc/aarch64-linux-gnu/11/../../../../include/c++/11/bits/stl_uninitialized.h:91:8. Skipping.
Found a loop without a preheader at /usr/lib/gcc/aarch64-linux-gnu/11/../../../../include/c++/11/bits/stl_uninitialized.h:1031:7 @[ /usr/lib/gcc/aarch64-linux-gnu/11/../../../../include/c++/11/bits/stl_uninitialized.h:1046:14 @[ /usr/lib/gcc/aarch64-linux-gnu/11/../../../../include/c++/11/bits/stl_vector.h:456:9 @[ /usr/lib/gcc/aarch64-linux-gnu/11/../../../../include/c++/11/bits/stl_vector.h:469:9 @[ /usr/lib/gcc/aarch64-linux-gnu/11/../../../../include/c++/11/bits/vector.tcc:466:23 ] ] ] ]. Skipping.
Found a loop without a preheader at /usr/lib/gcc/aarch64-linux-gnu/11/../../../../include/c++/11/bits/stl_uninitialized.h:1031:7 @[ /usr/lib/gcc/aarch64-linux-gnu/11/../../../../include/c++/11/bits/stl_uninitialized.h:1046:14 @[ /usr/lib/gcc/aarch64-linux-gnu/11/../../../../include/c++/11/bits/stl_vector.h:456:9 @[ /usr/lib/gcc/aarch64-linux-gnu/11/../../../../include/c++/11/bits/stl_vector.h:469:9 @[ /usr/lib/gcc/aarch64-linux-gnu/11/../../../../include/c++/11/bits/vector.tcc:461:23 ] ] ] ]. Skipping.
Found a loop without an exit block at /usr/lib/gcc/aarch64-linux-gnu/11/../../../../include/c++/11/bits/stl_uninitialized.h:236:8. Skipping.
Found a loop without a preheader at /usr/lib/gcc/aarch64-linux-gnu/11/../../../../include/c++/11/bits/stl_construct.h:162:4 @[ /usr/lib/gcc/aarch64-linux-gnu/11/../../../../include/c++/11/bits/stl_construct.h:195:7 ]. Skipping.
Found a loop without an exit block at /usr/lib/gcc/aarch64-linux-gnu/11/../../../../include/c++/11/bits/stl_uninitialized.h:236:8. Skipping.
Found a loop without a preheader at /usr/lib/gcc/aarch64-linux-gnu/11/../../../../include/c++/11/bits/stl_construct.h:162:4 @[ /usr/lib/gcc/aarch64-linux-gnu/11/../../../../include/c++/11/bits/stl_construct.h:195:7 ]. Skipping.
Found a loop without a preheader at /usr/lib/gcc/aarch64-linux-gnu/11/../../../../include/c++/11/bits/stl_uninitialized.h:1031:7 @[ /usr/lib/gcc/aarch64-linux-gnu/11/../../../../include/c++/11/bits/stl_uninitialized.h:1046:14 @[ /usr/lib/gcc/aarch64-linux-gnu/11/../../../../include/c++/11/bits/stl_vector.h:456:9 @[ /usr/lib/gcc/aarch64-linux-gnu/11/../../../../include/c++/11/bits/stl_vector.h:469:9 @[ /usr/lib/gcc/aarch64-linux-gnu/11/../../../../include/c++/11/bits/vector.tcc:466:23 ] ] ] ]. Skipping.
Found a loop without a preheader at /usr/lib/gcc/aarch64-linux-gnu/11/../../../../include/c++/11/bits/stl_uninitialized.h:1031:7 @[ /usr/lib/gcc/aarch64-linux-gnu/11/../../../../include/c++/11/bits/stl_uninitialized.h:1046:14 @[ /usr/lib/gcc/aarch64-linux-gnu/11/../../../../include/c++/11/bits/stl_vector.h:456:9 @[ /usr/lib/gcc/aarch64-linux-gnu/11/../../../../include/c++/11/bits/stl_vector.h:469:9 @[ /usr/lib/gcc/aarch64-linux-gnu/11/../../../../include/c++/11/bits/vector.tcc:461:23 ] ] ] ]. Skipping.
Found a loop without a preheader at /usr/lib/gcc/aarch64-linux-gnu/11/../../../../include/c++/11/bits/stl_algobase.h:2067:7. Skipping.
Found a loop without a preheader at /usr/lib/gcc/aarch64-linux-gnu/11/../../../../include/c++/11/bits/stl_uninitialized.h:1031:7 @[ /usr/lib/gcc/aarch64-linux-gnu/11/../../../../include/c++/11/bits/stl_uninitialized.h:1046:14 @[ /usr/lib/gcc/aarch64-linux-gnu/11/../../../../include/c++/11/bits/stl_vector.h:456:9 @[ /usr/lib/gcc/aarch64-linux-gnu/11/../../../../include/c++/11/bits/stl_vector.h:469:9 @[ /usr/lib/gcc/aarch64-linux-gnu/11/../../../../include/c++/11/bits/vector.tcc:466:23 ] ] ] ]. Skipping.
Found a loop without a preheader at /usr/lib/gcc/aarch64-linux-gnu/11/../../../../include/c++/11/bits/stl_uninitialized.h:1031:7 @[ /usr/lib/gcc/aarch64-linux-gnu/11/../../../../include/c++/11/bits/stl_uninitialized.h:1046:14 @[ /usr/lib/gcc/aarch64-linux-gnu/11/../../../../include/c++/11/bits/stl_vector.h:456:9 @[ /usr/lib/gcc/aarch64-linux-gnu/11/../../../../include/c++/11/bits/stl_vector.h:469:9 @[ /usr/lib/gcc/aarch64-linux-gnu/11/../../../../include/c++/11/bits/vector.tcc:461:23 ] ] ] ]. Skipping.
Found a loop without an exit block at /usr/lib/gcc/aarch64-linux-gnu/11/../../../../include/c++/11/bits/stl_algobase.h:2067:7. Skipping.
Found a loop without a preheader at /usr/lib/gcc/aarch64-linux-gnu/11/../../../../include/c++/11/bits/stl_uninitialized.h:1031:7 @[ /usr/lib/gcc/aarch64-linux-gnu/11/../../../../include/c++/11/bits/stl_uninitialized.h:1046:14 @[ /usr/lib/gcc/aarch64-linux-gnu/11/../../../../include/c++/11/bits/stl_vector.h:456:9 @[ /usr/lib/gcc/aarch64-linux-gnu/11/../../../../include/c++/11/bits/stl_vector.h:469:9 @[ /usr/lib/gcc/aarch64-linux-gnu/11/../../../../include/c++/11/bits/vector.tcc:466:23 ] ] ] ]. Skipping.
Found a loop without a preheader at /usr/lib/gcc/aarch64-linux-gnu/11/../../../../include/c++/11/bits/stl_uninitialized.h:1031:7 @[ /usr/lib/gcc/aarch64-linux-gnu/11/../../../../include/c++/11/bits/stl_uninitialized.h:1046:14 @[ /usr/lib/gcc/aarch64-linux-gnu/11/../../../../include/c++/11/bits/stl_vector.h:456:9 @[ /usr/lib/gcc/aarch64-linux-gnu/11/../../../../include/c++/11/bits/stl_vector.h:469:9 @[ /usr/lib/gcc/aarch64-linux-gnu/11/../../../../include/c++/11/bits/vector.tcc:461:23 ] ] ] ]. Skipping.
Found a loop without a preheader at /usr/lib/gcc/aarch64-linux-gnu/11/../../../../include/c++/11/bits/stl_construct.h:162:4 @[ /usr/lib/gcc/aarch64-linux-gnu/11/../../../../include/c++/11/bits/stl_construct.h:195:7 @[ /usr/lib/gcc/aarch64-linux-gnu/11/../../../../include/c++/11/bits/alloc_traits.h:848:7 @[ /usr/lib/gcc/aarch64-linux-gnu/11/../../../../include/c++/11/bits/stl_vector.h:680:2 @[ /opt/ros/humble/src/gtest_vendor/include/gtest/internal/gtest-port.h:1764:9 ] ] ] ]. Skipping.
Found a loop without a preheader at /usr/lib/gcc/aarch64-linux-gnu/11/../../../../include/c++/11/bits/stl_construct.h:162:4 @[ /usr/lib/gcc/aarch64-linux-gnu/11/../../../../include/c++/11/bits/stl_construct.h:195:7 @[ /usr/lib/gcc/aarch64-linux-gnu/11/../../../../include/c++/11/bits/alloc_traits.h:848:7 @[ /usr/lib/gcc/aarch64-linux-gnu/11/../../../../include/c++/11/bits/stl_vector.h:680:2 @[ /opt/ros/humble/src/gtest_vendor/include/gtest/internal/gtest-port.h:1764:9 @[ /opt/ros/humble/src/gtest_vendor/include/gtest/internal/gtest-port.h:1764:9 ] ] ] ] ]. Skipping.
Found a loop without a preheader at /usr/lib/gcc/aarch64-linux-gnu/11/../../../../include/c++/11/bits/stl_algobase.h:2067:7. Skipping.
Found a loop without a preheader at /usr/lib/gcc/aarch64-linux-gnu/11/../../../../include/c++/11/bits/stl_construct.h:162:4 @[ /usr/lib/gcc/aarch64-linux-gnu/11/../../../../include/c++/11/bits/stl_construct.h:195:7 @[ /usr/lib/gcc/aarch64-linux-gnu/11/../../../../include/c++/11/bits/alloc_traits.h:848:7 @[ /usr/lib/gcc/aarch64-linux-gnu/11/../../../../include/c++/11/bits/stl_vector.h:680:2 @[ /opt/ros/humble/src/gtest_vendor/./src/gtest.cc:5989:1 ] ] ] ]. Skipping.
Found a loop without an exit block at /opt/ros/humble/src/gtest_vendor/./src/gtest.cc:5983:3. Skipping.
Found a loop without an exit block at src/universe/autoware_universe/perception/autoware_map_based_prediction/src/path_generator.cpp:231:3. Skipping.
Found a loop without an exit block at src/universe/autoware_universe/perception/autoware_map_based_prediction/src/path_generator.cpp:78:3. Skipping.
Found a loop without an exit block at src/universe/autoware_universe/perception/autoware_map_based_prediction/src/path_generator.cpp:129:3. Skipping.
Found a loop without an exit block at src/universe/autoware_universe/perception/autoware_map_based_prediction/src/path_generator.cpp:170:3. Skipping.
Found a loop without an exit block at src/universe/autoware_universe/perception/autoware_map_based_prediction/src/path_generator.cpp:332:3. Skipping.
Found a loop without an exit block at src/universe/autoware_universe/perception/autoware_map_based_prediction/src/path_generator.cpp:558:3. Skipping.
Found a loop without an exit block at src/universe/autoware_universe/perception/autoware_map_based_prediction/src/path_generator.cpp:545:3. Skipping.
Found a loop without a preheader at src/universe/autoware_universe/perception/autoware_map_based_prediction/src/path_generator.cpp:530:3. Skipping.
Found a loop without an exit block at src/universe/autoware_universe/perception/autoware_map_based_prediction/src/path_generator.cpp:589:3. Skipping.
Found a loop without a preheader at install/autoware_motion_utils/include/autoware/motion_utils/trajectory/trajectory.hpp:730:3. Skipping.
Found a loop without an exit block at src/universe/autoware_universe/perception/autoware_map_based_prediction/src/path_generator.cpp:423:3. Skipping.
Found a loop without an exit block at src/universe/autoware_universe/perception/autoware_map_based_prediction/src/path_generator.cpp:469:3. Skipping.
Found a loop without a preheader at /usr/lib/gcc/aarch64-linux-gnu/11/../../../../include/c++/11/bits/stl_uninitialized.h:1031:7 @[ /usr/lib/gcc/aarch64-linux-gnu/11/../../../../include/c++/11/bits/stl_uninitialized.h:1046:14 @[ /usr/lib/gcc/aarch64-linux-gnu/11/../../../../include/c++/11/bits/stl_vector.h:456:9 @[ /usr/lib/gcc/aarch64-linux-gnu/11/../../../../include/c++/11/bits/stl_vector.h:469:9 @[ /usr/lib/gcc/aarch64-linux-gnu/11/../../../../include/c++/11/bits/vector.tcc:648:5 ] ] ] ]. Skipping.
Found a loop without a preheader at /usr/lib/gcc/aarch64-linux-gnu/11/../../../../include/c++/11/bits/stl_uninitialized.h:578:8 @[ /usr/lib/gcc/aarch64-linux-gnu/11/../../../../include/c++/11/bits/stl_uninitialized.h:638:14 @[ /usr/lib/gcc/aarch64-linux-gnu/11/../../../../include/c++/11/bits/stl_uninitialized.h:704:14 @[ /usr/lib/gcc/aarch64-linux-gnu/11/../../../../include/c++/11/bits/vector.tcc:627:3 ] ] ]. Skipping.
Found a loop without an exit block at src/universe/autoware_universe/perception/autoware_map_based_prediction/src/utils.cpp:205:3. Skipping.
Found a loop without an exit block at src/universe/autoware_universe/perception/autoware_map_based_prediction/src/utils.cpp:172:3. Skipping.
Found a loop without a preheader at /usr/lib/gcc/aarch64-linux-gnu/11/../../../../include/c++/11/bits/hashtable_policy.h:1912:7 @[ /usr/lib/gcc/aarch64-linux-gnu/11/../../../../include/c++/11/bits/hashtable.h:2320:13 @[ /usr/lib/gcc/aarch64-linux-gnu/11/../../../../include/c++/11/bits/hashtable.h:1532:7 @[ /usr/lib/gcc/aarch64-linux-gnu/11/../../../../include/c++/11/bits/unordered_set.h:97:11 ] ] ]. Skipping.
Found a loop without a preheader at /usr/lib/gcc/aarch64-linux-gnu/11/../../../../include/c++/11/bits/hashtable.h:1837:7 @[ /usr/lib/gcc/aarch64-linux-gnu/11/../../../../include/c++/11/bits/hashtable.h:810:31 @[ /usr/lib/gcc/aarch64-linux-gnu/11/../../../../include/c++/11/bits/hashtable.h:2105:26 ] ]. Skipping.
Found a loop without a preheader at /usr/lib/gcc/aarch64-linux-gnu/11/../../../../include/c++/11/bits/hashtable.h:1837:7 @[ /usr/lib/gcc/aarch64-linux-gnu/11/../../../../include/c++/11/bits/hashtable.h:810:31 @[ /usr/lib/gcc/aarch64-linux-gnu/11/../../../../include/c++/11/bits/hashtable.h:2105:26 ] ]. Skipping.
Found a loop without a preheader at /usr/lib/gcc/aarch64-linux-gnu/11/../../../../include/c++/11/bits/hashtable.h:2386:7. Skipping.
Found a loop without a preheader at /usr/lib/gcc/aarch64-linux-gnu/11/../../../../include/c++/11/bits/stl_construct.h:162:4 @[ /usr/lib/gcc/aarch64-linux-gnu/11/../../../../include/c++/11/bits/stl_construct.h:195:7 @[ /usr/lib/gcc/aarch64-linux-gnu/11/../../../../include/c++/11/bits/alloc_traits.h:848:7 @[ /usr/lib/gcc/aarch64-linux-gnu/11/../../../../include/c++/11/bits/stl_vector.h:680:2 @[ src/universe/autoware_universe/perception/autoware_map_based_prediction/include/map_based_prediction/data_structure.hpp:80:8 ] ] ] ]. Skipping.
Found a loop without a preheader at /usr/lib/gcc/aarch64-linux-gnu/11/../../../../include/c++/11/bits/stl_construct.h:162:4 @[ /usr/lib/gcc/aarch64-linux-gnu/11/../../../../include/c++/11/bits/stl_construct.h:195:7 @[ /usr/lib/gcc/aarch64-linux-gnu/11/../../../../include/c++/11/bits/alloc_traits.h:848:7 @[ /usr/lib/gcc/aarch64-linux-gnu/11/../../../../include/c++/11/bits/stl_vector.h:680:2 @[ src/universe/autoware_universe/perception/autoware_map_based_prediction/include/map_based_prediction/data_structure.hpp:80:8 ] ] ] ]. Skipping.
Found a loop without a preheader at /usr/lib/gcc/aarch64-linux-gnu/11/../../../../include/c++/11/bits/hashtable_policy.h:1912:7 @[ /usr/lib/gcc/aarch64-linux-gnu/11/../../../../include/c++/11/bits/hashtable.h:2320:13 @[ /usr/lib/gcc/aarch64-linux-gnu/11/../../../../include/c++/11/bits/hashtable.h:1532:7 ] ]. Skipping.
Found a loop without a preheader at /usr/lib/gcc/aarch64-linux-gnu/11/../../../../include/c++/11/bits/hashtable.h:1837:7 @[ /usr/lib/gcc/aarch64-linux-gnu/11/../../../../include/c++/11/bits/hashtable.h:2203:34 ]. Skipping.
Found a loop without a preheader at /usr/lib/gcc/aarch64-linux-gnu/11/../../../../include/c++/11/bits/hashtable.h:1837:7 @[ /usr/lib/gcc/aarch64-linux-gnu/11/../../../../include/c++/11/bits/hashtable.h:2203:34 ]. Skipping.
Found a loop without a preheader at /usr/lib/gcc/aarch64-linux-gnu/11/../../../../include/c++/11/bits/stl_deque.h:678:7 @[ /usr/lib/gcc/aarch64-linux-gnu/11/../../../../include/c++/11/bits/stl_deque.h:601:4 @[ /usr/lib/gcc/aarch64-linux-gnu/11/../../../../include/c++/11/bits/stl_deque.h:1007:65 ] ]. Skipping.
Found a loop without a preheader at /usr/lib/gcc/aarch64-linux-gnu/11/../../../../include/c++/11/bits/stl_construct.h:162:4 @[ /usr/lib/gcc/aarch64-linux-gnu/11/../../../../include/c++/11/bits/stl_construct.h:195:7 @[ /usr/lib/gcc/aarch64-linux-gnu/11/../../../../include/c++/11/bits/alloc_traits.h:848:7 @[ /usr/lib/gcc/aarch64-linux-gnu/11/../../../../include/c++/11/bits/deque.tcc:875:3 @[ /usr/lib/gcc/aarch64-linux-gnu/11/../../../../include/c++/11/bits/stl_deque.h:2049:4 @[ /usr/lib/gcc/aarch64-linux-gnu/11/../../../../include/c++/11/bits/stl_deque.h:1007:9 ] ] ] ] ]. Skipping.
Found a loop without a preheader at /usr/lib/gcc/aarch64-linux-gnu/11/../../../../include/c++/11/bits/stl_construct.h:162:4 @[ /usr/lib/gcc/aarch64-linux-gnu/11/../../../../include/c++/11/bits/stl_construct.h:195:7 @[ /usr/lib/gcc/aarch64-linux-gnu/11/../../../../include/c++/11/bits/alloc_traits.h:848:7 @[ /usr/lib/gcc/aarch64-linux-gnu/11/../../../../include/c++/11/bits/deque.tcc:871:5 @[ /usr/lib/gcc/aarch64-linux-gnu/11/../../../../include/c++/11/bits/stl_deque.h:2049:4 @[ /usr/lib/gcc/aarch64-linux-gnu/11/../../../../include/c++/11/bits/stl_deque.h:1007:9 ] ] ] ] ]. Skipping.
Found a loop without a preheader at /usr/lib/gcc/aarch64-linux-gnu/11/../../../../include/c++/11/bits/stl_construct.h:162:4 @[ /usr/lib/gcc/aarch64-linux-gnu/11/../../../../include/c++/11/bits/stl_construct.h:195:7 @[ /usr/lib/gcc/aarch64-linux-gnu/11/../../../../include/c++/11/bits/alloc_traits.h:848:7 @[ /usr/lib/gcc/aarch64-linux-gnu/11/../../../../include/c++/11/bits/deque.tcc:869:5 @[ /usr/lib/gcc/aarch64-linux-gnu/11/../../../../include/c++/11/bits/stl_deque.h:2049:4 @[ /usr/lib/gcc/aarch64-linux-gnu/11/../../../../include/c++/11/bits/stl_deque.h:1007:9 ] ] ] ] ]. Skipping.
Found a loop without a preheader at /usr/lib/gcc/aarch64-linux-gnu/11/../../../../include/c++/11/bits/deque.tcc:862:8 @[ /usr/lib/gcc/aarch64-linux-gnu/11/../../../../include/c++/11/bits/stl_deque.h:2049:4 @[ /usr/lib/gcc/aarch64-linux-gnu/11/../../../../include/c++/11/bits/stl_deque.h:1007:9 ] ]. Skipping.
Found a loop without an exit block at src/universe/autoware_universe/perception/autoware_map_based_prediction/src/utils.cpp:205:3. Skipping.
Found a loop without an exit block at src/universe/autoware_universe/perception/autoware_map_based_prediction/src/utils.cpp:172:3. Skipping.
Found a loop without a preheader at /usr/lib/gcc/aarch64-linux-gnu/11/../../../../include/c++/11/bits/stl_construct.h:162:4 @[ /usr/lib/gcc/aarch64-linux-gnu/11/../../../../include/c++/11/bits/stl_construct.h:195:7 @[ /usr/lib/gcc/aarch64-linux-gnu/11/../../../../include/c++/11/bits/alloc_traits.h:848:7 @[ /usr/lib/gcc/aarch64-linux-gnu/11/../../../../include/c++/11/bits/stl_vector.h:680:2 @[ src/universe/autoware_universe/perception/autoware_map_based_prediction/include/map_based_prediction/data_structure.hpp:100:8 ] ] ] ]. Skipping.
Found a loop without a preheader at /usr/lib/gcc/aarch64-linux-gnu/11/../../../../include/c++/11/bits/hashtable.h:1837:7 @[ /usr/lib/gcc/aarch64-linux-gnu/11/../../../../include/c++/11/bits/hashtable.h:2203:34 ]. Skipping.
Found a loop without a preheader at /usr/lib/gcc/aarch64-linux-gnu/11/../../../../include/c++/11/bits/hashtable.h:1837:7 @[ /usr/lib/gcc/aarch64-linux-gnu/11/../../../../include/c++/11/bits/hashtable.h:2203:34 ]. Skipping.
Found a loop without a preheader at /usr/lib/gcc/aarch64-linux-gnu/11/../../../../include/c++/11/bits/stl_deque.h:678:7 @[ /usr/lib/gcc/aarch64-linux-gnu/11/../../../../include/c++/11/bits/stl_deque.h:601:4 @[ /usr/lib/gcc/aarch64-linux-gnu/11/../../../../include/c++/11/bits/stl_deque.h:1007:65 ] ]. Skipping.
Found a loop without a preheader at /usr/lib/gcc/aarch64-linux-gnu/11/../../../../include/c++/11/bits/stl_construct.h:162:4 @[ /usr/lib/gcc/aarch64-linux-gnu/11/../../../../include/c++/11/bits/stl_construct.h:195:7 @[ /usr/lib/gcc/aarch64-linux-gnu/11/../../../../include/c++/11/bits/alloc_traits.h:848:7 @[ /usr/lib/gcc/aarch64-linux-gnu/11/../../../../include/c++/11/bits/deque.tcc:875:3 ] ] ]. Skipping.
Found a loop without a preheader at /usr/lib/gcc/aarch64-linux-gnu/11/../../../../include/c++/11/bits/stl_construct.h:162:4 @[ /usr/lib/gcc/aarch64-linux-gnu/11/../../../../include/c++/11/bits/stl_construct.h:195:7 @[ /usr/lib/gcc/aarch64-linux-gnu/11/../../../../include/c++/11/bits/alloc_traits.h:848:7 @[ /usr/lib/gcc/aarch64-linux-gnu/11/../../../../include/c++/11/bits/deque.tcc:871:5 ] ] ]. Skipping.
Found a loop without a preheader at /usr/lib/gcc/aarch64-linux-gnu/11/../../../../include/c++/11/bits/stl_construct.h:162:4 @[ /usr/lib/gcc/aarch64-linux-gnu/11/../../../../include/c++/11/bits/stl_construct.h:195:7 @[ /usr/lib/gcc/aarch64-linux-gnu/11/../../../../include/c++/11/bits/alloc_traits.h:848:7 @[ /usr/lib/gcc/aarch64-linux-gnu/11/../../../../include/c++/11/bits/deque.tcc:869:5 ] ] ]. Skipping.
Found a loop without a preheader at /usr/lib/gcc/aarch64-linux-gnu/11/../../../../include/c++/11/bits/deque.tcc:862:8. Skipping.
Found a loop without an exit block at src/universe/autoware_universe/perception/autoware_map_based_prediction/src/utils.cpp:69:3. Skipping.
Found a loop without a preheader at /usr/lib/gcc/aarch64-linux-gnu/11/../../../../include/c++/11/bits/charconv.h:56:7 @[ /usr/lib/gcc/aarch64-linux-gnu/11/../../../../include/c++/11/bits/basic_string.h:6664:24 ]. Skipping.
Found a loop without a preheader at /usr/lib/gcc/aarch64-linux-gnu/11/../../../../include/c++/11/bits/stl_construct.h:162:4 @[ /usr/lib/gcc/aarch64-linux-gnu/11/../../../../include/c++/11/bits/stl_construct.h:195:7 @[ /usr/lib/gcc/aarch64-linux-gnu/11/../../../../include/c++/11/bits/alloc_traits.h:848:7 @[ /usr/lib/gcc/aarch64-linux-gnu/11/../../../../include/c++/11/bits/stl_vector.h:680:2 @[ src/universe/autoware_universe/perception/autoware_map_based_prediction/src/utils.cpp:105:1 ] ] ] ]. Skipping.
Found a loop without a preheader at /usr/lib/gcc/aarch64-linux-gnu/11/../../../../include/c++/11/bits/stl_construct.h:162:4 @[ /usr/lib/gcc/aarch64-linux-gnu/11/../../../../include/c++/11/bits/stl_construct.h:195:7 @[ /usr/lib/gcc/aarch64-linux-gnu/11/../../../../include/c++/11/bits/alloc_traits.h:848:7 @[ /usr/lib/gcc/aarch64-linux-gnu/11/../../../../include/c++/11/bits/stl_vector.h:680:2 @[ /opt/ros/humble/include/lanelet2_core/geometry/impl/LaneletMap.h:35:1 ] ] ] ]. Skipping.
Found a loop without a preheader at /usr/lib/gcc/aarch64-linux-gnu/11/../../../../include/c++/11/bits/stl_algo.h:1846:7 @[ /usr/lib/gcc/aarch64-linux-gnu/11/../../../../include/c++/11/bits/stl_algo.h:1867:4 @[ /usr/lib/gcc/aarch64-linux-gnu/11/../../../../include/c++/11/bits/stl_algo.h:1957:4 @[ /usr/lib/gcc/aarch64-linux-gnu/11/../../../../include/c++/11/bits/stl_algo.h:4875:7 @[ /opt/ros/humble/include/lanelet2_core/geometry/impl/LaneletMap.h:33:3 ] ] ] ]. Skipping.
Found a loop without an exit block at /opt/ros/humble/include/lanelet2_core/geometry/impl/LaneletMap.h:27:3. Skipping.
Found a loop without a preheader at /usr/lib/gcc/aarch64-linux-gnu/11/../../../../include/c++/11/bits/stl_construct.h:162:4 @[ /usr/lib/gcc/aarch64-linux-gnu/11/../../../../include/c++/11/bits/stl_construct.h:195:7 @[ /usr/lib/gcc/aarch64-linux-gnu/11/../../../../include/c++/11/bits/alloc_traits.h:848:7 @[ /usr/lib/gcc/aarch64-linux-gnu/11/../../../../include/c++/11/bits/stl_vector.h:680:2 ] ] ]. Skipping.
Found a loop without a preheader at /usr/lib/gcc/aarch64-linux-gnu/11/../../../../include/c++/11/bits/stl_construct.h:162:4 @[ /usr/lib/gcc/aarch64-linux-gnu/11/../../../../include/c++/11/bits/stl_construct.h:195:7 @[ /usr/lib/gcc/aarch64-linux-gnu/11/../../../../include/c++/11/bits/alloc_traits.h:848:7 @[ /usr/lib/gcc/aarch64-linux-gnu/11/../../../../include/c++/11/bits/stl_vector.h:680:2 ] ] ]. Skipping.
Found a loop without a preheader at /usr/include/boost/geometry/algorithms/detail/within/point_in_geometry.hpp:77:5. Skipping.
Found a loop without a preheader at /usr/include/boost/geometry/iterators/closing_iterator.hpp:106:13 @[ /usr/include/boost/iterator/iterator_facade.hpp:556:13 @[ /usr/include/boost/iterator/iterator_facade.hpp:666:13 @[ /usr/include/boost/geometry/algorithms/detail/within/point_in_geometry.hpp:77:55 ] ] ]. Skipping.
Found a loop without a preheader at /usr/include/boost/geometry/algorithms/detail/closest_feature/point_to_range.hpp:72:9. Skipping.
Found a loop without an exit block at /usr/lib/gcc/aarch64-linux-gnu/11/../../../../include/c++/11/bits/stl_algobase.h:2067:7 @[ /usr/lib/gcc/aarch64-linux-gnu/11/../../../../include/c++/11/bits/stl_algobase.h:2114:14 @[ /usr/lib/gcc/aarch64-linux-gnu/11/../../../../include/c++/11/bits/stl_algo.h:3910:14 @[ /opt/ros/humble/include/lanelet2_core/utility/CompoundIterator.h:45:12 @[ /opt/ros/humble/include/lanelet2_core/utility/CompoundIterator.h:32:20 ] ] ] ]. Skipping.
Found a loop without an exit block at /usr/lib/gcc/aarch64-linux-gnu/11/../../../../include/c++/11/bits/stl_uninitialized.h:318:4. Skipping.
Found a loop without an exit block at /opt/ros/humble/include/lanelet2_core/utility/CompoundIterator.h:63:5 @[ /usr/include/boost/iterator/iterator_facade.hpp:562:13 @[ /usr/include/boost/iterator/iterator_facade.hpp:699:13 @[ /usr/lib/gcc/aarch64-linux-gnu/11/../../../../include/c++/11/bits/stl_iterator.h:245:10 ] ] ]. Skipping.
Found a loop without an exit block at /opt/ros/humble/include/lanelet2_core/utility/CompoundIterator.h:91:7. Skipping.
Found a loop without an exit block at /usr/lib/gcc/aarch64-linux-gnu/11/../../../../include/c++/11/bits/stl_algobase.h:2067:7 @[ /usr/lib/gcc/aarch64-linux-gnu/11/../../../../include/c++/11/bits/stl_algobase.h:2114:14 @[ /usr/lib/gcc/aarch64-linux-gnu/11/../../../../include/c++/11/bits/stl_algo.h:3910:14 @[ /opt/ros/humble/include/lanelet2_core/utility/CompoundIterator.h:45:12 @[ /opt/ros/humble/include/lanelet2_core/utility/CompoundIterator.h:90:26 ] ] ] ]. Skipping.
Found a loop without an exit block at /opt/ros/humble/include/lanelet2_core/utility/CompoundIterator.h:51:5 @[ /usr/include/boost/iterator/iterator_facade.hpp:556:13 @[ /usr/include/boost/iterator/iterator_facade.hpp:666:13 @[ /opt/ros/humble/include/lanelet2_core/utility/ReverseAndForwardIterator.h:32:34 ] ] ]. Skipping.
Found a loop without an exit block at /opt/ros/humble/include/lanelet2_core/utility/CompoundIterator.h:63:5 @[ /usr/include/boost/iterator/iterator_facade.hpp:562:13 @[ /usr/include/boost/iterator/iterator_facade.hpp:699:13 @[ /opt/ros/humble/include/lanelet2_core/utility/ReverseAndForwardIterator.h:32:45 ] ] ]. Skipping.
Found a loop without a preheader at /usr/lib/gcc/aarch64-linux-gnu/11/../../../../include/c++/11/bits/stl_uninitialized.h:1031:7 @[ /usr/lib/gcc/aarch64-linux-gnu/11/../../../../include/c++/11/bits/stl_uninitialized.h:1046:14 @[ /usr/lib/gcc/aarch64-linux-gnu/11/../../../../include/c++/11/bits/stl_vector.h:456:9 @[ /usr/lib/gcc/aarch64-linux-gnu/11/../../../../include/c++/11/bits/stl_vector.h:469:9 @[ /usr/lib/gcc/aarch64-linux-gnu/11/../../../../include/c++/11/bits/vector.tcc:466:23 ] ] ] ]. Skipping.
Found a loop without a preheader at /usr/lib/gcc/aarch64-linux-gnu/11/../../../../include/c++/11/bits/stl_uninitialized.h:1031:7 @[ /usr/lib/gcc/aarch64-linux-gnu/11/../../../../include/c++/11/bits/stl_uninitialized.h:1046:14 @[ /usr/lib/gcc/aarch64-linux-gnu/11/../../../../include/c++/11/bits/stl_vector.h:456:9 @[ /usr/lib/gcc/aarch64-linux-gnu/11/../../../../include/c++/11/bits/stl_vector.h:469:9 @[ /usr/lib/gcc/aarch64-linux-gnu/11/../../../../include/c++/11/bits/vector.tcc:461:23 ] ] ] ]. Skipping.
Found a loop without an exit block at /usr/lib/gcc/aarch64-linux-gnu/11/../../../../include/c++/11/bits/stl_algo.h:1929:7. Skipping.
Found a loop without an exit block at /usr/lib/gcc/aarch64-linux-gnu/11/../../../../include/c++/11/bits/stl_heap.h:352:7. Skipping.
Found a loop without a preheader at /usr/lib/gcc/aarch64-linux-gnu/11/../../../../include/c++/11/bits/stl_heap.h:228:7. Skipping.
Found a loop without a preheader at /usr/lib/gcc/aarch64-linux-gnu/11/../../../../include/c++/11/bits/stl_heap.h:139:7. Skipping.
Found a loop without a preheader at /usr/lib/gcc/aarch64-linux-gnu/11/../../../../include/c++/11/bits/stl_algo.h:1806:7. Skipping.
Found a loop without a preheader at /usr/lib/gcc/aarch64-linux-gnu/11/../../../../include/c++/11/bits/stl_construct.h:162:4 @[ /usr/lib/gcc/aarch64-linux-gnu/11/../../../../include/c++/11/bits/stl_construct.h:195:7 @[ /usr/lib/gcc/aarch64-linux-gnu/11/../../../../include/c++/11/bits/alloc_traits.h:848:7 @[ /usr/lib/gcc/aarch64-linux-gnu/11/../../../../include/c++/11/bits/stl_vector.h:680:2 @[ install/autoware_perception_msgs/include/autoware_perception_msgs/autoware_perception_msgs/msg/detail/predicted_object_kinematics__struct.hpp:43:8 @[ install/autoware_perception_msgs/include/autoware_perception_msgs/autoware_perception_msgs/msg/detail/predicted_object__struct.hpp:43:8 ] ] ] ] ]. Skipping.
Found a loop without a preheader at /usr/lib/gcc/aarch64-linux-gnu/11/../../../../include/c++/11/bits/stl_uninitialized.h:91:8 @[ /usr/lib/gcc/aarch64-linux-gnu/11/../../../../include/c++/11/bits/stl_uninitialized.h:148:14 @[ /usr/lib/gcc/aarch64-linux-gnu/11/../../../../include/c++/11/bits/stl_uninitialized.h:333:14 @[ /usr/lib/gcc/aarch64-linux-gnu/11/../../../../include/c++/11/bits/vector.tcc:245:8 ] ] ]. Skipping.
Found a loop without an exit block at src/universe/autoware_universe/perception/autoware_map_based_prediction/src/utils.cpp:260:23. Skipping.
Found a loop without a preheader at /usr/lib/gcc/aarch64-linux-gnu/11/../../../../include/c++/11/bits/stl_uninitialized.h:91:8 @[ /usr/lib/gcc/aarch64-linux-gnu/11/../../../../include/c++/11/bits/stl_uninitialized.h:148:14 @[ /usr/lib/gcc/aarch64-linux-gnu/11/../../../../include/c++/11/bits/stl_uninitialized.h:333:14 @[ /usr/lib/gcc/aarch64-linux-gnu/11/../../../../include/c++/11/bits/stl_vector.h:558:4 @[ install/autoware_motion_utils/include/autoware/motion_utils/trajectory/trajectory.hpp:174:12 ] ] ] ]. Skipping.
Found a loop without a preheader at install/autoware_motion_utils/include/autoware/motion_utils/trajectory/trajectory.hpp:185:3. Skipping.
Found a loop without an exit block at install/autoware_motion_utils/include/autoware/motion_utils/trajectory/trajectory.hpp:180:3. Skipping.
Found a loop without an exit block at src/universe/autoware_universe/perception/autoware_map_based_prediction/src/utils.cpp:285:3. Skipping.
Found a loop without an exit block at install/autoware_utils_uuid/include/autoware_utils_uuid/uuid_helper.hpp:51:3. Skipping.
Found a loop without a preheader at /usr/lib/gcc/aarch64-linux-gnu/11/../../../../include/c++/11/bits/hashtable.h:1837:7 @[ /usr/lib/gcc/aarch64-linux-gnu/11/../../../../include/c++/11/bits/hashtable.h:810:31 @[ /usr/lib/gcc/aarch64-linux-gnu/11/../../../../include/c++/11/bits/hashtable.h:1610:29 ] ]. Skipping.
Found a loop without a preheader at /usr/lib/gcc/aarch64-linux-gnu/11/../../../../include/c++/11/bits/hashtable.h:1837:7 @[ /usr/lib/gcc/aarch64-linux-gnu/11/../../../../include/c++/11/bits/hashtable.h:810:31 @[ /usr/lib/gcc/aarch64-linux-gnu/11/../../../../include/c++/11/bits/hashtable.h:1610:29 ] ]. Skipping.
Found a loop without an exit block at /usr/lib/gcc/aarch64-linux-gnu/11/../../../../include/c++/11/bits/stl_algobase.h:2067:7. Skipping.
Found a loop without a preheader at /usr/lib/gcc/aarch64-linux-gnu/11/../../../../include/c++/11/bits/stl_construct.h:162:4 @[ /usr/lib/gcc/aarch64-linux-gnu/11/../../../../include/c++/11/bits/stl_construct.h:195:7 @[ /usr/lib/gcc/aarch64-linux-gnu/11/../../../../include/c++/11/bits/alloc_traits.h:848:7 @[ /usr/lib/gcc/aarch64-linux-gnu/11/../../../../include/c++/11/bits/stl_vector.h:680:2 @[ src/universe/autoware_universe/perception/autoware_map_based_prediction/src/utils.cpp:383:1 ] ] ] ]. Skipping.
Found a loop without an exit block at src/universe/autoware_universe/perception/autoware_map_based_prediction/src/utils.cpp:374:3. Skipping.
Found a loop without a preheader at /usr/lib/gcc/aarch64-linux-gnu/11/../../../../include/c++/11/bits/stl_uninitialized.h:1031:7 @[ /usr/lib/gcc/aarch64-linux-gnu/11/../../../../include/c++/11/bits/stl_uninitialized.h:1046:14 @[ /usr/lib/gcc/aarch64-linux-gnu/11/../../../../include/c++/11/bits/stl_vector.h:456:9 @[ /usr/lib/gcc/aarch64-linux-gnu/11/../../../../include/c++/11/bits/stl_vector.h:469:9 @[ /usr/lib/gcc/aarch64-linux-gnu/11/../../../../include/c++/11/bits/vector.tcc:466:23 ] ] ] ]. Skipping.
Found a loop without a preheader at /usr/lib/gcc/aarch64-linux-gnu/11/../../../../include/c++/11/bits/stl_uninitialized.h:1031:7 @[ /usr/lib/gcc/aarch64-linux-gnu/11/../../../../include/c++/11/bits/stl_uninitialized.h:1046:14 @[ /usr/lib/gcc/aarch64-linux-gnu/11/../../../../include/c++/11/bits/stl_vector.h:456:9 @[ /usr/lib/gcc/aarch64-linux-gnu/11/../../../../include/c++/11/bits/stl_vector.h:469:9 @[ /usr/lib/gcc/aarch64-linux-gnu/11/../../../../include/c++/11/bits/vector.tcc:461:23 ] ] ] ]. Skipping.
Found a loop without a preheader at /usr/lib/gcc/aarch64-linux-gnu/11/../../../../include/c++/11/bits/stl_construct.h:162:4 @[ /usr/lib/gcc/aarch64-linux-gnu/11/../../../../include/c++/11/bits/stl_construct.h:195:7 @[ /usr/lib/gcc/aarch64-linux-gnu/11/../../../../include/c++/11/bits/alloc_traits.h:848:7 @[ /usr/lib/gcc/aarch64-linux-gnu/11/../../../../include/c++/11/bits/stl_vector.h:680:2 @[ src/universe/autoware_universe/perception/autoware_map_based_prediction/src/utils.cpp:402:1 ] ] ] ]. Skipping.
Found a loop without an exit block at src/universe/autoware_universe/perception/autoware_map_based_prediction/src/utils.cpp:393:3. Skipping.
Found a loop without a preheader at /usr/lib/gcc/aarch64-linux-gnu/11/../../../../include/c++/11/bits/stl_construct.h:162:4 @[ /usr/lib/gcc/aarch64-linux-gnu/11/../../../../include/c++/11/bits/stl_construct.h:195:7 @[ /usr/lib/gcc/aarch64-linux-gnu/11/../../../../include/c++/11/bits/alloc_traits.h:848:7 @[ /usr/lib/gcc/aarch64-linux-gnu/11/../../../../include/c++/11/bits/stl_vector.h:680:2 @[ src/universe/autoware_universe/perception/autoware_map_based_prediction/src/utils.cpp:506:1 ] ] ] ]. Skipping.
Found a loop without a preheader at /usr/lib/gcc/aarch64-linux-gnu/11/../../../../include/c++/11/bits/stl_construct.h:162:4 @[ /usr/lib/gcc/aarch64-linux-gnu/11/../../../../include/c++/11/bits/stl_construct.h:195:7 @[ /usr/lib/gcc/aarch64-linux-gnu/11/../../../../include/c++/11/bits/alloc_traits.h:848:7 @[ /usr/lib/gcc/aarch64-linux-gnu/11/../../../../include/c++/11/bits/stl_vector.h:680:2 @[ src/universe/autoware_universe/perception/autoware_map_based_prediction/src/utils.cpp:464:3 ] ] ] ]. Skipping.
Found a loop without a preheader at /usr/lib/gcc/aarch64-linux-gnu/11/../../../../include/c++/11/bits/stl_construct.h:162:4 @[ /usr/lib/gcc/aarch64-linux-gnu/11/../../../../include/c++/11/bits/stl_construct.h:195:7 @[ /usr/lib/gcc/aarch64-linux-gnu/11/../../../../include/c++/11/bits/alloc_traits.h:848:7 @[ /usr/lib/gcc/aarch64-linux-gnu/11/../../../../include/c++/11/bits/stl_vector.h:680:2 @[ src/universe/autoware_universe/perception/autoware_map_based_prediction/src/utils.cpp:503:3 ] ] ] ]. Skipping.
Found a loop without a preheader at /usr/lib/gcc/aarch64-linux-gnu/11/../../../../include/c++/11/bits/stl_construct.h:162:4 @[ /usr/lib/gcc/aarch64-linux-gnu/11/../../../../include/c++/11/bits/stl_construct.h:195:7 @[ /usr/lib/gcc/aarch64-linux-gnu/11/../../../../include/c++/11/bits/alloc_traits.h:848:7 @[ /usr/lib/gcc/aarch64-linux-gnu/11/../../../../include/c++/11/bits/stl_vector.h:680:2 @[ src/universe/autoware_universe/perception/autoware_map_based_prediction/src/utils.cpp:503:3 ] ] ] ]. Skipping.
Found a loop without an exit block at src/universe/autoware_universe/perception/autoware_map_based_prediction/src/utils.cpp:483:5. Skipping.
Found a loop without an exit block at src/universe/autoware_universe/perception/autoware_map_based_prediction/src/utils.cpp:469:5. Skipping.
Found a loop without an exit block at src/universe/autoware_universe/perception/autoware_map_based_prediction/src/utils.cpp:428:5. Skipping.
Found a loop without a preheader at /usr/lib/gcc/aarch64-linux-gnu/11/../../../../include/c++/11/bits/stl_construct.h:162:4 @[ /usr/lib/gcc/aarch64-linux-gnu/11/../../../../include/c++/11/bits/stl_construct.h:195:7 @[ /usr/lib/gcc/aarch64-linux-gnu/11/../../../../include/c++/11/bits/alloc_traits.h:848:7 @[ /usr/lib/gcc/aarch64-linux-gnu/11/../../../../include/c++/11/bits/stl_vector.h:680:2 ] ] ]. Skipping.
Found a loop without a preheader at /usr/lib/gcc/aarch64-linux-gnu/11/../../../../include/c++/11/bits/stl_uninitialized.h:1031:7 @[ /usr/lib/gcc/aarch64-linux-gnu/11/../../../../include/c++/11/bits/stl_uninitialized.h:1046:14 @[ /usr/lib/gcc/aarch64-linux-gnu/11/../../../../include/c++/11/bits/stl_vector.h:456:9 @[ /usr/lib/gcc/aarch64-linux-gnu/11/../../../../include/c++/11/bits/stl_vector.h:469:9 @[ /usr/lib/gcc/aarch64-linux-gnu/11/../../../../include/c++/11/bits/vector.tcc:466:23 ] ] ] ]. Skipping.
Found a loop without a preheader at /usr/lib/gcc/aarch64-linux-gnu/11/../../../../include/c++/11/bits/stl_uninitialized.h:1031:7 @[ /usr/lib/gcc/aarch64-linux-gnu/11/../../../../include/c++/11/bits/stl_uninitialized.h:1046:14 @[ /usr/lib/gcc/aarch64-linux-gnu/11/../../../../include/c++/11/bits/stl_vector.h:456:9 @[ /usr/lib/gcc/aarch64-linux-gnu/11/../../../../include/c++/11/bits/stl_vector.h:469:9 @[ /usr/lib/gcc/aarch64-linux-gnu/11/../../../../include/c++/11/bits/vector.tcc:461:23 ] ] ] ]. Skipping.
Found a loop without an exit block at src/universe/autoware_universe/perception/autoware_map_based_prediction/src/utils.cpp:512:3. Skipping.
Found a loop without a preheader at /usr/lib/gcc/aarch64-linux-gnu/11/../../../../include/c++/11/bits/hashtable_policy.h:1912:7 @[ /usr/lib/gcc/aarch64-linux-gnu/11/../../../../include/c++/11/bits/hashtable.h:2320:13 @[ /usr/lib/gcc/aarch64-linux-gnu/11/../../../../include/c++/11/bits/unordered_set.h:574:14 @[ src/universe/autoware_universe/perception/autoware_map_based_prediction/src/predictor_vru.cpp:210:34 ] ] ]. Skipping.
Found a loop without a preheader at /usr/lib/gcc/aarch64-linux-gnu/11/../../../../include/c++/11/bits/hashtable_policy.h:1912:7 @[ /usr/lib/gcc/aarch64-linux-gnu/11/../../../../include/c++/11/bits/hashtable.h:2320:13 ]. Skipping.
Found a loop without an exit block at src/universe/autoware_universe/perception/autoware_map_based_prediction/src/predictor_vru.cpp:216:3. Skipping.
Found a loop without a preheader at /usr/lib/gcc/aarch64-linux-gnu/11/../../../../include/c++/11/bits/hashtable_policy.h:1912:7 @[ /usr/lib/gcc/aarch64-linux-gnu/11/../../../../include/c++/11/bits/hashtable.h:2320:13 @[ /usr/lib/gcc/aarch64-linux-gnu/11/../../../../include/c++/11/bits/unordered_map.h:791:14 @[ src/universe/autoware_universe/perception/autoware_map_based_prediction/src/predictor_vru.cpp:215:26 ] ] ]. Skipping.
Found a loop without a preheader at /usr/lib/gcc/aarch64-linux-gnu/11/../../../../include/c++/11/bits/stl_construct.h:162:4 @[ /usr/lib/gcc/aarch64-linux-gnu/11/../../../../include/c++/11/bits/stl_construct.h:195:7 @[ /usr/lib/gcc/aarch64-linux-gnu/11/../../../../include/c++/11/bits/alloc_traits.h:848:7 @[ /usr/lib/gcc/aarch64-linux-gnu/11/../../../../include/c++/11/bits/stl_vector.h:680:2 @[ install/autoware_perception_msgs/include/autoware_perception_msgs/autoware_perception_msgs/msg/detail/traffic_light_group__struct.hpp:39:8 @[ /usr/lib/gcc/aarch64-linux-gnu/11/../../../../include/c++/11/bits/stl_iterator.h:2488:12 @[ /usr/lib/gcc/aarch64-linux-gnu/11/../../../../include/c++/11/ext/new_allocator.h:168:10 ] ] ] ] ] ]. Skipping.
Found a loop without a preheader at /usr/lib/gcc/aarch64-linux-gnu/11/../../../../include/c++/11/bits/stl_construct.h:162:4 @[ /usr/lib/gcc/aarch64-linux-gnu/11/../../../../include/c++/11/bits/stl_construct.h:195:7 ]. Skipping.
Found a loop without a preheader at /usr/lib/gcc/aarch64-linux-gnu/11/../../../../include/c++/11/bits/hashtable.h:2386:7. Skipping.
Found a loop without a preheader at /usr/lib/gcc/aarch64-linux-gnu/11/../../../../include/c++/11/bits/stl_construct.h:162:4 @[ /usr/lib/gcc/aarch64-linux-gnu/11/../../../../include/c++/11/bits/stl_construct.h:195:7 @[ /usr/lib/gcc/aarch64-linux-gnu/11/../../../../include/c++/11/bits/alloc_traits.h:848:7 @[ /usr/lib/gcc/aarch64-linux-gnu/11/../../../../include/c++/11/bits/vector.tcc:228:8 ] ] ]. Skipping.
Found a loop without a preheader at /usr/lib/gcc/aarch64-linux-gnu/11/../../../../include/c++/11/bits/stl_uninitialized.h:91:8 @[ /usr/lib/gcc/aarch64-linux-gnu/11/../../../../include/c++/11/bits/stl_uninitialized.h:148:14 @[ /usr/lib/gcc/aarch64-linux-gnu/11/../../../../include/c++/11/bits/stl_uninitialized.h:333:14 @[ /usr/lib/gcc/aarch64-linux-gnu/11/../../../../include/c++/11/bits/vector.tcc:245:8 ] ] ]. Skipping.
Found a loop without a preheader at /usr/lib/gcc/aarch64-linux-gnu/11/../../../../include/c++/11/bits/stl_construct.h:162:4 @[ /usr/lib/gcc/aarch64-linux-gnu/11/../../../../include/c++/11/bits/stl_construct.h:195:7 @[ /usr/lib/gcc/aarch64-linux-gnu/11/../../../../include/c++/11/bits/alloc_traits.h:848:7 @[ /usr/lib/gcc/aarch64-linux-gnu/11/../../../../include/c++/11/bits/vector.tcc:238:8 ] ] ]. Skipping.
Found a loop without a preheader at /usr/lib/gcc/aarch64-linux-gnu/11/../../../../include/c++/11/bits/stl_uninitialized.h:91:8 @[ /usr/lib/gcc/aarch64-linux-gnu/11/../../../../include/c++/11/bits/stl_uninitialized.h:148:14 @[ /usr/lib/gcc/aarch64-linux-gnu/11/../../../../include/c++/11/bits/stl_uninitialized.h:333:14 @[ /usr/lib/gcc/aarch64-linux-gnu/11/../../../../include/c++/11/bits/stl_vector.h:1514:8 ] ] ]. Skipping.
Found a loop without a preheader at /usr/lib/gcc/aarch64-linux-gnu/11/../../../../include/c++/11/bits/stl_construct.h:162:4 @[ /usr/lib/gcc/aarch64-linux-gnu/11/../../../../include/c++/11/bits/stl_construct.h:195:7 @[ /usr/lib/gcc/aarch64-linux-gnu/11/../../../../include/c++/11/bits/alloc_traits.h:848:7 @[ /usr/lib/gcc/aarch64-linux-gnu/11/../../../../include/c++/11/bits/stl_vector.h:680:2 @[ src/universe/autoware_universe/perception/autoware_map_based_prediction/src/predictor_vru.cpp:243:1 ] ] ] ]. Skipping.
Found a loop without a preheader at /usr/lib/gcc/aarch64-linux-gnu/11/../../../../include/c++/11/bits/stl_construct.h:162:4 @[ /usr/lib/gcc/aarch64-linux-gnu/11/../../../../include/c++/11/bits/stl_construct.h:195:7 @[ /usr/lib/gcc/aarch64-linux-gnu/11/../../../../include/c++/11/bits/alloc_traits.h:848:7 @[ /usr/lib/gcc/aarch64-linux-gnu/11/../../../../include/c++/11/bits/stl_vector.h:680:2 @[ src/universe/autoware_universe/perception/autoware_map_based_prediction/src/predictor_vru.cpp:243:1 ] ] ] ]. Skipping.
Found a loop without a preheader at /usr/lib/gcc/aarch64-linux-gnu/11/../../../../include/c++/11/bits/stl_construct.h:162:4 @[ /usr/lib/gcc/aarch64-linux-gnu/11/../../../../include/c++/11/bits/stl_construct.h:195:7 @[ /usr/lib/gcc/aarch64-linux-gnu/11/../../../../include/c++/11/bits/alloc_traits.h:848:7 @[ /usr/lib/gcc/aarch64-linux-gnu/11/../../../../include/c++/11/bits/stl_vector.h:680:2 @[ src/universe/autoware_universe/perception/autoware_map_based_prediction/src/predictor_vru.cpp:243:1 ] ] ] ]. Skipping.
Found a loop without a preheader at /usr/lib/gcc/aarch64-linux-gnu/11/../../../../include/c++/11/bits/stl_construct.h:162:4 @[ /usr/lib/gcc/aarch64-linux-gnu/11/../../../../include/c++/11/bits/stl_construct.h:195:7 @[ /usr/lib/gcc/aarch64-linux-gnu/11/../../../../include/c++/11/bits/alloc_traits.h:848:7 @[ /usr/lib/gcc/aarch64-linux-gnu/11/../../../../include/c++/11/bits/stl_vector.h:680:2 @[ src/universe/autoware_universe/perception/autoware_map_based_prediction/src/predictor_vru.cpp:243:1 ] ] ] ]. Skipping.
Found a loop without an exit block at src/universe/autoware_universe/perception/autoware_map_based_prediction/src/predictor_vru.cpp:236:32. Skipping.
Found a loop without a preheader at /usr/lib/gcc/aarch64-linux-gnu/11/../../../../include/c++/11/bits/stl_construct.h:162:4 @[ /usr/lib/gcc/aarch64-linux-gnu/11/../../../../include/c++/11/bits/stl_construct.h:195:7 @[ /usr/lib/gcc/aarch64-linux-gnu/11/../../../../include/c++/11/bits/alloc_traits.h:848:7 @[ /usr/lib/gcc/aarch64-linux-gnu/11/../../../../include/c++/11/bits/stl_vector.h:1796:6 @[ /usr/lib/gcc/aarch64-linux-gnu/11/../../../../include/c++/11/bits/stl_vector.h:1499:9 @[ src/universe/autoware_universe/perception/autoware_map_based_prediction/src/predictor_vru.cpp:231:15 ] ] ] ] ]. Skipping.
Found a loop without a preheader at /usr/lib/gcc/aarch64-linux-gnu/11/../../../../include/c++/11/bits/stl_construct.h:162:4 @[ /usr/lib/gcc/aarch64-linux-gnu/11/../../../../include/c++/11/bits/stl_construct.h:195:7 @[ /usr/lib/gcc/aarch64-linux-gnu/11/../../../../include/c++/11/bits/alloc_traits.h:848:7 @[ /usr/lib/gcc/aarch64-linux-gnu/11/../../../../include/c++/11/bits/stl_vector.h:680:2 ] ] ]. Skipping.
Found a loop without a preheader at /usr/lib/gcc/aarch64-linux-gnu/11/../../../../include/c++/11/bits/stl_construct.h:162:4 @[ /usr/lib/gcc/aarch64-linux-gnu/11/../../../../include/c++/11/bits/stl_construct.h:195:7 @[ /usr/lib/gcc/aarch64-linux-gnu/11/../../../../include/c++/11/bits/alloc_traits.h:848:7 @[ /usr/lib/gcc/aarch64-linux-gnu/11/../../../../include/c++/11/bits/stl_vector.h:680:2 ] ] ]. Skipping.
Found a loop without a preheader at /usr/lib/gcc/aarch64-linux-gnu/11/../../../../include/c++/11/bits/stl_construct.h:162:4 @[ /usr/lib/gcc/aarch64-linux-gnu/11/../../../../include/c++/11/bits/stl_construct.h:195:7 @[ /usr/lib/gcc/aarch64-linux-gnu/11/../../../../include/c++/11/bits/alloc_traits.h:848:7 @[ /usr/lib/gcc/aarch64-linux-gnu/11/../../../../include/c++/11/bits/vector.tcc:793:3 ] ] ]. Skipping.
Found a loop without a preheader at /usr/lib/gcc/aarch64-linux-gnu/11/../../../../include/c++/11/bits/stl_uninitialized.h:91:8 @[ /usr/lib/gcc/aarch64-linux-gnu/11/../../../../include/c++/11/bits/stl_uninitialized.h:148:14 @[ /usr/lib/gcc/aarch64-linux-gnu/11/../../../../include/c++/11/bits/stl_uninitialized.h:333:14 @[ /usr/lib/gcc/aarch64-linux-gnu/11/../../../../include/c++/11/bits/stl_uninitialized.h:354:14 @[ /usr/lib/gcc/aarch64-linux-gnu/11/../../../../include/c++/11/bits/vector.tcc:782:11 ] ] ] ]. Skipping.
Found a loop without a preheader at /usr/lib/gcc/aarch64-linux-gnu/11/../../../../include/c++/11/bits/stl_uninitialized.h:91:8 @[ /usr/lib/gcc/aarch64-linux-gnu/11/../../../../include/c++/11/bits/stl_uninitialized.h:148:14 @[ /usr/lib/gcc/aarch64-linux-gnu/11/../../../../include/c++/11/bits/stl_uninitialized.h:333:14 @[ /usr/lib/gcc/aarch64-linux-gnu/11/../../../../include/c++/11/bits/stl_uninitialized.h:354:14 @[ /usr/lib/gcc/aarch64-linux-gnu/11/../../../../include/c++/11/bits/vector.tcc:774:11 ] ] ] ]. Skipping.
Found a loop without a preheader at /usr/lib/gcc/aarch64-linux-gnu/11/../../../../include/c++/11/bits/stl_uninitialized.h:91:8 @[ /usr/lib/gcc/aarch64-linux-gnu/11/../../../../include/c++/11/bits/stl_uninitialized.h:148:14 @[ /usr/lib/gcc/aarch64-linux-gnu/11/../../../../include/c++/11/bits/stl_uninitialized.h:333:14 @[ /usr/lib/gcc/aarch64-linux-gnu/11/../../../../include/c++/11/bits/stl_uninitialized.h:341:14 @[ /usr/lib/gcc/aarch64-linux-gnu/11/../../../../include/c++/11/bits/vector.tcc:736:7 ] ] ] ]. Skipping.
Found a loop without a preheader at /usr/lib/gcc/aarch64-linux-gnu/11/../../../../include/c++/11/bits/stl_uninitialized.h:91:8 @[ /usr/lib/gcc/aarch64-linux-gnu/11/../../../../include/c++/11/bits/stl_uninitialized.h:148:14 @[ /usr/lib/gcc/aarch64-linux-gnu/11/../../../../include/c++/11/bits/stl_uninitialized.h:333:14 @[ /usr/lib/gcc/aarch64-linux-gnu/11/../../../../include/c++/11/bits/vector.tcc:751:7 ] ] ]. Skipping.
Found a loop without a preheader at /usr/lib/gcc/aarch64-linux-gnu/11/../../../../include/c++/11/bits/stl_uninitialized.h:1031:7 @[ /usr/lib/gcc/aarch64-linux-gnu/11/../../../../include/c++/11/bits/stl_uninitialized.h:1046:14 @[ /usr/lib/gcc/aarch64-linux-gnu/11/../../../../include/c++/11/bits/stl_vector.h:456:9 @[ /usr/lib/gcc/aarch64-linux-gnu/11/../../../../include/c++/11/bits/stl_vector.h:469:9 @[ /usr/lib/gcc/aarch64-linux-gnu/11/../../../../include/c++/11/bits/vector.tcc:466:23 ] ] ] ]. Skipping.
Found a loop without a preheader at /usr/lib/gcc/aarch64-linux-gnu/11/../../../../include/c++/11/bits/stl_uninitialized.h:1031:7 @[ /usr/lib/gcc/aarch64-linux-gnu/11/../../../../include/c++/11/bits/stl_uninitialized.h:1046:14 @[ /usr/lib/gcc/aarch64-linux-gnu/11/../../../../include/c++/11/bits/stl_vector.h:456:9 @[ /usr/lib/gcc/aarch64-linux-gnu/11/../../../../include/c++/11/bits/stl_vector.h:469:9 @[ /usr/lib/gcc/aarch64-linux-gnu/11/../../../../include/c++/11/bits/vector.tcc:461:23 ] ] ] ]. Skipping.
Found a loop without a preheader at /usr/lib/gcc/aarch64-linux-gnu/11/../../../../include/c++/11/bits/stl_construct.h:162:4 @[ /usr/lib/gcc/aarch64-linux-gnu/11/../../../../include/c++/11/bits/stl_construct.h:195:7 @[ /usr/lib/gcc/aarch64-linux-gnu/11/../../../../include/c++/11/bits/alloc_traits.h:848:7 @[ /usr/lib/gcc/aarch64-linux-gnu/11/../../../../include/c++/11/bits/stl_vector.h:680:2 @[ src/universe/autoware_universe/perception/autoware_map_based_prediction/src/predictor_vru.cpp:261:1 ] ] ] ]. Skipping.
Found a loop without a preheader at src/universe/autoware_universe/perception/autoware_map_based_prediction/src/predictor_vru.cpp:255:3. Skipping.
Found a loop without a preheader at /opt/ros/humble/include/lanelet2_core/geometry/impl/LineString.h:755:3 @[ src/universe/autoware_universe/perception/autoware_map_based_prediction/src/predictor_vru.cpp:254:42 ]. Skipping.
Found a loop without a preheader at /usr/lib/gcc/aarch64-linux-gnu/11/../../../../include/c++/11/bits/stl_uninitialized.h:318:4 @[ /usr/lib/gcc/aarch64-linux-gnu/11/../../../../include/c++/11/bits/stl_vector.h:558:4 @[ /opt/ros/humble/include/lanelet2_core/primitives/Traits.h:103:10 @[ /opt/ros/humble/include/lanelet2_core/geometry/impl/LineString.h:755:24 @[ src/universe/autoware_universe/perception/autoware_map_based_prediction/src/predictor_vru.cpp:254:42 ] ] ] ]. Skipping.
Found a loop without an exit block at src/universe/autoware_universe/perception/autoware_map_based_prediction/src/predictor_vru.cpp:249:3. Skipping.
Found a loop without a preheader at /usr/lib/gcc/aarch64-linux-gnu/11/../../../../include/c++/11/bits/stl_deque.h:678:7 @[ /usr/lib/gcc/aarch64-linux-gnu/11/../../../../include/c++/11/bits/stl_deque.h:601:4 @[ /usr/lib/gcc/aarch64-linux-gnu/11/../../../../include/c++/11/bits/stl_deque.h:1007:65 @[ /usr/include/boost/geometry/algorithms/detail/disjoint/linear_linear.hpp:133:5 @[ /usr/include/boost/geometry/algorithms/detail/disjoint/interface.hpp:67:16 @[ /usr/include/boost/geometry/algorithms/detail/disjoint/interface.hpp:91:16 @[ /usr/include/boost/geometry/algorithms/detail/disjoint/interface.hpp:241:12 @[ /usr/include/boost/geometry/algorithms/detail/intersects/interface.hpp:108:14 @[ src/universe/autoware_universe/perception/autoware_map_based_prediction/src/predictor_vru.cpp:201:10 ] ] ] ] ] ] ] ]. Skipping.
Found a loop without a preheader at /usr/lib/gcc/aarch64-linux-gnu/11/../../../../include/c++/11/bits/stl_uninitialized.h:1031:7 @[ /usr/lib/gcc/aarch64-linux-gnu/11/../../../../include/c++/11/bits/stl_uninitialized.h:1046:14 @[ /usr/lib/gcc/aarch64-linux-gnu/11/../../../../include/c++/11/bits/stl_vector.h:456:9 @[ /usr/lib/gcc/aarch64-linux-gnu/11/../../../../include/c++/11/bits/stl_vector.h:469:9 @[ /usr/lib/gcc/aarch64-linux-gnu/11/../../../../include/c++/11/bits/vector.tcc:466:23 ] ] ] ]. Skipping.
Found a loop without a preheader at /usr/lib/gcc/aarch64-linux-gnu/11/../../../../include/c++/11/bits/stl_uninitialized.h:1031:7 @[ /usr/lib/gcc/aarch64-linux-gnu/11/../../../../include/c++/11/bits/stl_uninitialized.h:1046:14 @[ /usr/lib/gcc/aarch64-linux-gnu/11/../../../../include/c++/11/bits/stl_vector.h:456:9 @[ /usr/lib/gcc/aarch64-linux-gnu/11/../../../../include/c++/11/bits/stl_vector.h:469:9 @[ /usr/lib/gcc/aarch64-linux-gnu/11/../../../../include/c++/11/bits/vector.tcc:461:23 ] ] ] ]. Skipping.
Found a loop without a preheader at /usr/include/boost/geometry/algorithms/detail/sections/sectionalize.hpp:833:5 @[ /usr/include/boost/geometry/algorithms/detail/sections/sectionalize.hpp:1051:5 @[ /usr/include/boost/geometry/algorithms/detail/overlay/get_turns.hpp:585:9 ] ]. Skipping.
Found a loop without a preheader at /usr/include/boost/geometry/algorithms/detail/sections/sectionalize.hpp:833:5 @[ /usr/include/boost/geometry/algorithms/detail/sections/sectionalize.hpp:1051:5 @[ /usr/include/boost/geometry/algorithms/detail/overlay/get_turns.hpp:583:9 ] ]. Skipping.
Found a loop without a preheader at /usr/lib/gcc/aarch64-linux-gnu/11/../../../../include/c++/11/bits/stl_deque.h:678:7 @[ /usr/lib/gcc/aarch64-linux-gnu/11/../../../../include/c++/11/bits/stl_deque.h:601:4 @[ /usr/lib/gcc/aarch64-linux-gnu/11/../../../../include/c++/11/bits/stl_deque.h:1007:65 ] ]. Skipping.
Found a loop without a preheader at /usr/lib/gcc/aarch64-linux-gnu/11/../../../../include/c++/11/bits/stl_deque.h:678:7 @[ /usr/lib/gcc/aarch64-linux-gnu/11/../../../../include/c++/11/bits/stl_deque.h:667:4 @[ /usr/lib/gcc/aarch64-linux-gnu/11/../../../../include/c++/11/bits/stl_deque.h:637:4 ] ]. Skipping.
Found a loop without an exit block at /usr/lib/gcc/aarch64-linux-gnu/11/../../../../include/c++/11/bits/stl_deque.h:662:4 @[ /usr/lib/gcc/aarch64-linux-gnu/11/../../../../include/c++/11/bits/stl_deque.h:637:4 ]. Skipping.
Found a loop without a preheader at /usr/lib/gcc/aarch64-linux-gnu/11/../../../../include/c++/11/bits/stl_uninitialized.h:1031:7 @[ /usr/lib/gcc/aarch64-linux-gnu/11/../../../../include/c++/11/bits/stl_uninitialized.h:1046:14 @[ /usr/lib/gcc/aarch64-linux-gnu/11/../../../../include/c++/11/bits/stl_vector.h:456:9 @[ /usr/lib/gcc/aarch64-linux-gnu/11/../../../../include/c++/11/bits/stl_vector.h:469:9 @[ /usr/lib/gcc/aarch64-linux-gnu/11/../../../../include/c++/11/bits/vector.tcc:466:23 ] ] ] ]. Skipping.
Found a loop without a preheader at /usr/lib/gcc/aarch64-linux-gnu/11/../../../../include/c++/11/bits/stl_uninitialized.h:1031:7 @[ /usr/lib/gcc/aarch64-linux-gnu/11/../../../../include/c++/11/bits/stl_uninitialized.h:1046:14 @[ /usr/lib/gcc/aarch64-linux-gnu/11/../../../../include/c++/11/bits/stl_vector.h:456:9 @[ /usr/lib/gcc/aarch64-linux-gnu/11/../../../../include/c++/11/bits/stl_vector.h:469:9 @[ /usr/lib/gcc/aarch64-linux-gnu/11/../../../../include/c++/11/bits/vector.tcc:461:23 ] ] ] ]. Skipping.
Found a loop without an exit block at /usr/include/boost/geometry/algorithms/detail/partition.hpp:627:9 @[ /usr/include/boost/geometry/algorithms/detail/partition.hpp:834:13 ]. Skipping.
Found a loop without an exit block at /usr/include/boost/geometry/algorithms/detail/partition.hpp:627:9 @[ /usr/include/boost/geometry/algorithms/detail/partition.hpp:832:13 ]. Skipping.
Found a loop without a preheader at /usr/include/boost/geometry/algorithms/detail/partition.hpp:847:13. Skipping.
Found a loop without an exit block at /usr/include/boost/geometry/algorithms/detail/partition.hpp:183:5 @[ /usr/include/boost/geometry/algorithms/detail/partition.hpp:576:19 ]. Skipping.
Found a loop without an exit block at /usr/include/boost/geometry/algorithms/detail/partition.hpp:183:5 @[ /usr/include/boost/geometry/algorithms/detail/partition.hpp:559:19 ]. Skipping.
Found a loop without an exit block at /usr/include/boost/geometry/algorithms/detail/partition.hpp:183:5 @[ /usr/include/boost/geometry/algorithms/detail/partition.hpp:541:24 ]. Skipping.
Found a loop without an exit block at /usr/include/boost/geometry/algorithms/detail/partition.hpp:183:5 @[ /usr/include/boost/geometry/algorithms/detail/partition.hpp:540:24 ]. Skipping.
Found a loop without an exit block at /usr/include/boost/geometry/algorithms/detail/partition.hpp:183:5 @[ /usr/include/boost/geometry/algorithms/detail/partition.hpp:515:24 ]. Skipping.
Found a loop without an exit block at /usr/include/boost/geometry/algorithms/detail/partition.hpp:183:5 @[ /usr/include/boost/geometry/algorithms/detail/partition.hpp:514:24 ]. Skipping.
Found a loop without a preheader at /usr/include/boost/geometry/algorithms/detail/partition.hpp:123:5 @[ /usr/include/boost/geometry/algorithms/detail/partition.hpp:415:9 @[ /usr/include/boost/geometry/algorithms/detail/partition.hpp:501:37 ] ]. Skipping.
Found a loop without an exit block at /usr/include/boost/geometry/algorithms/detail/partition.hpp:183:5 @[ /usr/include/boost/geometry/algorithms/detail/partition.hpp:489:23 ]. Skipping.
Found a loop without a preheader at /usr/include/boost/geometry/algorithms/detail/partition.hpp:123:5 @[ /usr/include/boost/geometry/algorithms/detail/partition.hpp:430:9 @[ /usr/include/boost/geometry/algorithms/detail/partition.hpp:478:37 ] ]. Skipping.
Found a loop without an exit block at /usr/include/boost/geometry/algorithms/detail/partition.hpp:183:5 @[ /usr/include/boost/geometry/algorithms/detail/partition.hpp:576:19 ]. Skipping.
Found a loop without an exit block at /usr/include/boost/geometry/algorithms/detail/partition.hpp:183:5 @[ /usr/include/boost/geometry/algorithms/detail/partition.hpp:559:19 ]. Skipping.
Found a loop without an exit block at /usr/include/boost/geometry/algorithms/detail/partition.hpp:183:5 @[ /usr/include/boost/geometry/algorithms/detail/partition.hpp:541:24 ]. Skipping.
Found a loop without an exit block at /usr/include/boost/geometry/algorithms/detail/partition.hpp:183:5 @[ /usr/include/boost/geometry/algorithms/detail/partition.hpp:540:24 ]. Skipping.
Found a loop without an exit block at /usr/include/boost/geometry/algorithms/detail/partition.hpp:183:5 @[ /usr/include/boost/geometry/algorithms/detail/partition.hpp:515:24 ]. Skipping.
Found a loop without an exit block at /usr/include/boost/geometry/algorithms/detail/partition.hpp:183:5 @[ /usr/include/boost/geometry/algorithms/detail/partition.hpp:514:24 ]. Skipping.
Found a loop without a preheader at /usr/include/boost/geometry/algorithms/detail/partition.hpp:123:5 @[ /usr/include/boost/geometry/algorithms/detail/partition.hpp:415:9 @[ /usr/include/boost/geometry/algorithms/detail/partition.hpp:501:37 ] ]. Skipping.
Found a loop without an exit block at /usr/include/boost/geometry/algorithms/detail/partition.hpp:183:5 @[ /usr/include/boost/geometry/algorithms/detail/partition.hpp:489:23 ]. Skipping.
Found a loop without a preheader at /usr/include/boost/geometry/algorithms/detail/partition.hpp:123:5 @[ /usr/include/boost/geometry/algorithms/detail/partition.hpp:430:9 @[ /usr/include/boost/geometry/algorithms/detail/partition.hpp:478:37 ] ]. Skipping.
Found a loop without an exit block at /usr/include/boost/geometry/algorithms/detail/overlay/get_turns.hpp:350:9. Skipping.
Found a loop without a preheader at /usr/include/boost/geometry/algorithms/detail/overlay/get_turns.hpp:473:9 @[ /usr/include/boost/geometry/algorithms/detail/overlay/get_turns.hpp:339:9 ]. Skipping.
Found a loop without a preheader at /usr/include/boost/geometry/algorithms/detail/overlay/get_turns.hpp:473:9 @[ /usr/include/boost/geometry/algorithms/detail/overlay/get_turns.hpp:339:9 ]. Skipping.
Found a loop without a preheader at /usr/include/boost/geometry/algorithms/detail/overlay/get_turns.hpp:190:9. Skipping.
Found a loop without a preheader at /usr/include/boost/geometry/algorithms/detail/overlay/get_turns.hpp:190:9. Skipping.
Found a loop without a preheader at /usr/include/boost/geometry/algorithms/detail/overlay/get_turns.hpp:190:9. Skipping.
Found a loop without a preheader at /usr/include/boost/geometry/algorithms/detail/overlay/get_turns.hpp:190:9. Skipping.
Found a loop without a preheader at /usr/lib/gcc/aarch64-linux-gnu/11/../../../../include/c++/11/bits/stl_uninitialized.h:91:8 @[ /usr/lib/gcc/aarch64-linux-gnu/11/../../../../include/c++/11/bits/stl_uninitialized.h:148:14 @[ /usr/lib/gcc/aarch64-linux-gnu/11/../../../../include/c++/11/bits/stl_uninitialized.h:333:14 @[ /usr/lib/gcc/aarch64-linux-gnu/11/../../../../include/c++/11/bits/stl_vector.h:558:4 @[ install/autoware_perception_msgs/include/autoware_perception_msgs/autoware_perception_msgs/msg/detail/predicted_path__struct.hpp:39:8 @[ src/universe/autoware_universe/perception/autoware_map_based_prediction/src/predictor_vru.cpp:267:12 ] ] ] ] ]. Skipping.
Found a loop without a preheader at /usr/lib/gcc/aarch64-linux-gnu/11/../../../../include/c++/11/bits/stl_construct.h:162:4 @[ /usr/lib/gcc/aarch64-linux-gnu/11/../../../../include/c++/11/bits/stl_construct.h:195:7 @[ /usr/lib/gcc/aarch64-linux-gnu/11/../../../../include/c++/11/bits/alloc_traits.h:848:7 @[ /usr/lib/gcc/aarch64-linux-gnu/11/../../../../include/c++/11/bits/stl_vector.h:680:2 @[ src/universe/autoware_universe/perception/autoware_map_based_prediction/src/predictor_vru.cpp:308:1 ] ] ] ]. Skipping.
Found a loop without a preheader at /usr/lib/gcc/aarch64-linux-gnu/11/../../../../include/c++/11/bits/stl_construct.h:162:4 @[ /usr/lib/gcc/aarch64-linux-gnu/11/../../../../include/c++/11/bits/stl_construct.h:195:7 @[ /usr/lib/gcc/aarch64-linux-gnu/11/../../../../include/c++/11/bits/alloc_traits.h:848:7 @[ /usr/lib/gcc/aarch64-linux-gnu/11/../../../../include/c++/11/bits/stl_vector.h:680:2 @[ src/universe/autoware_universe/perception/autoware_map_based_prediction/src/predictor_vru.cpp:308:1 ] ] ] ]. Skipping.
Found a loop without a preheader at /usr/lib/gcc/aarch64-linux-gnu/11/../../../../include/c++/11/bits/stl_uninitialized.h:91:8 @[ /usr/lib/gcc/aarch64-linux-gnu/11/../../../../include/c++/11/bits/stl_uninitialized.h:148:14 @[ /usr/lib/gcc/aarch64-linux-gnu/11/../../../../include/c++/11/bits/stl_uninitialized.h:333:14 @[ /usr/lib/gcc/aarch64-linux-gnu/11/../../../../include/c++/11/bits/stl_vector.h:558:4 @[ install/autoware_perception_msgs/include/autoware_perception_msgs/autoware_perception_msgs/msg/detail/predicted_path__struct.hpp:39:8 @[ src/universe/autoware_universe/perception/autoware_map_based_prediction/src/predictor_vru.cpp:283:12 ] ] ] ] ]. Skipping.
Found a loop without a preheader at /usr/lib/gcc/aarch64-linux-gnu/11/../../../../include/c++/11/bits/stl_uninitialized.h:91:8 @[ /usr/lib/gcc/aarch64-linux-gnu/11/../../../../include/c++/11/bits/stl_uninitialized.h:148:14 @[ /usr/lib/gcc/aarch64-linux-gnu/11/../../../../include/c++/11/bits/stl_uninitialized.h:333:14 @[ /usr/lib/gcc/aarch64-linux-gnu/11/../../../../include/c++/11/bits/stl_vector.h:558:4 @[ install/autoware_perception_msgs/include/autoware_perception_msgs/autoware_perception_msgs/msg/detail/predicted_path__struct.hpp:39:8 @[ src/universe/autoware_universe/perception/autoware_map_based_prediction/src/predictor_vru.cpp:299:12 ] ] ] ] ]. Skipping.
Found a loop without an exit block at src/universe/autoware_universe/perception/autoware_map_based_prediction/src/predictor_vru.cpp:304:3. Skipping.
Found a loop without a preheader at /usr/lib/gcc/aarch64-linux-gnu/11/../../../../include/c++/11/bits/stl_uninitialized.h:91:8 @[ /usr/lib/gcc/aarch64-linux-gnu/11/../../../../include/c++/11/bits/stl_uninitialized.h:148:14 @[ /usr/lib/gcc/aarch64-linux-gnu/11/../../../../include/c++/11/bits/stl_uninitialized.h:333:14 @[ /usr/lib/gcc/aarch64-linux-gnu/11/../../../../include/c++/11/bits/stl_vector.h:558:4 @[ install/autoware_perception_msgs/include/autoware_perception_msgs/autoware_perception_msgs/msg/detail/predicted_path__struct.hpp:39:8 @[ src/universe/autoware_universe/perception/autoware_map_based_prediction/src/predictor_vru.cpp:302:23 ] ] ] ] ]. Skipping.
Found a loop without a preheader at /usr/lib/gcc/aarch64-linux-gnu/11/../../../../include/c++/11/bits/stl_deque.h:678:7 @[ /usr/lib/gcc/aarch64-linux-gnu/11/../../../../include/c++/11/bits/stl_deque.h:667:4 @[ /usr/lib/gcc/aarch64-linux-gnu/11/../../../../include/c++/11/bits/stl_deque.h:637:4 @[ /usr/lib/gcc/aarch64-linux-gnu/11/../../../../include/c++/11/bits/stl_deque.h:439:9 @[ /usr/lib/gcc/aarch64-linux-gnu/11/../../../../include/c++/11/bits/stl_deque.h:834:7 @[ /usr/include/boost/geometry/algorithms/detail/disjoint/linear_linear.hpp:111:36 @[ /usr/include/boost/geometry/algorithms/detail/disjoint/interface.hpp:67:16 @[ /usr/include/boost/geometry/algorithms/detail/disjoint/interface.hpp:91:16 @[ /usr/include/boost/geometry/algorithms/detail/disjoint/interface.hpp:241:12 @[ /usr/include/boost/geometry/algorithms/detail/intersects/interface.hpp:108:14 @[ src/universe/autoware_universe/perception/autoware_map_based_prediction/src/predictor_vru.cpp:291:11 ] ] ] ] ] ] ] ] ] ]. Skipping.
Found a loop without an exit block at src/universe/autoware_universe/perception/autoware_map_based_prediction/src/predictor_vru.cpp:287:3. Skipping.
Found a loop without a preheader at src/universe/autoware_universe/perception/autoware_map_based_prediction/src/predictor_vru.cpp:276:3. Skipping.
Found a loop without a preheader at /opt/ros/humble/include/lanelet2_core/geometry/impl/LineString.h:755:3 @[ src/universe/autoware_universe/perception/autoware_map_based_prediction/src/predictor_vru.cpp:274:42 ]. Skipping.
Found a loop without a preheader at /usr/lib/gcc/aarch64-linux-gnu/11/../../../../include/c++/11/bits/stl_uninitialized.h:318:4 @[ /usr/lib/gcc/aarch64-linux-gnu/11/../../../../include/c++/11/bits/stl_vector.h:558:4 @[ /opt/ros/humble/include/lanelet2_core/primitives/Traits.h:103:10 @[ /opt/ros/humble/include/lanelet2_core/geometry/impl/LineString.h:755:24 @[ src/universe/autoware_universe/perception/autoware_map_based_prediction/src/predictor_vru.cpp:274:42 ] ] ] ]. Skipping.
Found a loop without an exit block at src/universe/autoware_universe/perception/autoware_map_based_prediction/src/predictor_vru.cpp:270:3. Skipping.
Found a loop without a preheader at /usr/lib/gcc/aarch64-linux-gnu/11/../../../../include/c++/11/bits/stl_construct.h:162:4 @[ /usr/lib/gcc/aarch64-linux-gnu/11/../../../../include/c++/11/bits/stl_construct.h:195:7 @[ /usr/lib/gcc/aarch64-linux-gnu/11/../../../../include/c++/11/bits/alloc_traits.h:848:7 @[ /usr/lib/gcc/aarch64-linux-gnu/11/../../../../include/c++/11/bits/stl_vector.h:680:2 ] ] ]. Skipping.
Found a loop without a preheader at /usr/lib/gcc/aarch64-linux-gnu/11/../../../../include/c++/11/bits/stl_uninitialized.h:1031:7 @[ /usr/lib/gcc/aarch64-linux-gnu/11/../../../../include/c++/11/bits/stl_uninitialized.h:1046:14 @[ /usr/lib/gcc/aarch64-linux-gnu/11/../../../../include/c++/11/bits/stl_vector.h:456:9 @[ /usr/lib/gcc/aarch64-linux-gnu/11/../../../../include/c++/11/bits/stl_vector.h:469:9 @[ /usr/lib/gcc/aarch64-linux-gnu/11/../../../../include/c++/11/bits/vector.tcc:466:23 ] ] ] ]. Skipping.
Found a loop without a preheader at /usr/lib/gcc/aarch64-linux-gnu/11/../../../../include/c++/11/bits/stl_uninitialized.h:1031:7 @[ /usr/lib/gcc/aarch64-linux-gnu/11/../../../../include/c++/11/bits/stl_uninitialized.h:1046:14 @[ /usr/lib/gcc/aarch64-linux-gnu/11/../../../../include/c++/11/bits/stl_vector.h:456:9 @[ /usr/lib/gcc/aarch64-linux-gnu/11/../../../../include/c++/11/bits/stl_vector.h:469:9 @[ /usr/lib/gcc/aarch64-linux-gnu/11/../../../../include/c++/11/bits/vector.tcc:461:23 ] ] ] ]. Skipping.
Found a loop without an exit block at src/universe/autoware_universe/perception/autoware_map_based_prediction/src/predictor_vru.cpp:334:3. Skipping.
Found a loop without a preheader at /usr/lib/gcc/aarch64-linux-gnu/11/../../../../include/c++/11/bits/hashtable_policy.h:1912:7 @[ /usr/lib/gcc/aarch64-linux-gnu/11/../../../../include/c++/11/bits/hashtable.h:2320:13 @[ /usr/lib/gcc/aarch64-linux-gnu/11/../../../../include/c++/11/bits/unordered_set.h:574:14 @[ src/universe/autoware_universe/perception/autoware_map_based_prediction/src/predictor_vru.cpp:210:34 @[ src/universe/autoware_universe/perception/autoware_map_based_prediction/src/predictor_vru.cpp:331:3 ] ] ] ]. Skipping.
Found a loop without an exit block at src/universe/autoware_universe/perception/autoware_map_based_prediction/src/predictor_vru.cpp:317:3. Skipping.
Found a loop without an exit block at install/autoware_utils_uuid/include/autoware_utils_uuid/uuid_helper.hpp:51:3. Skipping.
Found a loop without a preheader at /usr/lib/gcc/aarch64-linux-gnu/11/../../../../include/c++/11/bits/stl_uninitialized.h:91:8 @[ /usr/lib/gcc/aarch64-linux-gnu/11/../../../../include/c++/11/bits/stl_uninitialized.h:148:14 @[ /usr/lib/gcc/aarch64-linux-gnu/11/../../../../include/c++/11/bits/stl_uninitialized.h:333:14 @[ /usr/lib/gcc/aarch64-linux-gnu/11/../../../../include/c++/11/bits/stl_vector.h:558:4 @[ /opt/ros/humble/include/geometry_msgs/geometry_msgs/msg/detail/polygon__struct.hpp:37:8 @[ install/autoware_perception_msgs/include/autoware_perception_msgs/autoware_perception_msgs/msg/detail/shape__struct.hpp:39:8 @[ install/autoware_perception_msgs/include/autoware_perception_msgs/autoware_perception_msgs/msg/detail/tracked_object__struct.hpp:43:8 ] ] ] ] ] ]. Skipping.
Found a loop without a preheader at /usr/lib/gcc/aarch64-linux-gnu/11/../../../../include/c++/11/bits/hashtable.h:1837:7 @[ /usr/lib/gcc/aarch64-linux-gnu/11/../../../../include/c++/11/bits/hashtable.h:810:31 @[ /usr/lib/gcc/aarch64-linux-gnu/11/../../../../include/c++/11/bits/hashtable.h:1970:23 ] ]. Skipping.
Found a loop without a preheader at /usr/lib/gcc/aarch64-linux-gnu/11/../../../../include/c++/11/bits/hashtable.h:1837:7 @[ /usr/lib/gcc/aarch64-linux-gnu/11/../../../../include/c++/11/bits/hashtable.h:810:31 @[ /usr/lib/gcc/aarch64-linux-gnu/11/../../../../include/c++/11/bits/hashtable.h:1970:23 ] ]. Skipping.
Found a loop without a preheader at /usr/lib/gcc/aarch64-linux-gnu/11/../../../../include/c++/11/bits/hashtable.h:2386:7. Skipping.
Found a loop without a preheader at /usr/lib/gcc/aarch64-linux-gnu/11/../../../../include/c++/11/bits/hashtable_policy.h:1912:7 @[ /usr/lib/gcc/aarch64-linux-gnu/11/../../../../include/c++/11/bits/hashtable.h:2320:13 @[ /usr/lib/gcc/aarch64-linux-gnu/11/../../../../include/c++/11/bits/hashtable.h:1532:7 @[ /usr/lib/gcc/aarch64-linux-gnu/11/../../../../include/c++/11/bits/unordered_set.h:97:11 @[ src/universe/autoware_universe/perception/autoware_map_based_prediction/src/predictor_vru.cpp:358:1 ] ] ] ]. Skipping.
Found a loop without an exit block at src/universe/autoware_universe/perception/autoware_map_based_prediction/src/predictor_vru.cpp:351:3. Skipping.
Found a loop without a preheader at /usr/lib/gcc/aarch64-linux-gnu/11/../../../../include/c++/11/bits/hashtable_policy.h:1912:7 @[ /usr/lib/gcc/aarch64-linux-gnu/11/../../../../include/c++/11/bits/hashtable.h:2320:13 @[ /usr/lib/gcc/aarch64-linux-gnu/11/../../../../include/c++/11/bits/hashtable.h:1532:7 @[ /usr/lib/gcc/aarch64-linux-gnu/11/../../../../include/c++/11/bits/unordered_set.h:97:11 ] ] ]. Skipping.
Found a loop without a preheader at /usr/lib/gcc/aarch64-linux-gnu/11/../../../../include/c++/11/bits/hashtable.h:1837:7 @[ /usr/lib/gcc/aarch64-linux-gnu/11/../../../../include/c++/11/bits/hashtable.h:810:31 @[ /usr/lib/gcc/aarch64-linux-gnu/11/../../../../include/c++/11/bits/hashtable.h:1610:29 ] ]. Skipping.
Found a loop without a preheader at /usr/lib/gcc/aarch64-linux-gnu/11/../../../../include/c++/11/bits/hashtable.h:1837:7 @[ /usr/lib/gcc/aarch64-linux-gnu/11/../../../../include/c++/11/bits/hashtable.h:810:31 @[ /usr/lib/gcc/aarch64-linux-gnu/11/../../../../include/c++/11/bits/hashtable.h:1610:29 ] ]. Skipping.
Found a loop without a preheader at src/universe/autoware_universe/perception/autoware_map_based_prediction/src/predictor_vru.cpp:738:3. Skipping.
Found a loop without a preheader at /usr/lib/gcc/aarch64-linux-gnu/11/../../../../include/c++/11/bits/stl_construct.h:162:4 @[ /usr/lib/gcc/aarch64-linux-gnu/11/../../../../include/c++/11/bits/stl_construct.h:195:7 @[ /usr/lib/gcc/aarch64-linux-gnu/11/../../../../include/c++/11/bits/alloc_traits.h:848:7 @[ /usr/lib/gcc/aarch64-linux-gnu/11/../../../../include/c++/11/bits/stl_vector.h:680:2 @[ src/universe/autoware_universe/perception/autoware_map_based_prediction/include/map_based_prediction/data_structure.hpp:100:8 @[ src/universe/autoware_universe/perception/autoware_map_based_prediction/src/predictor_vru.cpp:703:1 ] ] ] ] ]. Skipping.
Found a loop without a preheader at /usr/lib/gcc/aarch64-linux-gnu/11/../../../../include/c++/11/bits/stl_construct.h:162:4 @[ /usr/lib/gcc/aarch64-linux-gnu/11/../../../../include/c++/11/bits/stl_construct.h:195:7 @[ /usr/lib/gcc/aarch64-linux-gnu/11/../../../../include/c++/11/bits/alloc_traits.h:848:7 @[ /usr/lib/gcc/aarch64-linux-gnu/11/../../../../include/c++/11/bits/stl_vector.h:680:2 @[ src/universe/autoware_universe/perception/autoware_map_based_prediction/include/map_based_prediction/data_structure.hpp:100:8 @[ src/universe/autoware_universe/perception/autoware_map_based_prediction/src/predictor_vru.cpp:703:1 ] ] ] ] ]. Skipping.
Found a loop without a preheader at /usr/lib/gcc/aarch64-linux-gnu/11/../../../../include/c++/11/bits/stl_construct.h:162:4 @[ /usr/lib/gcc/aarch64-linux-gnu/11/../../../../include/c++/11/bits/stl_construct.h:195:7 @[ /usr/lib/gcc/aarch64-linux-gnu/11/../../../../include/c++/11/bits/alloc_traits.h:848:7 @[ /usr/lib/gcc/aarch64-linux-gnu/11/../../../../include/c++/11/bits/stl_vector.h:680:2 @[ src/universe/autoware_universe/perception/autoware_map_based_prediction/src/predictor_vru.cpp:665:1 ] ] ] ]. Skipping.
Found a loop without a preheader at /usr/lib/gcc/aarch64-linux-gnu/11/../../../../include/c++/11/bits/stl_construct.h:162:4 @[ /usr/lib/gcc/aarch64-linux-gnu/11/../../../../include/c++/11/bits/stl_construct.h:195:7 @[ /usr/lib/gcc/aarch64-linux-gnu/11/../../../../include/c++/11/bits/alloc_traits.h:848:7 @[ /usr/lib/gcc/aarch64-linux-gnu/11/../../../../include/c++/11/bits/stl_vector.h:680:2 @[ src/universe/autoware_universe/perception/autoware_map_based_prediction/src/predictor_vru.cpp:665:1 ] ] ] ]. Skipping.
Found a loop without a preheader at /usr/lib/gcc/aarch64-linux-gnu/11/../../../../include/c++/11/bits/stl_construct.h:162:4 @[ /usr/lib/gcc/aarch64-linux-gnu/11/../../../../include/c++/11/bits/stl_construct.h:195:7 @[ /usr/lib/gcc/aarch64-linux-gnu/11/../../../../include/c++/11/bits/alloc_traits.h:848:7 @[ /usr/lib/gcc/aarch64-linux-gnu/11/../../../../include/c++/11/bits/stl_vector.h:680:2 @[ src/universe/autoware_universe/perception/autoware_map_based_prediction/src/predictor_vru.cpp:665:1 ] ] ] ]. Skipping.
Found a loop without an exit block at src/universe/autoware_universe/perception/autoware_map_based_prediction/src/predictor_vru.cpp:607:3. Skipping.
Found a loop without a preheader at /usr/lib/gcc/aarch64-linux-gnu/11/../../../../include/c++/11/bits/stl_uninitialized.h:91:8 @[ /usr/lib/gcc/aarch64-linux-gnu/11/../../../../include/c++/11/bits/stl_uninitialized.h:148:14 @[ /usr/lib/gcc/aarch64-linux-gnu/11/../../../../include/c++/11/bits/stl_uninitialized.h:333:14 @[ /usr/lib/gcc/aarch64-linux-gnu/11/../../../../include/c++/11/bits/stl_vector.h:558:4 @[ install/autoware_perception_msgs/include/autoware_perception_msgs/autoware_perception_msgs/msg/detail/predicted_path__struct.hpp:39:8 @[ /usr/lib/gcc/aarch64-linux-gnu/11/../../../../include/c++/11/ext/new_allocator.h:162:23 @[ /usr/lib/gcc/aarch64-linux-gnu/11/../../../../include/c++/11/bits/alloc_traits.h:516:8 @[ /usr/lib/gcc/aarch64-linux-gnu/11/../../../../include/c++/11/bits/stl_vector.h:1192:6 @[ src/universe/autoware_universe/perception/autoware_map_based_prediction/src/predictor_vru.cpp:569:51 ] ] ] ] ] ] ] ]. Skipping.
Found a loop without a preheader at /usr/lib/gcc/aarch64-linux-gnu/11/../../../../include/c++/11/bits/stl_uninitialized.h:91:8 @[ /usr/lib/gcc/aarch64-linux-gnu/11/../../../../include/c++/11/bits/stl_uninitialized.h:148:14 @[ /usr/lib/gcc/aarch64-linux-gnu/11/../../../../include/c++/11/bits/stl_uninitialized.h:333:14 @[ /usr/lib/gcc/aarch64-linux-gnu/11/../../../../include/c++/11/bits/stl_vector.h:558:4 @[ install/autoware_perception_msgs/include/autoware_perception_msgs/autoware_perception_msgs/msg/detail/predicted_path__struct.hpp:39:8 @[ /usr/lib/gcc/aarch64-linux-gnu/11/../../../../include/c++/11/ext/new_allocator.h:162:23 @[ /usr/lib/gcc/aarch64-linux-gnu/11/../../../../include/c++/11/bits/alloc_traits.h:516:8 @[ /usr/lib/gcc/aarch64-linux-gnu/11/../../../../include/c++/11/bits/stl_vector.h:1192:6 @[ src/universe/autoware_universe/perception/autoware_map_based_prediction/src/predictor_vru.cpp:558:51 ] ] ] ] ] ] ] ]. Skipping.
Found a loop without a preheader at /usr/lib/gcc/aarch64-linux-gnu/11/../../../../include/c++/11/bits/stl_uninitialized.h:91:8 @[ /usr/lib/gcc/aarch64-linux-gnu/11/../../../../include/c++/11/bits/stl_uninitialized.h:148:14 @[ /usr/lib/gcc/aarch64-linux-gnu/11/../../../../include/c++/11/bits/stl_uninitialized.h:333:14 @[ /usr/lib/gcc/aarch64-linux-gnu/11/../../../../include/c++/11/bits/stl_vector.h:558:4 @[ install/autoware_perception_msgs/include/autoware_perception_msgs/autoware_perception_msgs/msg/detail/predicted_path__struct.hpp:39:8 @[ /usr/lib/gcc/aarch64-linux-gnu/11/../../../../include/c++/11/ext/new_allocator.h:162:23 @[ /usr/lib/gcc/aarch64-linux-gnu/11/../../../../include/c++/11/bits/alloc_traits.h:516:8 @[ /usr/lib/gcc/aarch64-linux-gnu/11/../../../../include/c++/11/bits/stl_vector.h:1192:6 @[ src/universe/autoware_universe/perception/autoware_map_based_prediction/src/predictor_vru.cpp:600:53 ] ] ] ] ] ] ] ]. Skipping.
Found a loop without a preheader at /usr/lib/gcc/aarch64-linux-gnu/11/../../../../include/c++/11/bits/stl_uninitialized.h:91:8 @[ /usr/lib/gcc/aarch64-linux-gnu/11/../../../../include/c++/11/bits/stl_uninitialized.h:148:14 @[ /usr/lib/gcc/aarch64-linux-gnu/11/../../../../include/c++/11/bits/stl_uninitialized.h:333:14 @[ /usr/lib/gcc/aarch64-linux-gnu/11/../../../../include/c++/11/bits/stl_vector.h:558:4 @[ install/autoware_perception_msgs/include/autoware_perception_msgs/autoware_perception_msgs/msg/detail/predicted_path__struct.hpp:39:8 @[ /usr/lib/gcc/aarch64-linux-gnu/11/../../../../include/c++/11/ext/new_allocator.h:162:23 @[ /usr/lib/gcc/aarch64-linux-gnu/11/../../../../include/c++/11/bits/alloc_traits.h:516:8 @[ /usr/lib/gcc/aarch64-linux-gnu/11/../../../../include/c++/11/bits/stl_vector.h:1192:6 @[ src/universe/autoware_universe/perception/autoware_map_based_prediction/src/predictor_vru.cpp:589:53 ] ] ] ] ] ] ] ]. Skipping.
Found a loop without an exit block at src/universe/autoware_universe/perception/autoware_map_based_prediction/src/predictor_vru.cpp:525:3. Skipping.
Found a loop without a preheader at /usr/lib/gcc/aarch64-linux-gnu/11/../../../../include/c++/11/bits/hashtable.h:1837:7 @[ /usr/lib/gcc/aarch64-linux-gnu/11/../../../../include/c++/11/bits/hashtable.h:810:31 @[ /usr/lib/gcc/aarch64-linux-gnu/11/../../../../include/c++/11/bits/hashtable.h:2105:26 ] ]. Skipping.
Found a loop without a preheader at /usr/lib/gcc/aarch64-linux-gnu/11/../../../../include/c++/11/bits/hashtable.h:1837:7 @[ /usr/lib/gcc/aarch64-linux-gnu/11/../../../../include/c++/11/bits/hashtable.h:810:31 @[ /usr/lib/gcc/aarch64-linux-gnu/11/../../../../include/c++/11/bits/hashtable.h:2105:26 ] ]. Skipping.
Found a loop without a preheader at /usr/lib/gcc/aarch64-linux-gnu/11/../../../../include/c++/11/bits/hashtable.h:2386:7. Skipping.
Found a loop without an exit block at src/universe/autoware_universe/perception/autoware_map_based_prediction/src/predictor_vru.cpp:378:3. Skipping.
Found a loop without a preheader at /usr/lib/gcc/aarch64-linux-gnu/11/../../../../include/c++/11/bits/stl_construct.h:162:4 @[ /usr/lib/gcc/aarch64-linux-gnu/11/../../../../include/c++/11/bits/stl_construct.h:195:7 @[ /usr/lib/gcc/aarch64-linux-gnu/11/../../../../include/c++/11/bits/alloc_traits.h:848:7 @[ /usr/lib/gcc/aarch64-linux-gnu/11/../../../../include/c++/11/bits/stl_vector.h:680:2 @[ install/autoware_perception_msgs/include/autoware_perception_msgs/autoware_perception_msgs/msg/detail/predicted_object_kinematics__struct.hpp:43:8 @[ install/autoware_perception_msgs/include/autoware_perception_msgs/autoware_perception_msgs/msg/detail/predicted_object__struct.hpp:43:8 ] ] ] ] ]. Skipping.
Found a loop without a preheader at /usr/lib/gcc/aarch64-linux-gnu/11/../../../../include/c++/11/bits/stl_uninitialized.h:1031:7 @[ /usr/lib/gcc/aarch64-linux-gnu/11/../../../../include/c++/11/bits/stl_uninitialized.h:1046:14 @[ /usr/lib/gcc/aarch64-linux-gnu/11/../../../../include/c++/11/bits/stl_vector.h:456:9 @[ /usr/lib/gcc/aarch64-linux-gnu/11/../../../../include/c++/11/bits/stl_vector.h:469:9 @[ /usr/lib/gcc/aarch64-linux-gnu/11/../../../../include/c++/11/bits/vector.tcc:466:23 ] ] ] ]. Skipping.
Found a loop without a preheader at /usr/lib/gcc/aarch64-linux-gnu/11/../../../../include/c++/11/bits/stl_uninitialized.h:1031:7 @[ /usr/lib/gcc/aarch64-linux-gnu/11/../../../../include/c++/11/bits/stl_uninitialized.h:1046:14 @[ /usr/lib/gcc/aarch64-linux-gnu/11/../../../../include/c++/11/bits/stl_vector.h:456:9 @[ /usr/lib/gcc/aarch64-linux-gnu/11/../../../../include/c++/11/bits/stl_vector.h:469:9 @[ /usr/lib/gcc/aarch64-linux-gnu/11/../../../../include/c++/11/bits/vector.tcc:461:23 ] ] ] ]. Skipping.
Found a loop without a preheader at /usr/lib/gcc/aarch64-linux-gnu/11/../../../../include/c++/11/bits/stl_uninitialized.h:91:8 @[ /usr/lib/gcc/aarch64-linux-gnu/11/../../../../include/c++/11/bits/stl_uninitialized.h:148:14 @[ /usr/lib/gcc/aarch64-linux-gnu/11/../../../../include/c++/11/bits/stl_uninitialized.h:333:14 @[ /usr/lib/gcc/aarch64-linux-gnu/11/../../../../include/c++/11/bits/stl_vector.h:558:4 @[ /opt/ros/humble/include/geometry_msgs/geometry_msgs/msg/detail/polygon__struct.hpp:37:8 @[ install/autoware_perception_msgs/include/autoware_perception_msgs/autoware_perception_msgs/msg/detail/shape__struct.hpp:39:8 @[ install/autoware_perception_msgs/include/autoware_perception_msgs/autoware_perception_msgs/msg/detail/predicted_object__struct.hpp:43:8 ] ] ] ] ] ]. Skipping.
Found a loop without a preheader at /usr/lib/gcc/aarch64-linux-gnu/11/../../../../include/c++/11/bits/stl_construct.h:162:4 @[ /usr/lib/gcc/aarch64-linux-gnu/11/../../../../include/c++/11/bits/stl_construct.h:195:7 @[ /usr/lib/gcc/aarch64-linux-gnu/11/../../../../include/c++/11/bits/alloc_traits.h:848:7 @[ /usr/lib/gcc/aarch64-linux-gnu/11/../../../../include/c++/11/bits/stl_vector.h:680:2 @[ install/autoware_perception_msgs/include/autoware_perception_msgs/autoware_perception_msgs/msg/detail/predicted_object_kinematics__struct.hpp:43:8 ] ] ] ]. Skipping.
Found a loop without a preheader at /usr/lib/gcc/aarch64-linux-gnu/11/../../../../include/c++/11/bits/stl_uninitialized.h:91:8. Skipping.
Found a loop without a preheader at /usr/lib/gcc/aarch64-linux-gnu/11/../../../../include/c++/11/bits/stl_construct.h:162:4 @[ /usr/lib/gcc/aarch64-linux-gnu/11/../../../../include/c++/11/bits/stl_construct.h:195:7 ]. Skipping.
Found a loop without a preheader at /usr/lib/gcc/aarch64-linux-gnu/11/../../../../include/c++/11/bits/stl_construct.h:162:4 @[ /usr/lib/gcc/aarch64-linux-gnu/11/../../../../include/c++/11/bits/stl_construct.h:195:7 @[ /usr/lib/gcc/aarch64-linux-gnu/11/../../../../include/c++/11/bits/alloc_traits.h:848:7 @[ /usr/lib/gcc/aarch64-linux-gnu/11/../../../../include/c++/11/bits/stl_vector.h:680:2 @[ install/autoware_perception_msgs/include/autoware_perception_msgs/autoware_perception_msgs/msg/detail/predicted_object_kinematics__struct.hpp:43:8 @[ install/autoware_perception_msgs/include/autoware_perception_msgs/autoware_perception_msgs/msg/detail/predicted_object__struct.hpp:43:8 @[ /usr/lib/gcc/aarch64-linux-gnu/11/../../../../include/c++/11/ext/new_allocator.h:168:10 ] ] ] ] ] ]. Skipping.
Found a loop without a preheader at /usr/lib/gcc/aarch64-linux-gnu/11/../../../../include/c++/11/bits/stl_construct.h:162:4. Skipping.
Found a loop without a preheader at /usr/lib/gcc/aarch64-linux-gnu/11/../../../../include/c++/11/bits/stl_algobase.h:2067:7 @[ /usr/lib/gcc/aarch64-linux-gnu/11/../../../../include/c++/11/bits/stl_algobase.h:2114:14 @[ /usr/lib/gcc/aarch64-linux-gnu/11/../../../../include/c++/11/bits/stl_algo.h:3910:14 @[ src/universe/autoware_universe/perception/autoware_map_based_prediction/src/predictor_vru.cpp:419:20 ] ] ]. Skipping.
Found a loop without a preheader at /usr/lib/gcc/aarch64-linux-gnu/11/../../../../include/c++/11/bits/stl_construct.h:162:4 @[ /usr/lib/gcc/aarch64-linux-gnu/11/../../../../include/c++/11/bits/stl_construct.h:195:7 @[ /usr/lib/gcc/aarch64-linux-gnu/11/../../../../include/c++/11/bits/alloc_traits.h:848:7 @[ /usr/lib/gcc/aarch64-linux-gnu/11/../../../../include/c++/11/bits/stl_vector.h:1796:6 @[ /usr/lib/gcc/aarch64-linux-gnu/11/../../../../include/c++/11/bits/stl_vector.h:1499:9 @[ src/universe/autoware_universe/perception/autoware_map_based_prediction/src/predictor_vru.cpp:414:40 ] ] ] ] ]. Skipping.
Found a loop without a preheader at /usr/lib/gcc/aarch64-linux-gnu/11/../../../../include/c++/11/bits/hashtable.h:1837:7 @[ /usr/lib/gcc/aarch64-linux-gnu/11/../../../../include/c++/11/bits/hashtable.h:810:31 @[ /usr/lib/gcc/aarch64-linux-gnu/11/../../../../include/c++/11/bits/hashtable.h:1610:29 ] ]. Skipping.
Found a loop without a preheader at /usr/lib/gcc/aarch64-linux-gnu/11/../../../../include/c++/11/bits/hashtable.h:1837:7 @[ /usr/lib/gcc/aarch64-linux-gnu/11/../../../../include/c++/11/bits/hashtable.h:810:31 @[ /usr/lib/gcc/aarch64-linux-gnu/11/../../../../include/c++/11/bits/hashtable.h:1610:29 ] ]. Skipping.
Found a loop without a preheader at /usr/lib/gcc/aarch64-linux-gnu/11/../../../../include/c++/11/bits/hashtable.h:1837:7 @[ /usr/lib/gcc/aarch64-linux-gnu/11/../../../../include/c++/11/bits/hashtable.h:810:31 @[ /usr/lib/gcc/aarch64-linux-gnu/11/../../../../include/c++/11/bits/hashtable.h:1595:23 ] ]. Skipping.
Found a loop without a preheader at /usr/lib/gcc/aarch64-linux-gnu/11/../../../../include/c++/11/bits/hashtable.h:1837:7 @[ /usr/lib/gcc/aarch64-linux-gnu/11/../../../../include/c++/11/bits/hashtable.h:810:31 @[ /usr/lib/gcc/aarch64-linux-gnu/11/../../../../include/c++/11/bits/hashtable.h:1595:23 ] ]. Skipping.
Found a loop without a preheader at /usr/lib/gcc/aarch64-linux-gnu/11/../../../../include/c++/11/bits/stl_construct.h:162:4 @[ /usr/lib/gcc/aarch64-linux-gnu/11/../../../../include/c++/11/bits/stl_construct.h:195:7 @[ /usr/lib/gcc/aarch64-linux-gnu/11/../../../../include/c++/11/bits/alloc_traits.h:848:7 ] ]. Skipping.
Found a loop without a preheader at /usr/lib/gcc/aarch64-linux-gnu/11/../../../../include/c++/11/bits/stl_construct.h:162:4 @[ /usr/lib/gcc/aarch64-linux-gnu/11/../../../../include/c++/11/bits/stl_construct.h:195:7 ]. Skipping.
Found a loop without a preheader at /usr/lib/gcc/aarch64-linux-gnu/11/../../../../include/c++/11/bits/stl_construct.h:162:4 @[ /usr/lib/gcc/aarch64-linux-gnu/11/../../../../include/c++/11/bits/stl_construct.h:195:7 @[ /usr/lib/gcc/aarch64-linux-gnu/11/../../../../include/c++/11/bits/alloc_traits.h:848:7 @[ /usr/lib/gcc/aarch64-linux-gnu/11/../../../../include/c++/11/bits/vector.tcc:498:2 ] ] ]. Skipping.
Found a loop without a preheader at /usr/lib/gcc/aarch64-linux-gnu/11/../../../../include/c++/11/bits/stl_uninitialized.h:91:8. Skipping.
Found a loop without a preheader at /usr/lib/gcc/aarch64-linux-gnu/11/../../../../include/c++/11/bits/stl_construct.h:162:4 @[ /usr/lib/gcc/aarch64-linux-gnu/11/../../../../include/c++/11/bits/stl_construct.h:195:7 @[ /usr/lib/gcc/aarch64-linux-gnu/11/../../../../include/c++/11/bits/alloc_traits.h:848:7 @[ /usr/lib/gcc/aarch64-linux-gnu/11/../../../../include/c++/11/bits/stl_vector.h:680:2 @[ /opt/ros/humble/include/lanelet2_core/geometry/impl/LaneletMap.h:35:1 ] ] ] ]. Skipping.
Found a loop without a preheader at /usr/lib/gcc/aarch64-linux-gnu/11/../../../../include/c++/11/bits/stl_algo.h:1846:7 @[ /usr/lib/gcc/aarch64-linux-gnu/11/../../../../include/c++/11/bits/stl_algo.h:1867:4 @[ /usr/lib/gcc/aarch64-linux-gnu/11/../../../../include/c++/11/bits/stl_algo.h:1957:4 @[ /usr/lib/gcc/aarch64-linux-gnu/11/../../../../include/c++/11/bits/stl_algo.h:4875:7 @[ /opt/ros/humble/include/lanelet2_core/geometry/impl/LaneletMap.h:33:3 ] ] ] ]. Skipping.
Found a loop without an exit block at /opt/ros/humble/include/lanelet2_core/geometry/impl/LaneletMap.h:27:3. Skipping.
Found a loop without a preheader at /usr/lib/gcc/aarch64-linux-gnu/11/../../../../include/c++/11/bits/stl_construct.h:162:4 @[ /usr/lib/gcc/aarch64-linux-gnu/11/../../../../include/c++/11/bits/stl_construct.h:195:7 @[ /usr/lib/gcc/aarch64-linux-gnu/11/../../../../include/c++/11/bits/alloc_traits.h:848:7 @[ /usr/lib/gcc/aarch64-linux-gnu/11/../../../../include/c++/11/bits/stl_vector.h:680:2 @[ src/universe/autoware_universe/perception/autoware_map_based_prediction/src/predictor_vru.cpp:681:1 ] ] ] ]. Skipping.
Found a loop without a preheader at src/universe/autoware_universe/perception/autoware_map_based_prediction/src/predictor_vru.cpp:794:9 @[ src/universe/autoware_universe/perception/autoware_map_based_prediction/src/predictor_vru.cpp:809:14 @[ src/universe/autoware_universe/perception/autoware_map_based_prediction/src/predictor_vru.cpp:785:47 ] ]. Skipping.
Found a loop without a preheader at /usr/lib/gcc/aarch64-linux-gnu/11/../../../../include/c++/11/bits/stl_construct.h:162:4 @[ /usr/lib/gcc/aarch64-linux-gnu/11/../../../../include/c++/11/bits/stl_construct.h:195:7 @[ /usr/lib/gcc/aarch64-linux-gnu/11/../../../../include/c++/11/bits/alloc_traits.h:848:7 @[ /usr/lib/gcc/aarch64-linux-gnu/11/../../../../include/c++/11/bits/stl_vector.h:680:2 ] ] ]. Skipping.
Found a loop without a preheader at /usr/lib/gcc/aarch64-linux-gnu/11/../../../../include/c++/11/bits/stl_uninitialized.h:1031:7 @[ /usr/lib/gcc/aarch64-linux-gnu/11/../../../../include/c++/11/bits/stl_uninitialized.h:1046:14 @[ /usr/lib/gcc/aarch64-linux-gnu/11/../../../../include/c++/11/bits/stl_vector.h:456:9 @[ /usr/lib/gcc/aarch64-linux-gnu/11/../../../../include/c++/11/bits/stl_vector.h:469:9 @[ /usr/lib/gcc/aarch64-linux-gnu/11/../../../../include/c++/11/bits/vector.tcc:466:23 ] ] ] ]. Skipping.
Found a loop without a preheader at /usr/lib/gcc/aarch64-linux-gnu/11/../../../../include/c++/11/bits/stl_uninitialized.h:1031:7 @[ /usr/lib/gcc/aarch64-linux-gnu/11/../../../../include/c++/11/bits/stl_uninitialized.h:1046:14 @[ /usr/lib/gcc/aarch64-linux-gnu/11/../../../../include/c++/11/bits/stl_vector.h:456:9 @[ /usr/lib/gcc/aarch64-linux-gnu/11/../../../../include/c++/11/bits/stl_vector.h:469:9 @[ /usr/lib/gcc/aarch64-linux-gnu/11/../../../../include/c++/11/bits/vector.tcc:461:23 ] ] ] ]. Skipping.
Found a loop without a preheader at /usr/lib/gcc/aarch64-linux-gnu/11/../../../../include/c++/11/bits/stl_construct.h:162:4 @[ /usr/lib/gcc/aarch64-linux-gnu/11/../../../../include/c++/11/bits/stl_construct.h:195:7 @[ /usr/lib/gcc/aarch64-linux-gnu/11/../../../../include/c++/11/bits/alloc_traits.h:848:7 @[ /usr/lib/gcc/aarch64-linux-gnu/11/../../../../include/c++/11/bits/stl_vector.h:680:2 ] ] ]. Skipping.
Found a loop without a preheader at /usr/include/boost/geometry/algorithms/detail/within/point_in_geometry.hpp:77:5. Skipping.
Found a loop without a preheader at /usr/include/boost/geometry/iterators/closing_iterator.hpp:106:13 @[ /usr/include/boost/iterator/iterator_facade.hpp:556:13 @[ /usr/include/boost/iterator/iterator_facade.hpp:666:13 @[ /usr/include/boost/geometry/algorithms/detail/within/point_in_geometry.hpp:77:55 ] ] ]. Skipping.
Found a loop without a preheader at /usr/include/boost/geometry/algorithms/detail/closest_feature/point_to_range.hpp:72:9. Skipping.
Found a loop without an exit block at /usr/lib/gcc/aarch64-linux-gnu/11/../../../../include/c++/11/bits/stl_algobase.h:2067:7 @[ /usr/lib/gcc/aarch64-linux-gnu/11/../../../../include/c++/11/bits/stl_algobase.h:2114:14 @[ /usr/lib/gcc/aarch64-linux-gnu/11/../../../../include/c++/11/bits/stl_algo.h:3910:14 @[ /opt/ros/humble/include/lanelet2_core/utility/CompoundIterator.h:45:12 @[ /opt/ros/humble/include/lanelet2_core/utility/CompoundIterator.h:32:20 ] ] ] ]. Skipping.
Found a loop without an exit block at /usr/lib/gcc/aarch64-linux-gnu/11/../../../../include/c++/11/bits/stl_uninitialized.h:318:4. Skipping.
Found a loop without an exit block at /opt/ros/humble/include/lanelet2_core/utility/CompoundIterator.h:63:5 @[ /usr/include/boost/iterator/iterator_facade.hpp:562:13 @[ /usr/include/boost/iterator/iterator_facade.hpp:699:13 @[ /usr/lib/gcc/aarch64-linux-gnu/11/../../../../include/c++/11/bits/stl_iterator.h:245:10 ] ] ]. Skipping.
Found a loop without an exit block at /opt/ros/humble/include/lanelet2_core/utility/CompoundIterator.h:91:7. Skipping.
Found a loop without an exit block at /usr/lib/gcc/aarch64-linux-gnu/11/../../../../include/c++/11/bits/stl_algobase.h:2067:7 @[ /usr/lib/gcc/aarch64-linux-gnu/11/../../../../include/c++/11/bits/stl_algobase.h:2114:14 @[ /usr/lib/gcc/aarch64-linux-gnu/11/../../../../include/c++/11/bits/stl_algo.h:3910:14 @[ /opt/ros/humble/include/lanelet2_core/utility/CompoundIterator.h:45:12 @[ /opt/ros/humble/include/lanelet2_core/utility/CompoundIterator.h:90:26 ] ] ] ]. Skipping.
Found a loop without an exit block at /opt/ros/humble/include/lanelet2_core/utility/CompoundIterator.h:51:5 @[ /usr/include/boost/iterator/iterator_facade.hpp:556:13 @[ /usr/include/boost/iterator/iterator_facade.hpp:666:13 @[ /opt/ros/humble/include/lanelet2_core/utility/ReverseAndForwardIterator.h:32:34 ] ] ]. Skipping.
Found a loop without an exit block at /opt/ros/humble/include/lanelet2_core/utility/CompoundIterator.h:63:5 @[ /usr/include/boost/iterator/iterator_facade.hpp:562:13 @[ /usr/include/boost/iterator/iterator_facade.hpp:699:13 @[ /opt/ros/humble/include/lanelet2_core/utility/ReverseAndForwardIterator.h:32:45 ] ] ]. Skipping.
Found a loop without a preheader at /usr/lib/gcc/aarch64-linux-gnu/11/../../../../include/c++/11/bits/stl_uninitialized.h:1031:7 @[ /usr/lib/gcc/aarch64-linux-gnu/11/../../../../include/c++/11/bits/stl_uninitialized.h:1046:14 @[ /usr/lib/gcc/aarch64-linux-gnu/11/../../../../include/c++/11/bits/stl_vector.h:456:9 @[ /usr/lib/gcc/aarch64-linux-gnu/11/../../../../include/c++/11/bits/stl_vector.h:469:9 @[ /usr/lib/gcc/aarch64-linux-gnu/11/../../../../include/c++/11/bits/vector.tcc:466:23 ] ] ] ]. Skipping.
Found a loop without a preheader at /usr/lib/gcc/aarch64-linux-gnu/11/../../../../include/c++/11/bits/stl_uninitialized.h:1031:7 @[ /usr/lib/gcc/aarch64-linux-gnu/11/../../../../include/c++/11/bits/stl_uninitialized.h:1046:14 @[ /usr/lib/gcc/aarch64-linux-gnu/11/../../../../include/c++/11/bits/stl_vector.h:456:9 @[ /usr/lib/gcc/aarch64-linux-gnu/11/../../../../include/c++/11/bits/stl_vector.h:469:9 @[ /usr/lib/gcc/aarch64-linux-gnu/11/../../../../include/c++/11/bits/vector.tcc:461:23 ] ] ] ]. Skipping.
Found a loop without an exit block at /usr/lib/gcc/aarch64-linux-gnu/11/../../../../include/c++/11/bits/stl_algo.h:1929:7. Skipping.
Found a loop without an exit block at /usr/lib/gcc/aarch64-linux-gnu/11/../../../../include/c++/11/bits/stl_heap.h:352:7. Skipping.
Found a loop without a preheader at /usr/lib/gcc/aarch64-linux-gnu/11/../../../../include/c++/11/bits/stl_heap.h:228:7. Skipping.
Found a loop without a preheader at /usr/lib/gcc/aarch64-linux-gnu/11/../../../../include/c++/11/bits/stl_heap.h:139:7. Skipping.
Found a loop without a preheader at /usr/lib/gcc/aarch64-linux-gnu/11/../../../../include/c++/11/bits/stl_algo.h:1806:7. Skipping.
Found a loop without a preheader at /usr/lib/gcc/aarch64-linux-gnu/11/../../../../include/c++/11/bits/stl_uninitialized.h:1031:7 @[ /usr/lib/gcc/aarch64-linux-gnu/11/../../../../include/c++/11/bits/stl_uninitialized.h:1046:14 @[ /usr/lib/gcc/aarch64-linux-gnu/11/../../../../include/c++/11/bits/stl_vector.h:456:9 @[ /usr/lib/gcc/aarch64-linux-gnu/11/../../../../include/c++/11/bits/stl_vector.h:469:9 @[ /usr/lib/gcc/aarch64-linux-gnu/11/../../../../include/c++/11/bits/vector.tcc:466:23 ] ] ] ]. Skipping.
Found a loop without a preheader at /usr/lib/gcc/aarch64-linux-gnu/11/../../../../include/c++/11/bits/stl_uninitialized.h:1031:7 @[ /usr/lib/gcc/aarch64-linux-gnu/11/../../../../include/c++/11/bits/stl_uninitialized.h:1046:14 @[ /usr/lib/gcc/aarch64-linux-gnu/11/../../../../include/c++/11/bits/stl_vector.h:456:9 @[ /usr/lib/gcc/aarch64-linux-gnu/11/../../../../include/c++/11/bits/stl_vector.h:469:9 @[ /usr/lib/gcc/aarch64-linux-gnu/11/../../../../include/c++/11/bits/vector.tcc:461:23 ] ] ] ]. Skipping.
Found a loop without a preheader at /usr/lib/gcc/aarch64-linux-gnu/11/../../../../include/c++/11/bits/charconv.h:56:7 @[ /usr/lib/gcc/aarch64-linux-gnu/11/../../../../include/c++/11/bits/basic_string.h:6664:24 ]. Skipping.
Found a loop without a preheader at /usr/lib/gcc/aarch64-linux-gnu/11/../../../../include/c++/11/bits/stl_uninitialized.h:1031:7 @[ /usr/lib/gcc/aarch64-linux-gnu/11/../../../../include/c++/11/bits/stl_uninitialized.h:1046:14 @[ /usr/lib/gcc/aarch64-linux-gnu/11/../../../../include/c++/11/bits/stl_vector.h:456:9 @[ /usr/lib/gcc/aarch64-linux-gnu/11/../../../../include/c++/11/bits/stl_vector.h:469:9 @[ /usr/lib/gcc/aarch64-linux-gnu/11/../../../../include/c++/11/bits/vector.tcc:466:23 ] ] ] ]. Skipping.
Found a loop without a preheader at /usr/lib/gcc/aarch64-linux-gnu/11/../../../../include/c++/11/bits/stl_uninitialized.h:1031:7 @[ /usr/lib/gcc/aarch64-linux-gnu/11/../../../../include/c++/11/bits/stl_uninitialized.h:1046:14 @[ /usr/lib/gcc/aarch64-linux-gnu/11/../../../../include/c++/11/bits/stl_vector.h:456:9 @[ /usr/lib/gcc/aarch64-linux-gnu/11/../../../../include/c++/11/bits/stl_vector.h:469:9 @[ /usr/lib/gcc/aarch64-linux-gnu/11/../../../../include/c++/11/bits/vector.tcc:461:23 ] ] ] ]. Skipping.
Found a loop without a preheader at /usr/lib/gcc/aarch64-linux-gnu/11/../../../../include/c++/11/bits/stl_uninitialized.h:91:8 @[ /usr/lib/gcc/aarch64-linux-gnu/11/../../../../include/c++/11/bits/stl_uninitialized.h:148:14 @[ /usr/lib/gcc/aarch64-linux-gnu/11/../../../../include/c++/11/bits/stl_uninitialized.h:333:14 @[ /usr/lib/gcc/aarch64-linux-gnu/11/../../../../include/c++/11/bits/stl_vector.h:558:4 @[ install/autoware_perception_msgs/include/autoware_perception_msgs/autoware_perception_msgs/msg/detail/predicted_path__struct.hpp:39:8 @[ /usr/lib/gcc/aarch64-linux-gnu/11/../../../../include/c++/11/ext/new_allocator.h:162:23 @[ /usr/lib/gcc/aarch64-linux-gnu/11/../../../../include/c++/11/bits/alloc_traits.h:516:8 @[ /usr/lib/gcc/aarch64-linux-gnu/11/../../../../include/c++/11/bits/vector.tcc:449:4 ] ] ] ] ] ] ]. Skipping.
Found a loop without a preheader at /usr/lib/gcc/aarch64-linux-gnu/11/../../../../include/c++/11/bits/stl_construct.h:162:4 @[ /usr/lib/gcc/aarch64-linux-gnu/11/../../../../include/c++/11/bits/stl_construct.h:195:7 @[ /usr/lib/gcc/aarch64-linux-gnu/11/../../../../include/c++/11/bits/alloc_traits.h:848:7 @[ /usr/lib/gcc/aarch64-linux-gnu/11/../../../../include/c++/11/bits/stl_vector.h:680:2 @[ /usr/lib/gcc/aarch64-linux-gnu/11/../../../../include/c++/11/ext/new_allocator.h:162:4 ] ] ] ]. Skipping.
Found a loop without a preheader at /usr/lib/gcc/aarch64-linux-gnu/11/../../../../include/c++/11/bits/stl_construct.h:162:4 @[ /usr/lib/gcc/aarch64-linux-gnu/11/../../../../include/c++/11/bits/stl_construct.h:195:7 @[ /usr/lib/gcc/aarch64-linux-gnu/11/../../../../include/c++/11/bits/alloc_traits.h:848:7 @[ /usr/lib/gcc/aarch64-linux-gnu/11/../../../../include/c++/11/bits/stl_vector.h:680:2 ] ] ]. Skipping.
Found a loop without a preheader at /usr/lib/gcc/aarch64-linux-gnu/11/../../../../include/c++/11/bits/stl_tree.h:1860:6. Skipping.
Found a loop without a preheader at /usr/lib/gcc/aarch64-linux-gnu/11/../../../../include/c++/11/bits/stl_tree.h:1887:7. Skipping.
Found a loop without a preheader at /usr/lib/gcc/aarch64-linux-gnu/11/../../../../include/c++/11/bits/stl_construct.h:162:4 @[ /usr/lib/gcc/aarch64-linux-gnu/11/../../../../include/c++/11/bits/stl_construct.h:195:7 @[ /usr/lib/gcc/aarch64-linux-gnu/11/../../../../include/c++/11/bits/alloc_traits.h:848:7 @[ /usr/lib/gcc/aarch64-linux-gnu/11/../../../../include/c++/11/bits/stl_vector.h:680:2 @[ /opt/ros/humble/include/lanelet2_core/primitives/Lanelet.h:22:7 ] ] ] ]. Skipping.
Found a loop without a preheader at /usr/lib/gcc/aarch64-linux-gnu/11/../../../../include/c++/11/bits/stl_construct.h:162:4 @[ /usr/lib/gcc/aarch64-linux-gnu/11/../../../../include/c++/11/bits/stl_construct.h:195:7 @[ /usr/lib/gcc/aarch64-linux-gnu/11/../../../../include/c++/11/bits/alloc_traits.h:848:7 @[ /usr/lib/gcc/aarch64-linux-gnu/11/../../../../include/c++/11/bits/stl_vector.h:680:2 @[ /opt/ros/humble/include/lanelet2_core/primitives/LineString.h:529:3 ] ] ] ]. Skipping.
Found a loop without a preheader at /usr/lib/gcc/aarch64-linux-gnu/11/../../../../include/c++/11/bits/stl_construct.h:162:4 @[ /usr/lib/gcc/aarch64-linux-gnu/11/../../../../include/c++/11/bits/stl_construct.h:195:7 @[ /usr/lib/gcc/aarch64-linux-gnu/11/../../../../include/c++/11/bits/alloc_traits.h:848:7 @[ /usr/lib/gcc/aarch64-linux-gnu/11/../../../../include/c++/11/bits/stl_vector.h:680:2 ] ] ]. Skipping.
Found a loop without a preheader at /usr/lib/gcc/aarch64-linux-gnu/11/../../../../include/c++/11/bits/stl_construct.h:162:4 @[ /usr/lib/gcc/aarch64-linux-gnu/11/../../../../include/c++/11/bits/stl_construct.h:195:7 @[ /usr/lib/gcc/aarch64-linux-gnu/11/../../../../include/c++/11/bits/alloc_traits.h:848:7 @[ /usr/lib/gcc/aarch64-linux-gnu/11/../../../../include/c++/11/bits/stl_vector.h:680:2 @[ /usr/lib/gcc/aarch64-linux-gnu/11/../../../../include/c++/11/ext/new_allocator.h:162:4 ] ] ] ]. Skipping.
Found a loop without a preheader at /usr/lib/gcc/aarch64-linux-gnu/11/../../../../include/c++/11/bits/stl_tree.h:114:7 @[ /usr/lib/gcc/aarch64-linux-gnu/11/../../../../include/c++/11/bits/stl_tree.h:800:16 @[ /usr/lib/gcc/aarch64-linux-gnu/11/../../../../include/c++/11/bits/stl_tree.h:891:20 @[ /usr/lib/gcc/aarch64-linux-gnu/11/../../../../include/c++/11/bits/stl_tree.h:901:9 @[ /usr/lib/gcc/aarch64-linux-gnu/11/../../../../include/c++/11/bits/stl_tree.h:939:16 @[ /usr/lib/gcc/aarch64-linux-gnu/11/../../../../include/c++/11/bits/stl_map.h:207:7 @[ /opt/ros/humble/include/lanelet2_core/utility/HybridMap.h:94:37 @[ /usr/lib/gcc/aarch64-linux-gnu/11/../../../../include/c++/11/ext/new_allocator.h:162:27 ] ] ] ] ] ] ]. Skipping.
Found a loop without a preheader at /usr/lib/gcc/aarch64-linux-gnu/11/../../../../include/c++/11/bits/stl_construct.h:162:4 @[ /usr/lib/gcc/aarch64-linux-gnu/11/../../../../include/c++/11/bits/stl_construct.h:195:7 @[ /usr/lib/gcc/aarch64-linux-gnu/11/../../../../include/c++/11/bits/alloc_traits.h:848:7 @[ /usr/lib/gcc/aarch64-linux-gnu/11/../../../../include/c++/11/bits/stl_vector.h:680:2 @[ /opt/ros/humble/include/lanelet2_core/primitives/LineString.h:139:7 ] ] ] ]. Skipping.
Found a loop without an exit block at src/universe/autoware_universe/perception/autoware_map_based_prediction/src/predictor_vru.cpp:83:5. Skipping.
Found a loop without an exit block at /usr/include/boost/geometry/algorithms/detail/overlay/intersection_insert.hpp:399:5 @[ /usr/include/boost/geometry/algorithms/detail/overlay/intersection_insert.hpp:500:16 ]. Skipping.
Found a loop without a preheader at /usr/include/boost/geometry/algorithms/detail/sections/sectionalize.hpp:833:5 @[ /usr/include/boost/geometry/algorithms/detail/sections/sectionalize.hpp:1051:5 @[ /usr/include/boost/geometry/algorithms/detail/overlay/get_turns.hpp:585:9 ] ]. Skipping.
Found a loop without a preheader at /usr/include/boost/geometry/algorithms/detail/sections/sectionalize.hpp:833:5 @[ /usr/include/boost/geometry/algorithms/detail/sections/sectionalize.hpp:1051:5 @[ /usr/include/boost/geometry/algorithms/detail/overlay/get_turns.hpp:583:9 ] ]. Skipping.
Found a loop without a preheader at /usr/lib/gcc/aarch64-linux-gnu/11/../../../../include/c++/11/bits/stl_uninitialized.h:1031:7 @[ /usr/lib/gcc/aarch64-linux-gnu/11/../../../../include/c++/11/bits/stl_uninitialized.h:1046:14 @[ /usr/lib/gcc/aarch64-linux-gnu/11/../../../../include/c++/11/bits/stl_vector.h:456:9 @[ /usr/lib/gcc/aarch64-linux-gnu/11/../../../../include/c++/11/bits/stl_vector.h:469:9 @[ /usr/lib/gcc/aarch64-linux-gnu/11/../../../../include/c++/11/bits/vector.tcc:461:23 @[ /usr/lib/gcc/aarch64-linux-gnu/11/../../../../include/c++/11/bits/stl_vector.h:1198:4 @[ /usr/include/boost/geometry/algorithms/detail/sections/sectionalize.hpp:581:22 ] ] ] ] ] ]. Skipping.
Found a loop without an exit block at /usr/include/boost/geometry/algorithms/detail/sections/sectionalize.hpp:472:9. Skipping.
Found a loop without a preheader at /usr/lib/gcc/aarch64-linux-gnu/11/../../../../include/c++/11/bits/stl_uninitialized.h:1031:7 @[ /usr/lib/gcc/aarch64-linux-gnu/11/../../../../include/c++/11/bits/stl_uninitialized.h:1046:14 @[ /usr/lib/gcc/aarch64-linux-gnu/11/../../../../include/c++/11/bits/stl_vector.h:456:9 @[ /usr/lib/gcc/aarch64-linux-gnu/11/../../../../include/c++/11/bits/stl_vector.h:469:9 @[ /usr/lib/gcc/aarch64-linux-gnu/11/../../../../include/c++/11/bits/vector.tcc:461:23 @[ /usr/lib/gcc/aarch64-linux-gnu/11/../../../../include/c++/11/bits/stl_vector.h:1198:4 @[ /usr/include/boost/geometry/algorithms/detail/sections/sectionalize.hpp:581:22 ] ] ] ] ] ]. Skipping.
Found a loop without an exit block at /usr/include/boost/geometry/algorithms/detail/sections/sectionalize.hpp:472:9. Skipping.
Found a loop without an exit block at /usr/include/boost/geometry/algorithms/detail/partition.hpp:627:9 @[ /usr/include/boost/geometry/algorithms/detail/partition.hpp:834:13 ]. Skipping.
Found a loop without an exit block at /usr/include/boost/geometry/algorithms/detail/partition.hpp:627:9 @[ /usr/include/boost/geometry/algorithms/detail/partition.hpp:832:13 ]. Skipping.
Found a loop without a preheader at /usr/include/boost/geometry/algorithms/detail/partition.hpp:847:13. Skipping.
Found a loop without an exit block at /usr/include/boost/geometry/algorithms/detail/partition.hpp:183:5 @[ /usr/include/boost/geometry/algorithms/detail/partition.hpp:576:19 ]. Skipping.
Found a loop without an exit block at /usr/include/boost/geometry/algorithms/detail/partition.hpp:183:5 @[ /usr/include/boost/geometry/algorithms/detail/partition.hpp:559:19 ]. Skipping.
Found a loop without an exit block at /usr/include/boost/geometry/algorithms/detail/partition.hpp:183:5 @[ /usr/include/boost/geometry/algorithms/detail/partition.hpp:541:24 ]. Skipping.
Found a loop without an exit block at /usr/include/boost/geometry/algorithms/detail/partition.hpp:183:5 @[ /usr/include/boost/geometry/algorithms/detail/partition.hpp:540:24 ]. Skipping.
Found a loop without an exit block at /usr/include/boost/geometry/algorithms/detail/partition.hpp:183:5 @[ /usr/include/boost/geometry/algorithms/detail/partition.hpp:515:24 ]. Skipping.
Found a loop without an exit block at /usr/include/boost/geometry/algorithms/detail/partition.hpp:183:5 @[ /usr/include/boost/geometry/algorithms/detail/partition.hpp:514:24 ]. Skipping.
Found a loop without a preheader at /usr/include/boost/geometry/algorithms/detail/partition.hpp:123:5 @[ /usr/include/boost/geometry/algorithms/detail/partition.hpp:415:9 @[ /usr/include/boost/geometry/algorithms/detail/partition.hpp:501:37 ] ]. Skipping.
Found a loop without an exit block at /usr/include/boost/geometry/algorithms/detail/partition.hpp:183:5 @[ /usr/include/boost/geometry/algorithms/detail/partition.hpp:489:23 ]. Skipping.
Found a loop without a preheader at /usr/include/boost/geometry/algorithms/detail/partition.hpp:123:5 @[ /usr/include/boost/geometry/algorithms/detail/partition.hpp:430:9 @[ /usr/include/boost/geometry/algorithms/detail/partition.hpp:478:37 ] ]. Skipping.
Found a loop without an exit block at /usr/include/boost/geometry/algorithms/detail/partition.hpp:183:5 @[ /usr/include/boost/geometry/algorithms/detail/partition.hpp:576:19 ]. Skipping.
Found a loop without an exit block at /usr/include/boost/geometry/algorithms/detail/partition.hpp:183:5 @[ /usr/include/boost/geometry/algorithms/detail/partition.hpp:559:19 ]. Skipping.
Found a loop without an exit block at /usr/include/boost/geometry/algorithms/detail/partition.hpp:183:5 @[ /usr/include/boost/geometry/algorithms/detail/partition.hpp:541:24 ]. Skipping.
Found a loop without an exit block at /usr/include/boost/geometry/algorithms/detail/partition.hpp:183:5 @[ /usr/include/boost/geometry/algorithms/detail/partition.hpp:540:24 ]. Skipping.
Found a loop without an exit block at /usr/include/boost/geometry/algorithms/detail/partition.hpp:183:5 @[ /usr/include/boost/geometry/algorithms/detail/partition.hpp:515:24 ]. Skipping.
Found a loop without an exit block at /usr/include/boost/geometry/algorithms/detail/partition.hpp:183:5 @[ /usr/include/boost/geometry/algorithms/detail/partition.hpp:514:24 ]. Skipping.
Found a loop without a preheader at /usr/include/boost/geometry/algorithms/detail/partition.hpp:123:5 @[ /usr/include/boost/geometry/algorithms/detail/partition.hpp:415:9 @[ /usr/include/boost/geometry/algorithms/detail/partition.hpp:501:37 ] ]. Skipping.
Found a loop without an exit block at /usr/include/boost/geometry/algorithms/detail/partition.hpp:183:5 @[ /usr/include/boost/geometry/algorithms/detail/partition.hpp:489:23 ]. Skipping.
Found a loop without a preheader at /usr/include/boost/geometry/algorithms/detail/partition.hpp:123:5 @[ /usr/include/boost/geometry/algorithms/detail/partition.hpp:430:9 @[ /usr/include/boost/geometry/algorithms/detail/partition.hpp:478:37 ] ]. Skipping.
Found a loop without an exit block at /usr/include/boost/geometry/algorithms/detail/overlay/get_turns.hpp:350:9. Skipping.
Found a loop without a preheader at /usr/include/boost/geometry/algorithms/detail/overlay/get_turns.hpp:473:9 @[ /usr/include/boost/geometry/algorithms/detail/overlay/get_turns.hpp:339:9 ]. Skipping.
Found a loop without a preheader at /usr/include/boost/geometry/algorithms/detail/overlay/get_turns.hpp:473:9 @[ /usr/include/boost/geometry/algorithms/detail/overlay/get_turns.hpp:339:9 ]. Skipping.
Found a loop without a preheader at /usr/include/boost/geometry/algorithms/detail/overlay/get_turns.hpp:473:9. Skipping.
Found a loop without a preheader at /usr/include/boost/geometry/algorithms/detail/overlay/get_turns.hpp:473:9. Skipping.
Found a loop without a preheader at /usr/lib/gcc/aarch64-linux-gnu/11/../../../../include/c++/11/bits/stl_uninitialized.h:1031:7 @[ /usr/lib/gcc/aarch64-linux-gnu/11/../../../../include/c++/11/bits/stl_uninitialized.h:1046:14 @[ /usr/lib/gcc/aarch64-linux-gnu/11/../../../../include/c++/11/bits/stl_vector.h:456:9 @[ /usr/lib/gcc/aarch64-linux-gnu/11/../../../../include/c++/11/bits/stl_vector.h:469:9 @[ /usr/lib/gcc/aarch64-linux-gnu/11/../../../../include/c++/11/bits/vector.tcc:461:23 @[ /usr/lib/gcc/aarch64-linux-gnu/11/../../../../include/c++/11/bits/stl_vector.h:1198:4 @[ /usr/lib/gcc/aarch64-linux-gnu/11/../../../../include/c++/11/bits/stl_iterator.h:691:13 @[ /usr/include/boost/geometry/algorithms/detail/overlay/get_turn_info_la.hpp:129:28 ] ] ] ] ] ] ]. Skipping.
Found a loop without a preheader at /usr/lib/gcc/aarch64-linux-gnu/11/../../../../include/c++/11/bits/stl_uninitialized.h:1031:7 @[ /usr/lib/gcc/aarch64-linux-gnu/11/../../../../include/c++/11/bits/stl_uninitialized.h:1046:14 @[ /usr/lib/gcc/aarch64-linux-gnu/11/../../../../include/c++/11/bits/stl_vector.h:456:9 @[ /usr/lib/gcc/aarch64-linux-gnu/11/../../../../include/c++/11/bits/stl_vector.h:469:9 @[ /usr/lib/gcc/aarch64-linux-gnu/11/../../../../include/c++/11/bits/vector.tcc:461:23 @[ /usr/lib/gcc/aarch64-linux-gnu/11/../../../../include/c++/11/bits/stl_vector.h:1198:4 @[ /usr/lib/gcc/aarch64-linux-gnu/11/../../../../include/c++/11/bits/stl_iterator.h:691:13 @[ /usr/include/boost/geometry/algorithms/detail/overlay/get_turn_info_la.hpp:139:24 ] ] ] ] ] ] ]. Skipping.
Found a loop without a preheader at /usr/lib/gcc/aarch64-linux-gnu/11/../../../../include/c++/11/bits/stl_uninitialized.h:1031:7 @[ /usr/lib/gcc/aarch64-linux-gnu/11/../../../../include/c++/11/bits/stl_uninitialized.h:1046:14 @[ /usr/lib/gcc/aarch64-linux-gnu/11/../../../../include/c++/11/bits/stl_vector.h:456:9 @[ /usr/lib/gcc/aarch64-linux-gnu/11/../../../../include/c++/11/bits/stl_vector.h:469:9 @[ /usr/lib/gcc/aarch64-linux-gnu/11/../../../../include/c++/11/bits/vector.tcc:461:23 @[ /usr/lib/gcc/aarch64-linux-gnu/11/../../../../include/c++/11/bits/stl_vector.h:1198:4 @[ /usr/lib/gcc/aarch64-linux-gnu/11/../../../../include/c++/11/bits/stl_iterator.h:691:13 @[ /usr/include/boost/geometry/algorithms/detail/overlay/get_turn_info_la.hpp:228:32 ] ] ] ] ] ] ]. Skipping.
Found a loop without a preheader at /usr/lib/gcc/aarch64-linux-gnu/11/../../../../include/c++/11/bits/stl_uninitialized.h:1031:7 @[ /usr/lib/gcc/aarch64-linux-gnu/11/../../../../include/c++/11/bits/stl_uninitialized.h:1046:14 @[ /usr/lib/gcc/aarch64-linux-gnu/11/../../../../include/c++/11/bits/stl_vector.h:456:9 @[ /usr/lib/gcc/aarch64-linux-gnu/11/../../../../include/c++/11/bits/stl_vector.h:469:9 @[ /usr/lib/gcc/aarch64-linux-gnu/11/../../../../include/c++/11/bits/vector.tcc:461:23 @[ /usr/lib/gcc/aarch64-linux-gnu/11/../../../../include/c++/11/bits/stl_vector.h:1198:4 @[ /usr/lib/gcc/aarch64-linux-gnu/11/../../../../include/c++/11/bits/stl_iterator.h:691:13 @[ /usr/include/boost/geometry/algorithms/detail/overlay/get_turn_info_la.hpp:857:20 ] ] ] ] ] ] ]. Skipping.
Found a loop without a preheader at /usr/lib/gcc/aarch64-linux-gnu/11/../../../../include/c++/11/bits/stl_uninitialized.h:1031:7 @[ /usr/lib/gcc/aarch64-linux-gnu/11/../../../../include/c++/11/bits/stl_uninitialized.h:1046:14 @[ /usr/lib/gcc/aarch64-linux-gnu/11/../../../../include/c++/11/bits/stl_vector.h:456:9 @[ /usr/lib/gcc/aarch64-linux-gnu/11/../../../../include/c++/11/bits/stl_vector.h:469:9 @[ /usr/lib/gcc/aarch64-linux-gnu/11/../../../../include/c++/11/bits/vector.tcc:461:23 @[ /usr/lib/gcc/aarch64-linux-gnu/11/../../../../include/c++/11/bits/stl_vector.h:1198:4 @[ /usr/lib/gcc/aarch64-linux-gnu/11/../../../../include/c++/11/bits/stl_iterator.h:691:13 @[ /usr/include/boost/geometry/algorithms/detail/overlay/get_turn_info_la.hpp:788:20 ] ] ] ] ] ] ]. Skipping.
Found a loop without a preheader at /usr/lib/gcc/aarch64-linux-gnu/11/../../../../include/c++/11/bits/stl_uninitialized.h:1031:7 @[ /usr/lib/gcc/aarch64-linux-gnu/11/../../../../include/c++/11/bits/stl_uninitialized.h:1046:14 @[ /usr/lib/gcc/aarch64-linux-gnu/11/../../../../include/c++/11/bits/stl_vector.h:456:9 @[ /usr/lib/gcc/aarch64-linux-gnu/11/../../../../include/c++/11/bits/stl_vector.h:469:9 @[ /usr/lib/gcc/aarch64-linux-gnu/11/../../../../include/c++/11/bits/vector.tcc:461:23 @[ /usr/lib/gcc/aarch64-linux-gnu/11/../../../../include/c++/11/bits/stl_vector.h:1198:4 @[ /usr/lib/gcc/aarch64-linux-gnu/11/../../../../include/c++/11/bits/stl_iterator.h:691:13 @[ /usr/include/boost/geometry/algorithms/detail/overlay/get_turn_info_la.hpp:857:20 ] ] ] ] ] ] ]. Skipping.
Found a loop without a preheader at /usr/lib/gcc/aarch64-linux-gnu/11/../../../../include/c++/11/bits/stl_uninitialized.h:1031:7 @[ /usr/lib/gcc/aarch64-linux-gnu/11/../../../../include/c++/11/bits/stl_uninitialized.h:1046:14 @[ /usr/lib/gcc/aarch64-linux-gnu/11/../../../../include/c++/11/bits/stl_vector.h:456:9 @[ /usr/lib/gcc/aarch64-linux-gnu/11/../../../../include/c++/11/bits/stl_vector.h:469:9 @[ /usr/lib/gcc/aarch64-linux-gnu/11/../../../../include/c++/11/bits/vector.tcc:461:23 @[ /usr/lib/gcc/aarch64-linux-gnu/11/../../../../include/c++/11/bits/stl_vector.h:1198:4 @[ /usr/lib/gcc/aarch64-linux-gnu/11/../../../../include/c++/11/bits/stl_iterator.h:691:13 ] ] ] ] ] ]. Skipping.
Found a loop without a preheader at /usr/lib/gcc/aarch64-linux-gnu/11/../../../../include/c++/11/bits/stl_uninitialized.h:1031:7 @[ /usr/lib/gcc/aarch64-linux-gnu/11/../../../../include/c++/11/bits/stl_uninitialized.h:1046:14 @[ /usr/lib/gcc/aarch64-linux-gnu/11/../../../../include/c++/11/bits/stl_vector.h:456:9 @[ /usr/lib/gcc/aarch64-linux-gnu/11/../../../../include/c++/11/bits/stl_vector.h:469:9 @[ /usr/lib/gcc/aarch64-linux-gnu/11/../../../../include/c++/11/bits/vector.tcc:461:23 @[ /usr/lib/gcc/aarch64-linux-gnu/11/../../../../include/c++/11/bits/stl_vector.h:1198:4 @[ /usr/lib/gcc/aarch64-linux-gnu/11/../../../../include/c++/11/bits/stl_iterator.h:691:13 @[ /usr/include/boost/geometry/algorithms/detail/overlay/get_turn_info_la.hpp:566:24 ] ] ] ] ] ] ]. Skipping.
Found a loop without a preheader at /usr/lib/gcc/aarch64-linux-gnu/11/../../../../include/c++/11/bits/stl_uninitialized.h:1031:7 @[ /usr/lib/gcc/aarch64-linux-gnu/11/../../../../include/c++/11/bits/stl_uninitialized.h:1046:14 @[ /usr/lib/gcc/aarch64-linux-gnu/11/../../../../include/c++/11/bits/stl_vector.h:456:9 @[ /usr/lib/gcc/aarch64-linux-gnu/11/../../../../include/c++/11/bits/stl_vector.h:469:9 @[ /usr/lib/gcc/aarch64-linux-gnu/11/../../../../include/c++/11/bits/vector.tcc:461:23 @[ /usr/lib/gcc/aarch64-linux-gnu/11/../../../../include/c++/11/bits/stl_vector.h:1198:4 @[ /usr/lib/gcc/aarch64-linux-gnu/11/../../../../include/c++/11/bits/stl_iterator.h:691:13 @[ /usr/include/boost/geometry/algorithms/detail/overlay/get_turn_info_la.hpp:563:24 ] ] ] ] ] ] ]. Skipping.
Found a loop without a preheader at /usr/lib/gcc/aarch64-linux-gnu/11/../../../../include/c++/11/bits/stl_uninitialized.h:1031:7 @[ /usr/lib/gcc/aarch64-linux-gnu/11/../../../../include/c++/11/bits/stl_uninitialized.h:1046:14 @[ /usr/lib/gcc/aarch64-linux-gnu/11/../../../../include/c++/11/bits/stl_vector.h:456:9 @[ /usr/lib/gcc/aarch64-linux-gnu/11/../../../../include/c++/11/bits/stl_vector.h:469:9 @[ /usr/lib/gcc/aarch64-linux-gnu/11/../../../../include/c++/11/bits/vector.tcc:461:23 @[ /usr/lib/gcc/aarch64-linux-gnu/11/../../../../include/c++/11/bits/stl_vector.h:1198:4 @[ /usr/lib/gcc/aarch64-linux-gnu/11/../../../../include/c++/11/bits/stl_iterator.h:691:13 @[ /usr/include/boost/geometry/algorithms/detail/overlay/get_turn_info_la.hpp:491:20 ] ] ] ] ] ] ]. Skipping.
Found a loop without a preheader at /usr/lib/gcc/aarch64-linux-gnu/11/../../../../include/c++/11/bits/stl_uninitialized.h:1031:7 @[ /usr/lib/gcc/aarch64-linux-gnu/11/../../../../include/c++/11/bits/stl_uninitialized.h:1046:14 @[ /usr/lib/gcc/aarch64-linux-gnu/11/../../../../include/c++/11/bits/stl_vector.h:456:9 @[ /usr/lib/gcc/aarch64-linux-gnu/11/../../../../include/c++/11/bits/stl_vector.h:469:9 @[ /usr/lib/gcc/aarch64-linux-gnu/11/../../../../include/c++/11/bits/vector.tcc:461:23 @[ /usr/lib/gcc/aarch64-linux-gnu/11/../../../../include/c++/11/bits/stl_vector.h:1198:4 @[ /usr/lib/gcc/aarch64-linux-gnu/11/../../../../include/c++/11/bits/stl_iterator.h:691:13 @[ /usr/include/boost/geometry/algorithms/detail/overlay/get_turn_info_la.hpp:488:20 ] ] ] ] ] ] ]. Skipping.
Found a loop without a preheader at /usr/lib/gcc/aarch64-linux-gnu/11/../../../../include/c++/11/bits/stl_uninitialized.h:1031:7 @[ /usr/lib/gcc/aarch64-linux-gnu/11/../../../../include/c++/11/bits/stl_uninitialized.h:1046:14 @[ /usr/lib/gcc/aarch64-linux-gnu/11/../../../../include/c++/11/bits/stl_vector.h:456:9 @[ /usr/lib/gcc/aarch64-linux-gnu/11/../../../../include/c++/11/bits/stl_vector.h:469:9 @[ /usr/lib/gcc/aarch64-linux-gnu/11/../../../../include/c++/11/bits/vector.tcc:461:23 @[ /usr/lib/gcc/aarch64-linux-gnu/11/../../../../include/c++/11/bits/stl_vector.h:1198:4 @[ /usr/lib/gcc/aarch64-linux-gnu/11/../../../../include/c++/11/bits/stl_iterator.h:691:13 @[ /usr/include/boost/geometry/algorithms/detail/overlay/get_turn_info_la.hpp:566:24 ] ] ] ] ] ] ]. Skipping.
Found a loop without a preheader at /usr/lib/gcc/aarch64-linux-gnu/11/../../../../include/c++/11/bits/stl_uninitialized.h:1031:7 @[ /usr/lib/gcc/aarch64-linux-gnu/11/../../../../include/c++/11/bits/stl_uninitialized.h:1046:14 @[ /usr/lib/gcc/aarch64-linux-gnu/11/../../../../include/c++/11/bits/stl_vector.h:456:9 @[ /usr/lib/gcc/aarch64-linux-gnu/11/../../../../include/c++/11/bits/stl_vector.h:469:9 @[ /usr/lib/gcc/aarch64-linux-gnu/11/../../../../include/c++/11/bits/vector.tcc:461:23 @[ /usr/lib/gcc/aarch64-linux-gnu/11/../../../../include/c++/11/bits/stl_vector.h:1198:4 @[ /usr/lib/gcc/aarch64-linux-gnu/11/../../../../include/c++/11/bits/stl_iterator.h:691:13 @[ /usr/include/boost/geometry/algorithms/detail/overlay/get_turn_info_la.hpp:563:24 ] ] ] ] ] ] ]. Skipping.
Found a loop without a preheader at /usr/lib/gcc/aarch64-linux-gnu/11/../../../../include/c++/11/bits/stl_uninitialized.h:1031:7 @[ /usr/lib/gcc/aarch64-linux-gnu/11/../../../../include/c++/11/bits/stl_uninitialized.h:1046:14 @[ /usr/lib/gcc/aarch64-linux-gnu/11/../../../../include/c++/11/bits/stl_vector.h:456:9 @[ /usr/lib/gcc/aarch64-linux-gnu/11/../../../../include/c++/11/bits/stl_vector.h:469:9 @[ /usr/lib/gcc/aarch64-linux-gnu/11/../../../../include/c++/11/bits/vector.tcc:461:23 @[ /usr/lib/gcc/aarch64-linux-gnu/11/../../../../include/c++/11/bits/stl_vector.h:1198:4 @[ /usr/lib/gcc/aarch64-linux-gnu/11/../../../../include/c++/11/bits/stl_iterator.h:691:13 @[ /usr/include/boost/geometry/algorithms/detail/overlay/get_turn_info.hpp:1075:20 ] ] ] ] ] ] ]. Skipping.
Found a loop without a preheader at /usr/lib/gcc/aarch64-linux-gnu/11/../../../../include/c++/11/bits/stl_uninitialized.h:1031:7 @[ /usr/lib/gcc/aarch64-linux-gnu/11/../../../../include/c++/11/bits/stl_uninitialized.h:1046:14 @[ /usr/lib/gcc/aarch64-linux-gnu/11/../../../../include/c++/11/bits/stl_vector.h:456:9 @[ /usr/lib/gcc/aarch64-linux-gnu/11/../../../../include/c++/11/bits/stl_vector.h:469:9 @[ /usr/lib/gcc/aarch64-linux-gnu/11/../../../../include/c++/11/bits/vector.tcc:461:23 @[ /usr/lib/gcc/aarch64-linux-gnu/11/../../../../include/c++/11/bits/stl_vector.h:1198:4 @[ /usr/lib/gcc/aarch64-linux-gnu/11/../../../../include/c++/11/bits/stl_iterator.h:691:13 @[ /usr/include/boost/geometry/algorithms/detail/overlay/get_turn_info.hpp:1065:20 ] ] ] ] ] ] ]. Skipping.
Found a loop without a preheader at /usr/include/boost/geometry/algorithms/detail/overlay/get_turns.hpp:190:9. Skipping.
Found a loop without a preheader at /usr/include/boost/geometry/algorithms/detail/overlay/get_turns.hpp:190:9. Skipping.
Found a loop without a preheader at /usr/include/boost/geometry/algorithms/detail/overlay/get_turns.hpp:190:9. Skipping.
Found a loop without a preheader at /usr/include/boost/geometry/algorithms/detail/overlay/get_turns.hpp:190:9. Skipping.
Found a loop without an exit block at /usr/include/boost/geometry/algorithms/detail/overlay/get_turns.hpp:190:9. Skipping.
Found a loop without a preheader at /usr/lib/gcc/aarch64-linux-gnu/11/../../../../include/c++/11/bits/stl_construct.h:162:4 @[ /usr/lib/gcc/aarch64-linux-gnu/11/../../../../include/c++/11/bits/stl_construct.h:195:7 @[ /usr/lib/gcc/aarch64-linux-gnu/11/../../../../include/c++/11/bits/alloc_traits.h:848:7 @[ /usr/lib/gcc/aarch64-linux-gnu/11/../../../../include/c++/11/bits/stl_vector.h:680:2 ] ] ]. Skipping.
Found a loop without an exit block at /opt/ros/humble/include/lanelet2_core/utility/Utilities.h:234:3. Skipping.
Found a loop without a preheader at /usr/lib/gcc/aarch64-linux-gnu/11/../../../../include/c++/11/bits/stl_construct.h:162:4 @[ /usr/lib/gcc/aarch64-linux-gnu/11/../../../../include/c++/11/bits/stl_construct.h:195:7 @[ /usr/lib/gcc/aarch64-linux-gnu/11/../../../../include/c++/11/bits/alloc_traits.h:848:7 @[ /usr/lib/gcc/aarch64-linux-gnu/11/../../../../include/c++/11/bits/stl_vector.h:680:2 @[ src/universe/autoware_universe/perception/autoware_map_based_prediction/include/map_based_prediction/data_structure.hpp:100:8 ] ] ] ]. Skipping.
Found a loop without a preheader at /usr/lib/gcc/aarch64-linux-gnu/11/../../../../include/c++/11/bits/stl_deque.h:678:7 @[ /usr/lib/gcc/aarch64-linux-gnu/11/../../../../include/c++/11/bits/stl_deque.h:601:4 @[ /usr/lib/gcc/aarch64-linux-gnu/11/../../../../include/c++/11/bits/stl_deque.h:1007:65 ] ]. Skipping.
Found a loop without a preheader at /usr/lib/gcc/aarch64-linux-gnu/11/../../../../include/c++/11/bits/stl_construct.h:162:4 @[ /usr/lib/gcc/aarch64-linux-gnu/11/../../../../include/c++/11/bits/stl_construct.h:195:7 @[ /usr/lib/gcc/aarch64-linux-gnu/11/../../../../include/c++/11/bits/alloc_traits.h:848:7 @[ /usr/lib/gcc/aarch64-linux-gnu/11/../../../../include/c++/11/bits/vector.tcc:228:8 ] ] ]. Skipping.
Found a loop without a preheader at /usr/lib/gcc/aarch64-linux-gnu/11/../../../../include/c++/11/bits/stl_algobase.h:383:4 @[ /usr/lib/gcc/aarch64-linux-gnu/11/../../../../include/c++/11/bits/stl_algobase.h:494:14 @[ /usr/lib/gcc/aarch64-linux-gnu/11/../../../../include/c++/11/bits/stl_algobase.h:522:14 @[ /usr/lib/gcc/aarch64-linux-gnu/11/../../../../include/c++/11/bits/stl_algobase.h:530:3 @[ /usr/lib/gcc/aarch64-linux-gnu/11/../../../../include/c++/11/bits/stl_algobase.h:619:14 @[ /usr/lib/gcc/aarch64-linux-gnu/11/../../../../include/c++/11/bits/vector.tcc:243:8 ] ] ] ] ]. Skipping.
Found a loop without a preheader at /usr/lib/gcc/aarch64-linux-gnu/11/../../../../include/c++/11/bits/stl_construct.h:162:4 @[ /usr/lib/gcc/aarch64-linux-gnu/11/../../../../include/c++/11/bits/stl_construct.h:195:7 @[ /usr/lib/gcc/aarch64-linux-gnu/11/../../../../include/c++/11/bits/alloc_traits.h:848:7 @[ /usr/lib/gcc/aarch64-linux-gnu/11/../../../../include/c++/11/bits/vector.tcc:238:8 ] ] ]. Skipping.
Found a loop without a preheader at /usr/lib/gcc/aarch64-linux-gnu/11/../../../../include/c++/11/bits/stl_algobase.h:383:4 @[ /usr/lib/gcc/aarch64-linux-gnu/11/../../../../include/c++/11/bits/stl_algobase.h:494:14 @[ /usr/lib/gcc/aarch64-linux-gnu/11/../../../../include/c++/11/bits/stl_algobase.h:522:14 @[ /usr/lib/gcc/aarch64-linux-gnu/11/../../../../include/c++/11/bits/stl_algobase.h:530:3 @[ /usr/lib/gcc/aarch64-linux-gnu/11/../../../../include/c++/11/bits/stl_algobase.h:619:14 @[ /usr/lib/gcc/aarch64-linux-gnu/11/../../../../include/c++/11/bits/vector.tcc:238:22 ] ] ] ] ]. Skipping.
Found a loop without a preheader at /usr/lib/gcc/aarch64-linux-gnu/11/../../../../include/c++/11/bits/stl_uninitialized.h:91:8 @[ /usr/lib/gcc/aarch64-linux-gnu/11/../../../../include/c++/11/bits/stl_uninitialized.h:148:14 @[ /usr/lib/gcc/aarch64-linux-gnu/11/../../../../include/c++/11/bits/stl_uninitialized.h:333:14 @[ /usr/lib/gcc/aarch64-linux-gnu/11/../../../../include/c++/11/bits/vector.tcc:245:8 ] ] ]. Skipping.
Found a loop without a preheader at /usr/lib/gcc/aarch64-linux-gnu/11/../../../../include/c++/11/bits/hashtable.h:1837:7 @[ /usr/lib/gcc/aarch64-linux-gnu/11/../../../../include/c++/11/bits/hashtable.h:810:31 @[ /usr/lib/gcc/aarch64-linux-gnu/11/../../../../include/c++/11/bits/hashtable.h:1970:23 ] ]. Skipping.
Found a loop without a preheader at /usr/lib/gcc/aarch64-linux-gnu/11/../../../../include/c++/11/bits/hashtable.h:1837:7 @[ /usr/lib/gcc/aarch64-linux-gnu/11/../../../../include/c++/11/bits/hashtable.h:810:31 @[ /usr/lib/gcc/aarch64-linux-gnu/11/../../../../include/c++/11/bits/hashtable.h:1970:23 ] ]. Skipping.
Found a loop without a preheader at /usr/lib/gcc/aarch64-linux-gnu/11/../../../../include/c++/11/bits/stl_deque.h:678:7 @[ /usr/lib/gcc/aarch64-linux-gnu/11/../../../../include/c++/11/bits/stl_deque.h:667:4 @[ /usr/lib/gcc/aarch64-linux-gnu/11/../../../../include/c++/11/bits/stl_deque.h:637:4 ] ]. Skipping.
Found a loop without a preheader at /usr/lib/gcc/aarch64-linux-gnu/11/../../../../include/c++/11/bits/stl_deque.h:662:4 @[ /usr/lib/gcc/aarch64-linux-gnu/11/../../../../include/c++/11/bits/stl_deque.h:637:4 ]. Skipping.
Found a loop without a preheader at /usr/lib/gcc/aarch64-linux-gnu/11/../../../../include/c++/11/bits/hashtable.h:2386:7. Skipping.
Found a loop without a preheader at /usr/lib/gcc/aarch64-linux-gnu/11/../../../../include/c++/11/bits/stl_uninitialized.h:91:8. Skipping.
Found a loop without a preheader at /usr/lib/gcc/aarch64-linux-gnu/11/../../../../include/c++/11/bits/stl_construct.h:162:4 @[ /usr/lib/gcc/aarch64-linux-gnu/11/../../../../include/c++/11/bits/stl_construct.h:195:7 @[ /usr/lib/gcc/aarch64-linux-gnu/11/../../../../include/c++/11/bits/stl_uninitialized.h:97:8 @[ /usr/lib/gcc/aarch64-linux-gnu/11/../../../../include/c++/11/bits/stl_uninitialized.h:148:14 @[ /usr/lib/gcc/aarch64-linux-gnu/11/../../../../include/c++/11/bits/stl_uninitialized.h:333:14 @[ /usr/lib/gcc/aarch64-linux-gnu/11/../../../../include/c++/11/bits/deque.tcc:466:6 ] ] ] ] ]. Skipping.
Found a loop without a preheader at /usr/lib/gcc/aarch64-linux-gnu/11/../../../../include/c++/11/bits/stl_uninitialized.h:91:8 @[ /usr/lib/gcc/aarch64-linux-gnu/11/../../../../include/c++/11/bits/stl_uninitialized.h:148:14 @[ /usr/lib/gcc/aarch64-linux-gnu/11/../../../../include/c++/11/bits/stl_uninitialized.h:333:14 @[ /usr/lib/gcc/aarch64-linux-gnu/11/../../../../include/c++/11/bits/deque.tcc:466:6 ] ] ]. Skipping.
Found a loop without an exit block at /usr/lib/gcc/aarch64-linux-gnu/11/../../../../include/c++/11/bits/deque.tcc:453:6. Skipping.
Found a loop without a preheader at /usr/lib/gcc/aarch64-linux-gnu/11/../../../../include/c++/11/bits/stl_deque.h:678:7 @[ /usr/lib/gcc/aarch64-linux-gnu/11/../../../../include/c++/11/bits/stl_deque.h:601:4 ]. Skipping.
Found a loop without a preheader at /usr/lib/gcc/aarch64-linux-gnu/11/../../../../include/c++/11/bits/stl_construct.h:162:4 @[ /usr/lib/gcc/aarch64-linux-gnu/11/../../../../include/c++/11/bits/stl_construct.h:195:7 @[ /usr/lib/gcc/aarch64-linux-gnu/11/../../../../include/c++/11/bits/alloc_traits.h:848:7 @[ /usr/lib/gcc/aarch64-linux-gnu/11/../../../../include/c++/11/bits/deque.tcc:875:3 ] ] ]. Skipping.
Found a loop without a preheader at /usr/lib/gcc/aarch64-linux-gnu/11/../../../../include/c++/11/bits/stl_construct.h:162:4 @[ /usr/lib/gcc/aarch64-linux-gnu/11/../../../../include/c++/11/bits/stl_construct.h:195:7 @[ /usr/lib/gcc/aarch64-linux-gnu/11/../../../../include/c++/11/bits/alloc_traits.h:848:7 @[ /usr/lib/gcc/aarch64-linux-gnu/11/../../../../include/c++/11/bits/deque.tcc:871:5 ] ] ]. Skipping.
Found a loop without a preheader at /usr/lib/gcc/aarch64-linux-gnu/11/../../../../include/c++/11/bits/stl_construct.h:162:4 @[ /usr/lib/gcc/aarch64-linux-gnu/11/../../../../include/c++/11/bits/stl_construct.h:195:7 @[ /usr/lib/gcc/aarch64-linux-gnu/11/../../../../include/c++/11/bits/alloc_traits.h:848:7 @[ /usr/lib/gcc/aarch64-linux-gnu/11/../../../../include/c++/11/bits/deque.tcc:869:5 ] ] ]. Skipping.
Found a loop without a preheader at /usr/lib/gcc/aarch64-linux-gnu/11/../../../../include/c++/11/bits/deque.tcc:862:8. Skipping.
Found a loop without a preheader at /usr/lib/gcc/aarch64-linux-gnu/11/../../../../include/c++/11/bits/stl_uninitialized.h:91:8. Skipping.
Found a loop without a preheader at /usr/lib/gcc/aarch64-linux-gnu/11/../../../../include/c++/11/bits/hashtable.h:1837:7 @[ /usr/lib/gcc/aarch64-linux-gnu/11/../../../../include/c++/11/bits/hashtable.h:810:31 @[ /usr/lib/gcc/aarch64-linux-gnu/11/../../../../include/c++/11/bits/hashtable.h:1610:29 ] ]. Skipping.
Found a loop without a preheader at /usr/lib/gcc/aarch64-linux-gnu/11/../../../../include/c++/11/bits/hashtable.h:1837:7 @[ /usr/lib/gcc/aarch64-linux-gnu/11/../../../../include/c++/11/bits/hashtable.h:810:31 @[ /usr/lib/gcc/aarch64-linux-gnu/11/../../../../include/c++/11/bits/hashtable.h:1610:29 ] ]. Skipping.
Found a loop without a preheader at /usr/lib/gcc/aarch64-linux-gnu/11/../../../../include/c++/11/bits/hashtable.h:1837:7 @[ /usr/lib/gcc/aarch64-linux-gnu/11/../../../../include/c++/11/bits/hashtable.h:810:31 @[ /usr/lib/gcc/aarch64-linux-gnu/11/../../../../include/c++/11/bits/hashtable_policy.h:704:30 ] ]. Skipping.
Found a loop without a preheader at /usr/lib/gcc/aarch64-linux-gnu/11/../../../../include/c++/11/bits/hashtable.h:1837:7 @[ /usr/lib/gcc/aarch64-linux-gnu/11/../../../../include/c++/11/bits/hashtable.h:810:31 @[ /usr/lib/gcc/aarch64-linux-gnu/11/../../../../include/c++/11/bits/hashtable_policy.h:704:30 ] ]. Skipping.
Found a loop without a preheader at /usr/lib/gcc/aarch64-linux-gnu/11/../../../../include/c++/11/bits/hashtable.h:1837:7 @[ /usr/lib/gcc/aarch64-linux-gnu/11/../../../../include/c++/11/bits/hashtable.h:810:31 @[ /usr/lib/gcc/aarch64-linux-gnu/11/../../../../include/c++/11/bits/hashtable.h:1610:29 ] ]. Skipping.
Found a loop without a preheader at /usr/lib/gcc/aarch64-linux-gnu/11/../../../../include/c++/11/bits/hashtable.h:1837:7 @[ /usr/lib/gcc/aarch64-linux-gnu/11/../../../../include/c++/11/bits/hashtable.h:810:31 @[ /usr/lib/gcc/aarch64-linux-gnu/11/../../../../include/c++/11/bits/hashtable.h:1610:29 ] ]. Skipping.
Found a loop without a preheader at /usr/lib/gcc/aarch64-linux-gnu/11/../../../../include/c++/11/bits/hashtable.h:1837:7 @[ /usr/lib/gcc/aarch64-linux-gnu/11/../../../../include/c++/11/bits/hashtable.h:810:31 @[ /usr/lib/gcc/aarch64-linux-gnu/11/../../../../include/c++/11/bits/hashtable_policy.h:704:30 ] ]. Skipping.
Found a loop without a preheader at /usr/lib/gcc/aarch64-linux-gnu/11/../../../../include/c++/11/bits/hashtable.h:1837:7 @[ /usr/lib/gcc/aarch64-linux-gnu/11/../../../../include/c++/11/bits/hashtable.h:810:31 @[ /usr/lib/gcc/aarch64-linux-gnu/11/../../../../include/c++/11/bits/hashtable_policy.h:704:30 ] ]. Skipping.
Found a loop without a preheader at /usr/lib/gcc/aarch64-linux-gnu/11/../../../../include/c++/11/bits/hashtable.h:1837:7 @[ /usr/lib/gcc/aarch64-linux-gnu/11/../../../../include/c++/11/bits/hashtable.h:810:31 @[ /usr/lib/gcc/aarch64-linux-gnu/11/../../../../include/c++/11/bits/hashtable_policy.h:704:30 ] ]. Skipping.
Found a loop without a preheader at /usr/lib/gcc/aarch64-linux-gnu/11/../../../../include/c++/11/bits/hashtable.h:1837:7 @[ /usr/lib/gcc/aarch64-linux-gnu/11/../../../../include/c++/11/bits/hashtable.h:810:31 @[ /usr/lib/gcc/aarch64-linux-gnu/11/../../../../include/c++/11/bits/hashtable_policy.h:704:30 ] ]. Skipping.
Found a loop without a preheader at /usr/lib/gcc/aarch64-linux-gnu/11/../../../../include/c++/11/bits/hashtable.h:2386:7. Skipping.
Found a loop without a preheader at /usr/lib/gcc/aarch64-linux-gnu/11/../../../../include/c++/11/bits/hashtable.h:1837:7 @[ /usr/lib/gcc/aarch64-linux-gnu/11/../../../../include/c++/11/bits/hashtable.h:810:31 @[ /usr/lib/gcc/aarch64-linux-gnu/11/../../../../include/c++/11/bits/hashtable.h:1595:23 @[ /usr/lib/gcc/aarch64-linux-gnu/11/../../../../include/c++/11/bits/hashtable_policy.h:756:25 @[ /usr/lib/gcc/aarch64-linux-gnu/11/../../../../include/c++/11/bits/unordered_map.h:997:21 @[ src/universe/autoware_universe/perception/autoware_map_based_prediction/src/predictor_vru.cpp:838:59 ] ] ] ] ]. Skipping.
Found a loop without a preheader at /usr/lib/gcc/aarch64-linux-gnu/11/../../../../include/c++/11/bits/hashtable.h:1837:7 @[ /usr/lib/gcc/aarch64-linux-gnu/11/../../../../include/c++/11/bits/hashtable.h:810:31 @[ /usr/lib/gcc/aarch64-linux-gnu/11/../../../../include/c++/11/bits/hashtable.h:1610:29 @[ /usr/lib/gcc/aarch64-linux-gnu/11/../../../../include/c++/11/bits/hashtable.h:1657:19 @[ /usr/lib/gcc/aarch64-linux-gnu/11/../../../../include/c++/11/bits/unordered_map.h:902:21 @[ src/universe/autoware_universe/perception/autoware_map_based_prediction/src/predictor_vru.cpp:837:30 ] ] ] ] ]. Skipping.
Found a loop without a preheader at /usr/lib/gcc/aarch64-linux-gnu/11/../../../../include/c++/11/bits/stl_tree.h:1936:7 @[ /usr/lib/gcc/aarch64-linux-gnu/11/../../../../include/c++/11/bits/stl_tree.h:1985:9 ]. Skipping.
Found a loop without a preheader at /usr/lib/gcc/aarch64-linux-gnu/11/../../../../include/c++/11/bits/stl_tree.h:1904:7 @[ /usr/lib/gcc/aarch64-linux-gnu/11/../../../../include/c++/11/bits/stl_tree.h:1984:16 ]. Skipping.
Found a loop without an exit block at /usr/lib/gcc/aarch64-linux-gnu/11/../../../../include/c++/11/bits/stl_tree.h:1971:7. Skipping.
Found a loop without a preheader at /usr/lib/gcc/aarch64-linux-gnu/11/../../../../include/c++/11/bits/stl_tree.h:1887:7. Skipping.
Found a loop without a preheader at /usr/lib/gcc/aarch64-linux-gnu/11/../../../../include/c++/11/bits/hashtable_policy.h:1912:7 @[ /usr/lib/gcc/aarch64-linux-gnu/11/../../../../include/c++/11/bits/hashtable.h:2320:13 @[ /usr/lib/gcc/aarch64-linux-gnu/11/../../../../include/c++/11/bits/hashtable.h:1532:7 @[ /usr/lib/gcc/aarch64-linux-gnu/11/../../../../include/c++/11/bits/unordered_map.h:102:11 @[ install/autoware_utils_system/include/autoware_utils_system/stop_watch.hpp:27:7 @[ /usr/lib/gcc/aarch64-linux-gnu/11/../../../../include/c++/11/bits/unique_ptr.h:85:2 @[ /usr/lib/gcc/aarch64-linux-gnu/11/../../../../include/c++/11/bits/unique_ptr.h:182:4 @[ /usr/lib/gcc/aarch64-linux-gnu/11/../../../../include/c++/11/bits/unique_ptr.h:167:2 @[ /usr/lib/gcc/aarch64-linux-gnu/11/../../../../include/c++/11/bits/unique_ptr.h:212:61 @[ /usr/lib/gcc/aarch64-linux-gnu/11/../../../../include/c++/11/bits/unique_ptr.h:371:51 @[ src/universe/autoware_universe/perception/autoware_map_based_prediction/src/map_based_prediction_node.cpp:493:19 ] ] ] ] ] ] ] ] ] ]. Skipping.
Found a loop without a preheader at /usr/lib/gcc/aarch64-linux-gnu/11/../../../../include/c++/11/bits/stl_construct.h:162:4 @[ /usr/lib/gcc/aarch64-linux-gnu/11/../../../../include/c++/11/bits/stl_construct.h:195:7 @[ /usr/lib/gcc/aarch64-linux-gnu/11/../../../../include/c++/11/bits/alloc_traits.h:848:7 @[ /usr/lib/gcc/aarch64-linux-gnu/11/../../../../include/c++/11/bits/stl_vector.h:680:2 @[ /opt/ros/humble/include/visualization_msgs/visualization_msgs/msg/detail/marker_array__struct.hpp:37:8 @[ src/universe/autoware_universe/perception/autoware_map_based_prediction/src/map_based_prediction_node.cpp:754:1 ] ] ] ] ]. Skipping.
Found a loop without an exit block at src/universe/autoware_universe/perception/autoware_map_based_prediction/src/map_based_prediction_node.cpp:678:3. Skipping.
Found a loop without a preheader at /usr/lib/gcc/aarch64-linux-gnu/11/../../../../include/c++/11/bits/hashtable_policy.h:1912:7 @[ /usr/lib/gcc/aarch64-linux-gnu/11/../../../../include/c++/11/bits/hashtable.h:2320:13 @[ /usr/lib/gcc/aarch64-linux-gnu/11/../../../../include/c++/11/bits/hashtable.h:1532:7 @[ /usr/lib/gcc/aarch64-linux-gnu/11/../../../../include/c++/11/bits/unordered_set.h:97:11 @[ src/universe/autoware_universe/perception/autoware_map_based_prediction/src/map_based_prediction_node.cpp:661:3 ] ] ] ]. Skipping.
Found a loop without a preheader at /usr/lib/gcc/aarch64-linux-gnu/11/../../../../include/c++/11/bits/list.tcc:71:7 @[ /usr/lib/gcc/aarch64-linux-gnu/11/../../../../include/c++/11/bits/stl_list.h:1501:9 @[ install/autoware_utils_system/include/autoware_utils_system/lru_cache.hpp:110:17 @[ src/universe/autoware_universe/perception/autoware_map_based_prediction/src/map_based_prediction_node.cpp:612:35 ] ] ]. Skipping.
Found a loop without a preheader at /usr/lib/gcc/aarch64-linux-gnu/11/../../../../include/c++/11/bits/hashtable_policy.h:1912:7 @[ /usr/lib/gcc/aarch64-linux-gnu/11/../../../../include/c++/11/bits/hashtable.h:2320:13 @[ /usr/lib/gcc/aarch64-linux-gnu/11/../../../../include/c++/11/bits/hashtable.h:1532:7 @[ /usr/lib/gcc/aarch64-linux-gnu/11/../../../../include/c++/11/bits/unordered_map.h:102:11 @[ install/autoware_utils_system/include/autoware_utils_system/stop_watch.hpp:27:7 @[ /usr/lib/gcc/aarch64-linux-gnu/11/../../../../include/c++/11/bits/unique_ptr.h:85:2 @[ /usr/lib/gcc/aarch64-linux-gnu/11/../../../../include/c++/11/bits/unique_ptr.h:361:4 ] ] ] ] ] ]. Skipping.
Found a loop without a preheader at /usr/lib/gcc/aarch64-linux-gnu/11/../../../../include/c++/11/bits/stl_uninitialized.h:1031:7 @[ /usr/lib/gcc/aarch64-linux-gnu/11/../../../../include/c++/11/bits/stl_uninitialized.h:1046:14 @[ /usr/lib/gcc/aarch64-linux-gnu/11/../../../../include/c++/11/bits/stl_vector.h:456:9 @[ /usr/lib/gcc/aarch64-linux-gnu/11/../../../../include/c++/11/bits/stl_vector.h:469:9 @[ /usr/lib/gcc/aarch64-linux-gnu/11/../../../../include/c++/11/bits/vector.tcc:79:8 @[ install/autoware_utils_debug/include/autoware_utils_debug/time_keeper.hpp:127:16 ] ] ] ] ]. Skipping.
Found a loop without a preheader at /usr/lib/gcc/aarch64-linux-gnu/11/../../../../include/c++/11/bits/hashtable_policy.h:1912:7 @[ /usr/lib/gcc/aarch64-linux-gnu/11/../../../../include/c++/11/bits/hashtable.h:2320:13 @[ /usr/lib/gcc/aarch64-linux-gnu/11/../../../../include/c++/11/bits/hashtable.h:1532:7 @[ /usr/lib/gcc/aarch64-linux-gnu/11/../../../../include/c++/11/bits/unordered_map.h:102:11 @[ install/autoware_utils_system/include/autoware_utils_system/stop_watch.hpp:27:7 @[ install/autoware_utils_debug/include/autoware_utils_debug/time_keeper.hpp:121:7 ] ] ] ] ]. Skipping.
Found a loop without a preheader at /usr/lib/gcc/aarch64-linux-gnu/11/../../../../include/c++/11/bits/stl_construct.h:162:4 @[ /usr/lib/gcc/aarch64-linux-gnu/11/../../../../include/c++/11/bits/stl_construct.h:195:7 @[ /usr/lib/gcc/aarch64-linux-gnu/11/../../../../include/c++/11/bits/alloc_traits.h:848:7 @[ /usr/lib/gcc/aarch64-linux-gnu/11/../../../../include/c++/11/bits/stl_vector.h:680:2 @[ install/autoware_utils_debug/include/autoware_utils_debug/time_keeper.hpp:121:7 ] ] ] ]. Skipping.
Found a loop without a preheader at /usr/lib/gcc/aarch64-linux-gnu/11/../../../../include/c++/11/bits/list.tcc:71:7 @[ /usr/lib/gcc/aarch64-linux-gnu/11/../../../../include/c++/11/bits/stl_list.h:500:9 @[ install/autoware_utils_system/include/autoware_utils_system/lru_cache.hpp:36:7 ] ]. Skipping.
Found a loop without a preheader at /usr/lib/gcc/aarch64-linux-gnu/11/../../../../include/c++/11/bits/hashtable_policy.h:1912:7 @[ /usr/lib/gcc/aarch64-linux-gnu/11/../../../../include/c++/11/bits/hashtable.h:2320:13 @[ /usr/lib/gcc/aarch64-linux-gnu/11/../../../../include/c++/11/bits/hashtable.h:1532:7 @[ /usr/lib/gcc/aarch64-linux-gnu/11/../../../../include/c++/11/bits/unordered_map.h:102:11 ] ] ]. Skipping.
Found a loop without a preheader at /usr/lib/gcc/aarch64-linux-gnu/11/../../../../include/c++/11/bits/hashtable_policy.h:1912:7 @[ /usr/lib/gcc/aarch64-linux-gnu/11/../../../../include/c++/11/bits/hashtable.h:2320:13 @[ /usr/lib/gcc/aarch64-linux-gnu/11/../../../../include/c++/11/bits/hashtable.h:1532:7 @[ /usr/lib/gcc/aarch64-linux-gnu/11/../../../../include/c++/11/bits/unordered_map.h:102:11 @[ src/universe/autoware_universe/perception/autoware_map_based_prediction/include/map_based_prediction/map_based_prediction_node.hpp:79:7 ] ] ] ]. Skipping.
Found a loop without a preheader at /usr/lib/gcc/aarch64-linux-gnu/11/../../../../include/c++/11/bits/list.tcc:71:7 @[ /usr/lib/gcc/aarch64-linux-gnu/11/../../../../include/c++/11/bits/stl_list.h:500:9 @[ install/autoware_utils_system/include/autoware_utils_system/lru_cache.hpp:36:7 @[ src/universe/autoware_universe/perception/autoware_map_based_prediction/include/map_based_prediction/map_based_prediction_node.hpp:79:7 ] ] ]. Skipping.
Found a loop without a preheader at /usr/lib/gcc/aarch64-linux-gnu/11/../../../../include/c++/11/bits/charconv.h:56:7 @[ /usr/lib/gcc/aarch64-linux-gnu/11/../../../../include/c++/11/bits/basic_string.h:6683:24 ]. Skipping.
Found a loop without an exit block at ros2_caret_ws/install/include/rclcpp/rclcpp/detail/qos_parameters.hpp:167:3. Skipping.
Found a loop without an exit block at ros2_caret_ws/install/include/rclcpp/rclcpp/detail/qos_parameters.hpp:167:3. Skipping.
Found a loop without a preheader at /usr/lib/gcc/aarch64-linux-gnu/11/../../../../include/c++/11/bits/stl_uninitialized.h:91:8 @[ /usr/lib/gcc/aarch64-linux-gnu/11/../../../../include/c++/11/bits/stl_uninitialized.h:148:14 @[ /usr/lib/gcc/aarch64-linux-gnu/11/../../../../include/c++/11/bits/stl_uninitialized.h:333:14 @[ /usr/lib/gcc/aarch64-linux-gnu/11/../../../../include/c++/11/bits/stl_vector.h:558:4 @[ /opt/ros/humble/include/rosidl_runtime_cpp/rosidl_runtime_cpp/bounded_vector.hpp:121:5 @[ /opt/ros/humble/include/rcl_interfaces/rcl_interfaces/msg/detail/parameter_descriptor__struct.hpp:39:8 ] ] ] ] ]. Skipping.
Found a loop without a preheader at /usr/lib/gcc/aarch64-linux-gnu/11/../../../../include/c++/11/bits/stl_uninitialized.h:91:8 @[ /usr/lib/gcc/aarch64-linux-gnu/11/../../../../include/c++/11/bits/stl_uninitialized.h:148:14 @[ /usr/lib/gcc/aarch64-linux-gnu/11/../../../../include/c++/11/bits/stl_uninitialized.h:333:14 @[ /usr/lib/gcc/aarch64-linux-gnu/11/../../../../include/c++/11/bits/stl_vector.h:558:4 @[ /opt/ros/humble/include/rosidl_runtime_cpp/rosidl_runtime_cpp/bounded_vector.hpp:121:5 @[ /opt/ros/humble/include/rcl_interfaces/rcl_interfaces/msg/detail/parameter_descriptor__struct.hpp:39:8 ] ] ] ] ]. Skipping.
Found a loop without a preheader at /usr/lib/gcc/aarch64-linux-gnu/11/../../../../include/c++/11/bits/stl_construct.h:162:4 @[ /usr/lib/gcc/aarch64-linux-gnu/11/../../../../include/c++/11/bits/stl_construct.h:195:7 @[ /usr/lib/gcc/aarch64-linux-gnu/11/../../../../include/c++/11/bits/alloc_traits.h:848:7 @[ /usr/lib/gcc/aarch64-linux-gnu/11/../../../../include/c++/11/bits/stl_vector.h:680:2 @[ /opt/ros/humble/include/rcl_interfaces/rcl_interfaces/msg/detail/parameter_value__struct.hpp:33:8 ] ] ] ]. Skipping.
Found a loop without a preheader at /usr/lib/gcc/aarch64-linux-gnu/11/../../../../include/c++/11/bits/stl_construct.h:162:4 @[ /usr/lib/gcc/aarch64-linux-gnu/11/../../../../include/c++/11/bits/stl_construct.h:195:7 ]. Skipping.
Found a loop without a preheader at /usr/lib/gcc/aarch64-linux-gnu/11/../../../../include/c++/11/bits/stl_uninitialized.h:91:8. Skipping.
Found a loop without an exit block at /usr/lib/gcc/aarch64-linux-gnu/11/../../../../include/c++/11/bits/shared_ptr_base.h:259:7 @[ /usr/lib/gcc/aarch64-linux-gnu/11/../../../../include/c++/11/bits/shared_ptr_base.h:872:39 @[ /usr/lib/gcc/aarch64-linux-gnu/11/../../../../include/c++/11/bits/shared_ptr_base.h:1178:4 @[ /usr/lib/gcc/aarch64-linux-gnu/11/../../../../include/c++/11/bits/shared_ptr.h:326:4 @[ /usr/lib/gcc/aarch64-linux-gnu/11/../../../../include/c++/11/bits/shared_ptr.h:808:16 @[ ros2_caret_ws/install/include/rclcpp/rclcpp/publisher.hpp:207:70 ] ] ] ] ]. Skipping.
Found a loop without a preheader at /usr/lib/gcc/aarch64-linux-gnu/11/../../../../include/c++/11/bits/hashtable.h:1837:7 @[ /usr/lib/gcc/aarch64-linux-gnu/11/../../../../include/c++/11/bits/hashtable.h:810:31 @[ /usr/lib/gcc/aarch64-linux-gnu/11/../../../../include/c++/11/bits/hashtable.h:1970:23 ] ]. Skipping.
Found a loop without a preheader at /usr/lib/gcc/aarch64-linux-gnu/11/../../../../include/c++/11/bits/hashtable.h:2386:7. Skipping.
Found a loop without a preheader at /usr/lib/gcc/aarch64-linux-gnu/11/../../../../include/c++/11/bits/hashtable.h:1837:7 @[ /usr/lib/gcc/aarch64-linux-gnu/11/../../../../include/c++/11/bits/hashtable.h:810:31 @[ /usr/lib/gcc/aarch64-linux-gnu/11/../../../../include/c++/11/bits/hashtable.h:1970:23 ] ]. Skipping.
Found a loop without a preheader at /usr/lib/gcc/aarch64-linux-gnu/11/../../../../include/c++/11/bits/hashtable.h:1837:7 @[ /usr/lib/gcc/aarch64-linux-gnu/11/../../../../include/c++/11/bits/hashtable.h:810:31 @[ /usr/lib/gcc/aarch64-linux-gnu/11/../../../../include/c++/11/bits/hashtable.h:1970:23 ] ]. Skipping.
Found a loop without a preheader at /usr/lib/gcc/aarch64-linux-gnu/11/../../../../include/c++/11/bits/hashtable.h:1837:7 @[ /usr/lib/gcc/aarch64-linux-gnu/11/../../../../include/c++/11/bits/hashtable.h:810:31 @[ /usr/lib/gcc/aarch64-linux-gnu/11/../../../../include/c++/11/bits/hashtable.h:1970:23 ] ]. Skipping.
Found a loop without a preheader at /usr/lib/gcc/aarch64-linux-gnu/11/../../../../include/c++/11/bits/hashtable.h:1837:7 @[ /usr/lib/gcc/aarch64-linux-gnu/11/../../../../include/c++/11/bits/hashtable.h:810:31 @[ /usr/lib/gcc/aarch64-linux-gnu/11/../../../../include/c++/11/bits/hashtable.h:1595:23 ] ]. Skipping.
Found a loop without a preheader at /usr/lib/gcc/aarch64-linux-gnu/11/../../../../include/c++/11/bits/hashtable.h:1837:7 @[ /usr/lib/gcc/aarch64-linux-gnu/11/../../../../include/c++/11/bits/hashtable.h:810:31 @[ /usr/lib/gcc/aarch64-linux-gnu/11/../../../../include/c++/11/bits/hashtable_policy.h:704:30 ] ]. Skipping.
Found a loop without a preheader at /usr/lib/gcc/aarch64-linux-gnu/11/../../../../include/c++/11/bits/hashtable.h:2386:7. Skipping.
Found a loop without a preheader at /usr/lib/gcc/aarch64-linux-gnu/11/../../../../include/c++/11/bits/stl_construct.h:162:4 @[ /usr/lib/gcc/aarch64-linux-gnu/11/../../../../include/c++/11/bits/stl_construct.h:195:7 @[ /usr/lib/gcc/aarch64-linux-gnu/11/../../../../include/c++/11/bits/alloc_traits.h:848:7 @[ /usr/lib/gcc/aarch64-linux-gnu/11/../../../../include/c++/11/bits/stl_vector.h:680:2 ] ] ]. Skipping.
Found a loop without a preheader at /usr/lib/gcc/aarch64-linux-gnu/11/../../../../include/c++/11/bits/stl_construct.h:162:4 @[ /usr/lib/gcc/aarch64-linux-gnu/11/../../../../include/c++/11/bits/stl_construct.h:195:7 @[ /usr/lib/gcc/aarch64-linux-gnu/11/../../../../include/c++/11/bits/alloc_traits.h:848:7 @[ /usr/lib/gcc/aarch64-linux-gnu/11/../../../../include/c++/11/bits/stl_vector.h:680:2 @[ ros2_caret_ws/install/include/rclcpp/rclcpp/topic_statistics/subscription_topic_statistics.hpp:98:3 ] ] ] ]. Skipping.
Found a loop without a preheader at ros2_caret_ws/install/include/rclcpp/rclcpp/topic_statistics/subscription_topic_statistics.hpp:112:5. Skipping.
Found a loop without an exit block at ros2_caret_ws/install/include/rclcpp/rclcpp/topic_statistics/subscription_topic_statistics.hpp:152:5. Skipping.
Found a loop without an exit block at ros2_caret_ws/install/include/rclcpp/rclcpp/topic_statistics/subscription_topic_statistics.hpp:137:7. Skipping.
Found a loop without a preheader at /usr/lib/gcc/aarch64-linux-gnu/11/../../../../include/c++/11/bits/stl_construct.h:162:4 @[ /usr/lib/gcc/aarch64-linux-gnu/11/../../../../include/c++/11/bits/stl_construct.h:195:7 @[ /usr/lib/gcc/aarch64-linux-gnu/11/../../../../include/c++/11/bits/alloc_traits.h:848:7 @[ /usr/lib/gcc/aarch64-linux-gnu/11/../../../../include/c++/11/bits/stl_vector.h:1796:6 @[ /usr/lib/gcc/aarch64-linux-gnu/11/../../../../include/c++/11/bits/stl_vector.h:1499:9 @[ ros2_caret_ws/install/include/rclcpp/rclcpp/topic_statistics/subscription_topic_statistics.hpp:208:41 ] ] ] ] ]. Skipping.
Found a loop without a preheader at ros2_caret_ws/install/include/rclcpp/rclcpp/topic_statistics/subscription_topic_statistics.hpp:204:7. Skipping.
Found a loop without a preheader at /usr/lib/gcc/aarch64-linux-gnu/11/../../../../include/c++/11/bits/stl_construct.h:162:4 @[ /usr/lib/gcc/aarch64-linux-gnu/11/../../../../include/c++/11/bits/stl_construct.h:195:7 @[ /usr/lib/gcc/aarch64-linux-gnu/11/../../../../include/c++/11/bits/alloc_traits.h:848:7 @[ /usr/lib/gcc/aarch64-linux-gnu/11/../../../../include/c++/11/bits/stl_vector.h:680:2 ] ] ]. Skipping.
Found a loop without a preheader at /usr/lib/gcc/aarch64-linux-gnu/11/../../../../include/c++/11/bits/stl_uninitialized.h:1031:7 @[ /usr/lib/gcc/aarch64-linux-gnu/11/../../../../include/c++/11/bits/stl_uninitialized.h:1046:14 @[ /usr/lib/gcc/aarch64-linux-gnu/11/../../../../include/c++/11/bits/stl_vector.h:456:9 @[ /usr/lib/gcc/aarch64-linux-gnu/11/../../../../include/c++/11/bits/stl_vector.h:469:9 @[ /usr/lib/gcc/aarch64-linux-gnu/11/../../../../include/c++/11/bits/vector.tcc:466:23 ] ] ] ]. Skipping.
Found a loop without a preheader at /usr/lib/gcc/aarch64-linux-gnu/11/../../../../include/c++/11/bits/stl_uninitialized.h:1031:7 @[ /usr/lib/gcc/aarch64-linux-gnu/11/../../../../include/c++/11/bits/stl_uninitialized.h:1046:14 @[ /usr/lib/gcc/aarch64-linux-gnu/11/../../../../include/c++/11/bits/stl_vector.h:456:9 @[ /usr/lib/gcc/aarch64-linux-gnu/11/../../../../include/c++/11/bits/stl_vector.h:469:9 @[ /usr/lib/gcc/aarch64-linux-gnu/11/../../../../include/c++/11/bits/vector.tcc:461:23 ] ] ] ]. Skipping.
Found a loop without a preheader at /usr/lib/gcc/aarch64-linux-gnu/11/../../../../include/c++/11/bits/stl_uninitialized.h:91:8 @[ /usr/lib/gcc/aarch64-linux-gnu/11/../../../../include/c++/11/bits/stl_uninitialized.h:148:14 @[ /usr/lib/gcc/aarch64-linux-gnu/11/../../../../include/c++/11/bits/stl_uninitialized.h:333:14 @[ /usr/lib/gcc/aarch64-linux-gnu/11/../../../../include/c++/11/bits/stl_vector.h:558:4 @[ /opt/ros/humble/include/statistics_msgs/statistics_msgs/msg/detail/metrics_message__struct.hpp:40:8 ] ] ] ]. Skipping.
Found a loop without an exit block at /usr/lib/gcc/aarch64-linux-gnu/11/../../../../include/c++/11/bits/shared_ptr_base.h:259:7 @[ /usr/lib/gcc/aarch64-linux-gnu/11/../../../../include/c++/11/bits/shared_ptr_base.h:883:28 @[ /usr/lib/gcc/aarch64-linux-gnu/11/../../../../include/c++/11/bits/shared_ptr_base.h:1353:9 @[ /usr/lib/gcc/aarch64-linux-gnu/11/../../../../include/c++/11/bits/shared_ptr.h:418:9 @[ /usr/lib/gcc/aarch64-linux-gnu/11/../../../../include/c++/11/bits/shared_ptr.h:750:16 @[ ros2_caret_ws/install/include/rclcpp/rclcpp/publisher.hpp:561:26 ] ] ] ] ]. Skipping.
Found a loop without an exit block at /usr/lib/gcc/aarch64-linux-gnu/11/../../../../include/c++/11/bits/shared_ptr_base.h:259:7 @[ /usr/lib/gcc/aarch64-linux-gnu/11/../../../../include/c++/11/bits/shared_ptr_base.h:883:28 @[ /usr/lib/gcc/aarch64-linux-gnu/11/../../../../include/c++/11/bits/shared_ptr_base.h:1353:9 @[ /usr/lib/gcc/aarch64-linux-gnu/11/../../../../include/c++/11/bits/shared_ptr.h:418:9 @[ /usr/lib/gcc/aarch64-linux-gnu/11/../../../../include/c++/11/bits/shared_ptr.h:750:16 @[ ros2_caret_ws/install/include/rclcpp/rclcpp/publisher.hpp:537:26 ] ] ] ] ]. Skipping.
Found a loop without a preheader at /usr/lib/gcc/aarch64-linux-gnu/11/../../../../include/c++/11/bits/hashtable.h:1837:7 @[ /usr/lib/gcc/aarch64-linux-gnu/11/../../../../include/c++/11/bits/hashtable.h:810:31 @[ /usr/lib/gcc/aarch64-linux-gnu/11/../../../../include/c++/11/bits/hashtable.h:1595:23 @[ /usr/lib/gcc/aarch64-linux-gnu/11/../../../../include/c++/11/bits/unordered_map.h:869:21 @[ ros2_caret_ws/install/include/rclcpp/rclcpp/experimental/intra_process_manager.hpp:260:38 ] ] ] ]. Skipping.
Found a loop without an exit block at /usr/lib/gcc/aarch64-linux-gnu/11/../../../../include/c++/11/shared_mutex:228:7 @[ /usr/lib/gcc/aarch64-linux-gnu/11/../../../../include/c++/11/shared_mutex:489:33 @[ /usr/lib/gcc/aarch64-linux-gnu/11/../../../../include/c++/11/shared_mutex:727:13 @[ ros2_caret_ws/install/include/rclcpp/rclcpp/experimental/intra_process_manager.hpp:258:47 ] ] ]. Skipping.
Found a loop without an exit block at ros2_caret_ws/install/include/rclcpp/rclcpp/experimental/intra_process_manager.hpp:363:5. Skipping.
Found a loop without an exit block at ros2_caret_ws/install/include/rclcpp/rclcpp/experimental/intra_process_manager.hpp:442:5. Skipping.
Found a loop without a preheader at /usr/lib/gcc/aarch64-linux-gnu/11/../../../../include/c++/11/bits/hashtable.h:1837:7 @[ /usr/lib/gcc/aarch64-linux-gnu/11/../../../../include/c++/11/bits/hashtable.h:2203:34 ]. Skipping.
Found a loop without a preheader at /usr/lib/gcc/aarch64-linux-gnu/11/../../../../include/c++/11/bits/hashtable.h:1837:7 @[ /usr/lib/gcc/aarch64-linux-gnu/11/../../../../include/c++/11/bits/hashtable.h:810:31 @[ /usr/lib/gcc/aarch64-linux-gnu/11/../../../../include/c++/11/bits/hashtable.h:1595:23 @[ /usr/lib/gcc/aarch64-linux-gnu/11/../../../../include/c++/11/bits/unordered_map.h:869:21 @[ ros2_caret_ws/install/include/rclcpp/rclcpp/experimental/intra_process_manager.hpp:196:38 ] ] ] ]. Skipping.
Found a loop without an exit block at /usr/lib/gcc/aarch64-linux-gnu/11/../../../../include/c++/11/shared_mutex:228:7 @[ /usr/lib/gcc/aarch64-linux-gnu/11/../../../../include/c++/11/shared_mutex:489:33 @[ /usr/lib/gcc/aarch64-linux-gnu/11/../../../../include/c++/11/shared_mutex:727:13 @[ ros2_caret_ws/install/include/rclcpp/rclcpp/experimental/intra_process_manager.hpp:194:47 ] ] ]. Skipping.
Found a loop without an exit block at /usr/lib/gcc/aarch64-linux-gnu/11/../../../../include/c++/11/bits/shared_ptr_base.h:259:7 @[ /usr/lib/gcc/aarch64-linux-gnu/11/../../../../include/c++/11/bits/shared_ptr_base.h:883:28 @[ /usr/lib/gcc/aarch64-linux-gnu/11/../../../../include/c++/11/bits/shared_ptr_base.h:1353:9 @[ /usr/lib/gcc/aarch64-linux-gnu/11/../../../../include/c++/11/bits/shared_ptr.h:418:9 @[ /usr/lib/gcc/aarch64-linux-gnu/11/../../../../include/c++/11/bits/shared_ptr.h:750:16 @[ ros2_caret_ws/install/include/rclcpp/rclcpp/create_subscription.hpp:102:71 @[ ros2_caret_ws/install/include/rclcpp/rclcpp/timer.hpp:244:5 ] ] ] ] ] ]. Skipping.
Found a loop without a preheader at /usr/lib/gcc/aarch64-linux-gnu/11/../../../../include/c++/11/bits/hashtable.h:1837:7 @[ /usr/lib/gcc/aarch64-linux-gnu/11/../../../../include/c++/11/bits/hashtable.h:810:31 @[ /usr/lib/gcc/aarch64-linux-gnu/11/../../../../include/c++/11/bits/hashtable.h:1970:23 ] ]. Skipping.
Found a loop without a preheader at /usr/lib/gcc/aarch64-linux-gnu/11/../../../../include/c++/11/bits/hashtable.h:2386:7. Skipping.
Found a loop without a preheader at /usr/lib/gcc/aarch64-linux-gnu/11/../../../../include/c++/11/bits/hashtable.h:1837:7 @[ /usr/lib/gcc/aarch64-linux-gnu/11/../../../../include/c++/11/bits/hashtable.h:810:31 @[ /usr/lib/gcc/aarch64-linux-gnu/11/../../../../include/c++/11/bits/hashtable.h:1970:23 ] ]. Skipping.
Found a loop without a preheader at /usr/lib/gcc/aarch64-linux-gnu/11/../../../../include/c++/11/bits/hashtable.h:2386:7. Skipping.
Found a loop without a preheader at /usr/lib/gcc/aarch64-linux-gnu/11/../../../../include/c++/11/bits/hashtable.h:1837:7 @[ /usr/lib/gcc/aarch64-linux-gnu/11/../../../../include/c++/11/bits/hashtable.h:810:31 @[ /usr/lib/gcc/aarch64-linux-gnu/11/../../../../include/c++/11/bits/hashtable.h:1970:23 ] ]. Skipping.
Found a loop without a preheader at /usr/lib/gcc/aarch64-linux-gnu/11/../../../../include/c++/11/bits/hashtable.h:1837:7 @[ /usr/lib/gcc/aarch64-linux-gnu/11/../../../../include/c++/11/bits/hashtable.h:810:31 @[ /usr/lib/gcc/aarch64-linux-gnu/11/../../../../include/c++/11/bits/hashtable.h:1970:23 ] ]. Skipping.
Found a loop without a preheader at /usr/lib/gcc/aarch64-linux-gnu/11/../../../../include/c++/11/bits/hashtable.h:1837:7 @[ /usr/lib/gcc/aarch64-linux-gnu/11/../../../../include/c++/11/bits/hashtable.h:810:31 @[ /usr/lib/gcc/aarch64-linux-gnu/11/../../../../include/c++/11/bits/hashtable.h:1970:23 ] ]. Skipping.
Found a loop without a preheader at /usr/lib/gcc/aarch64-linux-gnu/11/../../../../include/c++/11/bits/hashtable.h:1837:7 @[ /usr/lib/gcc/aarch64-linux-gnu/11/../../../../include/c++/11/bits/hashtable.h:810:31 @[ /usr/lib/gcc/aarch64-linux-gnu/11/../../../../include/c++/11/bits/hashtable.h:1970:23 ] ]. Skipping.
Found a loop without a preheader at /usr/lib/gcc/aarch64-linux-gnu/11/../../../../include/c++/11/bits/hashtable.h:1837:7 @[ /usr/lib/gcc/aarch64-linux-gnu/11/../../../../include/c++/11/bits/hashtable.h:810:31 @[ /usr/lib/gcc/aarch64-linux-gnu/11/../../../../include/c++/11/bits/hashtable.h:1970:23 ] ]. Skipping.
Found a loop without a preheader at /usr/lib/gcc/aarch64-linux-gnu/11/../../../../include/c++/11/bits/hashtable.h:1837:7 @[ /usr/lib/gcc/aarch64-linux-gnu/11/../../../../include/c++/11/bits/hashtable.h:810:31 @[ /usr/lib/gcc/aarch64-linux-gnu/11/../../../../include/c++/11/bits/hashtable.h:1970:23 ] ]. Skipping.
Found a loop without a preheader at /usr/lib/gcc/aarch64-linux-gnu/11/../../../../include/c++/11/bits/hashtable.h:1837:7 @[ /usr/lib/gcc/aarch64-linux-gnu/11/../../../../include/c++/11/bits/hashtable.h:810:31 @[ /usr/lib/gcc/aarch64-linux-gnu/11/../../../../include/c++/11/bits/hashtable.h:1970:23 ] ]. Skipping.
Found a loop without a preheader at /usr/lib/gcc/aarch64-linux-gnu/11/../../../../include/c++/11/bits/hashtable.h:1837:7 @[ /usr/lib/gcc/aarch64-linux-gnu/11/../../../../include/c++/11/bits/hashtable.h:810:31 @[ /usr/lib/gcc/aarch64-linux-gnu/11/../../../../include/c++/11/bits/hashtable.h:1970:23 ] ]. Skipping.
Found a loop without a preheader at /usr/lib/gcc/aarch64-linux-gnu/11/../../../../include/c++/11/bits/stl_construct.h:162:4 @[ /usr/lib/gcc/aarch64-linux-gnu/11/../../../../include/c++/11/bits/stl_construct.h:195:7 @[ /usr/lib/gcc/aarch64-linux-gnu/11/../../../../include/c++/11/bits/alloc_traits.h:848:7 @[ /usr/lib/gcc/aarch64-linux-gnu/11/../../../../include/c++/11/bits/stl_vector.h:680:2 ] ] ]. Skipping.
Found a loop without a preheader at /usr/lib/gcc/aarch64-linux-gnu/11/../../../../include/c++/11/bits/stl_construct.h:162:4 @[ /usr/lib/gcc/aarch64-linux-gnu/11/../../../../include/c++/11/bits/stl_construct.h:195:7 @[ /usr/lib/gcc/aarch64-linux-gnu/11/../../../../include/c++/11/bits/alloc_traits.h:848:7 @[ /usr/lib/gcc/aarch64-linux-gnu/11/../../../../include/c++/11/bits/stl_vector.h:680:2 @[ ros2_caret_ws/install/include/rclcpp/rclcpp/experimental/buffers/ring_buffer_implementation.hpp:56:40 ] ] ] ]. Skipping.
Found a loop without a preheader at /usr/lib/gcc/aarch64-linux-gnu/11/../../../../include/c++/11/bits/stl_construct.h:162:4 @[ /usr/lib/gcc/aarch64-linux-gnu/11/../../../../include/c++/11/bits/stl_construct.h:195:7 @[ /usr/lib/gcc/aarch64-linux-gnu/11/../../../../include/c++/11/bits/alloc_traits.h:848:7 @[ /usr/lib/gcc/aarch64-linux-gnu/11/../../../../include/c++/11/bits/stl_vector.h:680:2 @[ ros2_caret_ws/install/include/rclcpp/rclcpp/experimental/buffers/ring_buffer_implementation.hpp:56:40 @[ ros2_caret_ws/install/include/rclcpp/rclcpp/experimental/buffers/ring_buffer_implementation.hpp:56:39 ] ] ] ] ]. Skipping.
Found a loop without a preheader at /usr/lib/gcc/aarch64-linux-gnu/11/../../../../include/c++/11/bits/stl_construct.h:162:4. Skipping.
Found a loop without a preheader at /usr/lib/gcc/aarch64-linux-gnu/11/../../../../include/c++/11/bits/stl_construct.h:162:4 @[ /usr/lib/gcc/aarch64-linux-gnu/11/../../../../include/c++/11/bits/stl_construct.h:195:7 ]. Skipping.
Found a loop without a preheader at /usr/lib/gcc/aarch64-linux-gnu/11/../../../../include/c++/11/bits/stl_uninitialized.h:91:8. Skipping.
Found a loop without a preheader at /usr/lib/gcc/aarch64-linux-gnu/11/../../../../include/c++/11/bits/stl_uninitialized.h:91:8 @[ /usr/lib/gcc/aarch64-linux-gnu/11/../../../../include/c++/11/bits/stl_uninitialized.h:148:14 @[ /usr/lib/gcc/aarch64-linux-gnu/11/../../../../include/c++/11/bits/stl_uninitialized.h:333:14 @[ /usr/lib/gcc/aarch64-linux-gnu/11/../../../../include/c++/11/bits/stl_vector.h:558:4 ] ] ]. Skipping.
Found a loop without a preheader at /usr/lib/gcc/aarch64-linux-gnu/11/../../../../include/c++/11/bits/stl_construct.h:162:4 @[ /usr/lib/gcc/aarch64-linux-gnu/11/../../../../include/c++/11/bits/stl_construct.h:195:7 @[ /usr/lib/gcc/aarch64-linux-gnu/11/../../../../include/c++/11/bits/alloc_traits.h:848:7 @[ /usr/lib/gcc/aarch64-linux-gnu/11/../../../../include/c++/11/bits/stl_vector.h:680:2 ] ] ]. Skipping.
Found a loop without a preheader at /usr/lib/gcc/aarch64-linux-gnu/11/../../../../include/c++/11/bits/stl_construct.h:162:4 @[ /usr/lib/gcc/aarch64-linux-gnu/11/../../../../include/c++/11/bits/stl_construct.h:195:7 @[ /usr/lib/gcc/aarch64-linux-gnu/11/../../../../include/c++/11/bits/alloc_traits.h:848:7 @[ /usr/lib/gcc/aarch64-linux-gnu/11/../../../../include/c++/11/bits/stl_vector.h:680:2 @[ src/universe/autoware_universe/perception/autoware_map_based_prediction/include/map_based_prediction/predictor_vru.hpp:54:27 ] ] ] ]. Skipping.
Found a loop without a preheader at /usr/lib/gcc/aarch64-linux-gnu/11/../../../../include/c++/11/bits/hashtable_policy.h:1912:7 @[ /usr/lib/gcc/aarch64-linux-gnu/11/../../../../include/c++/11/bits/hashtable.h:2320:13 @[ /usr/lib/gcc/aarch64-linux-gnu/11/../../../../include/c++/11/bits/hashtable.h:1532:7 @[ /usr/lib/gcc/aarch64-linux-gnu/11/../../../../include/c++/11/bits/unordered_set.h:97:11 @[ src/universe/autoware_universe/perception/autoware_map_based_prediction/include/map_based_prediction/predictor_vru.hpp:54:27 ] ] ] ]. Skipping.
Found a loop without a preheader at /usr/lib/gcc/aarch64-linux-gnu/11/../../../../include/c++/11/bits/hashtable_policy.h:1912:7 @[ /usr/lib/gcc/aarch64-linux-gnu/11/../../../../include/c++/11/bits/hashtable.h:2320:13 @[ /usr/lib/gcc/aarch64-linux-gnu/11/../../../../include/c++/11/bits/hashtable.h:1532:7 @[ /usr/lib/gcc/aarch64-linux-gnu/11/../../../../include/c++/11/bits/unordered_map.h:102:11 @[ src/universe/autoware_universe/perception/autoware_map_based_prediction/include/map_based_prediction/predictor_vru.hpp:54:27 ] ] ] ]. Skipping.
Found a loop without a preheader at /usr/lib/gcc/aarch64-linux-gnu/11/../../../../include/c++/11/bits/hashtable_policy.h:1912:7 @[ /usr/lib/gcc/aarch64-linux-gnu/11/../../../../include/c++/11/bits/hashtable.h:2320:13 @[ /usr/lib/gcc/aarch64-linux-gnu/11/../../../../include/c++/11/bits/hashtable.h:1532:7 @[ /usr/lib/gcc/aarch64-linux-gnu/11/../../../../include/c++/11/bits/unordered_map.h:102:11 @[ src/universe/autoware_universe/perception/autoware_map_based_prediction/include/map_based_prediction/predictor_vru.hpp:54:27 ] ] ] ]. Skipping.
Found a loop without a preheader at /usr/lib/gcc/aarch64-linux-gnu/11/../../../../include/c++/11/bits/stl_construct.h:162:4 @[ /usr/lib/gcc/aarch64-linux-gnu/11/../../../../include/c++/11/bits/stl_construct.h:195:7 @[ /usr/lib/gcc/aarch64-linux-gnu/11/../../../../include/c++/11/bits/alloc_traits.h:848:7 @[ /usr/lib/gcc/aarch64-linux-gnu/11/../../../../include/c++/11/bits/stl_vector.h:680:2 ] ] ]. Skipping.
Found a loop without a preheader at /usr/lib/gcc/aarch64-linux-gnu/11/../../../../include/c++/11/bits/stl_construct.h:162:4 @[ /usr/lib/gcc/aarch64-linux-gnu/11/../../../../include/c++/11/bits/stl_construct.h:195:7 @[ /usr/lib/gcc/aarch64-linux-gnu/11/../../../../include/c++/11/bits/alloc_traits.h:848:7 @[ /usr/lib/gcc/aarch64-linux-gnu/11/../../../../include/c++/11/bits/stl_vector.h:680:2 @[ install/autoware_perception_msgs/include/autoware_perception_msgs/autoware_perception_msgs/msg/detail/traffic_light_group__struct.hpp:39:8 @[ /usr/lib/gcc/aarch64-linux-gnu/11/../../../../include/c++/11/bits/stl_iterator.h:2488:12 @[ /usr/lib/gcc/aarch64-linux-gnu/11/../../../../include/c++/11/ext/new_allocator.h:168:10 ] ] ] ] ] ]. Skipping.
Found a loop without a preheader at /usr/lib/gcc/aarch64-linux-gnu/11/../../../../include/c++/11/bits/hashtable_policy.h:1912:7 @[ /usr/lib/gcc/aarch64-linux-gnu/11/../../../../include/c++/11/bits/hashtable.h:2320:13 @[ /usr/lib/gcc/aarch64-linux-gnu/11/../../../../include/c++/11/bits/hashtable.h:1532:7 ] ]. Skipping.
Found a loop without a preheader at /usr/lib/gcc/aarch64-linux-gnu/11/../../../../include/c++/11/bits/stl_tree.h:1887:7. Skipping.
Found a loop without a preheader at /usr/lib/gcc/aarch64-linux-gnu/11/../../../../include/c++/11/bits/stl_deque.h:678:7 @[ /usr/lib/gcc/aarch64-linux-gnu/11/../../../../include/c++/11/bits/stl_deque.h:601:4 @[ /usr/lib/gcc/aarch64-linux-gnu/11/../../../../include/c++/11/bits/stl_deque.h:1007:65 ] ]. Skipping.
Found a loop without a preheader at /usr/lib/gcc/aarch64-linux-gnu/11/../../../../include/c++/11/bits/stl_construct.h:162:4 @[ /usr/lib/gcc/aarch64-linux-gnu/11/../../../../include/c++/11/bits/stl_construct.h:195:7 @[ /usr/lib/gcc/aarch64-linux-gnu/11/../../../../include/c++/11/bits/alloc_traits.h:848:7 @[ /usr/lib/gcc/aarch64-linux-gnu/11/../../../../include/c++/11/bits/deque.tcc:875:3 ] ] ]. Skipping.
Found a loop without a preheader at /usr/lib/gcc/aarch64-linux-gnu/11/../../../../include/c++/11/bits/stl_construct.h:162:4 @[ /usr/lib/gcc/aarch64-linux-gnu/11/../../../../include/c++/11/bits/stl_construct.h:195:7 @[ /usr/lib/gcc/aarch64-linux-gnu/11/../../../../include/c++/11/bits/alloc_traits.h:848:7 @[ /usr/lib/gcc/aarch64-linux-gnu/11/../../../../include/c++/11/bits/deque.tcc:871:5 ] ] ]. Skipping.
Found a loop without a preheader at /usr/lib/gcc/aarch64-linux-gnu/11/../../../../include/c++/11/bits/stl_construct.h:162:4 @[ /usr/lib/gcc/aarch64-linux-gnu/11/../../../../include/c++/11/bits/stl_construct.h:195:7 @[ /usr/lib/gcc/aarch64-linux-gnu/11/../../../../include/c++/11/bits/alloc_traits.h:848:7 @[ /usr/lib/gcc/aarch64-linux-gnu/11/../../../../include/c++/11/bits/deque.tcc:869:5 ] ] ]. Skipping.
Found a loop without a preheader at /usr/lib/gcc/aarch64-linux-gnu/11/../../../../include/c++/11/bits/deque.tcc:862:8. Skipping.
Found a loop without a preheader at /usr/lib/gcc/aarch64-linux-gnu/11/../../../../include/c++/11/bits/stl_construct.h:162:4 @[ /usr/lib/gcc/aarch64-linux-gnu/11/../../../../include/c++/11/bits/stl_construct.h:195:7 @[ /usr/lib/gcc/aarch64-linux-gnu/11/../../../../include/c++/11/bits/alloc_traits.h:848:7 @[ /usr/lib/gcc/aarch64-linux-gnu/11/../../../../include/c++/11/bits/stl_vector.h:680:2 @[ src/universe/autoware_universe/perception/autoware_map_based_prediction/include/map_based_prediction/data_structure.hpp:100:8 ] ] ] ]. Skipping.
Found a loop without a preheader at /usr/lib/gcc/aarch64-linux-gnu/11/../../../../include/c++/11/bits/hashtable_policy.h:1912:7 @[ /usr/lib/gcc/aarch64-linux-gnu/11/../../../../include/c++/11/bits/hashtable.h:2320:13 ]. Skipping.
Found a loop without a preheader at /usr/lib/gcc/aarch64-linux-gnu/11/../../../../include/c++/11/bits/stl_construct.h:162:4 @[ /usr/lib/gcc/aarch64-linux-gnu/11/../../../../include/c++/11/bits/stl_construct.h:195:7 @[ /usr/lib/gcc/aarch64-linux-gnu/11/../../../../include/c++/11/bits/alloc_traits.h:848:7 @[ /usr/lib/gcc/aarch64-linux-gnu/11/../../../../include/c++/11/bits/stl_vector.h:680:2 ] ] ]. Skipping.
Found a loop without a preheader at /usr/lib/gcc/aarch64-linux-gnu/11/../../../../include/c++/11/bits/stl_construct.h:162:4 @[ /usr/lib/gcc/aarch64-linux-gnu/11/../../../../include/c++/11/bits/stl_construct.h:195:7 @[ /usr/lib/gcc/aarch64-linux-gnu/11/../../../../include/c++/11/bits/alloc_traits.h:848:7 @[ /usr/lib/gcc/aarch64-linux-gnu/11/../../../../include/c++/11/bits/stl_vector.h:680:2 @[ ros2_caret_ws/install/include/rclcpp/rclcpp/topic_statistics/subscription_topic_statistics.hpp:98:3 ] ] ] ]. Skipping.
Found a loop without a preheader at ros2_caret_ws/install/include/rclcpp/rclcpp/topic_statistics/subscription_topic_statistics.hpp:112:5. Skipping.
Found a loop without an exit block at ros2_caret_ws/install/include/rclcpp/rclcpp/topic_statistics/subscription_topic_statistics.hpp:152:5. Skipping.
Found a loop without an exit block at ros2_caret_ws/install/include/rclcpp/rclcpp/topic_statistics/subscription_topic_statistics.hpp:137:7. Skipping.
Found a loop without a preheader at /usr/lib/gcc/aarch64-linux-gnu/11/../../../../include/c++/11/bits/stl_construct.h:162:4 @[ /usr/lib/gcc/aarch64-linux-gnu/11/../../../../include/c++/11/bits/stl_construct.h:195:7 @[ /usr/lib/gcc/aarch64-linux-gnu/11/../../../../include/c++/11/bits/alloc_traits.h:848:7 @[ /usr/lib/gcc/aarch64-linux-gnu/11/../../../../include/c++/11/bits/stl_vector.h:1796:6 @[ /usr/lib/gcc/aarch64-linux-gnu/11/../../../../include/c++/11/bits/stl_vector.h:1499:9 @[ ros2_caret_ws/install/include/rclcpp/rclcpp/topic_statistics/subscription_topic_statistics.hpp:208:41 ] ] ] ] ]. Skipping.
Found a loop without a preheader at ros2_caret_ws/install/include/rclcpp/rclcpp/topic_statistics/subscription_topic_statistics.hpp:204:7. Skipping.
Found a loop without an exit block at /usr/lib/gcc/aarch64-linux-gnu/11/../../../../include/c++/11/bits/shared_ptr_base.h:259:7 @[ /usr/lib/gcc/aarch64-linux-gnu/11/../../../../include/c++/11/bits/shared_ptr_base.h:883:28 @[ /usr/lib/gcc/aarch64-linux-gnu/11/../../../../include/c++/11/bits/shared_ptr_base.h:1353:9 @[ /usr/lib/gcc/aarch64-linux-gnu/11/../../../../include/c++/11/bits/shared_ptr.h:418:9 @[ /usr/lib/gcc/aarch64-linux-gnu/11/../../../../include/c++/11/bits/shared_ptr.h:750:16 @[ ros2_caret_ws/install/include/rclcpp/rclcpp/create_subscription.hpp:102:71 @[ ros2_caret_ws/install/include/rclcpp/rclcpp/timer.hpp:244:5 ] ] ] ] ] ]. Skipping.
Found a loop without a preheader at /usr/lib/gcc/aarch64-linux-gnu/11/../../../../include/c++/11/bits/hashtable.h:1837:7 @[ /usr/lib/gcc/aarch64-linux-gnu/11/../../../../include/c++/11/bits/hashtable.h:810:31 @[ /usr/lib/gcc/aarch64-linux-gnu/11/../../../../include/c++/11/bits/hashtable.h:1970:23 ] ]. Skipping.
Found a loop without a preheader at /usr/lib/gcc/aarch64-linux-gnu/11/../../../../include/c++/11/bits/hashtable.h:1837:7 @[ /usr/lib/gcc/aarch64-linux-gnu/11/../../../../include/c++/11/bits/hashtable.h:810:31 @[ /usr/lib/gcc/aarch64-linux-gnu/11/../../../../include/c++/11/bits/hashtable.h:1970:23 ] ]. Skipping.
Found a loop without a preheader at /usr/lib/gcc/aarch64-linux-gnu/11/../../../../include/c++/11/bits/stl_construct.h:162:4 @[ /usr/lib/gcc/aarch64-linux-gnu/11/../../../../include/c++/11/bits/stl_construct.h:195:7 @[ /usr/lib/gcc/aarch64-linux-gnu/11/../../../../include/c++/11/bits/alloc_traits.h:848:7 @[ /usr/lib/gcc/aarch64-linux-gnu/11/../../../../include/c++/11/bits/stl_vector.h:680:2 ] ] ]. Skipping.
Found a loop without a preheader at /usr/lib/gcc/aarch64-linux-gnu/11/../../../../include/c++/11/bits/stl_construct.h:162:4 @[ /usr/lib/gcc/aarch64-linux-gnu/11/../../../../include/c++/11/bits/stl_construct.h:195:7 @[ /usr/lib/gcc/aarch64-linux-gnu/11/../../../../include/c++/11/bits/alloc_traits.h:848:7 @[ /usr/lib/gcc/aarch64-linux-gnu/11/../../../../include/c++/11/bits/stl_vector.h:680:2 @[ ros2_caret_ws/install/include/rclcpp/rclcpp/experimental/buffers/ring_buffer_implementation.hpp:56:40 ] ] ] ]. Skipping.
Found a loop without a preheader at /usr/lib/gcc/aarch64-linux-gnu/11/../../../../include/c++/11/bits/stl_construct.h:162:4 @[ /usr/lib/gcc/aarch64-linux-gnu/11/../../../../include/c++/11/bits/stl_construct.h:195:7 @[ /usr/lib/gcc/aarch64-linux-gnu/11/../../../../include/c++/11/bits/alloc_traits.h:848:7 @[ /usr/lib/gcc/aarch64-linux-gnu/11/../../../../include/c++/11/bits/stl_vector.h:680:2 @[ ros2_caret_ws/install/include/rclcpp/rclcpp/experimental/buffers/ring_buffer_implementation.hpp:56:40 @[ ros2_caret_ws/install/include/rclcpp/rclcpp/experimental/buffers/ring_buffer_implementation.hpp:56:39 ] ] ] ] ]. Skipping.
Found a loop without a preheader at /usr/lib/gcc/aarch64-linux-gnu/11/../../../../include/c++/11/bits/stl_construct.h:162:4 @[ /usr/lib/gcc/aarch64-linux-gnu/11/../../../../include/c++/11/bits/stl_construct.h:195:7 @[ /usr/lib/gcc/aarch64-linux-gnu/11/../../../../include/c++/11/bits/alloc_traits.h:848:7 @[ /usr/lib/gcc/aarch64-linux-gnu/11/../../../../include/c++/11/bits/stl_vector.h:680:2 @[ install/autoware_perception_msgs/include/autoware_perception_msgs/autoware_perception_msgs/msg/detail/tracked_objects__struct.hpp:39:8 @[ /usr/lib/gcc/aarch64-linux-gnu/11/../../../../include/c++/11/bits/unique_ptr.h:85:2 ] ] ] ] ]. Skipping.
Found a loop without a preheader at /usr/lib/gcc/aarch64-linux-gnu/11/../../../../include/c++/11/bits/stl_construct.h:162:4 @[ /usr/lib/gcc/aarch64-linux-gnu/11/../../../../include/c++/11/bits/stl_construct.h:195:7 ]. Skipping.
Found a loop without a preheader at /usr/lib/gcc/aarch64-linux-gnu/11/../../../../include/c++/11/bits/stl_uninitialized.h:91:8 @[ /usr/lib/gcc/aarch64-linux-gnu/11/../../../../include/c++/11/bits/stl_uninitialized.h:148:14 @[ /usr/lib/gcc/aarch64-linux-gnu/11/../../../../include/c++/11/bits/stl_uninitialized.h:333:14 @[ /usr/lib/gcc/aarch64-linux-gnu/11/../../../../include/c++/11/bits/stl_vector.h:558:4 ] ] ]. Skipping.
Found a loop without a preheader at /usr/lib/gcc/aarch64-linux-gnu/11/../../../../include/c++/11/bits/stl_uninitialized.h:91:8 @[ /usr/lib/gcc/aarch64-linux-gnu/11/../../../../include/c++/11/bits/stl_uninitialized.h:148:14 @[ /usr/lib/gcc/aarch64-linux-gnu/11/../../../../include/c++/11/bits/stl_uninitialized.h:333:14 @[ /usr/lib/gcc/aarch64-linux-gnu/11/../../../../include/c++/11/bits/stl_vector.h:558:4 @[ /opt/ros/humble/include/geometry_msgs/geometry_msgs/msg/detail/polygon__struct.hpp:37:8 @[ install/autoware_perception_msgs/include/autoware_perception_msgs/autoware_perception_msgs/msg/detail/shape__struct.hpp:39:8 @[ install/autoware_perception_msgs/include/autoware_perception_msgs/autoware_perception_msgs/msg/detail/tracked_object__struct.hpp:43:8 ] ] ] ] ] ]. Skipping.
Found a loop without a preheader at /usr/lib/gcc/aarch64-linux-gnu/11/../../../../include/c++/11/bits/stl_construct.h:162:4 @[ /usr/lib/gcc/aarch64-linux-gnu/11/../../../../include/c++/11/bits/stl_construct.h:195:7 @[ /usr/lib/gcc/aarch64-linux-gnu/11/../../../../include/c++/11/bits/alloc_traits.h:848:7 @[ /usr/lib/gcc/aarch64-linux-gnu/11/../../../../include/c++/11/bits/stl_vector.h:680:2 ] ] ]. Skipping.
Found a loop without a preheader at /usr/lib/gcc/aarch64-linux-gnu/11/../../../../include/c++/11/bits/stl_construct.h:162:4 @[ /usr/lib/gcc/aarch64-linux-gnu/11/../../../../include/c++/11/bits/stl_construct.h:195:7 @[ /usr/lib/gcc/aarch64-linux-gnu/11/../../../../include/c++/11/bits/alloc_traits.h:848:7 @[ /usr/lib/gcc/aarch64-linux-gnu/11/../../../../include/c++/11/bits/stl_vector.h:680:2 @[ ros2_caret_ws/install/include/rclcpp/rclcpp/experimental/buffers/ring_buffer_implementation.hpp:56:40 ] ] ] ]. Skipping.
Found a loop without a preheader at /usr/lib/gcc/aarch64-linux-gnu/11/../../../../include/c++/11/bits/stl_construct.h:162:4 @[ /usr/lib/gcc/aarch64-linux-gnu/11/../../../../include/c++/11/bits/stl_construct.h:195:7 @[ /usr/lib/gcc/aarch64-linux-gnu/11/../../../../include/c++/11/bits/alloc_traits.h:848:7 @[ /usr/lib/gcc/aarch64-linux-gnu/11/../../../../include/c++/11/bits/stl_vector.h:680:2 @[ ros2_caret_ws/install/include/rclcpp/rclcpp/experimental/buffers/ring_buffer_implementation.hpp:56:40 @[ ros2_caret_ws/install/include/rclcpp/rclcpp/experimental/buffers/ring_buffer_implementation.hpp:56:39 ] ] ] ] ]. Skipping.
Found a loop without a preheader at /usr/lib/gcc/aarch64-linux-gnu/11/../../../../include/c++/11/bits/stl_construct.h:162:4 @[ /usr/lib/gcc/aarch64-linux-gnu/11/../../../../include/c++/11/bits/stl_construct.h:195:7 @[ /usr/lib/gcc/aarch64-linux-gnu/11/../../../../include/c++/11/bits/alloc_traits.h:848:7 @[ /usr/lib/gcc/aarch64-linux-gnu/11/../../../../include/c++/11/bits/stl_vector.h:680:2 @[ install/autoware_perception_msgs/include/autoware_perception_msgs/autoware_perception_msgs/msg/detail/tracked_objects__struct.hpp:39:8 @[ /usr/lib/gcc/aarch64-linux-gnu/11/../../../../include/c++/11/ext/new_allocator.h:168:10 ] ] ] ] ]. Skipping.
Found a loop without a preheader at /usr/lib/gcc/aarch64-linux-gnu/11/../../../../include/c++/11/bits/stl_construct.h:162:4 @[ /usr/lib/gcc/aarch64-linux-gnu/11/../../../../include/c++/11/bits/stl_construct.h:195:7 @[ /usr/lib/gcc/aarch64-linux-gnu/11/../../../../include/c++/11/bits/alloc_traits.h:848:7 @[ /usr/lib/gcc/aarch64-linux-gnu/11/../../../../include/c++/11/bits/stl_vector.h:680:2 @[ ros2_caret_ws/install/include/rclcpp/rclcpp/subscription_content_filter_options.hpp:25:8 @[ ros2_caret_ws/install/include/rclcpp/rclcpp/subscription_options.hpp:39:8 ] ] ] ] ]. Skipping.
Found a loop without a preheader at /usr/lib/gcc/aarch64-linux-gnu/11/../../../../include/c++/11/bits/stl_construct.h:162:4 @[ /usr/lib/gcc/aarch64-linux-gnu/11/../../../../include/c++/11/bits/stl_construct.h:195:7 @[ /usr/lib/gcc/aarch64-linux-gnu/11/../../../../include/c++/11/bits/alloc_traits.h:848:7 @[ /usr/lib/gcc/aarch64-linux-gnu/11/../../../../include/c++/11/bits/stl_vector.h:680:2 ] ] ]. Skipping.
Found a loop without a preheader at /usr/lib/gcc/aarch64-linux-gnu/11/../../../../include/c++/11/bits/stl_construct.h:162:4 @[ /usr/lib/gcc/aarch64-linux-gnu/11/../../../../include/c++/11/bits/stl_construct.h:195:7 @[ /usr/lib/gcc/aarch64-linux-gnu/11/../../../../include/c++/11/bits/alloc_traits.h:848:7 @[ /usr/lib/gcc/aarch64-linux-gnu/11/../../../../include/c++/11/bits/stl_vector.h:680:2 @[ ros2_caret_ws/install/include/rclcpp/rclcpp/topic_statistics/subscription_topic_statistics.hpp:98:3 ] ] ] ]. Skipping.
Found a loop without a preheader at ros2_caret_ws/install/include/rclcpp/rclcpp/topic_statistics/subscription_topic_statistics.hpp:112:5. Skipping.
Found a loop without an exit block at ros2_caret_ws/install/include/rclcpp/rclcpp/topic_statistics/subscription_topic_statistics.hpp:152:5. Skipping.
Found a loop without an exit block at ros2_caret_ws/install/include/rclcpp/rclcpp/topic_statistics/subscription_topic_statistics.hpp:137:7. Skipping.
Found a loop without a preheader at /usr/lib/gcc/aarch64-linux-gnu/11/../../../../include/c++/11/bits/stl_construct.h:162:4 @[ /usr/lib/gcc/aarch64-linux-gnu/11/../../../../include/c++/11/bits/stl_construct.h:195:7 @[ /usr/lib/gcc/aarch64-linux-gnu/11/../../../../include/c++/11/bits/alloc_traits.h:848:7 @[ /usr/lib/gcc/aarch64-linux-gnu/11/../../../../include/c++/11/bits/stl_vector.h:1796:6 @[ /usr/lib/gcc/aarch64-linux-gnu/11/../../../../include/c++/11/bits/stl_vector.h:1499:9 @[ ros2_caret_ws/install/include/rclcpp/rclcpp/topic_statistics/subscription_topic_statistics.hpp:208:41 ] ] ] ] ]. Skipping.
Found a loop without a preheader at ros2_caret_ws/install/include/rclcpp/rclcpp/topic_statistics/subscription_topic_statistics.hpp:204:7. Skipping.
Found a loop without an exit block at /usr/lib/gcc/aarch64-linux-gnu/11/../../../../include/c++/11/bits/shared_ptr_base.h:259:7 @[ /usr/lib/gcc/aarch64-linux-gnu/11/../../../../include/c++/11/bits/shared_ptr_base.h:883:28 @[ /usr/lib/gcc/aarch64-linux-gnu/11/../../../../include/c++/11/bits/shared_ptr_base.h:1353:9 @[ /usr/lib/gcc/aarch64-linux-gnu/11/../../../../include/c++/11/bits/shared_ptr.h:418:9 @[ /usr/lib/gcc/aarch64-linux-gnu/11/../../../../include/c++/11/bits/shared_ptr.h:750:16 @[ ros2_caret_ws/install/include/rclcpp/rclcpp/create_subscription.hpp:102:71 @[ ros2_caret_ws/install/include/rclcpp/rclcpp/timer.hpp:244:5 ] ] ] ] ] ]. Skipping.
Found a loop without a preheader at /usr/lib/gcc/aarch64-linux-gnu/11/../../../../include/c++/11/bits/hashtable.h:1837:7 @[ /usr/lib/gcc/aarch64-linux-gnu/11/../../../../include/c++/11/bits/hashtable.h:810:31 @[ /usr/lib/gcc/aarch64-linux-gnu/11/../../../../include/c++/11/bits/hashtable.h:1970:23 ] ]. Skipping.
Found a loop without a preheader at /usr/lib/gcc/aarch64-linux-gnu/11/../../../../include/c++/11/bits/hashtable.h:1837:7 @[ /usr/lib/gcc/aarch64-linux-gnu/11/../../../../include/c++/11/bits/hashtable.h:810:31 @[ /usr/lib/gcc/aarch64-linux-gnu/11/../../../../include/c++/11/bits/hashtable.h:1970:23 ] ]. Skipping.
Found a loop without a preheader at /usr/lib/gcc/aarch64-linux-gnu/11/../../../../include/c++/11/bits/stl_construct.h:162:4 @[ /usr/lib/gcc/aarch64-linux-gnu/11/../../../../include/c++/11/bits/stl_construct.h:195:7 @[ /usr/lib/gcc/aarch64-linux-gnu/11/../../../../include/c++/11/bits/alloc_traits.h:848:7 @[ /usr/lib/gcc/aarch64-linux-gnu/11/../../../../include/c++/11/bits/stl_vector.h:680:2 ] ] ]. Skipping.
Found a loop without a preheader at /usr/lib/gcc/aarch64-linux-gnu/11/../../../../include/c++/11/bits/stl_construct.h:162:4 @[ /usr/lib/gcc/aarch64-linux-gnu/11/../../../../include/c++/11/bits/stl_construct.h:195:7 @[ /usr/lib/gcc/aarch64-linux-gnu/11/../../../../include/c++/11/bits/alloc_traits.h:848:7 @[ /usr/lib/gcc/aarch64-linux-gnu/11/../../../../include/c++/11/bits/stl_vector.h:680:2 @[ ros2_caret_ws/install/include/rclcpp/rclcpp/experimental/buffers/ring_buffer_implementation.hpp:56:40 ] ] ] ]. Skipping.
Found a loop without a preheader at /usr/lib/gcc/aarch64-linux-gnu/11/../../../../include/c++/11/bits/stl_construct.h:162:4 @[ /usr/lib/gcc/aarch64-linux-gnu/11/../../../../include/c++/11/bits/stl_construct.h:195:7 @[ /usr/lib/gcc/aarch64-linux-gnu/11/../../../../include/c++/11/bits/alloc_traits.h:848:7 @[ /usr/lib/gcc/aarch64-linux-gnu/11/../../../../include/c++/11/bits/stl_vector.h:680:2 @[ ros2_caret_ws/install/include/rclcpp/rclcpp/experimental/buffers/ring_buffer_implementation.hpp:56:40 @[ ros2_caret_ws/install/include/rclcpp/rclcpp/experimental/buffers/ring_buffer_implementation.hpp:56:39 ] ] ] ] ]. Skipping.
Found a loop without a preheader at /usr/lib/gcc/aarch64-linux-gnu/11/../../../../include/c++/11/bits/stl_construct.h:162:4 @[ /usr/lib/gcc/aarch64-linux-gnu/11/../../../../include/c++/11/bits/stl_construct.h:195:7 @[ /usr/lib/gcc/aarch64-linux-gnu/11/../../../../include/c++/11/bits/alloc_traits.h:848:7 @[ /usr/lib/gcc/aarch64-linux-gnu/11/../../../../include/c++/11/bits/stl_vector.h:680:2 ] ] ]. Skipping.
Found a loop without a preheader at /usr/lib/gcc/aarch64-linux-gnu/11/../../../../include/c++/11/bits/stl_construct.h:162:4 @[ /usr/lib/gcc/aarch64-linux-gnu/11/../../../../include/c++/11/bits/stl_construct.h:195:7 @[ /usr/lib/gcc/aarch64-linux-gnu/11/../../../../include/c++/11/bits/alloc_traits.h:848:7 @[ /usr/lib/gcc/aarch64-linux-gnu/11/../../../../include/c++/11/bits/stl_vector.h:680:2 @[ ros2_caret_ws/install/include/rclcpp/rclcpp/experimental/buffers/ring_buffer_implementation.hpp:56:40 ] ] ] ]. Skipping.
Found a loop without a preheader at /usr/lib/gcc/aarch64-linux-gnu/11/../../../../include/c++/11/bits/stl_construct.h:162:4 @[ /usr/lib/gcc/aarch64-linux-gnu/11/../../../../include/c++/11/bits/stl_construct.h:195:7 @[ /usr/lib/gcc/aarch64-linux-gnu/11/../../../../include/c++/11/bits/alloc_traits.h:848:7 @[ /usr/lib/gcc/aarch64-linux-gnu/11/../../../../include/c++/11/bits/stl_vector.h:680:2 @[ ros2_caret_ws/install/include/rclcpp/rclcpp/experimental/buffers/ring_buffer_implementation.hpp:56:40 @[ ros2_caret_ws/install/include/rclcpp/rclcpp/experimental/buffers/ring_buffer_implementation.hpp:56:39 ] ] ] ] ]. Skipping.
Found a loop without an exit block at /usr/lib/gcc/aarch64-linux-gnu/11/../../../../include/c++/11/bits/shared_ptr_base.h:259:7 @[ /usr/lib/gcc/aarch64-linux-gnu/11/../../../../include/c++/11/bits/shared_ptr_base.h:872:39 @[ /usr/lib/gcc/aarch64-linux-gnu/11/../../../../include/c++/11/bits/shared_ptr_base.h:1178:4 @[ /usr/lib/gcc/aarch64-linux-gnu/11/../../../../include/c++/11/bits/shared_ptr.h:326:4 @[ /usr/lib/gcc/aarch64-linux-gnu/11/../../../../include/c++/11/bits/shared_ptr.h:808:16 @[ ros2_caret_ws/install/include/rclcpp/rclcpp/publisher.hpp:207:70 ] ] ] ] ]. Skipping.
Found a loop without a preheader at /usr/lib/gcc/aarch64-linux-gnu/11/../../../../include/c++/11/bits/hashtable.h:1837:7 @[ /usr/lib/gcc/aarch64-linux-gnu/11/../../../../include/c++/11/bits/hashtable.h:810:31 @[ /usr/lib/gcc/aarch64-linux-gnu/11/../../../../include/c++/11/bits/hashtable.h:1970:23 ] ]. Skipping.
Found a loop without a preheader at /usr/lib/gcc/aarch64-linux-gnu/11/../../../../include/c++/11/bits/hashtable_policy.h:1912:7 @[ /usr/lib/gcc/aarch64-linux-gnu/11/../../../../include/c++/11/bits/hashtable.h:2320:13 @[ /usr/lib/gcc/aarch64-linux-gnu/11/../../../../include/c++/11/bits/hashtable.h:1532:7 @[ /usr/lib/gcc/aarch64-linux-gnu/11/../../../../include/c++/11/bits/unordered_map.h:102:11 ] ] ]. Skipping.
Found a loop without a preheader at /usr/lib/gcc/aarch64-linux-gnu/11/../../../../include/c++/11/bits/hashtable_policy.h:1912:7 @[ /usr/lib/gcc/aarch64-linux-gnu/11/../../../../include/c++/11/bits/hashtable.h:2320:13 ]. Skipping.
Found a loop without a preheader at /usr/lib/gcc/aarch64-linux-gnu/11/../../../../include/c++/11/bits/hashtable_policy.h:1912:7 @[ /usr/lib/gcc/aarch64-linux-gnu/11/../../../../include/c++/11/bits/hashtable.h:2320:13 @[ /usr/lib/gcc/aarch64-linux-gnu/11/../../../../include/c++/11/bits/hashtable.h:1532:7 @[ /usr/lib/gcc/aarch64-linux-gnu/11/../../../../include/c++/11/bits/unordered_map.h:102:11 @[ install/autoware_utils_system/include/autoware_utils_system/stop_watch.hpp:27:7 ] ] ] ]. Skipping.
Found a loop without a preheader at /usr/lib/gcc/aarch64-linux-gnu/11/../../../../include/c++/11/bits/hashtable.h:1837:7 @[ /usr/lib/gcc/aarch64-linux-gnu/11/../../../../include/c++/11/bits/hashtable.h:810:31 @[ /usr/lib/gcc/aarch64-linux-gnu/11/../../../../include/c++/11/bits/hashtable_policy.h:704:30 ] ]. Skipping.
Found a loop without a preheader at /usr/lib/gcc/aarch64-linux-gnu/11/../../../../include/c++/11/bits/hashtable.h:1837:7 @[ /usr/lib/gcc/aarch64-linux-gnu/11/../../../../include/c++/11/bits/hashtable.h:810:31 @[ /usr/lib/gcc/aarch64-linux-gnu/11/../../../../include/c++/11/bits/hashtable_policy.h:704:30 ] ]. Skipping.
Found a loop without a preheader at /usr/lib/gcc/aarch64-linux-gnu/11/../../../../include/c++/11/bits/hashtable.h:2386:7. Skipping.
Found a loop without a preheader at /usr/lib/gcc/aarch64-linux-gnu/11/../../../../include/c++/11/bits/stl_construct.h:162:4 @[ /usr/lib/gcc/aarch64-linux-gnu/11/../../../../include/c++/11/bits/stl_construct.h:195:7 @[ /usr/lib/gcc/aarch64-linux-gnu/11/../../../../include/c++/11/bits/alloc_traits.h:848:7 @[ /usr/lib/gcc/aarch64-linux-gnu/11/../../../../include/c++/11/bits/stl_vector.h:680:2 @[ /opt/ros/humble/include/diagnostic_msgs/diagnostic_msgs/msg/detail/diagnostic_status__struct.hpp:37:8 ] ] ] ]. Skipping.
Found a loop without a preheader at /usr/lib/gcc/aarch64-linux-gnu/11/../../../../include/c++/11/bits/hashtable_policy.h:1912:7 @[ /usr/lib/gcc/aarch64-linux-gnu/11/../../../../include/c++/11/bits/hashtable.h:2320:13 ]. Skipping.
Found a loop without a preheader at /usr/lib/gcc/aarch64-linux-gnu/11/../../../../include/c++/11/bits/stl_tree.h:1887:7. Skipping.
Found a loop without an exit block at /usr/lib/gcc/aarch64-linux-gnu/11/../../../../include/c++/11/bits/shared_ptr_base.h:259:7 @[ /usr/lib/gcc/aarch64-linux-gnu/11/../../../../include/c++/11/bits/shared_ptr_base.h:872:39 @[ /usr/lib/gcc/aarch64-linux-gnu/11/../../../../include/c++/11/bits/shared_ptr_base.h:1178:4 @[ /usr/lib/gcc/aarch64-linux-gnu/11/../../../../include/c++/11/bits/shared_ptr.h:326:4 @[ /usr/lib/gcc/aarch64-linux-gnu/11/../../../../include/c++/11/bits/shared_ptr.h:808:16 @[ ros2_caret_ws/install/include/rclcpp/rclcpp/publisher.hpp:207:70 ] ] ] ] ]. Skipping.
Found a loop without a preheader at /usr/lib/gcc/aarch64-linux-gnu/11/../../../../include/c++/11/bits/hashtable.h:1837:7 @[ /usr/lib/gcc/aarch64-linux-gnu/11/../../../../include/c++/11/bits/hashtable.h:810:31 @[ /usr/lib/gcc/aarch64-linux-gnu/11/../../../../include/c++/11/bits/hashtable.h:1970:23 ] ]. Skipping.
Found a loop without a preheader at /usr/lib/gcc/aarch64-linux-gnu/11/../../../../include/c++/11/bits/stl_construct.h:162:4 @[ /usr/lib/gcc/aarch64-linux-gnu/11/../../../../include/c++/11/bits/stl_construct.h:195:7 @[ /usr/lib/gcc/aarch64-linux-gnu/11/../../../../include/c++/11/bits/alloc_traits.h:848:7 @[ /usr/lib/gcc/aarch64-linux-gnu/11/../../../../include/c++/11/bits/stl_vector.h:680:2 ] ] ]. Skipping.
Found a loop without a preheader at /usr/lib/gcc/aarch64-linux-gnu/11/../../../../include/c++/11/bits/stl_construct.h:162:4 @[ /usr/lib/gcc/aarch64-linux-gnu/11/../../../../include/c++/11/bits/stl_construct.h:195:7 ]. Skipping.
Found a loop without a preheader at /usr/lib/gcc/aarch64-linux-gnu/11/../../../../include/c++/11/bits/hashtable.h:1312:6. Skipping.
Found a loop without a preheader at /usr/lib/gcc/aarch64-linux-gnu/11/../../../../include/c++/11/bits/stl_uninitialized.h:91:8. Skipping.
Found a loop without an exit block at /usr/lib/gcc/aarch64-linux-gnu/11/../../../../include/c++/11/bits/shared_ptr_base.h:259:7 @[ /usr/lib/gcc/aarch64-linux-gnu/11/../../../../include/c++/11/bits/shared_ptr_base.h:872:39 @[ /usr/lib/gcc/aarch64-linux-gnu/11/../../../../include/c++/11/bits/shared_ptr_base.h:1178:4 @[ /usr/lib/gcc/aarch64-linux-gnu/11/../../../../include/c++/11/bits/shared_ptr.h:326:4 @[ /usr/lib/gcc/aarch64-linux-gnu/11/../../../../include/c++/11/bits/shared_ptr.h:808:16 @[ ros2_caret_ws/install/include/rclcpp/rclcpp/publisher.hpp:207:70 ] ] ] ] ]. Skipping.
Found a loop without a preheader at /usr/lib/gcc/aarch64-linux-gnu/11/../../../../include/c++/11/bits/hashtable.h:1837:7 @[ /usr/lib/gcc/aarch64-linux-gnu/11/../../../../include/c++/11/bits/hashtable.h:810:31 @[ /usr/lib/gcc/aarch64-linux-gnu/11/../../../../include/c++/11/bits/hashtable.h:1970:23 ] ]. Skipping.
Found a loop without a preheader at /usr/lib/gcc/aarch64-linux-gnu/11/../../../../include/c++/11/bits/hashtable_policy.h:1912:7. Skipping.
Found a loop without a preheader at /usr/lib/gcc/aarch64-linux-gnu/11/../../../../include/c++/11/bits/stl_construct.h:162:4 @[ /usr/lib/gcc/aarch64-linux-gnu/11/../../../../include/c++/11/bits/stl_construct.h:195:7 @[ /usr/lib/gcc/aarch64-linux-gnu/11/../../../../include/c++/11/bits/alloc_traits.h:848:7 @[ /usr/lib/gcc/aarch64-linux-gnu/11/../../../../include/c++/11/bits/stl_vector.h:680:2 @[ /opt/ros/humble/include/lanelet2_routing/LaneletPath.h:13:7 ] ] ] ]. Skipping.
Found a loop without a preheader at /usr/lib/gcc/aarch64-linux-gnu/11/../../../../include/c++/11/bits/stl_construct.h:162:4 @[ /usr/lib/gcc/aarch64-linux-gnu/11/../../../../include/c++/11/bits/stl_construct.h:195:7 @[ /usr/lib/gcc/aarch64-linux-gnu/11/../../../../include/c++/11/bits/alloc_traits.h:848:7 @[ /usr/lib/gcc/aarch64-linux-gnu/11/../../../../include/c++/11/bits/stl_vector.h:680:2 @[ /opt/ros/humble/include/lanelet2_routing/LaneletPath.h:13:7 @[ /usr/include/boost/container/detail/std_fwd.hpp:39:8 @[ /usr/lib/gcc/aarch64-linux-gnu/11/../../../../include/c++/11/ext/new_allocator.h:168:10 ] ] ] ] ] ]. Skipping.
Found a loop without a preheader at /usr/lib/gcc/aarch64-linux-gnu/11/../../../../include/c++/11/bits/stl_construct.h:162:4 @[ /usr/lib/gcc/aarch64-linux-gnu/11/../../../../include/c++/11/bits/stl_construct.h:195:7 @[ /usr/lib/gcc/aarch64-linux-gnu/11/../../../../include/c++/11/bits/alloc_traits.h:848:7 @[ /usr/lib/gcc/aarch64-linux-gnu/11/../../../../include/c++/11/bits/stl_vector.h:680:2 @[ /opt/ros/humble/include/lanelet2_routing/LaneletPath.h:13:7 @[ /usr/include/boost/container/detail/std_fwd.hpp:39:8 ] ] ] ] ]. Skipping.
Found a loop without a preheader at /usr/lib/gcc/aarch64-linux-gnu/11/../../../../include/c++/11/bits/stl_deque.h:678:7 @[ /usr/lib/gcc/aarch64-linux-gnu/11/../../../../include/c++/11/bits/stl_deque.h:601:4 @[ /usr/lib/gcc/aarch64-linux-gnu/11/../../../../include/c++/11/bits/stl_deque.h:1007:65 ] ]. Skipping.
Found a loop without a preheader at /usr/lib/gcc/aarch64-linux-gnu/11/../../../../include/c++/11/bits/stl_construct.h:162:4 @[ /usr/lib/gcc/aarch64-linux-gnu/11/../../../../include/c++/11/bits/stl_construct.h:195:7 @[ /usr/lib/gcc/aarch64-linux-gnu/11/../../../../include/c++/11/bits/alloc_traits.h:848:7 @[ /usr/lib/gcc/aarch64-linux-gnu/11/../../../../include/c++/11/bits/deque.tcc:875:3 @[ /usr/lib/gcc/aarch64-linux-gnu/11/../../../../include/c++/11/bits/stl_deque.h:2049:4 @[ /usr/lib/gcc/aarch64-linux-gnu/11/../../../../include/c++/11/bits/stl_deque.h:1007:9 ] ] ] ] ]. Skipping.
Found a loop without a preheader at /usr/lib/gcc/aarch64-linux-gnu/11/../../../../include/c++/11/bits/stl_construct.h:162:4 @[ /usr/lib/gcc/aarch64-linux-gnu/11/../../../../include/c++/11/bits/stl_construct.h:195:7 @[ /usr/lib/gcc/aarch64-linux-gnu/11/../../../../include/c++/11/bits/alloc_traits.h:848:7 @[ /usr/lib/gcc/aarch64-linux-gnu/11/../../../../include/c++/11/bits/deque.tcc:871:5 @[ /usr/lib/gcc/aarch64-linux-gnu/11/../../../../include/c++/11/bits/stl_deque.h:2049:4 @[ /usr/lib/gcc/aarch64-linux-gnu/11/../../../../include/c++/11/bits/stl_deque.h:1007:9 ] ] ] ] ]. Skipping.
Found a loop without a preheader at /usr/lib/gcc/aarch64-linux-gnu/11/../../../../include/c++/11/bits/stl_construct.h:162:4 @[ /usr/lib/gcc/aarch64-linux-gnu/11/../../../../include/c++/11/bits/stl_construct.h:195:7 @[ /usr/lib/gcc/aarch64-linux-gnu/11/../../../../include/c++/11/bits/alloc_traits.h:848:7 @[ /usr/lib/gcc/aarch64-linux-gnu/11/../../../../include/c++/11/bits/deque.tcc:869:5 @[ /usr/lib/gcc/aarch64-linux-gnu/11/../../../../include/c++/11/bits/stl_deque.h:2049:4 @[ /usr/lib/gcc/aarch64-linux-gnu/11/../../../../include/c++/11/bits/stl_deque.h:1007:9 ] ] ] ] ]. Skipping.
Found a loop without a preheader at /usr/lib/gcc/aarch64-linux-gnu/11/../../../../include/c++/11/bits/deque.tcc:862:8 @[ /usr/lib/gcc/aarch64-linux-gnu/11/../../../../include/c++/11/bits/stl_deque.h:2049:4 @[ /usr/lib/gcc/aarch64-linux-gnu/11/../../../../include/c++/11/bits/stl_deque.h:1007:9 ] ]. Skipping.
Found a loop without a preheader at /usr/lib/gcc/aarch64-linux-gnu/11/../../../../include/c++/11/bits/stl_deque.h:678:7 @[ /usr/lib/gcc/aarch64-linux-gnu/11/../../../../include/c++/11/bits/stl_deque.h:601:4 ]. Skipping.
Found a loop without a preheader at /usr/lib/gcc/aarch64-linux-gnu/11/../../../../include/c++/11/bits/stl_construct.h:162:4 @[ /usr/lib/gcc/aarch64-linux-gnu/11/../../../../include/c++/11/bits/stl_construct.h:195:7 @[ /usr/lib/gcc/aarch64-linux-gnu/11/../../../../include/c++/11/bits/alloc_traits.h:848:7 @[ /usr/lib/gcc/aarch64-linux-gnu/11/../../../../include/c++/11/bits/stl_vector.h:680:2 @[ src/universe/autoware_universe/perception/autoware_map_based_prediction/include/map_based_prediction/data_structure.hpp:80:8 ] ] ] ]. Skipping.
Found a loop without a preheader at /usr/lib/gcc/aarch64-linux-gnu/11/../../../../include/c++/11/bits/stl_construct.h:162:4 @[ /usr/lib/gcc/aarch64-linux-gnu/11/../../../../include/c++/11/bits/stl_construct.h:195:7 @[ /usr/lib/gcc/aarch64-linux-gnu/11/../../../../include/c++/11/bits/alloc_traits.h:848:7 @[ /usr/lib/gcc/aarch64-linux-gnu/11/../../../../include/c++/11/bits/stl_vector.h:680:2 @[ src/universe/autoware_universe/perception/autoware_map_based_prediction/include/map_based_prediction/data_structure.hpp:80:8 ] ] ] ]. Skipping.
Found a loop without a preheader at /usr/lib/gcc/aarch64-linux-gnu/11/../../../../include/c++/11/bits/hashtable_policy.h:1912:7 @[ /usr/lib/gcc/aarch64-linux-gnu/11/../../../../include/c++/11/bits/hashtable.h:2320:13 @[ /usr/lib/gcc/aarch64-linux-gnu/11/../../../../include/c++/11/bits/hashtable.h:1532:7 ] ]. Skipping.
Found a loop without a preheader at /usr/lib/gcc/aarch64-linux-gnu/11/../../../../include/c++/11/bits/hashtable_policy.h:1912:7 @[ /usr/lib/gcc/aarch64-linux-gnu/11/../../../../include/c++/11/bits/hashtable.h:2320:13 ]. Skipping.
Found a loop without an exit block at /usr/lib/gcc/aarch64-linux-gnu/11/../../../../include/c++/11/bits/stl_algobase.h:2067:7. Skipping.
Found a loop without an exit block at /usr/lib/gcc/aarch64-linux-gnu/11/../../../../include/c++/11/bits/stl_algobase.h:2067:7. Skipping.
Found a loop without a preheader at /usr/lib/gcc/aarch64-linux-gnu/11/../../../../include/c++/11/bits/hashtable_policy.h:1912:7 @[ /usr/lib/gcc/aarch64-linux-gnu/11/../../../../include/c++/11/bits/hashtable.h:2320:13 @[ /usr/lib/gcc/aarch64-linux-gnu/11/../../../../include/c++/11/bits/hashtable.h:1532:7 ] ]. Skipping.
Found a loop without a preheader at /usr/lib/gcc/aarch64-linux-gnu/11/../../../../include/c++/11/bits/hashtable_policy.h:1912:7 @[ /usr/lib/gcc/aarch64-linux-gnu/11/../../../../include/c++/11/bits/hashtable.h:2320:13 @[ /usr/lib/gcc/aarch64-linux-gnu/11/../../../../include/c++/11/bits/hashtable.h:1532:7 ] ]. Skipping.
Found a loop without a preheader at /usr/lib/gcc/aarch64-linux-gnu/11/../../../../include/c++/11/bits/hashtable_policy.h:1912:7 @[ /usr/lib/gcc/aarch64-linux-gnu/11/../../../../include/c++/11/bits/hashtable.h:2320:13 @[ /usr/lib/gcc/aarch64-linux-gnu/11/../../../../include/c++/11/bits/hashtable.h:1532:7 ] ]. Skipping.
Found a loop without a preheader at /usr/lib/gcc/aarch64-linux-gnu/11/../../../../include/c++/11/bits/hashtable_policy.h:1912:7 @[ /usr/lib/gcc/aarch64-linux-gnu/11/../../../../include/c++/11/bits/hashtable.h:2320:13 @[ /usr/lib/gcc/aarch64-linux-gnu/11/../../../../include/c++/11/bits/hashtable.h:1532:7 ] ]. Skipping.
Found a loop without a preheader at /usr/lib/gcc/aarch64-linux-gnu/11/../../../../include/c++/11/bits/hashtable_policy.h:1912:7 @[ /usr/lib/gcc/aarch64-linux-gnu/11/../../../../include/c++/11/bits/hashtable.h:2320:13 @[ /usr/lib/gcc/aarch64-linux-gnu/11/../../../../include/c++/11/bits/hashtable.h:1532:7 ] ]. Skipping.
Found a loop without a preheader at /usr/lib/gcc/aarch64-linux-gnu/11/../../../../include/c++/11/bits/hashtable_policy.h:1912:7 @[ /usr/lib/gcc/aarch64-linux-gnu/11/../../../../include/c++/11/bits/hashtable.h:2320:13 @[ /usr/lib/gcc/aarch64-linux-gnu/11/../../../../include/c++/11/bits/hashtable.h:1532:7 ] ]. Skipping.
Found a loop without a preheader at /usr/lib/gcc/aarch64-linux-gnu/11/../../../../include/c++/11/bits/stl_construct.h:162:4 @[ /usr/lib/gcc/aarch64-linux-gnu/11/../../../../include/c++/11/bits/stl_construct.h:195:7 @[ /usr/lib/gcc/aarch64-linux-gnu/11/../../../../include/c++/11/bits/alloc_traits.h:848:7 @[ /usr/lib/gcc/aarch64-linux-gnu/11/../../../../include/c++/11/bits/stl_vector.h:680:2 @[ install/autoware_perception_msgs/include/autoware_perception_msgs/autoware_perception_msgs/msg/detail/predicted_object_kinematics__struct.hpp:43:8 @[ install/autoware_perception_msgs/include/autoware_perception_msgs/autoware_perception_msgs/msg/detail/predicted_object__struct.hpp:43:8 ] ] ] ] ]. Skipping.
Found a loop without a preheader at /usr/lib/gcc/aarch64-linux-gnu/11/../../../../include/c++/11/bits/stl_construct.h:162:4 @[ /usr/lib/gcc/aarch64-linux-gnu/11/../../../../include/c++/11/bits/stl_construct.h:195:7 @[ /usr/lib/gcc/aarch64-linux-gnu/11/../../../../include/c++/11/bits/alloc_traits.h:848:7 @[ /usr/lib/gcc/aarch64-linux-gnu/11/../../../../include/c++/11/bits/stl_vector.h:680:2 @[ src/universe/autoware_universe/perception/autoware_map_based_prediction/src/map_based_prediction_node.cpp:1722:1 ] ] ] ]. Skipping.
Found a loop without a preheader at /usr/lib/gcc/aarch64-linux-gnu/11/../../../../include/c++/11/bits/stl_uninitialized.h:91:8 @[ /usr/lib/gcc/aarch64-linux-gnu/11/../../../../include/c++/11/bits/stl_uninitialized.h:148:14 @[ /usr/lib/gcc/aarch64-linux-gnu/11/../../../../include/c++/11/bits/stl_uninitialized.h:333:14 @[ /usr/lib/gcc/aarch64-linux-gnu/11/../../../../include/c++/11/bits/stl_vector.h:558:4 @[ install/autoware_perception_msgs/include/autoware_perception_msgs/autoware_perception_msgs/msg/detail/predicted_path__struct.hpp:39:8 @[ /usr/lib/gcc/aarch64-linux-gnu/11/../../../../include/c++/11/ext/new_allocator.h:162:23 @[ /usr/lib/gcc/aarch64-linux-gnu/11/../../../../include/c++/11/bits/alloc_traits.h:516:8 @[ /usr/lib/gcc/aarch64-linux-gnu/11/../../../../include/c++/11/bits/stl_vector.h:1192:6 @[ src/universe/autoware_universe/perception/autoware_map_based_prediction/src/map_based_prediction_node.cpp:1595:57 ] ] ] ] ] ] ] ]. Skipping.
Found a loop without a preheader at /usr/lib/gcc/aarch64-linux-gnu/11/../../../../include/c++/11/bits/stl_uninitialized.h:91:8 @[ /usr/lib/gcc/aarch64-linux-gnu/11/../../../../include/c++/11/bits/stl_uninitialized.h:148:14 @[ /usr/lib/gcc/aarch64-linux-gnu/11/../../../../include/c++/11/bits/stl_uninitialized.h:333:14 @[ /usr/lib/gcc/aarch64-linux-gnu/11/../../../../include/c++/11/bits/stl_vector.h:558:4 @[ install/autoware_perception_msgs/include/autoware_perception_msgs/autoware_perception_msgs/msg/detail/predicted_path__struct.hpp:39:8 @[ /usr/lib/gcc/aarch64-linux-gnu/11/../../../../include/c++/11/ext/new_allocator.h:162:23 @[ /usr/lib/gcc/aarch64-linux-gnu/11/../../../../include/c++/11/bits/alloc_traits.h:516:8 @[ /usr/lib/gcc/aarch64-linux-gnu/11/../../../../include/c++/11/bits/stl_vector.h:1192:6 @[ src/universe/autoware_universe/perception/autoware_map_based_prediction/src/map_based_prediction_node.cpp:1612:54 ] ] ] ] ] ] ] ]. Skipping.
Found a loop without a preheader at /usr/lib/gcc/aarch64-linux-gnu/11/../../../../include/c++/11/bits/stl_construct.h:162:4 @[ /usr/lib/gcc/aarch64-linux-gnu/11/../../../../include/c++/11/bits/stl_construct.h:195:7 @[ /usr/lib/gcc/aarch64-linux-gnu/11/../../../../include/c++/11/bits/alloc_traits.h:848:7 @[ /usr/lib/gcc/aarch64-linux-gnu/11/../../../../include/c++/11/bits/stl_vector.h:680:2 @[ src/universe/autoware_universe/perception/autoware_map_based_prediction/src/map_based_prediction_node.cpp:1722:1 ] ] ] ]. Skipping.
Found a loop without a preheader at /usr/lib/gcc/aarch64-linux-gnu/11/../../../../include/c++/11/bits/stl_uninitialized.h:91:8 @[ /usr/lib/gcc/aarch64-linux-gnu/11/../../../../include/c++/11/bits/stl_uninitialized.h:148:14 @[ /usr/lib/gcc/aarch64-linux-gnu/11/../../../../include/c++/11/bits/stl_uninitialized.h:333:14 @[ /usr/lib/gcc/aarch64-linux-gnu/11/../../../../include/c++/11/bits/stl_vector.h:558:4 @[ install/autoware_perception_msgs/include/autoware_perception_msgs/autoware_perception_msgs/msg/detail/predicted_path__struct.hpp:39:8 @[ /usr/lib/gcc/aarch64-linux-gnu/11/../../../../include/c++/11/ext/new_allocator.h:162:23 @[ /usr/lib/gcc/aarch64-linux-gnu/11/../../../../include/c++/11/bits/alloc_traits.h:516:8 @[ /usr/lib/gcc/aarch64-linux-gnu/11/../../../../include/c++/11/bits/stl_vector.h:1192:6 @[ src/universe/autoware_universe/perception/autoware_map_based_prediction/src/map_based_prediction_node.cpp:1632:61 ] ] ] ] ] ] ] ]. Skipping.
Found a loop without a preheader at /usr/lib/gcc/aarch64-linux-gnu/11/../../../../include/c++/11/bits/stl_construct.h:162:4 @[ /usr/lib/gcc/aarch64-linux-gnu/11/../../../../include/c++/11/bits/stl_construct.h:195:7 @[ /usr/lib/gcc/aarch64-linux-gnu/11/../../../../include/c++/11/bits/alloc_traits.h:848:7 @[ /usr/lib/gcc/aarch64-linux-gnu/11/../../../../include/c++/11/bits/stl_vector.h:680:2 @[ src/universe/autoware_universe/perception/autoware_map_based_prediction/src/map_based_prediction_node.cpp:1722:1 ] ] ] ]. Skipping.
Found a loop without an exit block at src/universe/autoware_universe/perception/autoware_map_based_prediction/src/map_based_prediction_node.cpp:1716:3. Skipping.
Found a loop without a preheader at /usr/lib/gcc/aarch64-linux-gnu/11/../../../../include/c++/11/bits/stl_uninitialized.h:91:8 @[ /usr/lib/gcc/aarch64-linux-gnu/11/../../../../include/c++/11/bits/stl_uninitialized.h:148:14 @[ /usr/lib/gcc/aarch64-linux-gnu/11/../../../../include/c++/11/bits/stl_uninitialized.h:333:14 @[ /usr/lib/gcc/aarch64-linux-gnu/11/../../../../include/c++/11/bits/stl_vector.h:558:4 @[ install/autoware_perception_msgs/include/autoware_perception_msgs/autoware_perception_msgs/msg/detail/predicted_path__struct.hpp:39:8 @[ /usr/lib/gcc/aarch64-linux-gnu/11/../../../../include/c++/11/ext/new_allocator.h:162:23 @[ /usr/lib/gcc/aarch64-linux-gnu/11/../../../../include/c++/11/bits/alloc_traits.h:516:8 @[ /usr/lib/gcc/aarch64-linux-gnu/11/../../../../include/c++/11/bits/stl_vector.h:1192:6 @[ src/universe/autoware_universe/perception/autoware_map_based_prediction/src/map_based_prediction_node.cpp:1704:48 ] ] ] ] ] ] ] ]. Skipping.
Found a loop without an exit block at src/universe/autoware_universe/perception/autoware_map_based_prediction/src/map_based_prediction_node.cpp:1661:3. Skipping.
Found a loop without an exit block at src/universe/autoware_universe/perception/autoware_map_based_prediction/src/map_based_prediction_node.cpp:345:3 @[ src/universe/autoware_universe/perception/autoware_map_based_prediction/src/map_based_prediction_node.cpp:1654:5 ]. Skipping.
Found a loop without a preheader at /usr/lib/gcc/aarch64-linux-gnu/11/../../../../include/c++/11/bits/stl_uninitialized.h:91:8 @[ /usr/lib/gcc/aarch64-linux-gnu/11/../../../../include/c++/11/bits/stl_uninitialized.h:148:14 @[ /usr/lib/gcc/aarch64-linux-gnu/11/../../../../include/c++/11/bits/stl_uninitialized.h:333:14 @[ /usr/lib/gcc/aarch64-linux-gnu/11/../../../../include/c++/11/bits/stl_vector.h:558:4 @[ /opt/ros/humble/include/geometry_msgs/geometry_msgs/msg/detail/polygon__struct.hpp:37:8 @[ install/autoware_perception_msgs/include/autoware_perception_msgs/autoware_perception_msgs/msg/detail/shape__struct.hpp:39:8 @[ install/autoware_perception_msgs/include/autoware_perception_msgs/autoware_perception_msgs/msg/detail/tracked_object__struct.hpp:43:8 @[ src/universe/autoware_universe/perception/autoware_map_based_prediction/src/map_based_prediction_node.cpp:1650:36 ] ] ] ] ] ] ]. Skipping.
Found a loop without a preheader at /usr/lib/gcc/aarch64-linux-gnu/11/../../../../include/c++/11/bits/stl_construct.h:162:4 @[ /usr/lib/gcc/aarch64-linux-gnu/11/../../../../include/c++/11/bits/stl_construct.h:195:7 @[ /usr/lib/gcc/aarch64-linux-gnu/11/../../../../include/c++/11/bits/alloc_traits.h:848:7 @[ /usr/lib/gcc/aarch64-linux-gnu/11/../../../../include/c++/11/bits/stl_vector.h:680:2 @[ /opt/ros/humble/include/visualization_msgs/visualization_msgs/msg/detail/marker_array__struct.hpp:37:8 ] ] ] ]. Skipping.
Found a loop without a preheader at /usr/lib/gcc/aarch64-linux-gnu/11/../../../../include/c++/11/bits/hashtable.h:1837:7 @[ /usr/lib/gcc/aarch64-linux-gnu/11/../../../../include/c++/11/bits/hashtable.h:810:31 @[ /usr/lib/gcc/aarch64-linux-gnu/11/../../../../include/c++/11/bits/hashtable.h:1595:23 ] ]. Skipping.
Found a loop without a preheader at /usr/lib/gcc/aarch64-linux-gnu/11/../../../../include/c++/11/bits/hashtable.h:1837:7 @[ /usr/lib/gcc/aarch64-linux-gnu/11/../../../../include/c++/11/bits/hashtable.h:810:31 @[ /usr/lib/gcc/aarch64-linux-gnu/11/../../../../include/c++/11/bits/hashtable.h:1595:23 ] ]. Skipping.
Found a loop without a preheader at /usr/lib/gcc/aarch64-linux-gnu/11/../../../../include/c++/11/bits/stl_uninitialized.h:1031:7 @[ /usr/lib/gcc/aarch64-linux-gnu/11/../../../../include/c++/11/bits/stl_uninitialized.h:1046:14 @[ /usr/lib/gcc/aarch64-linux-gnu/11/../../../../include/c++/11/bits/stl_vector.h:456:9 @[ /usr/lib/gcc/aarch64-linux-gnu/11/../../../../include/c++/11/bits/stl_vector.h:469:9 @[ /usr/lib/gcc/aarch64-linux-gnu/11/../../../../include/c++/11/bits/vector.tcc:466:23 ] ] ] ]. Skipping.
Found a loop without a preheader at /usr/lib/gcc/aarch64-linux-gnu/11/../../../../include/c++/11/bits/stl_uninitialized.h:1031:7 @[ /usr/lib/gcc/aarch64-linux-gnu/11/../../../../include/c++/11/bits/stl_uninitialized.h:1046:14 @[ /usr/lib/gcc/aarch64-linux-gnu/11/../../../../include/c++/11/bits/stl_vector.h:456:9 @[ /usr/lib/gcc/aarch64-linux-gnu/11/../../../../include/c++/11/bits/stl_vector.h:469:9 @[ /usr/lib/gcc/aarch64-linux-gnu/11/../../../../include/c++/11/bits/vector.tcc:461:23 ] ] ] ]. Skipping.
Found a loop without a preheader at /usr/lib/gcc/aarch64-linux-gnu/11/../../../../include/c++/11/bits/stl_uninitialized.h:91:8 @[ /usr/lib/gcc/aarch64-linux-gnu/11/../../../../include/c++/11/bits/stl_uninitialized.h:148:14 @[ /usr/lib/gcc/aarch64-linux-gnu/11/../../../../include/c++/11/bits/stl_uninitialized.h:333:14 @[ /usr/lib/gcc/aarch64-linux-gnu/11/../../../../include/c++/11/bits/stl_vector.h:558:4 @[ /opt/ros/humble/include/geometry_msgs/geometry_msgs/msg/detail/polygon__struct.hpp:37:8 @[ install/autoware_perception_msgs/include/autoware_perception_msgs/autoware_perception_msgs/msg/detail/shape__struct.hpp:39:8 @[ install/autoware_perception_msgs/include/autoware_perception_msgs/autoware_perception_msgs/msg/detail/predicted_object__struct.hpp:43:8 ] ] ] ] ] ]. Skipping.
Found a loop without a preheader at /usr/lib/gcc/aarch64-linux-gnu/11/../../../../include/c++/11/bits/stl_construct.h:162:4 @[ /usr/lib/gcc/aarch64-linux-gnu/11/../../../../include/c++/11/bits/stl_construct.h:195:7 @[ /usr/lib/gcc/aarch64-linux-gnu/11/../../../../include/c++/11/bits/alloc_traits.h:848:7 @[ /usr/lib/gcc/aarch64-linux-gnu/11/../../../../include/c++/11/bits/stl_vector.h:680:2 @[ install/autoware_perception_msgs/include/autoware_perception_msgs/autoware_perception_msgs/msg/detail/predicted_object_kinematics__struct.hpp:43:8 ] ] ] ]. Skipping.
Found a loop without a preheader at /usr/lib/gcc/aarch64-linux-gnu/11/../../../../include/c++/11/bits/stl_uninitialized.h:91:8. Skipping.
Found a loop without a preheader at /usr/lib/gcc/aarch64-linux-gnu/11/../../../../include/c++/11/bits/stl_construct.h:162:4 @[ /usr/lib/gcc/aarch64-linux-gnu/11/../../../../include/c++/11/bits/stl_construct.h:195:7 ]. Skipping.
Found a loop without a preheader at /usr/lib/gcc/aarch64-linux-gnu/11/../../../../include/c++/11/bits/stl_construct.h:162:4 @[ /usr/lib/gcc/aarch64-linux-gnu/11/../../../../include/c++/11/bits/stl_construct.h:195:7 @[ /usr/lib/gcc/aarch64-linux-gnu/11/../../../../include/c++/11/bits/alloc_traits.h:848:7 @[ /usr/lib/gcc/aarch64-linux-gnu/11/../../../../include/c++/11/bits/stl_vector.h:680:2 ] ] ]. Skipping.
Found a loop without a preheader at /usr/lib/gcc/aarch64-linux-gnu/11/../../../../include/c++/11/bits/stl_construct.h:162:4 @[ /usr/lib/gcc/aarch64-linux-gnu/11/../../../../include/c++/11/bits/stl_construct.h:195:7 @[ /usr/lib/gcc/aarch64-linux-gnu/11/../../../../include/c++/11/bits/alloc_traits.h:848:7 @[ /usr/lib/gcc/aarch64-linux-gnu/11/../../../../include/c++/11/bits/stl_vector.h:680:2 @[ install/autoware_perception_msgs/include/autoware_perception_msgs/autoware_perception_msgs/msg/detail/predicted_object_kinematics__struct.hpp:43:8 @[ install/autoware_perception_msgs/include/autoware_perception_msgs/autoware_perception_msgs/msg/detail/predicted_object__struct.hpp:43:8 @[ /usr/lib/gcc/aarch64-linux-gnu/11/../../../../include/c++/11/ext/new_allocator.h:168:10 ] ] ] ] ] ]. Skipping.
Found a loop without a preheader at /usr/lib/gcc/aarch64-linux-gnu/11/../../../../include/c++/11/bits/stl_construct.h:162:4. Skipping.
Found a loop without a preheader at /usr/lib/gcc/aarch64-linux-gnu/11/../../../../include/c++/11/bits/stl_construct.h:162:4 @[ /usr/lib/gcc/aarch64-linux-gnu/11/../../../../include/c++/11/bits/stl_construct.h:195:7 @[ /usr/lib/gcc/aarch64-linux-gnu/11/../../../../include/c++/11/bits/alloc_traits.h:848:7 @[ /usr/lib/gcc/aarch64-linux-gnu/11/../../../../include/c++/11/bits/stl_vector.h:680:2 @[ install/autoware_perception_msgs/include/autoware_perception_msgs/autoware_perception_msgs/msg/detail/predicted_object_kinematics__struct.hpp:43:8 @[ install/autoware_perception_msgs/include/autoware_perception_msgs/autoware_perception_msgs/msg/detail/predicted_object__struct.hpp:43:8 @[ /usr/lib/gcc/aarch64-linux-gnu/11/../../../../include/c++/11/optional:260:23 ] ] ] ] ] ]. Skipping.
Found a loop without a preheader at /usr/lib/gcc/aarch64-linux-gnu/11/../../../../include/c++/11/bits/stl_uninitialized.h:1031:7 @[ /usr/lib/gcc/aarch64-linux-gnu/11/../../../../include/c++/11/bits/stl_uninitialized.h:1046:14 @[ /usr/lib/gcc/aarch64-linux-gnu/11/../../../../include/c++/11/bits/stl_vector.h:456:9 @[ /usr/lib/gcc/aarch64-linux-gnu/11/../../../../include/c++/11/bits/stl_vector.h:469:9 @[ /usr/lib/gcc/aarch64-linux-gnu/11/../../../../include/c++/11/bits/vector.tcc:466:23 ] ] ] ]. Skipping.
Found a loop without a preheader at /usr/lib/gcc/aarch64-linux-gnu/11/../../../../include/c++/11/bits/stl_uninitialized.h:1031:7 @[ /usr/lib/gcc/aarch64-linux-gnu/11/../../../../include/c++/11/bits/stl_uninitialized.h:1046:14 @[ /usr/lib/gcc/aarch64-linux-gnu/11/../../../../include/c++/11/bits/stl_vector.h:456:9 @[ /usr/lib/gcc/aarch64-linux-gnu/11/../../../../include/c++/11/bits/stl_vector.h:469:9 @[ /usr/lib/gcc/aarch64-linux-gnu/11/../../../../include/c++/11/bits/vector.tcc:461:23 ] ] ] ]. Skipping.
Found a loop without a preheader at /usr/lib/gcc/aarch64-linux-gnu/11/../../../../include/c++/11/bits/stl_uninitialized.h:91:8 @[ /usr/lib/gcc/aarch64-linux-gnu/11/../../../../include/c++/11/bits/stl_uninitialized.h:148:14 @[ /usr/lib/gcc/aarch64-linux-gnu/11/../../../../include/c++/11/bits/stl_uninitialized.h:333:14 @[ /usr/lib/gcc/aarch64-linux-gnu/11/../../../../include/c++/11/bits/stl_vector.h:558:4 @[ install/autoware_perception_msgs/include/autoware_perception_msgs/autoware_perception_msgs/msg/detail/predicted_path__struct.hpp:39:8 @[ /usr/lib/gcc/aarch64-linux-gnu/11/../../../../include/c++/11/ext/new_allocator.h:162:23 @[ /usr/lib/gcc/aarch64-linux-gnu/11/../../../../include/c++/11/bits/alloc_traits.h:516:8 @[ /usr/lib/gcc/aarch64-linux-gnu/11/../../../../include/c++/11/bits/vector.tcc:449:4 ] ] ] ] ] ] ]. Skipping.
Found a loop without a preheader at /usr/lib/gcc/aarch64-linux-gnu/11/../../../../include/c++/11/bits/stl_uninitialized.h:91:8 @[ /usr/lib/gcc/aarch64-linux-gnu/11/../../../../include/c++/11/bits/stl_uninitialized.h:148:14 @[ /usr/lib/gcc/aarch64-linux-gnu/11/../../../../include/c++/11/bits/stl_uninitialized.h:333:14 @[ /usr/lib/gcc/aarch64-linux-gnu/11/../../../../include/c++/11/bits/stl_uninitialized.h:354:14 @[ /usr/lib/gcc/aarch64-linux-gnu/11/../../../../include/c++/11/bits/vector.tcc:782:11 ] ] ] ]. Skipping.
Found a loop without an exit block at /usr/lib/gcc/aarch64-linux-gnu/11/../../../../include/c++/11/bits/stl_uninitialized.h:91:8 @[ /usr/lib/gcc/aarch64-linux-gnu/11/../../../../include/c++/11/bits/stl_uninitialized.h:148:14 @[ /usr/lib/gcc/aarch64-linux-gnu/11/../../../../include/c++/11/bits/stl_uninitialized.h:333:14 @[ /usr/lib/gcc/aarch64-linux-gnu/11/../../../../include/c++/11/bits/vector.tcc:778:11 ] ] ]. Skipping.
Found a loop without a preheader at /usr/lib/gcc/aarch64-linux-gnu/11/../../../../include/c++/11/bits/stl_uninitialized.h:91:8 @[ /usr/lib/gcc/aarch64-linux-gnu/11/../../../../include/c++/11/bits/stl_uninitialized.h:148:14 @[ /usr/lib/gcc/aarch64-linux-gnu/11/../../../../include/c++/11/bits/stl_uninitialized.h:333:14 @[ /usr/lib/gcc/aarch64-linux-gnu/11/../../../../include/c++/11/bits/stl_uninitialized.h:354:14 @[ /usr/lib/gcc/aarch64-linux-gnu/11/../../../../include/c++/11/bits/vector.tcc:774:11 ] ] ] ]. Skipping.
Found a loop without a preheader at /usr/lib/gcc/aarch64-linux-gnu/11/../../../../include/c++/11/bits/stl_uninitialized.h:91:8 @[ /usr/lib/gcc/aarch64-linux-gnu/11/../../../../include/c++/11/bits/stl_uninitialized.h:148:14 @[ /usr/lib/gcc/aarch64-linux-gnu/11/../../../../include/c++/11/bits/stl_uninitialized.h:333:14 @[ /usr/lib/gcc/aarch64-linux-gnu/11/../../../../include/c++/11/bits/stl_uninitialized.h:341:14 @[ /usr/lib/gcc/aarch64-linux-gnu/11/../../../../include/c++/11/bits/vector.tcc:736:7 ] ] ] ]. Skipping.
Found a loop without a preheader at /usr/lib/gcc/aarch64-linux-gnu/11/../../../../include/c++/11/bits/stl_uninitialized.h:91:8 @[ /usr/lib/gcc/aarch64-linux-gnu/11/../../../../include/c++/11/bits/stl_uninitialized.h:148:14 @[ /usr/lib/gcc/aarch64-linux-gnu/11/../../../../include/c++/11/bits/stl_uninitialized.h:333:14 @[ /usr/lib/gcc/aarch64-linux-gnu/11/../../../../include/c++/11/bits/stl_uninitialized.h:341:14 @[ /usr/lib/gcc/aarch64-linux-gnu/11/../../../../include/c++/11/bits/vector.tcc:756:7 ] ] ] ]. Skipping.
Found a loop without a preheader at /usr/lib/gcc/aarch64-linux-gnu/11/../../../../include/c++/11/bits/stl_uninitialized.h:91:8 @[ /usr/lib/gcc/aarch64-linux-gnu/11/../../../../include/c++/11/bits/stl_uninitialized.h:148:14 @[ /usr/lib/gcc/aarch64-linux-gnu/11/../../../../include/c++/11/bits/stl_uninitialized.h:333:14 @[ /usr/lib/gcc/aarch64-linux-gnu/11/../../../../include/c++/11/bits/vector.tcc:751:7 ] ] ]. Skipping.
Found a loop without a preheader at /usr/lib/gcc/aarch64-linux-gnu/11/../../../../include/c++/11/bits/stl_construct.h:162:4 @[ /usr/lib/gcc/aarch64-linux-gnu/11/../../../../include/c++/11/bits/stl_construct.h:195:7 @[ /usr/lib/gcc/aarch64-linux-gnu/11/../../../../include/c++/11/bits/alloc_traits.h:848:7 @[ /usr/lib/gcc/aarch64-linux-gnu/11/../../../../include/c++/11/bits/stl_vector.h:680:2 @[ /usr/lib/gcc/aarch64-linux-gnu/11/../../../../include/c++/11/bits/stl_vector.h:1821:7 @[ /usr/lib/gcc/aarch64-linux-gnu/11/../../../../include/c++/11/bits/stl_vector.h:714:2 @[ install/autoware_perception_msgs/include/autoware_perception_msgs/autoware_perception_msgs/msg/detail/predicted_object_kinematics__struct.hpp:43:8 @[ install/autoware_perception_msgs/include/autoware_perception_msgs/autoware_perception_msgs/msg/detail/predicted_object__struct.hpp:43:8 ] ] ] ] ] ] ]. Skipping.
Found a loop without a preheader at /usr/lib/gcc/aarch64-linux-gnu/11/../../../../include/c++/11/bits/stl_construct.h:162:4 @[ /usr/lib/gcc/aarch64-linux-gnu/11/../../../../include/c++/11/bits/stl_construct.h:195:7 @[ /usr/lib/gcc/aarch64-linux-gnu/11/../../../../include/c++/11/bits/alloc_traits.h:848:7 @[ /usr/lib/gcc/aarch64-linux-gnu/11/../../../../include/c++/11/bits/vector.tcc:228:8 ] ] ]. Skipping.
Found a loop without a preheader at /usr/lib/gcc/aarch64-linux-gnu/11/../../../../include/c++/11/bits/stl_construct.h:162:4 @[ /usr/lib/gcc/aarch64-linux-gnu/11/../../../../include/c++/11/bits/stl_construct.h:195:7 @[ /usr/lib/gcc/aarch64-linux-gnu/11/../../../../include/c++/11/bits/alloc_traits.h:848:7 @[ /usr/lib/gcc/aarch64-linux-gnu/11/../../../../include/c++/11/bits/vector.tcc:238:8 ] ] ]. Skipping.
Found a loop without a preheader at /usr/lib/gcc/aarch64-linux-gnu/11/../../../../include/c++/11/bits/stl_uninitialized.h:91:8 @[ /usr/lib/gcc/aarch64-linux-gnu/11/../../../../include/c++/11/bits/stl_uninitialized.h:148:14 @[ /usr/lib/gcc/aarch64-linux-gnu/11/../../../../include/c++/11/bits/stl_uninitialized.h:333:14 @[ /usr/lib/gcc/aarch64-linux-gnu/11/../../../../include/c++/11/bits/vector.tcc:245:8 ] ] ]. Skipping.
Found a loop without a preheader at /usr/lib/gcc/aarch64-linux-gnu/11/../../../../include/c++/11/bits/stl_uninitialized.h:91:8. Skipping.
Found a loop without a preheader at /usr/lib/gcc/aarch64-linux-gnu/11/../../../../include/c++/11/bits/stl_uninitialized.h:91:8 @[ /usr/lib/gcc/aarch64-linux-gnu/11/../../../../include/c++/11/bits/stl_uninitialized.h:148:14 @[ /usr/lib/gcc/aarch64-linux-gnu/11/../../../../include/c++/11/bits/stl_uninitialized.h:333:14 @[ /usr/lib/gcc/aarch64-linux-gnu/11/../../../../include/c++/11/bits/vector.tcc:245:8 ] ] ]. Skipping.
Found a loop without a preheader at /usr/lib/gcc/aarch64-linux-gnu/11/../../../../include/c++/11/bits/hashtable.h:1837:7 @[ /usr/lib/gcc/aarch64-linux-gnu/11/../../../../include/c++/11/bits/hashtable.h:810:31 @[ /usr/lib/gcc/aarch64-linux-gnu/11/../../../../include/c++/11/bits/hashtable.h:1610:29 ] ]. Skipping.
Found a loop without a preheader at /usr/lib/gcc/aarch64-linux-gnu/11/../../../../include/c++/11/bits/hashtable.h:1837:7 @[ /usr/lib/gcc/aarch64-linux-gnu/11/../../../../include/c++/11/bits/hashtable.h:810:31 @[ /usr/lib/gcc/aarch64-linux-gnu/11/../../../../include/c++/11/bits/hashtable.h:1610:29 ] ]. Skipping.
Found a loop without an exit block at /usr/lib/gcc/aarch64-linux-gnu/11/../../../../include/c++/11/bits/shared_ptr_base.h:259:7 @[ /usr/lib/gcc/aarch64-linux-gnu/11/../../../../include/c++/11/bits/shared_ptr_base.h:872:39 @[ /usr/lib/gcc/aarch64-linux-gnu/11/../../../../include/c++/11/bits/shared_ptr_base.h:1178:4 @[ /usr/lib/gcc/aarch64-linux-gnu/11/../../../../include/c++/11/bits/shared_ptr.h:326:4 @[ /usr/lib/gcc/aarch64-linux-gnu/11/../../../../include/c++/11/bits/shared_ptr.h:808:16 @[ ros2_caret_ws/install/include/rclcpp/rclcpp/publisher.hpp:207:70 ] ] ] ] ]. Skipping.
Found a loop without a preheader at /usr/lib/gcc/aarch64-linux-gnu/11/../../../../include/c++/11/bits/hashtable.h:1837:7 @[ /usr/lib/gcc/aarch64-linux-gnu/11/../../../../include/c++/11/bits/hashtable.h:810:31 @[ /usr/lib/gcc/aarch64-linux-gnu/11/../../../../include/c++/11/bits/hashtable.h:1970:23 ] ]. Skipping.
Found a loop without a preheader at /usr/lib/gcc/aarch64-linux-gnu/11/../../../../include/c++/11/bits/hashtable.h:1837:7 @[ /usr/lib/gcc/aarch64-linux-gnu/11/../../../../include/c++/11/bits/hashtable.h:810:31 @[ /usr/lib/gcc/aarch64-linux-gnu/11/../../../../include/c++/11/bits/hashtable_policy.h:704:30 ] ]. Skipping.
Found a loop without a preheader at /usr/lib/gcc/aarch64-linux-gnu/11/../../../../include/c++/11/bits/hashtable.h:1837:7 @[ /usr/lib/gcc/aarch64-linux-gnu/11/../../../../include/c++/11/bits/hashtable.h:810:31 @[ /usr/lib/gcc/aarch64-linux-gnu/11/../../../../include/c++/11/bits/hashtable_policy.h:704:30 ] ]. Skipping.
Found a loop without a preheader at /usr/lib/gcc/aarch64-linux-gnu/11/../../../../include/c++/11/bits/hashtable.h:2386:7. Skipping.
Found a loop without a preheader at /usr/lib/gcc/aarch64-linux-gnu/11/../../../../include/c++/11/bits/hashtable.h:1837:7 @[ /usr/lib/gcc/aarch64-linux-gnu/11/../../../../include/c++/11/bits/hashtable.h:810:31 @[ /usr/lib/gcc/aarch64-linux-gnu/11/../../../../include/c++/11/bits/hashtable.h:1595:23 ] ]. Skipping.
Found a loop without a preheader at /usr/lib/gcc/aarch64-linux-gnu/11/../../../../include/c++/11/bits/hashtable.h:1837:7 @[ /usr/lib/gcc/aarch64-linux-gnu/11/../../../../include/c++/11/bits/hashtable.h:810:31 @[ /usr/lib/gcc/aarch64-linux-gnu/11/../../../../include/c++/11/bits/hashtable.h:1595:23 ] ]. Skipping.
Found a loop without an exit block at /usr/lib/gcc/aarch64-linux-gnu/11/../../../../include/c++/11/bits/shared_ptr_base.h:259:7 @[ /usr/lib/gcc/aarch64-linux-gnu/11/../../../../include/c++/11/bits/shared_ptr_base.h:883:28 @[ /usr/lib/gcc/aarch64-linux-gnu/11/../../../../include/c++/11/bits/shared_ptr_base.h:1353:9 @[ /usr/lib/gcc/aarch64-linux-gnu/11/../../../../include/c++/11/bits/shared_ptr.h:418:9 @[ /usr/lib/gcc/aarch64-linux-gnu/11/../../../../include/c++/11/bits/shared_ptr.h:750:16 @[ ros2_caret_ws/install/include/rclcpp/rclcpp/publisher.hpp:561:26 ] ] ] ] ]. Skipping.
Found a loop without an exit block at /usr/lib/gcc/aarch64-linux-gnu/11/../../../../include/c++/11/bits/shared_ptr_base.h:259:7 @[ /usr/lib/gcc/aarch64-linux-gnu/11/../../../../include/c++/11/bits/shared_ptr_base.h:883:28 @[ /usr/lib/gcc/aarch64-linux-gnu/11/../../../../include/c++/11/bits/shared_ptr_base.h:1353:9 @[ /usr/lib/gcc/aarch64-linux-gnu/11/../../../../include/c++/11/bits/shared_ptr.h:418:9 @[ /usr/lib/gcc/aarch64-linux-gnu/11/../../../../include/c++/11/bits/shared_ptr.h:750:16 @[ ros2_caret_ws/install/include/rclcpp/rclcpp/publisher.hpp:537:26 ] ] ] ] ]. Skipping.
Found a loop without a preheader at /usr/lib/gcc/aarch64-linux-gnu/11/../../../../include/c++/11/bits/hashtable.h:1837:7 @[ /usr/lib/gcc/aarch64-linux-gnu/11/../../../../include/c++/11/bits/hashtable.h:810:31 @[ /usr/lib/gcc/aarch64-linux-gnu/11/../../../../include/c++/11/bits/hashtable.h:1595:23 @[ /usr/lib/gcc/aarch64-linux-gnu/11/../../../../include/c++/11/bits/unordered_map.h:869:21 @[ ros2_caret_ws/install/include/rclcpp/rclcpp/experimental/intra_process_manager.hpp:260:38 ] ] ] ]. Skipping.
Found a loop without an exit block at /usr/lib/gcc/aarch64-linux-gnu/11/../../../../include/c++/11/shared_mutex:228:7 @[ /usr/lib/gcc/aarch64-linux-gnu/11/../../../../include/c++/11/shared_mutex:489:33 @[ /usr/lib/gcc/aarch64-linux-gnu/11/../../../../include/c++/11/shared_mutex:727:13 @[ ros2_caret_ws/install/include/rclcpp/rclcpp/experimental/intra_process_manager.hpp:258:47 ] ] ]. Skipping.
Found a loop without an exit block at ros2_caret_ws/install/include/rclcpp/rclcpp/experimental/intra_process_manager.hpp:363:5. Skipping.
Found a loop without an exit block at ros2_caret_ws/install/include/rclcpp/rclcpp/experimental/intra_process_manager.hpp:442:5. Skipping.
Found a loop without a preheader at /usr/lib/gcc/aarch64-linux-gnu/11/../../../../include/c++/11/bits/hashtable.h:1837:7 @[ /usr/lib/gcc/aarch64-linux-gnu/11/../../../../include/c++/11/bits/hashtable.h:810:31 @[ /usr/lib/gcc/aarch64-linux-gnu/11/../../../../include/c++/11/bits/hashtable.h:1595:23 @[ /usr/lib/gcc/aarch64-linux-gnu/11/../../../../include/c++/11/bits/unordered_map.h:869:21 @[ ros2_caret_ws/install/include/rclcpp/rclcpp/experimental/intra_process_manager.hpp:196:38 ] ] ] ]. Skipping.
Found a loop without an exit block at /usr/lib/gcc/aarch64-linux-gnu/11/../../../../include/c++/11/shared_mutex:228:7 @[ /usr/lib/gcc/aarch64-linux-gnu/11/../../../../include/c++/11/shared_mutex:489:33 @[ /usr/lib/gcc/aarch64-linux-gnu/11/../../../../include/c++/11/shared_mutex:727:13 @[ ros2_caret_ws/install/include/rclcpp/rclcpp/experimental/intra_process_manager.hpp:194:47 ] ] ]. Skipping.
Found a loop without a preheader at /usr/lib/gcc/aarch64-linux-gnu/11/../../../../include/c++/11/bits/stl_construct.h:162:4 @[ /usr/lib/gcc/aarch64-linux-gnu/11/../../../../include/c++/11/bits/stl_construct.h:195:7 @[ /usr/lib/gcc/aarch64-linux-gnu/11/../../../../include/c++/11/bits/alloc_traits.h:848:7 @[ /usr/lib/gcc/aarch64-linux-gnu/11/../../../../include/c++/11/bits/stl_vector.h:680:2 @[ /opt/ros/humble/include/visualization_msgs/visualization_msgs/msg/detail/marker_array__struct.hpp:37:8 @[ /usr/lib/gcc/aarch64-linux-gnu/11/../../../../include/c++/11/bits/unique_ptr.h:85:2 @[ /usr/lib/gcc/aarch64-linux-gnu/11/../../../../include/c++/11/bits/unique_ptr.h:361:4 @[ ros2_caret_ws/install/include/rclcpp/rclcpp/publisher.hpp:308:5 ] ] ] ] ] ] ]. Skipping.
Found a loop without a preheader at /usr/lib/gcc/aarch64-linux-gnu/11/../../../../include/c++/11/bits/stl_uninitialized.h:91:8 @[ /usr/lib/gcc/aarch64-linux-gnu/11/../../../../include/c++/11/bits/stl_uninitialized.h:148:14 @[ /usr/lib/gcc/aarch64-linux-gnu/11/../../../../include/c++/11/bits/stl_uninitialized.h:333:14 @[ /usr/lib/gcc/aarch64-linux-gnu/11/../../../../include/c++/11/bits/stl_vector.h:558:4 ] ] ]. Skipping.
Found a loop without an exit block at /usr/lib/gcc/aarch64-linux-gnu/11/../../../../include/c++/11/bits/shared_ptr_base.h:259:7 @[ /usr/lib/gcc/aarch64-linux-gnu/11/../../../../include/c++/11/bits/shared_ptr_base.h:883:28 @[ /usr/lib/gcc/aarch64-linux-gnu/11/../../../../include/c++/11/bits/shared_ptr_base.h:1353:9 @[ /usr/lib/gcc/aarch64-linux-gnu/11/../../../../include/c++/11/bits/shared_ptr.h:418:9 @[ /usr/lib/gcc/aarch64-linux-gnu/11/../../../../include/c++/11/bits/shared_ptr.h:750:16 @[ ros2_caret_ws/install/include/rclcpp/rclcpp/publisher.hpp:561:26 ] ] ] ] ]. Skipping.
Found a loop without an exit block at /usr/lib/gcc/aarch64-linux-gnu/11/../../../../include/c++/11/bits/shared_ptr_base.h:259:7 @[ /usr/lib/gcc/aarch64-linux-gnu/11/../../../../include/c++/11/bits/shared_ptr_base.h:883:28 @[ /usr/lib/gcc/aarch64-linux-gnu/11/../../../../include/c++/11/bits/shared_ptr_base.h:1353:9 @[ /usr/lib/gcc/aarch64-linux-gnu/11/../../../../include/c++/11/bits/shared_ptr.h:418:9 @[ /usr/lib/gcc/aarch64-linux-gnu/11/../../../../include/c++/11/bits/shared_ptr.h:750:16 @[ ros2_caret_ws/install/include/rclcpp/rclcpp/publisher.hpp:537:26 ] ] ] ] ]. Skipping.
Found a loop without a preheader at /usr/lib/gcc/aarch64-linux-gnu/11/../../../../include/c++/11/bits/hashtable.h:1837:7 @[ /usr/lib/gcc/aarch64-linux-gnu/11/../../../../include/c++/11/bits/hashtable.h:810:31 @[ /usr/lib/gcc/aarch64-linux-gnu/11/../../../../include/c++/11/bits/hashtable.h:1595:23 @[ /usr/lib/gcc/aarch64-linux-gnu/11/../../../../include/c++/11/bits/unordered_map.h:869:21 @[ ros2_caret_ws/install/include/rclcpp/rclcpp/experimental/intra_process_manager.hpp:260:38 ] ] ] ]. Skipping.
Found a loop without an exit block at /usr/lib/gcc/aarch64-linux-gnu/11/../../../../include/c++/11/shared_mutex:228:7 @[ /usr/lib/gcc/aarch64-linux-gnu/11/../../../../include/c++/11/shared_mutex:489:33 @[ /usr/lib/gcc/aarch64-linux-gnu/11/../../../../include/c++/11/shared_mutex:727:13 @[ ros2_caret_ws/install/include/rclcpp/rclcpp/experimental/intra_process_manager.hpp:258:47 ] ] ]. Skipping.
Found a loop without an exit block at ros2_caret_ws/install/include/rclcpp/rclcpp/experimental/intra_process_manager.hpp:363:5. Skipping.
Found a loop without an exit block at ros2_caret_ws/install/include/rclcpp/rclcpp/experimental/intra_process_manager.hpp:442:5. Skipping.
Found a loop without a preheader at /usr/lib/gcc/aarch64-linux-gnu/11/../../../../include/c++/11/bits/hashtable.h:1837:7 @[ /usr/lib/gcc/aarch64-linux-gnu/11/../../../../include/c++/11/bits/hashtable.h:810:31 @[ /usr/lib/gcc/aarch64-linux-gnu/11/../../../../include/c++/11/bits/hashtable.h:1595:23 @[ /usr/lib/gcc/aarch64-linux-gnu/11/../../../../include/c++/11/bits/unordered_map.h:869:21 @[ ros2_caret_ws/install/include/rclcpp/rclcpp/experimental/intra_process_manager.hpp:196:38 ] ] ] ]. Skipping.
Found a loop without an exit block at /usr/lib/gcc/aarch64-linux-gnu/11/../../../../include/c++/11/shared_mutex:228:7 @[ /usr/lib/gcc/aarch64-linux-gnu/11/../../../../include/c++/11/shared_mutex:489:33 @[ /usr/lib/gcc/aarch64-linux-gnu/11/../../../../include/c++/11/shared_mutex:727:13 @[ ros2_caret_ws/install/include/rclcpp/rclcpp/experimental/intra_process_manager.hpp:194:47 ] ] ]. Skipping.
Found a loop without an exit block at /usr/lib/gcc/aarch64-linux-gnu/11/../../../../include/c++/11/bits/shared_ptr_base.h:259:7 @[ /usr/lib/gcc/aarch64-linux-gnu/11/../../../../include/c++/11/bits/shared_ptr_base.h:872:39 @[ /usr/lib/gcc/aarch64-linux-gnu/11/../../../../include/c++/11/bits/shared_ptr_base.h:1178:4 @[ /usr/lib/gcc/aarch64-linux-gnu/11/../../../../include/c++/11/bits/shared_ptr.h:326:4 @[ /usr/lib/gcc/aarch64-linux-gnu/11/../../../../include/c++/11/bits/shared_ptr.h:808:16 @[ ros2_caret_ws/install/include/rclcpp/rclcpp/publisher.hpp:207:70 ] ] ] ] ]. Skipping.
Found a loop without a preheader at /usr/lib/gcc/aarch64-linux-gnu/11/../../../../include/c++/11/bits/hashtable.h:1837:7 @[ /usr/lib/gcc/aarch64-linux-gnu/11/../../../../include/c++/11/bits/hashtable.h:810:31 @[ /usr/lib/gcc/aarch64-linux-gnu/11/../../../../include/c++/11/bits/hashtable.h:1970:23 ] ]. Skipping.
Found a loop without a preheader at /usr/lib/gcc/aarch64-linux-gnu/11/../../../../include/c++/11/bits/stl_tree.h:2068:7 @[ /usr/lib/gcc/aarch64-linux-gnu/11/../../../../include/c++/11/bits/stl_tree.h:2193:13 ]. Skipping.
Found a loop without a preheader at /usr/lib/gcc/aarch64-linux-gnu/11/../../../../include/c++/11/bits/stl_tree.h:2068:7 @[ /usr/lib/gcc/aarch64-linux-gnu/11/../../../../include/c++/11/bits/stl_tree.h:2209:13 ]. Skipping.
Found a loop without an exit block at /usr/lib/gcc/aarch64-linux-gnu/11/../../../../include/c++/11/bits/shared_ptr_base.h:259:7 @[ /usr/lib/gcc/aarch64-linux-gnu/11/../../../../include/c++/11/bits/shared_ptr_base.h:883:28 @[ /usr/lib/gcc/aarch64-linux-gnu/11/../../../../include/c++/11/bits/shared_ptr_base.h:1353:9 @[ /usr/lib/gcc/aarch64-linux-gnu/11/../../../../include/c++/11/bits/shared_ptr.h:418:9 @[ /usr/lib/gcc/aarch64-linux-gnu/11/../../../../include/c++/11/bits/shared_ptr.h:750:16 @[ ros2_caret_ws/install/include/rclcpp/rclcpp/publisher.hpp:561:26 ] ] ] ] ]. Skipping.
Found a loop without an exit block at /usr/lib/gcc/aarch64-linux-gnu/11/../../../../include/c++/11/bits/shared_ptr_base.h:259:7 @[ /usr/lib/gcc/aarch64-linux-gnu/11/../../../../include/c++/11/bits/shared_ptr_base.h:883:28 @[ /usr/lib/gcc/aarch64-linux-gnu/11/../../../../include/c++/11/bits/shared_ptr_base.h:1353:9 @[ /usr/lib/gcc/aarch64-linux-gnu/11/../../../../include/c++/11/bits/shared_ptr.h:418:9 @[ /usr/lib/gcc/aarch64-linux-gnu/11/../../../../include/c++/11/bits/shared_ptr.h:750:16 @[ ros2_caret_ws/install/include/rclcpp/rclcpp/publisher.hpp:537:26 ] ] ] ] ]. Skipping.
Found a loop without a preheader at /usr/lib/gcc/aarch64-linux-gnu/11/../../../../include/c++/11/bits/hashtable.h:1837:7 @[ /usr/lib/gcc/aarch64-linux-gnu/11/../../../../include/c++/11/bits/hashtable.h:810:31 @[ /usr/lib/gcc/aarch64-linux-gnu/11/../../../../include/c++/11/bits/hashtable.h:1595:23 @[ /usr/lib/gcc/aarch64-linux-gnu/11/../../../../include/c++/11/bits/unordered_map.h:869:21 @[ ros2_caret_ws/install/include/rclcpp/rclcpp/experimental/intra_process_manager.hpp:260:38 ] ] ] ]. Skipping.
Found a loop without an exit block at /usr/lib/gcc/aarch64-linux-gnu/11/../../../../include/c++/11/shared_mutex:228:7 @[ /usr/lib/gcc/aarch64-linux-gnu/11/../../../../include/c++/11/shared_mutex:489:33 @[ /usr/lib/gcc/aarch64-linux-gnu/11/../../../../include/c++/11/shared_mutex:727:13 @[ ros2_caret_ws/install/include/rclcpp/rclcpp/experimental/intra_process_manager.hpp:258:47 ] ] ]. Skipping.
Found a loop without an exit block at ros2_caret_ws/install/include/rclcpp/rclcpp/experimental/intra_process_manager.hpp:363:5. Skipping.
Found a loop without an exit block at ros2_caret_ws/install/include/rclcpp/rclcpp/experimental/intra_process_manager.hpp:442:5. Skipping.
Found a loop without a preheader at /usr/lib/gcc/aarch64-linux-gnu/11/../../../../include/c++/11/bits/hashtable.h:1837:7 @[ /usr/lib/gcc/aarch64-linux-gnu/11/../../../../include/c++/11/bits/hashtable.h:810:31 @[ /usr/lib/gcc/aarch64-linux-gnu/11/../../../../include/c++/11/bits/hashtable.h:1595:23 @[ /usr/lib/gcc/aarch64-linux-gnu/11/../../../../include/c++/11/bits/unordered_map.h:869:21 @[ ros2_caret_ws/install/include/rclcpp/rclcpp/experimental/intra_process_manager.hpp:196:38 ] ] ] ]. Skipping.
Found a loop without an exit block at /usr/lib/gcc/aarch64-linux-gnu/11/../../../../include/c++/11/shared_mutex:228:7 @[ /usr/lib/gcc/aarch64-linux-gnu/11/../../../../include/c++/11/shared_mutex:489:33 @[ /usr/lib/gcc/aarch64-linux-gnu/11/../../../../include/c++/11/shared_mutex:727:13 @[ ros2_caret_ws/install/include/rclcpp/rclcpp/experimental/intra_process_manager.hpp:194:47 ] ] ]. Skipping.
Found a loop without a preheader at /usr/lib/gcc/aarch64-linux-gnu/11/../../../../include/c++/11/bits/stl_construct.h:162:4 @[ /usr/lib/gcc/aarch64-linux-gnu/11/../../../../include/c++/11/bits/stl_construct.h:195:7 @[ /usr/lib/gcc/aarch64-linux-gnu/11/../../../../include/c++/11/bits/alloc_traits.h:848:7 @[ /usr/lib/gcc/aarch64-linux-gnu/11/../../../../include/c++/11/bits/stl_vector.h:680:2 @[ /opt/ros/humble/include/visualization_msgs/visualization_msgs/msg/detail/marker_array__struct.hpp:37:8 @[ /usr/lib/gcc/aarch64-linux-gnu/11/../../../../include/c++/11/bits/unique_ptr.h:85:2 @[ /usr/lib/gcc/aarch64-linux-gnu/11/../../../../include/c++/11/bits/unique_ptr.h:361:4 @[ ros2_caret_ws/install/include/rclcpp/rclcpp/publisher.hpp:273:9 ] ] ] ] ] ] ]. Skipping.
Found a loop without a preheader at /usr/lib/gcc/aarch64-linux-gnu/11/../../../../include/c++/11/bits/stl_construct.h:162:4 @[ /usr/lib/gcc/aarch64-linux-gnu/11/../../../../include/c++/11/bits/stl_construct.h:195:7 @[ /usr/lib/gcc/aarch64-linux-gnu/11/../../../../include/c++/11/bits/alloc_traits.h:848:7 @[ /usr/lib/gcc/aarch64-linux-gnu/11/../../../../include/c++/11/bits/stl_vector.h:680:2 @[ /opt/ros/humble/include/visualization_msgs/visualization_msgs/msg/detail/marker_array__struct.hpp:37:8 @[ /usr/lib/gcc/aarch64-linux-gnu/11/../../../../include/c++/11/bits/unique_ptr.h:85:2 @[ /usr/lib/gcc/aarch64-linux-gnu/11/../../../../include/c++/11/bits/unique_ptr.h:361:4 @[ ros2_caret_ws/install/include/rclcpp/rclcpp/publisher.hpp:276:7 ] ] ] ] ] ] ]. Skipping.
Found a loop without a preheader at /usr/lib/gcc/aarch64-linux-gnu/11/../../../../include/c++/11/bits/stl_construct.h:162:4 @[ /usr/lib/gcc/aarch64-linux-gnu/11/../../../../include/c++/11/bits/stl_construct.h:195:7 @[ /usr/lib/gcc/aarch64-linux-gnu/11/../../../../include/c++/11/bits/alloc_traits.h:848:7 @[ /usr/lib/gcc/aarch64-linux-gnu/11/../../../../include/c++/11/bits/stl_vector.h:680:2 @[ /opt/ros/humble/include/visualization_msgs/visualization_msgs/msg/detail/marker_array__struct.hpp:37:8 @[ /usr/lib/gcc/aarch64-linux-gnu/11/../../../../include/c++/11/bits/unique_ptr.h:85:2 @[ /usr/lib/gcc/aarch64-linux-gnu/11/../../../../include/c++/11/bits/unique_ptr.h:361:4 ] ] ] ] ] ]. Skipping.
Found a loop without a preheader at /usr/lib/gcc/aarch64-linux-gnu/11/../../../../include/c++/11/bits/stl_construct.h:162:4 @[ /usr/lib/gcc/aarch64-linux-gnu/11/../../../../include/c++/11/bits/stl_construct.h:195:7 @[ /usr/lib/gcc/aarch64-linux-gnu/11/../../../../include/c++/11/bits/stl_uninitialized.h:97:8 @[ /usr/lib/gcc/aarch64-linux-gnu/11/../../../../include/c++/11/bits/stl_uninitialized.h:148:14 @[ /usr/lib/gcc/aarch64-linux-gnu/11/../../../../include/c++/11/bits/stl_uninitialized.h:333:14 @[ /usr/lib/gcc/aarch64-linux-gnu/11/../../../../include/c++/11/bits/stl_vector.h:558:4 ] ] ] ] ]. Skipping.
Found a loop without a preheader at /usr/lib/gcc/aarch64-linux-gnu/11/../../../../include/c++/11/bits/stl_uninitialized.h:91:8 @[ /usr/lib/gcc/aarch64-linux-gnu/11/../../../../include/c++/11/bits/stl_uninitialized.h:148:14 @[ /usr/lib/gcc/aarch64-linux-gnu/11/../../../../include/c++/11/bits/stl_uninitialized.h:333:14 @[ /usr/lib/gcc/aarch64-linux-gnu/11/../../../../include/c++/11/bits/stl_vector.h:558:4 ] ] ]. Skipping.
Found a loop without a preheader at /usr/lib/gcc/aarch64-linux-gnu/11/../../../../include/c++/11/bits/stl_uninitialized.h:91:8 @[ /usr/lib/gcc/aarch64-linux-gnu/11/../../../../include/c++/11/bits/stl_uninitialized.h:148:14 @[ /usr/lib/gcc/aarch64-linux-gnu/11/../../../../include/c++/11/bits/stl_uninitialized.h:333:14 @[ /usr/lib/gcc/aarch64-linux-gnu/11/../../../../include/c++/11/bits/stl_vector.h:558:4 @[ /opt/ros/humble/include/visualization_msgs/visualization_msgs/msg/detail/marker__struct.hpp:54:8 ] ] ] ]. Skipping.
Found a loop without a preheader at /usr/lib/gcc/aarch64-linux-gnu/11/../../../../include/c++/11/bits/stl_uninitialized.h:91:8 @[ /usr/lib/gcc/aarch64-linux-gnu/11/../../../../include/c++/11/bits/stl_uninitialized.h:148:14 @[ /usr/lib/gcc/aarch64-linux-gnu/11/../../../../include/c++/11/bits/stl_uninitialized.h:333:14 @[ /usr/lib/gcc/aarch64-linux-gnu/11/../../../../include/c++/11/bits/stl_vector.h:558:4 @[ /opt/ros/humble/include/visualization_msgs/visualization_msgs/msg/detail/marker__struct.hpp:54:8 ] ] ] ]. Skipping.
Found a loop without a preheader at /usr/lib/gcc/aarch64-linux-gnu/11/../../../../include/c++/11/bits/stl_construct.h:162:4 @[ /usr/lib/gcc/aarch64-linux-gnu/11/../../../../include/c++/11/bits/stl_construct.h:195:7 @[ /usr/lib/gcc/aarch64-linux-gnu/11/../../../../include/c++/11/bits/alloc_traits.h:848:7 @[ /usr/lib/gcc/aarch64-linux-gnu/11/../../../../include/c++/11/bits/stl_vector.h:680:2 @[ /opt/ros/humble/include/visualization_msgs/visualization_msgs/msg/detail/marker_array__struct.hpp:37:8 @[ /usr/lib/gcc/aarch64-linux-gnu/11/../../../../include/c++/11/bits/unique_ptr.h:85:2 @[ /usr/lib/gcc/aarch64-linux-gnu/11/../../../../include/c++/11/bits/unique_ptr.h:361:4 @[ ros2_caret_ws/install/include/rclcpp/rclcpp/publisher.hpp:574:5 ] ] ] ] ] ] ]. Skipping.
Found a loop without an exit block at /usr/lib/gcc/aarch64-linux-gnu/11/../../../../include/c++/11/bits/shared_ptr_base.h:259:7 @[ /usr/lib/gcc/aarch64-linux-gnu/11/../../../../include/c++/11/bits/shared_ptr_base.h:883:28 @[ /usr/lib/gcc/aarch64-linux-gnu/11/../../../../include/c++/11/bits/shared_ptr_base.h:1353:9 @[ /usr/lib/gcc/aarch64-linux-gnu/11/../../../../include/c++/11/bits/shared_ptr.h:418:9 @[ /usr/lib/gcc/aarch64-linux-gnu/11/../../../../include/c++/11/bits/shared_ptr.h:750:16 @[ ros2_caret_ws/install/include/rclcpp/rclcpp/publisher.hpp:561:26 ] ] ] ] ]. Skipping.
Found a loop without a preheader at /usr/lib/gcc/aarch64-linux-gnu/11/../../../../include/c++/11/bits/stl_construct.h:162:4 @[ /usr/lib/gcc/aarch64-linux-gnu/11/../../../../include/c++/11/bits/stl_construct.h:195:7 @[ /usr/lib/gcc/aarch64-linux-gnu/11/../../../../include/c++/11/bits/alloc_traits.h:848:7 @[ /usr/lib/gcc/aarch64-linux-gnu/11/../../../../include/c++/11/bits/stl_vector.h:680:2 @[ /opt/ros/humble/include/visualization_msgs/visualization_msgs/msg/detail/marker_array__struct.hpp:37:8 @[ /usr/lib/gcc/aarch64-linux-gnu/11/../../../../include/c++/11/bits/unique_ptr.h:85:2 @[ /usr/lib/gcc/aarch64-linux-gnu/11/../../../../include/c++/11/bits/unique_ptr.h:361:4 @[ ros2_caret_ws/install/include/rclcpp/rclcpp/publisher.hpp:551:5 ] ] ] ] ] ] ]. Skipping.
Found a loop without an exit block at /usr/lib/gcc/aarch64-linux-gnu/11/../../../../include/c++/11/bits/shared_ptr_base.h:259:7 @[ /usr/lib/gcc/aarch64-linux-gnu/11/../../../../include/c++/11/bits/shared_ptr_base.h:883:28 @[ /usr/lib/gcc/aarch64-linux-gnu/11/../../../../include/c++/11/bits/shared_ptr_base.h:1353:9 @[ /usr/lib/gcc/aarch64-linux-gnu/11/../../../../include/c++/11/bits/shared_ptr.h:418:9 @[ /usr/lib/gcc/aarch64-linux-gnu/11/../../../../include/c++/11/bits/shared_ptr.h:750:16 @[ ros2_caret_ws/install/include/rclcpp/rclcpp/publisher.hpp:537:26 ] ] ] ] ]. Skipping.
Found a loop without a preheader at /usr/lib/gcc/aarch64-linux-gnu/11/../../../../include/c++/11/bits/stl_construct.h:162:4 @[ /usr/lib/gcc/aarch64-linux-gnu/11/../../../../include/c++/11/bits/stl_construct.h:195:7 @[ /usr/lib/gcc/aarch64-linux-gnu/11/../../../../include/c++/11/bits/alloc_traits.h:848:7 @[ /usr/lib/gcc/aarch64-linux-gnu/11/../../../../include/c++/11/bits/stl_vector.h:680:2 @[ /opt/ros/humble/include/visualization_msgs/visualization_msgs/msg/detail/marker_array__struct.hpp:37:8 @[ /usr/lib/gcc/aarch64-linux-gnu/11/../../../../include/c++/11/bits/unique_ptr.h:85:2 @[ /usr/lib/gcc/aarch64-linux-gnu/11/../../../../include/c++/11/bits/unique_ptr.h:361:4 @[ ros2_caret_ws/install/include/rclcpp/rclcpp/experimental/intra_process_manager.hpp:290:9 ] ] ] ] ] ] ]. Skipping.
Found a loop without a preheader at /usr/lib/gcc/aarch64-linux-gnu/11/../../../../include/c++/11/bits/hashtable.h:1837:7 @[ /usr/lib/gcc/aarch64-linux-gnu/11/../../../../include/c++/11/bits/hashtable.h:810:31 @[ /usr/lib/gcc/aarch64-linux-gnu/11/../../../../include/c++/11/bits/hashtable.h:1595:23 @[ /usr/lib/gcc/aarch64-linux-gnu/11/../../../../include/c++/11/bits/unordered_map.h:869:21 @[ ros2_caret_ws/install/include/rclcpp/rclcpp/experimental/intra_process_manager.hpp:260:38 ] ] ] ]. Skipping.
Found a loop without an exit block at /usr/lib/gcc/aarch64-linux-gnu/11/../../../../include/c++/11/shared_mutex:228:7 @[ /usr/lib/gcc/aarch64-linux-gnu/11/../../../../include/c++/11/shared_mutex:489:33 @[ /usr/lib/gcc/aarch64-linux-gnu/11/../../../../include/c++/11/shared_mutex:727:13 @[ ros2_caret_ws/install/include/rclcpp/rclcpp/experimental/intra_process_manager.hpp:258:47 ] ] ]. Skipping.
Found a loop without an exit block at ros2_caret_ws/install/include/rclcpp/rclcpp/experimental/intra_process_manager.hpp:363:5. Skipping.
Found a loop without an exit block at ros2_caret_ws/install/include/rclcpp/rclcpp/experimental/intra_process_manager.hpp:442:5. Skipping.
Found a loop without a preheader at /usr/lib/gcc/aarch64-linux-gnu/11/../../../../include/c++/11/bits/stl_construct.h:162:4 @[ /usr/lib/gcc/aarch64-linux-gnu/11/../../../../include/c++/11/bits/stl_construct.h:195:7 @[ /usr/lib/gcc/aarch64-linux-gnu/11/../../../../include/c++/11/bits/alloc_traits.h:848:7 @[ /usr/lib/gcc/aarch64-linux-gnu/11/../../../../include/c++/11/bits/stl_vector.h:680:2 @[ /opt/ros/humble/include/visualization_msgs/visualization_msgs/msg/detail/marker_array__struct.hpp:37:8 @[ /usr/lib/gcc/aarch64-linux-gnu/11/../../../../include/c++/11/bits/unique_ptr.h:85:2 @[ /usr/lib/gcc/aarch64-linux-gnu/11/../../../../include/c++/11/bits/shared_ptr_base.h:442:9 ] ] ] ] ] ]. Skipping.
Found a loop without a preheader at /usr/lib/gcc/aarch64-linux-gnu/11/../../../../include/c++/11/bits/stl_construct.h:162:4 @[ /usr/lib/gcc/aarch64-linux-gnu/11/../../../../include/c++/11/bits/stl_construct.h:195:7 @[ /usr/lib/gcc/aarch64-linux-gnu/11/../../../../include/c++/11/bits/alloc_traits.h:848:7 @[ /usr/lib/gcc/aarch64-linux-gnu/11/../../../../include/c++/11/bits/stl_vector.h:680:2 @[ /opt/ros/humble/include/visualization_msgs/visualization_msgs/msg/detail/marker_array__struct.hpp:37:8 @[ /usr/lib/gcc/aarch64-linux-gnu/11/../../../../include/c++/11/ext/new_allocator.h:168:10 @[ /usr/lib/gcc/aarch64-linux-gnu/11/../../../../include/c++/11/bits/alloc_traits.h:535:8 @[ /usr/lib/gcc/aarch64-linux-gnu/11/../../../../include/c++/11/bits/shared_ptr_base.h:528:2 ] ] ] ] ] ] ]. Skipping.
Found a loop without a preheader at /usr/lib/gcc/aarch64-linux-gnu/11/../../../../include/c++/11/bits/stl_construct.h:162:4 @[ /usr/lib/gcc/aarch64-linux-gnu/11/../../../../include/c++/11/bits/stl_construct.h:195:7 @[ /usr/lib/gcc/aarch64-linux-gnu/11/../../../../include/c++/11/bits/alloc_traits.h:848:7 @[ /usr/lib/gcc/aarch64-linux-gnu/11/../../../../include/c++/11/bits/stl_vector.h:680:2 @[ /opt/ros/humble/include/visualization_msgs/visualization_msgs/msg/detail/marker_array__struct.hpp:37:8 @[ /usr/lib/gcc/aarch64-linux-gnu/11/../../../../include/c++/11/bits/unique_ptr.h:85:2 @[ /usr/lib/gcc/aarch64-linux-gnu/11/../../../../include/c++/11/bits/unique_ptr.h:361:4 @[ ros2_caret_ws/install/include/rclcpp/rclcpp/experimental/subscription_intra_process_buffer.hpp:155:5 ] ] ] ] ] ] ]. Skipping.
Found a loop without a preheader at /usr/lib/gcc/aarch64-linux-gnu/11/../../../../include/c++/11/bits/stl_construct.h:162:4 @[ /usr/lib/gcc/aarch64-linux-gnu/11/../../../../include/c++/11/bits/stl_construct.h:195:7 @[ /usr/lib/gcc/aarch64-linux-gnu/11/../../../../include/c++/11/bits/alloc_traits.h:848:7 @[ /usr/lib/gcc/aarch64-linux-gnu/11/../../../../include/c++/11/bits/stl_vector.h:680:2 @[ /opt/ros/humble/include/visualization_msgs/visualization_msgs/msg/detail/marker_array__struct.hpp:37:8 @[ /usr/lib/gcc/aarch64-linux-gnu/11/../../../../include/c++/11/bits/unique_ptr.h:85:2 @[ /usr/lib/gcc/aarch64-linux-gnu/11/../../../../include/c++/11/bits/unique_ptr.h:361:4 @[ ros2_caret_ws/install/include/rclcpp/rclcpp/experimental/intra_process_manager.hpp:224:7 ] ] ] ] ] ] ]. Skipping.
Found a loop without a preheader at /usr/lib/gcc/aarch64-linux-gnu/11/../../../../include/c++/11/bits/stl_construct.h:162:4 @[ /usr/lib/gcc/aarch64-linux-gnu/11/../../../../include/c++/11/bits/stl_construct.h:195:7 @[ /usr/lib/gcc/aarch64-linux-gnu/11/../../../../include/c++/11/bits/alloc_traits.h:848:7 @[ /usr/lib/gcc/aarch64-linux-gnu/11/../../../../include/c++/11/bits/stl_vector.h:680:2 @[ /opt/ros/humble/include/visualization_msgs/visualization_msgs/msg/detail/marker_array__struct.hpp:37:8 @[ /usr/lib/gcc/aarch64-linux-gnu/11/../../../../include/c++/11/bits/unique_ptr.h:85:2 @[ /usr/lib/gcc/aarch64-linux-gnu/11/../../../../include/c++/11/bits/unique_ptr.h:361:4 @[ ros2_caret_ws/install/include/rclcpp/rclcpp/experimental/intra_process_manager.hpp:238:7 ] ] ] ] ] ] ]. Skipping.
Found a loop without a preheader at /usr/lib/gcc/aarch64-linux-gnu/11/../../../../include/c++/11/bits/hashtable.h:1837:7 @[ /usr/lib/gcc/aarch64-linux-gnu/11/../../../../include/c++/11/bits/hashtable.h:810:31 @[ /usr/lib/gcc/aarch64-linux-gnu/11/../../../../include/c++/11/bits/hashtable.h:1595:23 @[ /usr/lib/gcc/aarch64-linux-gnu/11/../../../../include/c++/11/bits/unordered_map.h:869:21 @[ ros2_caret_ws/install/include/rclcpp/rclcpp/experimental/intra_process_manager.hpp:196:38 ] ] ] ]. Skipping.
Found a loop without an exit block at /usr/lib/gcc/aarch64-linux-gnu/11/../../../../include/c++/11/shared_mutex:228:7 @[ /usr/lib/gcc/aarch64-linux-gnu/11/../../../../include/c++/11/shared_mutex:489:33 @[ /usr/lib/gcc/aarch64-linux-gnu/11/../../../../include/c++/11/shared_mutex:727:13 @[ ros2_caret_ws/install/include/rclcpp/rclcpp/experimental/intra_process_manager.hpp:194:47 ] ] ]. Skipping.
Found a loop without a preheader at /usr/lib/gcc/aarch64-linux-gnu/11/../../../../include/c++/11/bits/stl_construct.h:162:4 @[ /usr/lib/gcc/aarch64-linux-gnu/11/../../../../include/c++/11/bits/stl_construct.h:195:7 @[ /usr/lib/gcc/aarch64-linux-gnu/11/../../../../include/c++/11/bits/alloc_traits.h:848:7 @[ /usr/lib/gcc/aarch64-linux-gnu/11/../../../../include/c++/11/bits/stl_vector.h:680:2 @[ src/universe/autoware_universe/perception/autoware_map_based_prediction/src/map_based_prediction_node.cpp:870:1 ] ] ] ]. Skipping.
Found a loop without a preheader at /usr/lib/gcc/aarch64-linux-gnu/11/../../../../include/c++/11/bits/hashtable.h:1837:7 @[ /usr/lib/gcc/aarch64-linux-gnu/11/../../../../include/c++/11/bits/hashtable.h:810:31 @[ /usr/lib/gcc/aarch64-linux-gnu/11/../../../../include/c++/11/bits/hashtable.h:1610:29 @[ /usr/lib/gcc/aarch64-linux-gnu/11/../../../../include/c++/11/bits/hashtable_policy.h:773:25 @[ /usr/lib/gcc/aarch64-linux-gnu/11/../../../../include/c++/11/bits/unordered_map.h:1001:21 @[ src/universe/autoware_universe/perception/autoware_map_based_prediction/src/map_based_prediction_node.cpp:193:78 @[ src/universe/autoware_universe/perception/autoware_map_based_prediction/src/map_based_prediction_node.cpp:865:5 ] ] ] ] ] ]. Skipping.
Found a loop without an exit block at src/universe/autoware_universe/perception/autoware_map_based_prediction/src/map_based_prediction_node.cpp:187:3 @[ src/universe/autoware_universe/perception/autoware_map_based_prediction/src/map_based_prediction_node.cpp:865:5 ]. Skipping.
Found a loop without an exit block at src/universe/autoware_universe/perception/autoware_map_based_prediction/src/map_based_prediction_node.cpp:850:3. Skipping.
Found a loop without an exit block at src/universe/autoware_universe/perception/autoware_map_based_prediction/src/map_based_prediction_node.cpp:329:3 @[ src/universe/autoware_universe/perception/autoware_map_based_prediction/src/map_based_prediction_node.cpp:837:33 ]. Skipping.
Found a loop without an exit block at install/autoware_utils_uuid/include/autoware_utils_uuid/uuid_helper.hpp:51:3. Skipping.
Found a loop without a preheader at /usr/lib/gcc/aarch64-linux-gnu/11/../../../../include/c++/11/bits/stl_construct.h:162:4 @[ /usr/lib/gcc/aarch64-linux-gnu/11/../../../../include/c++/11/bits/stl_construct.h:195:7 @[ /usr/lib/gcc/aarch64-linux-gnu/11/../../../../include/c++/11/bits/alloc_traits.h:848:7 @[ /usr/lib/gcc/aarch64-linux-gnu/11/../../../../include/c++/11/bits/vector.tcc:228:8 ] ] ]. Skipping.
Found a loop without a preheader at /usr/lib/gcc/aarch64-linux-gnu/11/../../../../include/c++/11/bits/stl_uninitialized.h:91:8 @[ /usr/lib/gcc/aarch64-linux-gnu/11/../../../../include/c++/11/bits/stl_uninitialized.h:148:14 @[ /usr/lib/gcc/aarch64-linux-gnu/11/../../../../include/c++/11/bits/stl_uninitialized.h:333:14 @[ /usr/lib/gcc/aarch64-linux-gnu/11/../../../../include/c++/11/bits/stl_vector.h:1514:8 @[ /usr/lib/gcc/aarch64-linux-gnu/11/../../../../include/c++/11/bits/vector.tcc:226:24 ] ] ] ]. Skipping.
Found a loop without a preheader at /usr/lib/gcc/aarch64-linux-gnu/11/../../../../include/c++/11/bits/stl_uninitialized.h:91:8 @[ /usr/lib/gcc/aarch64-linux-gnu/11/../../../../include/c++/11/bits/stl_uninitialized.h:148:14 @[ /usr/lib/gcc/aarch64-linux-gnu/11/../../../../include/c++/11/bits/stl_uninitialized.h:333:14 @[ /usr/lib/gcc/aarch64-linux-gnu/11/../../../../include/c++/11/bits/vector.tcc:245:8 ] ] ]. Skipping.
Found a loop without a preheader at /usr/lib/gcc/aarch64-linux-gnu/11/../../../../include/c++/11/bits/stl_construct.h:162:4 @[ /usr/lib/gcc/aarch64-linux-gnu/11/../../../../include/c++/11/bits/stl_construct.h:195:7 @[ /usr/lib/gcc/aarch64-linux-gnu/11/../../../../include/c++/11/bits/alloc_traits.h:848:7 @[ /usr/lib/gcc/aarch64-linux-gnu/11/../../../../include/c++/11/bits/vector.tcc:238:8 ] ] ]. Skipping.
Found a loop without a preheader at /usr/lib/gcc/aarch64-linux-gnu/11/../../../../include/c++/11/bits/stl_uninitialized.h:91:8 @[ /usr/lib/gcc/aarch64-linux-gnu/11/../../../../include/c++/11/bits/stl_uninitialized.h:148:14 @[ /usr/lib/gcc/aarch64-linux-gnu/11/../../../../include/c++/11/bits/stl_uninitialized.h:333:14 @[ /usr/lib/gcc/aarch64-linux-gnu/11/../../../../include/c++/11/bits/stl_vector.h:558:4 @[ src/universe/autoware_universe/perception/autoware_map_based_prediction/include/map_based_prediction/data_structure.hpp:80:8 ] ] ] ]. Skipping.
Found a loop without a preheader at /usr/lib/gcc/aarch64-linux-gnu/11/../../../../include/c++/11/bits/stl_uninitialized.h:91:8 @[ /usr/lib/gcc/aarch64-linux-gnu/11/../../../../include/c++/11/bits/stl_uninitialized.h:148:14 @[ /usr/lib/gcc/aarch64-linux-gnu/11/../../../../include/c++/11/bits/stl_uninitialized.h:333:14 @[ /usr/lib/gcc/aarch64-linux-gnu/11/../../../../include/c++/11/bits/stl_vector.h:558:4 @[ src/universe/autoware_universe/perception/autoware_map_based_prediction/include/map_based_prediction/data_structure.hpp:80:8 ] ] ] ]. Skipping.
Found a loop without a preheader at /usr/lib/gcc/aarch64-linux-gnu/11/../../../../include/c++/11/bits/stl_uninitialized.h:1031:7 @[ /usr/lib/gcc/aarch64-linux-gnu/11/../../../../include/c++/11/bits/stl_uninitialized.h:1046:14 @[ /usr/lib/gcc/aarch64-linux-gnu/11/../../../../include/c++/11/bits/stl_vector.h:456:9 @[ /usr/lib/gcc/aarch64-linux-gnu/11/../../../../include/c++/11/bits/stl_vector.h:469:9 @[ /usr/lib/gcc/aarch64-linux-gnu/11/../../../../include/c++/11/bits/vector.tcc:466:23 ] ] ] ]. Skipping.
Found a loop without a preheader at /usr/lib/gcc/aarch64-linux-gnu/11/../../../../include/c++/11/bits/stl_uninitialized.h:1031:7 @[ /usr/lib/gcc/aarch64-linux-gnu/11/../../../../include/c++/11/bits/stl_uninitialized.h:1046:14 @[ /usr/lib/gcc/aarch64-linux-gnu/11/../../../../include/c++/11/bits/stl_vector.h:456:9 @[ /usr/lib/gcc/aarch64-linux-gnu/11/../../../../include/c++/11/bits/stl_vector.h:469:9 @[ /usr/lib/gcc/aarch64-linux-gnu/11/../../../../include/c++/11/bits/vector.tcc:461:23 ] ] ] ]. Skipping.
Found a loop without a preheader at /usr/lib/gcc/aarch64-linux-gnu/11/../../../../include/c++/11/bits/stl_uninitialized.h:91:8 @[ /usr/lib/gcc/aarch64-linux-gnu/11/../../../../include/c++/11/bits/stl_uninitialized.h:148:14 @[ /usr/lib/gcc/aarch64-linux-gnu/11/../../../../include/c++/11/bits/stl_uninitialized.h:333:14 @[ /usr/lib/gcc/aarch64-linux-gnu/11/../../../../include/c++/11/bits/stl_vector.h:558:4 @[ install/autoware_motion_utils/include/autoware/motion_utils/trajectory/trajectory.hpp:174:12 ] ] ] ]. Skipping.
Found a loop without a preheader at install/autoware_motion_utils/include/autoware/motion_utils/trajectory/trajectory.hpp:185:3. Skipping.
Found a loop without an exit block at install/autoware_motion_utils/include/autoware/motion_utils/trajectory/trajectory.hpp:180:3. Skipping.
Found a loop without a preheader at /usr/lib/gcc/aarch64-linux-gnu/11/../../../../include/c++/11/bits/hashtable.h:1837:7 @[ /usr/lib/gcc/aarch64-linux-gnu/11/../../../../include/c++/11/bits/hashtable.h:810:31 @[ /usr/lib/gcc/aarch64-linux-gnu/11/../../../../include/c++/11/bits/hashtable_policy.h:704:30 ] ]. Skipping.
Found a loop without a preheader at /usr/lib/gcc/aarch64-linux-gnu/11/../../../../include/c++/11/bits/hashtable.h:2386:7. Skipping.
Found a loop without a preheader at /usr/lib/gcc/aarch64-linux-gnu/11/../../../../include/c++/11/bits/hashtable.h:1837:7 @[ /usr/lib/gcc/aarch64-linux-gnu/11/../../../../include/c++/11/bits/hashtable.h:810:31 @[ /usr/lib/gcc/aarch64-linux-gnu/11/../../../../include/c++/11/bits/hashtable.h:1610:29 ] ]. Skipping.
Found a loop without a preheader at /usr/lib/gcc/aarch64-linux-gnu/11/../../../../include/c++/11/bits/hashtable.h:1837:7 @[ /usr/lib/gcc/aarch64-linux-gnu/11/../../../../include/c++/11/bits/hashtable.h:810:31 @[ /usr/lib/gcc/aarch64-linux-gnu/11/../../../../include/c++/11/bits/hashtable.h:1610:29 ] ]. Skipping.
Found a loop without a preheader at /usr/lib/gcc/aarch64-linux-gnu/11/../../../../include/c++/11/bits/hashtable.h:1312:6. Skipping.
Found a loop without a preheader at /usr/lib/gcc/aarch64-linux-gnu/11/../../../../include/c++/11/bits/stl_construct.h:162:4 @[ /usr/lib/gcc/aarch64-linux-gnu/11/../../../../include/c++/11/bits/stl_construct.h:195:7 @[ /usr/lib/gcc/aarch64-linux-gnu/11/../../../../include/c++/11/bits/stl_uninitialized.h:97:8 @[ /usr/lib/gcc/aarch64-linux-gnu/11/../../../../include/c++/11/bits/stl_uninitialized.h:148:14 @[ /usr/lib/gcc/aarch64-linux-gnu/11/../../../../include/c++/11/bits/stl_uninitialized.h:333:14 @[ /usr/lib/gcc/aarch64-linux-gnu/11/../../../../include/c++/11/bits/deque.tcc:466:6 ] ] ] ] ]. Skipping.
Found a loop without a preheader at /usr/lib/gcc/aarch64-linux-gnu/11/../../../../include/c++/11/bits/stl_uninitialized.h:91:8 @[ /usr/lib/gcc/aarch64-linux-gnu/11/../../../../include/c++/11/bits/stl_uninitialized.h:148:14 @[ /usr/lib/gcc/aarch64-linux-gnu/11/../../../../include/c++/11/bits/stl_uninitialized.h:333:14 @[ /usr/lib/gcc/aarch64-linux-gnu/11/../../../../include/c++/11/bits/deque.tcc:466:6 ] ] ]. Skipping.
Found a loop without an exit block at /usr/lib/gcc/aarch64-linux-gnu/11/../../../../include/c++/11/bits/deque.tcc:453:6. Skipping.
Found a loop without a preheader at /usr/lib/gcc/aarch64-linux-gnu/11/../../../../include/c++/11/bits/stl_deque.h:678:7 @[ /usr/lib/gcc/aarch64-linux-gnu/11/../../../../include/c++/11/bits/stl_deque.h:667:4 @[ /usr/lib/gcc/aarch64-linux-gnu/11/../../../../include/c++/11/bits/stl_deque.h:637:4 ] ]. Skipping.
Found a loop without a preheader at /usr/lib/gcc/aarch64-linux-gnu/11/../../../../include/c++/11/bits/stl_deque.h:662:4 @[ /usr/lib/gcc/aarch64-linux-gnu/11/../../../../include/c++/11/bits/stl_deque.h:637:4 ]. Skipping.
Found a loop without a preheader at /usr/lib/gcc/aarch64-linux-gnu/11/../../../../include/c++/11/bits/hashtable.h:1837:7 @[ /usr/lib/gcc/aarch64-linux-gnu/11/../../../../include/c++/11/bits/hashtable.h:810:31 @[ /usr/lib/gcc/aarch64-linux-gnu/11/../../../../include/c++/11/bits/hashtable.h:1970:23 ] ]. Skipping.
Found a loop without a preheader at /usr/lib/gcc/aarch64-linux-gnu/11/../../../../include/c++/11/bits/hashtable.h:1837:7 @[ /usr/lib/gcc/aarch64-linux-gnu/11/../../../../include/c++/11/bits/hashtable.h:810:31 @[ /usr/lib/gcc/aarch64-linux-gnu/11/../../../../include/c++/11/bits/hashtable.h:1970:23 ] ]. Skipping.
Found a loop without an exit block at /usr/lib/gcc/aarch64-linux-gnu/11/../../../../include/c++/11/bits/stl_uninitialized.h:91:8. Skipping.
Found a loop without a preheader at /usr/lib/gcc/aarch64-linux-gnu/11/../../../../include/c++/11/bits/hashtable.h:2386:7. Skipping.
Found a loop without a preheader at /usr/lib/gcc/aarch64-linux-gnu/11/../../../../include/c++/11/bits/hashtable.h:1837:7 @[ /usr/lib/gcc/aarch64-linux-gnu/11/../../../../include/c++/11/bits/hashtable.h:810:31 @[ /usr/lib/gcc/aarch64-linux-gnu/11/../../../../include/c++/11/bits/hashtable.h:1595:23 ] ]. Skipping.
Found a loop without a preheader at /usr/lib/gcc/aarch64-linux-gnu/11/../../../../include/c++/11/bits/hashtable.h:1837:7 @[ /usr/lib/gcc/aarch64-linux-gnu/11/../../../../include/c++/11/bits/hashtable.h:810:31 @[ /usr/lib/gcc/aarch64-linux-gnu/11/../../../../include/c++/11/bits/hashtable.h:1595:23 ] ]. Skipping.
Found a loop without an exit block at src/universe/autoware_universe/perception/autoware_map_based_prediction/src/map_based_prediction_node.cpp:1070:5. Skipping.
Found a loop without a preheader at /usr/lib/gcc/aarch64-linux-gnu/11/../../../../include/c++/11/bits/stl_construct.h:162:4 @[ /usr/lib/gcc/aarch64-linux-gnu/11/../../../../include/c++/11/bits/stl_construct.h:195:7 @[ /usr/lib/gcc/aarch64-linux-gnu/11/../../../../include/c++/11/bits/alloc_traits.h:848:7 @[ /usr/lib/gcc/aarch64-linux-gnu/11/../../../../include/c++/11/bits/stl_vector.h:680:2 @[ /opt/ros/humble/include/lanelet2_routing/LaneletPath.h:13:7 @[ /usr/lib/gcc/aarch64-linux-gnu/11/../../../../include/c++/11/bits/stl_pair.h:353:68 @[ /usr/lib/gcc/aarch64-linux-gnu/11/../../../../include/c++/11/ext/new_allocator.h:162:23 @[ /usr/lib/gcc/aarch64-linux-gnu/11/../../../../include/c++/11/bits/alloc_traits.h:516:8 @[ /usr/lib/gcc/aarch64-linux-gnu/11/../../../../include/c++/11/bits/vector.tcc:115:6 @[ src/universe/autoware_universe/perception/autoware_map_based_prediction/src/map_based_prediction_node.cpp:1039:31 ] ] ] ] ] ] ] ] ]. Skipping.
Found a loop without a preheader at /usr/lib/gcc/aarch64-linux-gnu/11/../../../../include/c++/11/bits/stl_construct.h:162:4 @[ /usr/lib/gcc/aarch64-linux-gnu/11/../../../../include/c++/11/bits/stl_construct.h:195:7 @[ /usr/lib/gcc/aarch64-linux-gnu/11/../../../../include/c++/11/bits/alloc_traits.h:848:7 @[ /usr/lib/gcc/aarch64-linux-gnu/11/../../../../include/c++/11/bits/stl_vector.h:680:2 @[ /opt/ros/humble/include/lanelet2_routing/LaneletPath.h:13:7 @[ /usr/lib/gcc/aarch64-linux-gnu/11/../../../../include/c++/11/bits/stl_pair.h:353:68 @[ /usr/lib/gcc/aarch64-linux-gnu/11/../../../../include/c++/11/ext/new_allocator.h:162:23 @[ /usr/lib/gcc/aarch64-linux-gnu/11/../../../../include/c++/11/bits/alloc_traits.h:516:8 @[ /usr/lib/gcc/aarch64-linux-gnu/11/../../../../include/c++/11/bits/vector.tcc:115:6 @[ src/universe/autoware_universe/perception/autoware_map_based_prediction/src/map_based_prediction_node.cpp:1026:31 ] ] ] ] ] ] ] ] ]. Skipping.
Found a loop without a preheader at /usr/lib/gcc/aarch64-linux-gnu/11/../../../../include/c++/11/bits/stl_construct.h:162:4 @[ /usr/lib/gcc/aarch64-linux-gnu/11/../../../../include/c++/11/bits/stl_construct.h:195:7 @[ /usr/lib/gcc/aarch64-linux-gnu/11/../../../../include/c++/11/bits/alloc_traits.h:848:7 @[ /usr/lib/gcc/aarch64-linux-gnu/11/../../../../include/c++/11/bits/stl_vector.h:680:2 @[ /opt/ros/humble/include/lanelet2_routing/LaneletPath.h:13:7 @[ /usr/lib/gcc/aarch64-linux-gnu/11/../../../../include/c++/11/bits/stl_pair.h:353:68 @[ /usr/lib/gcc/aarch64-linux-gnu/11/../../../../include/c++/11/ext/new_allocator.h:162:23 @[ /usr/lib/gcc/aarch64-linux-gnu/11/../../../../include/c++/11/bits/alloc_traits.h:516:8 @[ /usr/lib/gcc/aarch64-linux-gnu/11/../../../../include/c++/11/bits/vector.tcc:115:6 @[ src/universe/autoware_universe/perception/autoware_map_based_prediction/src/map_based_prediction_node.cpp:1010:31 ] ] ] ] ] ] ] ] ]. Skipping.
Found a loop without an exit block at src/universe/autoware_universe/perception/autoware_map_based_prediction/src/map_based_prediction_node.cpp:928:3. Skipping.
Found a loop without a preheader at /usr/lib/gcc/aarch64-linux-gnu/11/../../../../include/c++/11/bits/stl_construct.h:162:4 @[ /usr/lib/gcc/aarch64-linux-gnu/11/../../../../include/c++/11/bits/stl_construct.h:195:7 @[ /usr/lib/gcc/aarch64-linux-gnu/11/../../../../include/c++/11/bits/alloc_traits.h:848:7 @[ /usr/lib/gcc/aarch64-linux-gnu/11/../../../../include/c++/11/bits/stl_vector.h:680:2 @[ src/universe/autoware_universe/perception/autoware_map_based_prediction/src/map_based_prediction_node.cpp:988:7 ] ] ] ]. Skipping.
Found a loop without a preheader at /usr/lib/gcc/aarch64-linux-gnu/11/../../../../include/c++/11/bits/stl_construct.h:162:4 @[ /usr/lib/gcc/aarch64-linux-gnu/11/../../../../include/c++/11/bits/stl_construct.h:195:7 @[ /usr/lib/gcc/aarch64-linux-gnu/11/../../../../include/c++/11/bits/alloc_traits.h:848:7 @[ /usr/lib/gcc/aarch64-linux-gnu/11/../../../../include/c++/11/bits/stl_vector.h:680:2 @[ src/universe/autoware_universe/perception/autoware_map_based_prediction/src/map_based_prediction_node.cpp:267:1 @[ src/universe/autoware_universe/perception/autoware_map_based_prediction/src/map_based_prediction_node.cpp:982:22 ] ] ] ] ]. Skipping.
Found a loop without an exit block at src/universe/autoware_universe/perception/autoware_map_based_prediction/src/map_based_prediction_node.cpp:258:3 @[ src/universe/autoware_universe/perception/autoware_map_based_prediction/src/map_based_prediction_node.cpp:982:22 ]. Skipping.
Found a loop without a preheader at /usr/lib/gcc/aarch64-linux-gnu/11/../../../../include/c++/11/bits/stl_construct.h:162:4 @[ /usr/lib/gcc/aarch64-linux-gnu/11/../../../../include/c++/11/bits/stl_construct.h:195:7 @[ /usr/lib/gcc/aarch64-linux-gnu/11/../../../../include/c++/11/bits/alloc_traits.h:848:7 @[ /usr/lib/gcc/aarch64-linux-gnu/11/../../../../include/c++/11/bits/stl_vector.h:680:2 @[ src/universe/autoware_universe/perception/autoware_map_based_prediction/src/map_based_prediction_node.cpp:240:1 @[ src/universe/autoware_universe/perception/autoware_map_based_prediction/src/map_based_prediction_node.cpp:983:22 ] ] ] ] ]. Skipping.
Found a loop without an exit block at src/universe/autoware_universe/perception/autoware_map_based_prediction/src/map_based_prediction_node.cpp:231:3 @[ src/universe/autoware_universe/perception/autoware_map_based_prediction/src/map_based_prediction_node.cpp:983:22 ]. Skipping.
Found a loop without a preheader at /usr/lib/gcc/aarch64-linux-gnu/11/../../../../include/c++/11/bits/stl_construct.h:162:4 @[ /usr/lib/gcc/aarch64-linux-gnu/11/../../../../include/c++/11/bits/stl_construct.h:195:7 @[ /usr/lib/gcc/aarch64-linux-gnu/11/../../../../include/c++/11/bits/alloc_traits.h:848:7 @[ /usr/lib/gcc/aarch64-linux-gnu/11/../../../../include/c++/11/bits/stl_vector.h:680:2 @[ src/universe/autoware_universe/perception/autoware_map_based_prediction/src/map_based_prediction_node.cpp:298:1 @[ src/universe/autoware_universe/perception/autoware_map_based_prediction/src/map_based_prediction_node.cpp:961:16 ] ] ] ] ]. Skipping.
Found a loop without a preheader at /usr/lib/gcc/aarch64-linux-gnu/11/../../../../include/c++/11/bits/stl_construct.h:162:4 @[ /usr/lib/gcc/aarch64-linux-gnu/11/../../../../include/c++/11/bits/stl_construct.h:195:7 @[ /usr/lib/gcc/aarch64-linux-gnu/11/../../../../include/c++/11/bits/alloc_traits.h:848:7 @[ /usr/lib/gcc/aarch64-linux-gnu/11/../../../../include/c++/11/bits/stl_vector.h:680:2 @[ /opt/ros/humble/include/lanelet2_routing/LaneletPath.h:13:7 @[ src/universe/autoware_universe/perception/autoware_map_based_prediction/src/map_based_prediction_node.cpp:298:1 @[ src/universe/autoware_universe/perception/autoware_map_based_prediction/src/map_based_prediction_node.cpp:961:16 ] ] ] ] ] ]. Skipping.
Found a loop without a preheader at /usr/lib/gcc/aarch64-linux-gnu/11/../../../../include/c++/11/bits/stl_uninitialized.h:91:8 @[ /usr/lib/gcc/aarch64-linux-gnu/11/../../../../include/c++/11/bits/stl_uninitialized.h:148:14 @[ /usr/lib/gcc/aarch64-linux-gnu/11/../../../../include/c++/11/bits/stl_uninitialized.h:333:14 @[ /usr/lib/gcc/aarch64-linux-gnu/11/../../../../include/c++/11/bits/stl_vector.h:558:4 @[ src/universe/autoware_universe/perception/autoware_map_based_prediction/src/map_based_prediction_node.cpp:295:47 @[ src/universe/autoware_universe/perception/autoware_map_based_prediction/src/map_based_prediction_node.cpp:961:16 ] ] ] ] ]. Skipping.
Found a loop without a preheader at /usr/lib/gcc/aarch64-linux-gnu/11/../../../../include/c++/11/bits/stl_construct.h:162:4 @[ /usr/lib/gcc/aarch64-linux-gnu/11/../../../../include/c++/11/bits/stl_construct.h:195:7 @[ /usr/lib/gcc/aarch64-linux-gnu/11/../../../../include/c++/11/bits/alloc_traits.h:848:7 @[ /usr/lib/gcc/aarch64-linux-gnu/11/../../../../include/c++/11/bits/stl_vector.h:680:2 @[ src/universe/autoware_universe/perception/autoware_map_based_prediction/src/map_based_prediction_node.cpp:281:1 @[ src/universe/autoware_universe/perception/autoware_map_based_prediction/src/map_based_prediction_node.cpp:953:12 ] ] ] ] ]. Skipping.
Found a loop without a preheader at /usr/lib/gcc/aarch64-linux-gnu/11/../../../../include/c++/11/bits/stl_construct.h:162:4 @[ /usr/lib/gcc/aarch64-linux-gnu/11/../../../../include/c++/11/bits/stl_construct.h:195:7 @[ /usr/lib/gcc/aarch64-linux-gnu/11/../../../../include/c++/11/bits/alloc_traits.h:848:7 @[ /usr/lib/gcc/aarch64-linux-gnu/11/../../../../include/c++/11/bits/stl_vector.h:680:2 @[ src/universe/autoware_universe/perception/autoware_map_based_prediction/src/map_based_prediction_node.cpp:281:1 @[ src/universe/autoware_universe/perception/autoware_map_based_prediction/src/map_based_prediction_node.cpp:953:12 ] ] ] ] ]. Skipping.
Found a loop without a preheader at /usr/lib/gcc/aarch64-linux-gnu/11/../../../../include/c++/11/bits/stl_construct.h:162:4 @[ /usr/lib/gcc/aarch64-linux-gnu/11/../../../../include/c++/11/bits/stl_construct.h:195:7 @[ /usr/lib/gcc/aarch64-linux-gnu/11/../../../../include/c++/11/bits/alloc_traits.h:848:7 @[ /usr/lib/gcc/aarch64-linux-gnu/11/../../../../include/c++/11/bits/stl_vector.h:680:2 @[ src/universe/autoware_universe/perception/autoware_map_based_prediction/src/map_based_prediction_node.cpp:281:1 @[ src/universe/autoware_universe/perception/autoware_map_based_prediction/src/map_based_prediction_node.cpp:953:12 ] ] ] ] ]. Skipping.
Found a loop without a preheader at /usr/lib/gcc/aarch64-linux-gnu/11/../../../../include/c++/11/bits/stl_construct.h:162:4 @[ /usr/lib/gcc/aarch64-linux-gnu/11/../../../../include/c++/11/bits/stl_construct.h:195:7 @[ /usr/lib/gcc/aarch64-linux-gnu/11/../../../../include/c++/11/bits/alloc_traits.h:848:7 @[ /usr/lib/gcc/aarch64-linux-gnu/11/../../../../include/c++/11/bits/stl_vector.h:680:2 ] ] ]. Skipping.
Found a loop without an exit block at src/universe/autoware_universe/perception/autoware_map_based_prediction/src/map_based_prediction_node.cpp:1126:3. Skipping.
Found a loop without a preheader at /usr/lib/gcc/aarch64-linux-gnu/11/../../../../include/c++/11/bits/hashtable.h:1837:7 @[ /usr/lib/gcc/aarch64-linux-gnu/11/../../../../include/c++/11/bits/hashtable.h:810:31 @[ /usr/lib/gcc/aarch64-linux-gnu/11/../../../../include/c++/11/bits/hashtable_policy.h:731:30 @[ /usr/lib/gcc/aarch64-linux-gnu/11/../../../../include/c++/11/bits/unordered_map.h:984:16 @[ src/universe/autoware_universe/perception/autoware_map_based_prediction/src/map_based_prediction_node.cpp:1404:3 ] ] ] ]. Skipping.
Found a loop without a preheader at /usr/lib/gcc/aarch64-linux-gnu/11/../../../../include/c++/11/bits/hashtable.h:1837:7 @[ /usr/lib/gcc/aarch64-linux-gnu/11/../../../../include/c++/11/bits/hashtable.h:810:31 @[ /usr/lib/gcc/aarch64-linux-gnu/11/../../../../include/c++/11/bits/hashtable_policy.h:731:30 @[ /usr/lib/gcc/aarch64-linux-gnu/11/../../../../include/c++/11/bits/unordered_map.h:984:16 @[ src/universe/autoware_universe/perception/autoware_map_based_prediction/src/map_based_prediction_node.cpp:1403:3 ] ] ] ]. Skipping.
Found a loop without a preheader at /usr/lib/gcc/aarch64-linux-gnu/11/../../../../include/c++/11/bits/hashtable_policy.h:1912:7 @[ /usr/lib/gcc/aarch64-linux-gnu/11/../../../../include/c++/11/bits/hashtable.h:2320:13 @[ /usr/lib/gcc/aarch64-linux-gnu/11/../../../../include/c++/11/bits/hashtable.h:1532:7 @[ /usr/lib/gcc/aarch64-linux-gnu/11/../../../../include/c++/11/bits/unordered_map.h:102:11 ] ] ]. Skipping.
Found a loop without a preheader at /usr/lib/gcc/aarch64-linux-gnu/11/../../../../include/c++/11/bits/stl_construct.h:162:4 @[ /usr/lib/gcc/aarch64-linux-gnu/11/../../../../include/c++/11/bits/stl_construct.h:195:7 @[ /usr/lib/gcc/aarch64-linux-gnu/11/../../../../include/c++/11/bits/alloc_traits.h:848:7 @[ /usr/lib/gcc/aarch64-linux-gnu/11/../../../../include/c++/11/bits/stl_vector.h:680:2 ] ] ]. Skipping.
Found a loop without a preheader at /usr/lib/gcc/aarch64-linux-gnu/11/../../../../include/c++/11/bits/stl_uninitialized.h:91:8 @[ /usr/lib/gcc/aarch64-linux-gnu/11/../../../../include/c++/11/bits/stl_uninitialized.h:148:14 @[ /usr/lib/gcc/aarch64-linux-gnu/11/../../../../include/c++/11/bits/stl_uninitialized.h:333:14 @[ /usr/lib/gcc/aarch64-linux-gnu/11/../../../../include/c++/11/bits/stl_vector.h:558:4 @[ /opt/ros/humble/include/lanelet2_routing/LaneletPath.h:13:7 @[ /usr/lib/gcc/aarch64-linux-gnu/11/../../../../include/c++/11/ext/new_allocator.h:162:23 @[ /usr/lib/gcc/aarch64-linux-gnu/11/../../../../include/c++/11/bits/alloc_traits.h:516:8 @[ /usr/lib/gcc/aarch64-linux-gnu/11/../../../../include/c++/11/bits/stl_vector.h:1192:6 ] ] ] ] ] ] ]. Skipping.
Found a loop without a preheader at /usr/lib/gcc/aarch64-linux-gnu/11/../../../../include/c++/11/bits/stl_uninitialized.h:1031:7 @[ /usr/lib/gcc/aarch64-linux-gnu/11/../../../../include/c++/11/bits/stl_uninitialized.h:1046:14 @[ /usr/lib/gcc/aarch64-linux-gnu/11/../../../../include/c++/11/bits/stl_vector.h:456:9 @[ /usr/lib/gcc/aarch64-linux-gnu/11/../../../../include/c++/11/bits/stl_vector.h:469:9 @[ /usr/lib/gcc/aarch64-linux-gnu/11/../../../../include/c++/11/bits/vector.tcc:466:23 ] ] ] ]. Skipping.
Found a loop without a preheader at /usr/lib/gcc/aarch64-linux-gnu/11/../../../../include/c++/11/bits/stl_uninitialized.h:1031:7 @[ /usr/lib/gcc/aarch64-linux-gnu/11/../../../../include/c++/11/bits/stl_uninitialized.h:1046:14 @[ /usr/lib/gcc/aarch64-linux-gnu/11/../../../../include/c++/11/bits/stl_vector.h:456:9 @[ /usr/lib/gcc/aarch64-linux-gnu/11/../../../../include/c++/11/bits/stl_vector.h:469:9 @[ /usr/lib/gcc/aarch64-linux-gnu/11/../../../../include/c++/11/bits/vector.tcc:461:23 ] ] ] ]. Skipping.
Found a loop without a preheader at /usr/lib/gcc/aarch64-linux-gnu/11/../../../../include/c++/11/bits/stl_uninitialized.h:91:8 @[ /usr/lib/gcc/aarch64-linux-gnu/11/../../../../include/c++/11/bits/stl_uninitialized.h:148:14 @[ /usr/lib/gcc/aarch64-linux-gnu/11/../../../../include/c++/11/bits/stl_uninitialized.h:333:14 @[ /usr/lib/gcc/aarch64-linux-gnu/11/../../../../include/c++/11/bits/stl_vector.h:558:4 @[ /opt/ros/humble/include/lanelet2_routing/LaneletPath.h:13:7 @[ /usr/lib/gcc/aarch64-linux-gnu/11/../../../../include/c++/11/ext/new_allocator.h:162:23 @[ /usr/lib/gcc/aarch64-linux-gnu/11/../../../../include/c++/11/bits/alloc_traits.h:516:8 @[ /usr/lib/gcc/aarch64-linux-gnu/11/../../../../include/c++/11/bits/vector.tcc:449:4 ] ] ] ] ] ] ]. Skipping.
Found a loop without a preheader at /usr/lib/gcc/aarch64-linux-gnu/11/../../../../include/c++/11/bits/stl_uninitialized.h:1031:7 @[ /usr/lib/gcc/aarch64-linux-gnu/11/../../../../include/c++/11/bits/stl_uninitialized.h:1046:14 @[ /usr/lib/gcc/aarch64-linux-gnu/11/../../../../include/c++/11/bits/stl_vector.h:456:9 @[ /usr/lib/gcc/aarch64-linux-gnu/11/../../../../include/c++/11/bits/stl_vector.h:469:9 @[ /usr/lib/gcc/aarch64-linux-gnu/11/../../../../include/c++/11/bits/vector.tcc:466:23 ] ] ] ]. Skipping.
Found a loop without a preheader at /usr/lib/gcc/aarch64-linux-gnu/11/../../../../include/c++/11/bits/stl_uninitialized.h:1031:7 @[ /usr/lib/gcc/aarch64-linux-gnu/11/../../../../include/c++/11/bits/stl_uninitialized.h:1046:14 @[ /usr/lib/gcc/aarch64-linux-gnu/11/../../../../include/c++/11/bits/stl_vector.h:456:9 @[ /usr/lib/gcc/aarch64-linux-gnu/11/../../../../include/c++/11/bits/stl_vector.h:469:9 @[ /usr/lib/gcc/aarch64-linux-gnu/11/../../../../include/c++/11/bits/vector.tcc:461:23 ] ] ] ]. Skipping.
Found a loop without a preheader at /usr/lib/gcc/aarch64-linux-gnu/11/../../../../include/c++/11/bits/stl_uninitialized.h:91:8 @[ /usr/lib/gcc/aarch64-linux-gnu/11/../../../../include/c++/11/bits/stl_uninitialized.h:148:14 @[ /usr/lib/gcc/aarch64-linux-gnu/11/../../../../include/c++/11/bits/stl_uninitialized.h:333:14 @[ /usr/lib/gcc/aarch64-linux-gnu/11/../../../../include/c++/11/bits/stl_vector.h:558:4 @[ src/universe/autoware_universe/perception/autoware_map_based_prediction/include/map_based_prediction/data_structure.hpp:71:8 @[ /usr/lib/gcc/aarch64-linux-gnu/11/../../../../include/c++/11/bits/stl_pair.h:353:35 ] ] ] ] ]. Skipping.
Found a loop without a preheader at /usr/lib/gcc/aarch64-linux-gnu/11/../../../../include/c++/11/bits/stl_uninitialized.h:91:8 @[ /usr/lib/gcc/aarch64-linux-gnu/11/../../../../include/c++/11/bits/stl_uninitialized.h:148:14 @[ /usr/lib/gcc/aarch64-linux-gnu/11/../../../../include/c++/11/bits/stl_uninitialized.h:333:14 @[ /usr/lib/gcc/aarch64-linux-gnu/11/../../../../include/c++/11/bits/stl_vector.h:558:4 @[ /opt/ros/humble/include/lanelet2_routing/LaneletPath.h:13:7 @[ /usr/lib/gcc/aarch64-linux-gnu/11/../../../../include/c++/11/bits/stl_pair.h:353:4 ] ] ] ] ]. Skipping.
Found a loop without a preheader at /usr/lib/gcc/aarch64-linux-gnu/11/../../../../include/c++/11/bits/stl_construct.h:162:4 @[ /usr/lib/gcc/aarch64-linux-gnu/11/../../../../include/c++/11/bits/stl_construct.h:195:7 @[ /usr/lib/gcc/aarch64-linux-gnu/11/../../../../include/c++/11/bits/alloc_traits.h:848:7 @[ /usr/lib/gcc/aarch64-linux-gnu/11/../../../../include/c++/11/bits/stl_vector.h:680:2 @[ /opt/ros/humble/include/lanelet2_routing/LaneletPath.h:13:7 @[ /usr/lib/gcc/aarch64-linux-gnu/11/../../../../include/c++/11/bits/stl_iterator.h:2488:12 @[ /usr/lib/gcc/aarch64-linux-gnu/11/../../../../include/c++/11/ext/new_allocator.h:168:10 ] ] ] ] ] ]. Skipping.
Found a loop without a preheader at /usr/lib/gcc/aarch64-linux-gnu/11/../../../../include/c++/11/bits/stl_construct.h:162:4. Skipping.
Found a loop without a preheader at /usr/lib/gcc/aarch64-linux-gnu/11/../../../../include/c++/11/bits/stl_uninitialized.h:91:8 @[ /usr/lib/gcc/aarch64-linux-gnu/11/../../../../include/c++/11/bits/stl_uninitialized.h:148:14 @[ /usr/lib/gcc/aarch64-linux-gnu/11/../../../../include/c++/11/bits/stl_uninitialized.h:333:14 @[ /usr/lib/gcc/aarch64-linux-gnu/11/../../../../include/c++/11/bits/stl_uninitialized.h:354:14 @[ /usr/lib/gcc/aarch64-linux-gnu/11/../../../../include/c++/11/bits/vector.tcc:782:11 ] ] ] ]. Skipping.
Found a loop without an exit block at /usr/lib/gcc/aarch64-linux-gnu/11/../../../../include/c++/11/bits/stl_uninitialized.h:91:8 @[ /usr/lib/gcc/aarch64-linux-gnu/11/../../../../include/c++/11/bits/stl_uninitialized.h:148:14 @[ /usr/lib/gcc/aarch64-linux-gnu/11/../../../../include/c++/11/bits/stl_uninitialized.h:333:14 @[ /usr/lib/gcc/aarch64-linux-gnu/11/../../../../include/c++/11/bits/vector.tcc:778:11 ] ] ]. Skipping.
Found a loop without a preheader at /usr/lib/gcc/aarch64-linux-gnu/11/../../../../include/c++/11/bits/stl_uninitialized.h:91:8 @[ /usr/lib/gcc/aarch64-linux-gnu/11/../../../../include/c++/11/bits/stl_uninitialized.h:148:14 @[ /usr/lib/gcc/aarch64-linux-gnu/11/../../../../include/c++/11/bits/stl_uninitialized.h:333:14 @[ /usr/lib/gcc/aarch64-linux-gnu/11/../../../../include/c++/11/bits/stl_uninitialized.h:354:14 @[ /usr/lib/gcc/aarch64-linux-gnu/11/../../../../include/c++/11/bits/vector.tcc:774:11 ] ] ] ]. Skipping.
Found a loop without a preheader at /usr/lib/gcc/aarch64-linux-gnu/11/../../../../include/c++/11/bits/stl_uninitialized.h:91:8 @[ /usr/lib/gcc/aarch64-linux-gnu/11/../../../../include/c++/11/bits/stl_uninitialized.h:148:14 @[ /usr/lib/gcc/aarch64-linux-gnu/11/../../../../include/c++/11/bits/stl_uninitialized.h:333:14 @[ /usr/lib/gcc/aarch64-linux-gnu/11/../../../../include/c++/11/bits/stl_uninitialized.h:341:14 @[ /usr/lib/gcc/aarch64-linux-gnu/11/../../../../include/c++/11/bits/vector.tcc:736:7 ] ] ] ]. Skipping.
Found a loop without a preheader at /usr/lib/gcc/aarch64-linux-gnu/11/../../../../include/c++/11/bits/stl_uninitialized.h:91:8 @[ /usr/lib/gcc/aarch64-linux-gnu/11/../../../../include/c++/11/bits/stl_uninitialized.h:148:14 @[ /usr/lib/gcc/aarch64-linux-gnu/11/../../../../include/c++/11/bits/stl_uninitialized.h:333:14 @[ /usr/lib/gcc/aarch64-linux-gnu/11/../../../../include/c++/11/bits/stl_uninitialized.h:341:14 @[ /usr/lib/gcc/aarch64-linux-gnu/11/../../../../include/c++/11/bits/vector.tcc:756:7 ] ] ] ]. Skipping.
Found a loop without a preheader at /usr/lib/gcc/aarch64-linux-gnu/11/../../../../include/c++/11/bits/stl_uninitialized.h:91:8 @[ /usr/lib/gcc/aarch64-linux-gnu/11/../../../../include/c++/11/bits/stl_uninitialized.h:148:14 @[ /usr/lib/gcc/aarch64-linux-gnu/11/../../../../include/c++/11/bits/stl_uninitialized.h:333:14 @[ /usr/lib/gcc/aarch64-linux-gnu/11/../../../../include/c++/11/bits/vector.tcc:751:7 ] ] ]. Skipping.
Found a loop without a preheader at /usr/lib/gcc/aarch64-linux-gnu/11/../../../../include/c++/11/bits/stl_construct.h:162:4 @[ /usr/lib/gcc/aarch64-linux-gnu/11/../../../../include/c++/11/bits/stl_construct.h:195:7 @[ /usr/lib/gcc/aarch64-linux-gnu/11/../../../../include/c++/11/bits/alloc_traits.h:848:7 @[ /usr/lib/gcc/aarch64-linux-gnu/11/../../../../include/c++/11/bits/stl_vector.h:680:2 @[ /usr/lib/gcc/aarch64-linux-gnu/11/../../../../include/c++/11/bits/stl_vector.h:1821:7 @[ /usr/lib/gcc/aarch64-linux-gnu/11/../../../../include/c++/11/bits/stl_vector.h:714:2 @[ /opt/ros/humble/include/lanelet2_routing/LaneletPath.h:13:7 @[ /usr/lib/gcc/aarch64-linux-gnu/11/../../../../include/c++/11/bits/stl_pair.h:408:8 ] ] ] ] ] ] ]. Skipping.
Found a loop without a preheader at /usr/lib/gcc/aarch64-linux-gnu/11/../../../../include/c++/11/bits/stl_uninitialized.h:91:8 @[ /usr/lib/gcc/aarch64-linux-gnu/11/../../../../include/c++/11/bits/stl_uninitialized.h:148:14 @[ /usr/lib/gcc/aarch64-linux-gnu/11/../../../../include/c++/11/bits/stl_uninitialized.h:333:14 @[ /usr/lib/gcc/aarch64-linux-gnu/11/../../../../include/c++/11/bits/stl_vector.h:558:4 @[ src/universe/autoware_universe/perception/autoware_map_based_prediction/include/map_based_prediction/data_structure.hpp:71:8 @[ /usr/lib/gcc/aarch64-linux-gnu/11/../../../../include/c++/11/bits/stl_pair.h:314:17 ] ] ] ] ]. Skipping.
Found a loop without a preheader at /usr/lib/gcc/aarch64-linux-gnu/11/../../../../include/c++/11/bits/stl_uninitialized.h:91:8 @[ /usr/lib/gcc/aarch64-linux-gnu/11/../../../../include/c++/11/bits/stl_uninitialized.h:148:14 @[ /usr/lib/gcc/aarch64-linux-gnu/11/../../../../include/c++/11/bits/stl_uninitialized.h:333:14 @[ /usr/lib/gcc/aarch64-linux-gnu/11/../../../../include/c++/11/bits/stl_vector.h:558:4 @[ /opt/ros/humble/include/lanelet2_routing/LaneletPath.h:13:7 @[ /usr/lib/gcc/aarch64-linux-gnu/11/../../../../include/c++/11/bits/stl_pair.h:314:17 ] ] ] ] ]. Skipping.
Found a loop without a preheader at /usr/lib/gcc/aarch64-linux-gnu/11/../../../../include/c++/11/bits/hashtable.h:1837:7 @[ /usr/lib/gcc/aarch64-linux-gnu/11/../../../../include/c++/11/bits/hashtable.h:810:31 @[ /usr/lib/gcc/aarch64-linux-gnu/11/../../../../include/c++/11/bits/hashtable.h:1610:29 @[ /usr/lib/gcc/aarch64-linux-gnu/11/../../../../include/c++/11/bits/hashtable_policy.h:773:25 @[ /usr/lib/gcc/aarch64-linux-gnu/11/../../../../include/c++/11/bits/unordered_map.h:1001:21 @[ src/universe/autoware_universe/perception/autoware_map_based_prediction/src/map_based_prediction_node.cpp:1169:42 ] ] ] ] ]. Skipping.
Found a loop without a preheader at /usr/lib/gcc/aarch64-linux-gnu/11/../../../../include/c++/11/bits/hashtable.h:1837:7 @[ /usr/lib/gcc/aarch64-linux-gnu/11/../../../../include/c++/11/bits/hashtable.h:810:31 @[ /usr/lib/gcc/aarch64-linux-gnu/11/../../../../include/c++/11/bits/hashtable.h:1610:29 @[ /usr/lib/gcc/aarch64-linux-gnu/11/../../../../include/c++/11/bits/hashtable.h:1657:19 @[ /usr/lib/gcc/aarch64-linux-gnu/11/../../../../include/c++/11/bits/unordered_map.h:902:21 @[ src/universe/autoware_universe/perception/autoware_map_based_prediction/src/map_based_prediction_node.cpp:1167:42 ] ] ] ] ]. Skipping.
Found a loop without a preheader at /usr/lib/gcc/aarch64-linux-gnu/11/../../../../include/c++/11/bits/stl_construct.h:162:4 @[ /usr/lib/gcc/aarch64-linux-gnu/11/../../../../include/c++/11/bits/stl_construct.h:195:7 @[ /usr/lib/gcc/aarch64-linux-gnu/11/../../../../include/c++/11/bits/alloc_traits.h:848:7 @[ /usr/lib/gcc/aarch64-linux-gnu/11/../../../../include/c++/11/bits/stl_vector.h:680:2 @[ src/universe/autoware_universe/perception/autoware_map_based_prediction/src/map_based_prediction_node.cpp:1322:1 ] ] ] ]. Skipping.
Found a loop without a preheader at src/universe/autoware_universe/perception/autoware_map_based_prediction/src/map_based_prediction_node.cpp:1276:5. Skipping.
Found a loop without an exit block at src/universe/autoware_universe/perception/autoware_map_based_prediction/src/map_based_prediction_node.cpp:1255:3. Skipping.
Found a loop without a preheader at /usr/lib/gcc/aarch64-linux-gnu/11/../../../../include/c++/11/bits/stl_uninitialized.h:91:8 @[ /usr/lib/gcc/aarch64-linux-gnu/11/../../../../include/c++/11/bits/stl_uninitialized.h:148:14 @[ /usr/lib/gcc/aarch64-linux-gnu/11/../../../../include/c++/11/bits/stl_uninitialized.h:333:14 @[ /usr/lib/gcc/aarch64-linux-gnu/11/../../../../include/c++/11/bits/stl_vector.h:558:4 @[ src/universe/autoware_universe/perception/autoware_map_based_prediction/src/map_based_prediction_node.cpp:1249:5 ] ] ] ]. Skipping.
Found a loop without an exit block at src/universe/autoware_universe/perception/autoware_map_based_prediction/src/map_based_prediction_node.cpp:1230:3. Skipping.
Found a loop without a preheader at /usr/lib/gcc/aarch64-linux-gnu/11/../../../../include/c++/11/bits/hashtable.h:2386:7. Skipping.
Found a loop without a preheader at src/universe/autoware_universe/perception/autoware_map_based_prediction/src/map_based_prediction_node.cpp:1435:9. Skipping.
Found a loop without an exit block at src/universe/autoware_universe/perception/autoware_map_based_prediction/src/map_based_prediction_node.cpp:1419:3. Skipping.
Found a loop without a preheader at /usr/lib/gcc/aarch64-linux-gnu/11/../../../../include/c++/11/bits/stl_uninitialized.h:91:8 @[ /usr/lib/gcc/aarch64-linux-gnu/11/../../../../include/c++/11/bits/stl_uninitialized.h:148:14 @[ /usr/lib/gcc/aarch64-linux-gnu/11/../../../../include/c++/11/bits/stl_uninitialized.h:333:14 @[ /usr/lib/gcc/aarch64-linux-gnu/11/../../../../include/c++/11/bits/stl_vector.h:558:4 @[ /usr/lib/gcc/aarch64-linux-gnu/11/../../../../include/c++/11/bits/stl_pair.h:337:10 @[ /usr/lib/gcc/aarch64-linux-gnu/11/../../../../include/c++/11/bits/stl_pair.h:572:14 @[ src/universe/autoware_universe/perception/autoware_map_based_prediction/src/map_based_prediction_node.cpp:1555:32 ] ] ] ] ] ]. Skipping.
Found a loop without an exit block at src/universe/autoware_universe/perception/autoware_map_based_prediction/src/map_based_prediction_node.cpp:1502:5. Skipping.
Found a loop without a preheader at /usr/lib/gcc/aarch64-linux-gnu/11/../../../../include/c++/11/bits/stl_construct.h:162:4 @[ /usr/lib/gcc/aarch64-linux-gnu/11/../../../../include/c++/11/bits/stl_construct.h:195:7 @[ /usr/lib/gcc/aarch64-linux-gnu/11/../../../../include/c++/11/bits/alloc_traits.h:848:7 @[ /usr/lib/gcc/aarch64-linux-gnu/11/../../../../include/c++/11/bits/stl_vector.h:680:2 @[ src/universe/autoware_universe/perception/autoware_map_based_prediction/src/map_based_prediction_node.cpp:1500:5 ] ] ] ]. Skipping.
Found a loop without an exit block at src/universe/autoware_universe/perception/autoware_map_based_prediction/src/map_based_prediction_node.cpp:1477:37. Skipping.
Found a loop without a preheader at /usr/lib/gcc/aarch64-linux-gnu/11/../../../../include/c++/11/bits/stl_uninitialized.h:91:8 @[ /usr/lib/gcc/aarch64-linux-gnu/11/../../../../include/c++/11/bits/stl_uninitialized.h:148:14 @[ /usr/lib/gcc/aarch64-linux-gnu/11/../../../../include/c++/11/bits/stl_uninitialized.h:333:14 @[ /usr/lib/gcc/aarch64-linux-gnu/11/../../../../include/c++/11/bits/stl_vector.h:558:4 @[ /usr/lib/gcc/aarch64-linux-gnu/11/../../../../include/c++/11/bits/stl_pair.h:314:17 @[ /usr/lib/gcc/aarch64-linux-gnu/11/../../../../include/c++/11/optional:226:8 @[ /usr/lib/gcc/aarch64-linux-gnu/11/../../../../include/c++/11/optional:117:4 @[ /usr/lib/gcc/aarch64-linux-gnu/11/../../../../include/c++/11/optional:359:42 @[ /usr/lib/gcc/aarch64-linux-gnu/11/../../../../include/c++/11/optional:393:57 @[ /usr/lib/gcc/aarch64-linux-gnu/11/../../../../include/c++/11/optional:483:4 @[ /usr/lib/gcc/aarch64-linux-gnu/11/../../../../include/c++/11/optional:706:4 @[ install/autoware_utils_system/include/autoware_utils_system/lru_cache.hpp:100:12 @[ src/universe/autoware_universe/perception/autoware_map_based_prediction/src/map_based_prediction_node.cpp:1462:45 ] ] ] ] ] ] ] ] ] ] ] ]. Skipping.
Found a loop without a preheader at src/universe/autoware_universe/perception/autoware_map_based_prediction/src/map_based_prediction_node.cpp:1775:5. Skipping.
Found a loop without an exit block at src/universe/autoware_universe/perception/autoware_map_based_prediction/src/map_based_prediction_node.cpp:1742:5. Skipping.
Found a loop without a preheader at /usr/lib/gcc/aarch64-linux-gnu/11/../../../../include/c++/11/bits/stl_construct.h:162:4 @[ /usr/lib/gcc/aarch64-linux-gnu/11/../../../../include/c++/11/bits/stl_construct.h:195:7 @[ /usr/lib/gcc/aarch64-linux-gnu/11/../../../../include/c++/11/bits/alloc_traits.h:848:7 @[ /usr/lib/gcc/aarch64-linux-gnu/11/../../../../include/c++/11/bits/stl_vector.h:680:2 ] ] ]. Skipping.
Found a loop without a preheader at /usr/lib/gcc/aarch64-linux-gnu/11/../../../../include/c++/11/bits/stl_uninitialized.h:1031:7 @[ /usr/lib/gcc/aarch64-linux-gnu/11/../../../../include/c++/11/bits/stl_uninitialized.h:1046:14 @[ /usr/lib/gcc/aarch64-linux-gnu/11/../../../../include/c++/11/bits/stl_vector.h:456:9 @[ /usr/lib/gcc/aarch64-linux-gnu/11/../../../../include/c++/11/bits/stl_vector.h:469:9 @[ /usr/lib/gcc/aarch64-linux-gnu/11/../../../../include/c++/11/bits/vector.tcc:466:23 ] ] ] ]. Skipping.
Found a loop without a preheader at /usr/lib/gcc/aarch64-linux-gnu/11/../../../../include/c++/11/bits/stl_uninitialized.h:1031:7 @[ /usr/lib/gcc/aarch64-linux-gnu/11/../../../../include/c++/11/bits/stl_uninitialized.h:1046:14 @[ /usr/lib/gcc/aarch64-linux-gnu/11/../../../../include/c++/11/bits/stl_vector.h:456:9 @[ /usr/lib/gcc/aarch64-linux-gnu/11/../../../../include/c++/11/bits/stl_vector.h:469:9 @[ /usr/lib/gcc/aarch64-linux-gnu/11/../../../../include/c++/11/bits/vector.tcc:461:23 ] ] ] ]. Skipping.
Found a loop without a preheader at /usr/lib/gcc/aarch64-linux-gnu/11/../../../../include/c++/11/bits/stl_uninitialized.h:91:8 @[ /usr/lib/gcc/aarch64-linux-gnu/11/../../../../include/c++/11/bits/stl_uninitialized.h:148:14 @[ /usr/lib/gcc/aarch64-linux-gnu/11/../../../../include/c++/11/bits/stl_uninitialized.h:333:14 @[ /usr/lib/gcc/aarch64-linux-gnu/11/../../../../include/c++/11/bits/stl_vector.h:558:4 @[ src/universe/autoware_universe/perception/autoware_map_based_prediction/include/map_based_prediction/data_structure.hpp:71:8 @[ /usr/lib/gcc/aarch64-linux-gnu/11/../../../../include/c++/11/ext/new_allocator.h:162:23 @[ /usr/lib/gcc/aarch64-linux-gnu/11/../../../../include/c++/11/bits/alloc_traits.h:516:8 @[ /usr/lib/gcc/aarch64-linux-gnu/11/../../../../include/c++/11/bits/vector.tcc:449:4 ] ] ] ] ] ] ]. Skipping.
Found a loop without a preheader at /usr/lib/gcc/aarch64-linux-gnu/11/../../../../include/c++/11/bits/stl_construct.h:162:4 @[ /usr/lib/gcc/aarch64-linux-gnu/11/../../../../include/c++/11/bits/stl_construct.h:195:7 @[ /usr/lib/gcc/aarch64-linux-gnu/11/../../../../include/c++/11/bits/alloc_traits.h:848:7 @[ /usr/lib/gcc/aarch64-linux-gnu/11/../../../../include/c++/11/bits/stl_vector.h:680:2 @[ /opt/ros/humble/include/lanelet2_routing/LaneletPath.h:13:7 @[ /usr/include/boost/container/detail/std_fwd.hpp:39:8 @[ install/autoware_utils_system/include/autoware_utils_system/lru_cache.hpp:81:5 ] ] ] ] ] ]. Skipping.
Found a loop without a preheader at /usr/lib/gcc/aarch64-linux-gnu/11/../../../../include/c++/11/bits/stl_construct.h:162:4 @[ /usr/lib/gcc/aarch64-linux-gnu/11/../../../../include/c++/11/bits/stl_construct.h:195:7 @[ /usr/lib/gcc/aarch64-linux-gnu/11/../../../../include/c++/11/bits/alloc_traits.h:848:7 @[ /usr/lib/gcc/aarch64-linux-gnu/11/../../../../include/c++/11/bits/stl_vector.h:680:2 @[ /opt/ros/humble/include/lanelet2_routing/LaneletPath.h:13:7 @[ /usr/include/boost/container/detail/std_fwd.hpp:39:8 @[ install/autoware_utils_system/include/autoware_utils_system/lru_cache.hpp:74:5 ] ] ] ] ] ]. Skipping.
Found a loop without a preheader at /usr/lib/gcc/aarch64-linux-gnu/11/../../../../include/c++/11/bits/hashtable.h:1837:7 @[ /usr/lib/gcc/aarch64-linux-gnu/11/../../../../include/c++/11/bits/hashtable.h:810:31 @[ /usr/lib/gcc/aarch64-linux-gnu/11/../../../../include/c++/11/bits/hashtable.h:1610:29 ] ]. Skipping.
Found a loop without a preheader at /usr/lib/gcc/aarch64-linux-gnu/11/../../../../include/c++/11/bits/hashtable.h:1837:7 @[ /usr/lib/gcc/aarch64-linux-gnu/11/../../../../include/c++/11/bits/hashtable.h:810:31 @[ /usr/lib/gcc/aarch64-linux-gnu/11/../../../../include/c++/11/bits/hashtable.h:1610:29 ] ]. Skipping.
Found a loop without a preheader at src/universe/autoware_universe/perception/autoware_map_based_prediction/include/map_based_prediction/map_based_prediction_node.hpp:66:5 @[ /usr/lib/gcc/aarch64-linux-gnu/11/../../../../include/c++/11/bits/hashtable_policy.h:1219:9 @[ /usr/lib/gcc/aarch64-linux-gnu/11/../../../../include/c++/11/bits/hashtable.h:1608:34 ] ]. Skipping.
Found a loop without a preheader at /usr/lib/gcc/aarch64-linux-gnu/11/../../../../include/c++/11/bits/hashtable.h:1837:7 @[ /usr/lib/gcc/aarch64-linux-gnu/11/../../../../include/c++/11/bits/hashtable.h:810:31 @[ /usr/lib/gcc/aarch64-linux-gnu/11/../../../../include/c++/11/bits/hashtable.h:1595:23 ] ]. Skipping.
Found a loop without a preheader at /usr/lib/gcc/aarch64-linux-gnu/11/../../../../include/c++/11/bits/hashtable.h:1837:7 @[ /usr/lib/gcc/aarch64-linux-gnu/11/../../../../include/c++/11/bits/hashtable.h:810:31 @[ /usr/lib/gcc/aarch64-linux-gnu/11/../../../../include/c++/11/bits/hashtable.h:1595:23 ] ]. Skipping.
Found a loop without a preheader at src/universe/autoware_universe/perception/autoware_map_based_prediction/include/map_based_prediction/map_based_prediction_node.hpp:66:5 @[ /usr/lib/gcc/aarch64-linux-gnu/11/../../../../include/c++/11/bits/hashtable_policy.h:1219:9 @[ /usr/lib/gcc/aarch64-linux-gnu/11/../../../../include/c++/11/bits/hashtable.h:1593:34 ] ]. Skipping.
Found a loop without a preheader at /usr/lib/gcc/aarch64-linux-gnu/11/../../../../include/c++/11/bits/stl_uninitialized.h:91:8 @[ /usr/lib/gcc/aarch64-linux-gnu/11/../../../../include/c++/11/bits/stl_uninitialized.h:148:14 @[ /usr/lib/gcc/aarch64-linux-gnu/11/../../../../include/c++/11/bits/stl_uninitialized.h:333:14 @[ /usr/lib/gcc/aarch64-linux-gnu/11/../../../../include/c++/11/bits/stl_vector.h:558:4 @[ /usr/lib/gcc/aarch64-linux-gnu/11/../../../../include/c++/11/bits/stl_pair.h:314:17 @[ /usr/lib/gcc/aarch64-linux-gnu/11/../../../../include/c++/11/bits/stl_pair.h:267:21 ] ] ] ] ]. Skipping.
Found a loop without a preheader at /usr/lib/gcc/aarch64-linux-gnu/11/../../../../include/c++/11/bits/stl_uninitialized.h:91:8 @[ /usr/lib/gcc/aarch64-linux-gnu/11/../../../../include/c++/11/bits/stl_uninitialized.h:148:14 @[ /usr/lib/gcc/aarch64-linux-gnu/11/../../../../include/c++/11/bits/stl_uninitialized.h:333:14 @[ /usr/lib/gcc/aarch64-linux-gnu/11/../../../../include/c++/11/bits/stl_vector.h:558:4 @[ /opt/ros/humble/include/lanelet2_routing/LaneletPath.h:13:7 @[ /usr/lib/gcc/aarch64-linux-gnu/11/../../../../include/c++/11/bits/stl_pair.h:267:9 ] ] ] ] ]. Skipping.
Found a loop without a preheader at /usr/lib/gcc/aarch64-linux-gnu/11/../../../../include/c++/11/bits/stl_uninitialized.h:91:8 @[ /usr/lib/gcc/aarch64-linux-gnu/11/../../../../include/c++/11/bits/stl_uninitialized.h:148:14 @[ /usr/lib/gcc/aarch64-linux-gnu/11/../../../../include/c++/11/bits/stl_uninitialized.h:333:14 @[ /usr/lib/gcc/aarch64-linux-gnu/11/../../../../include/c++/11/bits/stl_vector.h:558:4 @[ /usr/lib/gcc/aarch64-linux-gnu/11/../../../../include/c++/11/bits/stl_pair.h:314:17 @[ /usr/lib/gcc/aarch64-linux-gnu/11/../../../../include/c++/11/bits/stl_pair.h:314:17 ] ] ] ] ]. Skipping.
Found a loop without a preheader at /usr/lib/gcc/aarch64-linux-gnu/11/../../../../include/c++/11/bits/stl_uninitialized.h:91:8 @[ /usr/lib/gcc/aarch64-linux-gnu/11/../../../../include/c++/11/bits/stl_uninitialized.h:148:14 @[ /usr/lib/gcc/aarch64-linux-gnu/11/../../../../include/c++/11/bits/stl_uninitialized.h:333:14 @[ /usr/lib/gcc/aarch64-linux-gnu/11/../../../../include/c++/11/bits/stl_vector.h:558:4 @[ /opt/ros/humble/include/lanelet2_routing/LaneletPath.h:13:7 @[ /usr/lib/gcc/aarch64-linux-gnu/11/../../../../include/c++/11/bits/stl_pair.h:314:17 ] ] ] ] ]. Skipping.
Found a loop without a preheader at /usr/lib/gcc/aarch64-linux-gnu/11/../../../../include/c++/11/bits/hashtable.h:1837:7 @[ /usr/lib/gcc/aarch64-linux-gnu/11/../../../../include/c++/11/bits/hashtable.h:810:31 @[ /usr/lib/gcc/aarch64-linux-gnu/11/../../../../include/c++/11/bits/hashtable_policy.h:704:30 ] ]. Skipping.
Found a loop without a preheader at /usr/lib/gcc/aarch64-linux-gnu/11/../../../../include/c++/11/bits/hashtable.h:1837:7 @[ /usr/lib/gcc/aarch64-linux-gnu/11/../../../../include/c++/11/bits/hashtable.h:810:31 @[ /usr/lib/gcc/aarch64-linux-gnu/11/../../../../include/c++/11/bits/hashtable_policy.h:704:30 ] ]. Skipping.
Found a loop without a preheader at src/universe/autoware_universe/perception/autoware_map_based_prediction/include/map_based_prediction/map_based_prediction_node.hpp:66:5 @[ /usr/lib/gcc/aarch64-linux-gnu/11/../../../../include/c++/11/bits/hashtable_policy.h:1219:9 @[ /usr/lib/gcc/aarch64-linux-gnu/11/../../../../include/c++/11/bits/hashtable_policy.h:702:33 ] ]. Skipping.
Found a loop without a preheader at /usr/lib/gcc/aarch64-linux-gnu/11/../../../../include/c++/11/bits/stl_construct.h:162:4 @[ /usr/lib/gcc/aarch64-linux-gnu/11/../../../../include/c++/11/bits/stl_construct.h:195:7 @[ /usr/lib/gcc/aarch64-linux-gnu/11/../../../../include/c++/11/bits/alloc_traits.h:848:7 @[ /usr/lib/gcc/aarch64-linux-gnu/11/../../../../include/c++/11/bits/stl_vector.h:680:2 @[ /opt/ros/humble/include/lanelet2_routing/LaneletPath.h:13:7 @[ /usr/lib/gcc/aarch64-linux-gnu/11/../../../../include/c++/11/bits/stl_iterator.h:2488:12 @[ /usr/lib/gcc/aarch64-linux-gnu/11/../../../../include/c++/11/ext/new_allocator.h:168:10 @[ /usr/lib/gcc/aarch64-linux-gnu/11/../../../../include/c++/11/bits/alloc_traits.h:535:8 @[ /usr/lib/gcc/aarch64-linux-gnu/11/../../../../include/c++/11/bits/hashtable_policy.h:1894:7 @[ /usr/lib/gcc/aarch64-linux-gnu/11/../../../../include/c++/11/bits/hashtable.h:308:39 ] ] ] ] ] ] ] ] ]. Skipping.
Found a loop without a preheader at /usr/lib/gcc/aarch64-linux-gnu/11/../../../../include/c++/11/bits/stl_uninitialized.h:91:8 @[ /usr/lib/gcc/aarch64-linux-gnu/11/../../../../include/c++/11/bits/stl_uninitialized.h:148:14 @[ /usr/lib/gcc/aarch64-linux-gnu/11/../../../../include/c++/11/bits/stl_uninitialized.h:333:14 @[ /usr/lib/gcc/aarch64-linux-gnu/11/../../../../include/c++/11/bits/stl_vector.h:558:4 @[ /opt/ros/humble/include/lanelet2_routing/LaneletPath.h:13:7 @[ /usr/lib/gcc/aarch64-linux-gnu/11/../../../../include/c++/11/tuple:1819:9 @[ /usr/lib/gcc/aarch64-linux-gnu/11/../../../../include/c++/11/tuple:1807:9 @[ /usr/lib/gcc/aarch64-linux-gnu/11/../../../../include/c++/11/ext/new_allocator.h:162:23 @[ /usr/lib/gcc/aarch64-linux-gnu/11/../../../../include/c++/11/bits/alloc_traits.h:516:8 @[ /usr/lib/gcc/aarch64-linux-gnu/11/../../../../include/c++/11/bits/hashtable_policy.h:1878:6 ] ] ] ] ] ] ] ] ]. Skipping.
Found a loop without a preheader at /usr/lib/gcc/aarch64-linux-gnu/11/../../../../include/c++/11/bits/hashtable.h:2386:7. Skipping.
Found a loop without a preheader at /usr/lib/gcc/aarch64-linux-gnu/11/../../../../include/c++/11/bits/hashtable.h:1837:7 @[ /usr/lib/gcc/aarch64-linux-gnu/11/../../../../include/c++/11/bits/hashtable.h:2203:34 ]. Skipping.
Found a loop without a preheader at /usr/lib/gcc/aarch64-linux-gnu/11/../../../../include/c++/11/bits/hashtable.h:1837:7 @[ /usr/lib/gcc/aarch64-linux-gnu/11/../../../../include/c++/11/bits/hashtable.h:2203:34 ]. Skipping.
Found a loop without a preheader at src/universe/autoware_universe/perception/autoware_map_based_prediction/include/map_based_prediction/map_based_prediction_node.hpp:66:5 @[ /usr/lib/gcc/aarch64-linux-gnu/11/../../../../include/c++/11/bits/hashtable_policy.h:1219:9 @[ /usr/lib/gcc/aarch64-linux-gnu/11/../../../../include/c++/11/bits/hashtable.h:2199:34 ] ]. Skipping.
Found a loop without a preheader at /usr/lib/gcc/aarch64-linux-gnu/11/../../../../include/c++/11/bits/stl_construct.h:162:4 @[ /usr/lib/gcc/aarch64-linux-gnu/11/../../../../include/c++/11/bits/stl_construct.h:195:7 @[ /usr/lib/gcc/aarch64-linux-gnu/11/../../../../include/c++/11/bits/alloc_traits.h:848:7 @[ /usr/lib/gcc/aarch64-linux-gnu/11/../../../../include/c++/11/bits/stl_vector.h:680:2 @[ /opt/ros/humble/include/lanelet2_routing/LaneletPath.h:13:7 @[ /usr/lib/gcc/aarch64-linux-gnu/11/../../../../include/c++/11/bits/stl_iterator.h:2488:12 @[ /usr/lib/gcc/aarch64-linux-gnu/11/../../../../include/c++/11/ext/new_allocator.h:168:10 @[ /usr/lib/gcc/aarch64-linux-gnu/11/../../../../include/c++/11/bits/alloc_traits.h:535:8 @[ /usr/lib/gcc/aarch64-linux-gnu/11/../../../../include/c++/11/bits/hashtable_policy.h:1894:7 @[ /usr/lib/gcc/aarch64-linux-gnu/11/../../../../include/c++/11/bits/hashtable.h:2183:13 ] ] ] ] ] ] ] ] ]. Skipping.
Found a loop without an exit block at src/universe/autoware_universe/perception/autoware_map_based_prediction/include/map_based_prediction/map_based_prediction_node.hpp:322:5. Skipping.
Found a loop without an exit block at src/universe/autoware_universe/perception/autoware_map_based_prediction/include/map_based_prediction/map_based_prediction_node.hpp:274:5. Skipping.
Found a loop without a preheader at /usr/lib/gcc/aarch64-linux-gnu/11/../../../../include/c++/11/bits/stl_construct.h:162:4 @[ /usr/lib/gcc/aarch64-linux-gnu/11/../../../../include/c++/11/bits/stl_construct.h:195:7 @[ /usr/lib/gcc/aarch64-linux-gnu/11/../../../../include/c++/11/bits/alloc_traits.h:848:7 @[ /usr/lib/gcc/aarch64-linux-gnu/11/../../../../include/c++/11/bits/stl_vector.h:680:2 ] ] ]. Skipping.
Found a loop without a preheader at /usr/lib/gcc/aarch64-linux-gnu/11/../../../../include/c++/11/bits/stl_uninitialized.h:1031:7 @[ /usr/lib/gcc/aarch64-linux-gnu/11/../../../../include/c++/11/bits/stl_uninitialized.h:1046:14 @[ /usr/lib/gcc/aarch64-linux-gnu/11/../../../../include/c++/11/bits/stl_vector.h:456:9 @[ /usr/lib/gcc/aarch64-linux-gnu/11/../../../../include/c++/11/bits/stl_vector.h:469:9 @[ /usr/lib/gcc/aarch64-linux-gnu/11/../../../../include/c++/11/bits/vector.tcc:466:23 ] ] ] ]. Skipping.
Found a loop without a preheader at /usr/lib/gcc/aarch64-linux-gnu/11/../../../../include/c++/11/bits/stl_uninitialized.h:1031:7 @[ /usr/lib/gcc/aarch64-linux-gnu/11/../../../../include/c++/11/bits/stl_uninitialized.h:1046:14 @[ /usr/lib/gcc/aarch64-linux-gnu/11/../../../../include/c++/11/bits/stl_vector.h:456:9 @[ /usr/lib/gcc/aarch64-linux-gnu/11/../../../../include/c++/11/bits/stl_vector.h:469:9 @[ /usr/lib/gcc/aarch64-linux-gnu/11/../../../../include/c++/11/bits/vector.tcc:461:23 ] ] ] ]. Skipping.
Found a loop without an exit block at /usr/lib/gcc/aarch64-linux-gnu/11/../../../../include/c++/11/bits/stl_algo.h:3819:7. Skipping.
---
[Processing: autoware_map_based_prediction]
[Processing: autoware_map_based_prediction]
[Processing: autoware_map_based_prediction]
[Processing: autoware_map_based_prediction]
[Processing: autoware_map_based_prediction]
[Processing: autoware_map_based_prediction]
Finished <<< autoware_map_based_prediction [3min 24s]

Summary: 1 package finished [3min 28s]
  1 package had stderr output: autoware_map_based_prediction
