[4.134s] WARNING:colcon.colcon_core.package_selection:Some selected packages are already built in one or more underlay workspaces:
	'autoware_motion_velocity_planner' is in: /home/tristan-toye/Autoware-47-installation-Nvidia-Jetson-Orin-AGX/autoware/install/autoware_motion_velocity_planner
If a package in a merged underlay workspace is overridden and it installs headers, then all packages in the overlay must sort their include directories by workspace order. Failure to do so may result in build failures or undefined behavior at run time.
If the overridden package is used by another package in any underlay, then the overriding package in the overlay must be API and ABI compatible or undefined behavior at run time may occur.

If you understand the risks and want to override a package anyways, add the following to the command line:
	--allow-overriding autoware_motion_velocity_planner

This may be promoted to an error in a future release of colcon-override-check.
Starting >>> autoware_motion_velocity_planner
[4.253s] WARNING:colcon.colcon_core.shell:The following packages are in the workspace but haven't been built:
- autoware_adapi_v1_msgs
- autoware_common_msgs
- autoware_control_msgs
- autoware_internal_debug_msgs
- autoware_internal_metric_msgs
- autoware_lint_common
- autoware_map_msgs
- autoware_perception_msgs
- autoware_cmake
- autoware_internal_perception_msgs
- autoware_localization_msgs
- autoware_planning_msgs
- autoware_system_msgs
- autoware_internal_planning_msgs
- autoware_lanelet2_extension
- autoware_osqp_interface
- autoware_pyplot
- autoware_qp_interface
- autoware_utils_diagnostics
- autoware_utils_logging
- autoware_utils_math
- autoware_utils_rclcpp
- autoware_utils_system
- autoware_utils_uuid
- autoware_utils_visualization
- autoware_vehicle_msgs
- autoware_component_interface_specs
- autoware_internal_msgs
- autoware_utils_geometry
- autoware_interpolation
- autoware_objects_of_interest_marker_interface
- autoware_test_utils
- autoware_utils_debug
- autoware_utils_tf
- autoware_lanelet2_utils
- autoware_motion_utils
- autoware_object_recognition_utils
- autoware_utils_pcl
- autoware_planning_factor_interface
- autoware_planning_test_manager
- autoware_route_handler
- autoware_trajectory
- autoware_utils
- autoware_vehicle_info_utils
- autoware_velocity_smoother
- autoware_behavior_velocity_planner_common
- autoware_motion_velocity_planner_common
They are being used from the following locations instead:
- /home/tristan-toye/Autoware-47-installation-Nvidia-Jetson-Orin-AGX/autoware/install/autoware_adapi_v1_msgs
- /home/tristan-toye/Autoware-47-installation-Nvidia-Jetson-Orin-AGX/autoware/install/autoware_common_msgs
- /home/tristan-toye/Autoware-47-installation-Nvidia-Jetson-Orin-AGX/autoware/install/autoware_control_msgs
- /home/tristan-toye/Autoware-47-installation-Nvidia-Jetson-Orin-AGX/autoware/install/autoware_internal_debug_msgs
- /home/tristan-toye/Autoware-47-installation-Nvidia-Jetson-Orin-AGX/autoware/install/autoware_internal_metric_msgs
- /home/tristan-toye/Autoware-47-installation-Nvidia-Jetson-Orin-AGX/autoware/install/autoware_lint_common
- /home/tristan-toye/Autoware-47-installation-Nvidia-Jetson-Orin-AGX/autoware/install/autoware_map_msgs
- /home/tristan-toye/Autoware-47-installation-Nvidia-Jetson-Orin-AGX/autoware/install/autoware_perception_msgs
- /home/tristan-toye/Autoware-47-installation-Nvidia-Jetson-Orin-AGX/autoware/install/autoware_cmake
- /home/tristan-toye/Autoware-47-installation-Nvidia-Jetson-Orin-AGX/autoware/install/autoware_internal_perception_msgs
- /home/tristan-toye/Autoware-47-installation-Nvidia-Jetson-Orin-AGX/autoware/install/autoware_localization_msgs
- /home/tristan-toye/Autoware-47-installation-Nvidia-Jetson-Orin-AGX/autoware/install/autoware_planning_msgs
- /home/tristan-toye/Autoware-47-installation-Nvidia-Jetson-Orin-AGX/autoware/install/autoware_system_msgs
- /home/tristan-toye/Autoware-47-installation-Nvidia-Jetson-Orin-AGX/autoware/install/autoware_internal_planning_msgs
- /home/tristan-toye/Autoware-47-installation-Nvidia-Jetson-Orin-AGX/autoware/install/autoware_lanelet2_extension
- /home/tristan-toye/Autoware-47-installation-Nvidia-Jetson-Orin-AGX/autoware/install/autoware_osqp_interface
- /home/tristan-toye/Autoware-47-installation-Nvidia-Jetson-Orin-AGX/autoware/install/autoware_pyplot
- /home/tristan-toye/Autoware-47-installation-Nvidia-Jetson-Orin-AGX/autoware/install/autoware_qp_interface
- /home/tristan-toye/Autoware-47-installation-Nvidia-Jetson-Orin-AGX/autoware/install/autoware_utils_diagnostics
- /home/tristan-toye/Autoware-47-installation-Nvidia-Jetson-Orin-AGX/autoware/install/autoware_utils_logging
- /home/tristan-toye/Autoware-47-installation-Nvidia-Jetson-Orin-AGX/autoware/install/autoware_utils_math
- /home/tristan-toye/Autoware-47-installation-Nvidia-Jetson-Orin-AGX/autoware/install/autoware_utils_rclcpp
- /home/tristan-toye/Autoware-47-installation-Nvidia-Jetson-Orin-AGX/autoware/install/autoware_utils_system
- /home/tristan-toye/Autoware-47-installation-Nvidia-Jetson-Orin-AGX/autoware/install/autoware_utils_uuid
- /home/tristan-toye/Autoware-47-installation-Nvidia-Jetson-Orin-AGX/autoware/install/autoware_utils_visualization
- /home/tristan-toye/Autoware-47-installation-Nvidia-Jetson-Orin-AGX/autoware/install/autoware_vehicle_msgs
- /home/tristan-toye/Autoware-47-installation-Nvidia-Jetson-Orin-AGX/autoware/install/autoware_component_interface_specs
- /home/tristan-toye/Autoware-47-installation-Nvidia-Jetson-Orin-AGX/autoware/install/autoware_internal_msgs
- /home/tristan-toye/Autoware-47-installation-Nvidia-Jetson-Orin-AGX/autoware/install/autoware_utils_geometry
- /home/tristan-toye/Autoware-47-installation-Nvidia-Jetson-Orin-AGX/autoware/install/autoware_interpolation
- /home/tristan-toye/Autoware-47-installation-Nvidia-Jetson-Orin-AGX/autoware/install/autoware_objects_of_interest_marker_interface
- /home/tristan-toye/Autoware-47-installation-Nvidia-Jetson-Orin-AGX/autoware/install/autoware_test_utils
- /home/tristan-toye/Autoware-47-installation-Nvidia-Jetson-Orin-AGX/autoware/install/autoware_utils_debug
- /home/tristan-toye/Autoware-47-installation-Nvidia-Jetson-Orin-AGX/autoware/install/autoware_utils_tf
- /home/tristan-toye/Autoware-47-installation-Nvidia-Jetson-Orin-AGX/autoware/install/autoware_lanelet2_utils
- /home/tristan-toye/Autoware-47-installation-Nvidia-Jetson-Orin-AGX/autoware/install/autoware_motion_utils
- /home/tristan-toye/Autoware-47-installation-Nvidia-Jetson-Orin-AGX/autoware/install/autoware_object_recognition_utils
- /home/tristan-toye/Autoware-47-installation-Nvidia-Jetson-Orin-AGX/autoware/install/autoware_utils_pcl
- /home/tristan-toye/Autoware-47-installation-Nvidia-Jetson-Orin-AGX/autoware/install/autoware_planning_factor_interface
- /home/tristan-toye/Autoware-47-installation-Nvidia-Jetson-Orin-AGX/autoware/install/autoware_planning_test_manager
- /home/tristan-toye/Autoware-47-installation-Nvidia-Jetson-Orin-AGX/autoware/install/autoware_route_handler
- /home/tristan-toye/Autoware-47-installation-Nvidia-Jetson-Orin-AGX/autoware/install/autoware_trajectory
- /home/tristan-toye/Autoware-47-installation-Nvidia-Jetson-Orin-AGX/autoware/install/autoware_utils
- /home/tristan-toye/Autoware-47-installation-Nvidia-Jetson-Orin-AGX/autoware/install/autoware_vehicle_info_utils
- /home/tristan-toye/Autoware-47-installation-Nvidia-Jetson-Orin-AGX/autoware/install/autoware_velocity_smoother
- /home/tristan-toye/Autoware-47-installation-Nvidia-Jetson-Orin-AGX/autoware/install/autoware_behavior_velocity_planner_common
- /home/tristan-toye/Autoware-47-installation-Nvidia-Jetson-Orin-AGX/autoware/install/autoware_motion_velocity_planner_common
To suppress this warning ignore these packages in the workspace:
--packages-ignore autoware_adapi_v1_msgs autoware_common_msgs autoware_control_msgs autoware_internal_debug_msgs autoware_internal_metric_msgs autoware_lint_common autoware_map_msgs autoware_perception_msgs autoware_cmake autoware_internal_perception_msgs autoware_localization_msgs autoware_planning_msgs autoware_system_msgs autoware_internal_planning_msgs autoware_lanelet2_extension autoware_osqp_interface autoware_pyplot autoware_qp_interface autoware_utils_diagnostics autoware_utils_logging autoware_utils_math autoware_utils_rclcpp autoware_utils_system autoware_utils_uuid autoware_utils_visualization autoware_vehicle_msgs autoware_component_interface_specs autoware_internal_msgs autoware_utils_geometry autoware_interpolation autoware_objects_of_interest_marker_interface autoware_test_utils autoware_utils_debug autoware_utils_tf autoware_lanelet2_utils autoware_motion_utils autoware_object_recognition_utils autoware_utils_pcl autoware_planning_factor_interface autoware_planning_test_manager autoware_route_handler autoware_trajectory autoware_utils autoware_vehicle_info_utils autoware_velocity_smoother autoware_behavior_velocity_planner_common autoware_motion_velocity_planner_common
--- stderr: autoware_motion_velocity_planner
CMake Warning at /opt/ros/humble/share/ament_cmake_auto/cmake/ament_auto_add_library.cmake:66 (add_library):
  Cannot generate a safe runtime search path for target
  autoware_motion_velocity_planner_lib because there is a cycle in the
  constraint graph:

    dir 0 is [/home/tristan-toye/Autoware-47-installation-Nvidia-Jetson-Orin-AGX/autoware/install/autoware_internal_debug_msgs/lib]
    dir 1 is [/home/tristan-toye/Autoware-47-installation-Nvidia-Jetson-Orin-AGX/autoware/install/autoware_internal_planning_msgs/lib]
    dir 2 is [/home/tristan-toye/Autoware-47-installation-Nvidia-Jetson-Orin-AGX/autoware/install/autoware_map_msgs/lib]
    dir 3 is [/opt/ros/humble/lib]
      dir 17 must precede it due to runtime library [librcl.so]
    dir 4 is [/home/tristan-toye/Autoware-47-installation-Nvidia-Jetson-Orin-AGX/autoware/install/autoware_objects_of_interest_marker_interface/lib]
    dir 5 is [/home/tristan-toye/Autoware-47-installation-Nvidia-Jetson-Orin-AGX/autoware/install/autoware_trajectory/lib]
    dir 6 is [/home/tristan-toye/Autoware-47-installation-Nvidia-Jetson-Orin-AGX/autoware/install/autoware_behavior_velocity_planner_common/lib]
    dir 7 is [/home/tristan-toye/Autoware-47-installation-Nvidia-Jetson-Orin-AGX/autoware/install/autoware_object_recognition_utils/lib]
    dir 8 is [/home/tristan-toye/Autoware-47-installation-Nvidia-Jetson-Orin-AGX/autoware/install/autoware_lanelet2_utils/lib]
    dir 9 is [/home/tristan-toye/Autoware-47-installation-Nvidia-Jetson-Orin-AGX/autoware/install/autoware_route_handler/lib]
    dir 10 is [/home/tristan-toye/Autoware-47-installation-Nvidia-Jetson-Orin-AGX/autoware/install/autoware_motion_velocity_planner_common/lib]
    dir 11 is [/home/tristan-toye/Autoware-47-installation-Nvidia-Jetson-Orin-AGX/autoware/install/autoware_planning_factor_interface/lib]
    dir 12 is [/home/tristan-toye/Autoware-47-installation-Nvidia-Jetson-Orin-AGX/autoware/install/autoware_osqp_interface/lib]
    dir 13 is [/home/tristan-toye/Autoware-47-installation-Nvidia-Jetson-Orin-AGX/autoware/install/autoware_control_msgs/lib]
    dir 14 is [/home/tristan-toye/Autoware-47-installation-Nvidia-Jetson-Orin-AGX/autoware/install/autoware_localization_msgs/lib]
    dir 15 is [/home/tristan-toye/Autoware-47-installation-Nvidia-Jetson-Orin-AGX/autoware/install/autoware_common_msgs/lib]
    dir 16 is [/home/tristan-toye/Autoware-47-installation-Nvidia-Jetson-Orin-AGX/autoware/install/autoware_system_msgs/lib]
    dir 17 is [/home/tristan-toye/Autoware-47-installation-Nvidia-Jetson-Orin-AGX/ros2_caret_ws/install/lib]
      dir 3 must precede it due to runtime library [librcl_yaml_param_parser.so]
    dir 18 is [/home/tristan-toye/Autoware-47-installation-Nvidia-Jetson-Orin-AGX/autoware/install/autoware_interpolation/lib]
    dir 19 is [/home/tristan-toye/Autoware-47-installation-Nvidia-Jetson-Orin-AGX/autoware/install/autoware_vehicle_msgs/lib]
    dir 20 is [/home/tristan-toye/Autoware-47-installation-Nvidia-Jetson-Orin-AGX/autoware/install/autoware_motion_utils/lib]
    dir 21 is [/home/tristan-toye/Autoware-47-installation-Nvidia-Jetson-Orin-AGX/autoware/install/autoware_adapi_v1_msgs/lib]
    dir 22 is [/opt/ros/humble/lib/aarch64-linux-gnu]
    dir 23 is [/home/tristan-toye/Autoware-47-installation-Nvidia-Jetson-Orin-AGX/autoware/install/autoware_lanelet2_extension/lib]
    dir 24 is [/home/tristan-toye/Autoware-47-installation-Nvidia-Jetson-Orin-AGX/autoware/install/autoware_test_utils/lib]
    dir 25 is [/home/tristan-toye/Autoware-47-installation-Nvidia-Jetson-Orin-AGX/autoware/install/autoware_planning_test_manager/lib]
    dir 26 is [/home/tristan-toye/Autoware-47-installation-Nvidia-Jetson-Orin-AGX/autoware/install/autoware_qp_interface/lib]
    dir 27 is [/home/tristan-toye/Autoware-47-installation-Nvidia-Jetson-Orin-AGX/autoware/install/autoware_perception_msgs/lib]
    dir 28 is [/home/tristan-toye/Autoware-47-installation-Nvidia-Jetson-Orin-AGX/autoware/install/autoware_planning_msgs/lib]
    dir 29 is [/home/tristan-toye/Autoware-47-installation-Nvidia-Jetson-Orin-AGX/autoware/install/autoware_internal_msgs/lib]
    dir 30 is [/home/tristan-toye/Autoware-47-installation-Nvidia-Jetson-Orin-AGX/autoware/install/autoware_utils_debug/lib]
    dir 31 is [/home/tristan-toye/Autoware-47-installation-Nvidia-Jetson-Orin-AGX/autoware/install/autoware_utils_diagnostics/lib]
    dir 32 is [/home/tristan-toye/Autoware-47-installation-Nvidia-Jetson-Orin-AGX/autoware/install/autoware_utils_logging/lib]
    dir 33 is [/home/tristan-toye/Autoware-47-installation-Nvidia-Jetson-Orin-AGX/autoware/install/autoware_utils_system/lib]
    dir 34 is [/home/tristan-toye/Autoware-47-installation-Nvidia-Jetson-Orin-AGX/autoware/install/autoware_utils_math/lib]
    dir 35 is [/home/tristan-toye/Autoware-47-installation-Nvidia-Jetson-Orin-AGX/autoware/install/autoware_utils_geometry/lib]
    dir 36 is [/home/tristan-toye/Autoware-47-installation-Nvidia-Jetson-Orin-AGX/autoware/install/autoware_utils_visualization/lib]
    dir 37 is [/home/tristan-toye/Autoware-47-installation-Nvidia-Jetson-Orin-AGX/autoware/install/autoware_vehicle_info_utils/lib]
    dir 38 is [/home/tristan-toye/Autoware-47-installation-Nvidia-Jetson-Orin-AGX/autoware/install/autoware_velocity_smoother/lib]

  Some of these libraries may not be found correctly.
Call Stack (most recent call first):
  CMakeLists.txt:9 (ament_auto_add_library)


Found a loop without a preheader at /usr/lib/gcc/aarch64-linux-gnu/11/../../../../include/c++/11/bits/stl_construct.h:162:4 @[ /usr/lib/gcc/aarch64-linux-gnu/11/../../../../include/c++/11/bits/stl_construct.h:195:7 @[ /usr/lib/gcc/aarch64-linux-gnu/11/../../../../include/c++/11/bits/alloc_traits.h:848:7 @[ /usr/lib/gcc/aarch64-linux-gnu/11/../../../../include/c++/11/bits/stl_vector.h:680:2 @[ rclcpp_components/node_main_autoware_motion_velocity_planner_node.cpp:75:1 ] ] ] ]. Skipping.
Found a loop without a preheader at /usr/lib/gcc/aarch64-linux-gnu/11/../../../../include/c++/11/bits/stl_construct.h:162:4 @[ /usr/lib/gcc/aarch64-linux-gnu/11/../../../../include/c++/11/bits/stl_construct.h:195:7 @[ /usr/lib/gcc/aarch64-linux-gnu/11/../../../../include/c++/11/bits/alloc_traits.h:848:7 @[ /usr/lib/gcc/aarch64-linux-gnu/11/../../../../include/c++/11/bits/stl_vector.h:680:2 @[ rclcpp_components/node_main_autoware_motion_velocity_planner_node.cpp:75:1 ] ] ] ]. Skipping.
Found a loop without a preheader at /usr/lib/gcc/aarch64-linux-gnu/11/../../../../include/c++/11/bits/stl_construct.h:162:4 @[ /usr/lib/gcc/aarch64-linux-gnu/11/../../../../include/c++/11/bits/stl_construct.h:195:7 @[ /usr/lib/gcc/aarch64-linux-gnu/11/../../../../include/c++/11/bits/alloc_traits.h:848:7 @[ /usr/lib/gcc/aarch64-linux-gnu/11/../../../../include/c++/11/bits/stl_vector.h:1796:6 @[ /usr/lib/gcc/aarch64-linux-gnu/11/../../../../include/c++/11/bits/stl_vector.h:1499:9 @[ rclcpp_components/node_main_autoware_motion_velocity_planner_node.cpp:70:17 ] ] ] ] ]. Skipping.
Found a loop without an exit block at rclcpp_components/node_main_autoware_motion_velocity_planner_node.cpp:67:3. Skipping.
Found a loop without an exit block at rclcpp_components/node_main_autoware_motion_velocity_planner_node.cpp:42:3. Skipping.
Found a loop without a preheader at /usr/lib/gcc/aarch64-linux-gnu/11/../../../../include/c++/11/bits/stl_construct.h:162:4 @[ /usr/lib/gcc/aarch64-linux-gnu/11/../../../../include/c++/11/bits/stl_construct.h:195:7 @[ /usr/lib/gcc/aarch64-linux-gnu/11/../../../../include/c++/11/bits/alloc_traits.h:848:7 @[ /usr/lib/gcc/aarch64-linux-gnu/11/../../../../include/c++/11/bits/stl_vector.h:680:2 ] ] ]. Skipping.
Found a loop without a preheader at /usr/lib/gcc/aarch64-linux-gnu/11/../../../../include/c++/11/bits/stl_construct.h:162:4 @[ /usr/lib/gcc/aarch64-linux-gnu/11/../../../../include/c++/11/bits/stl_construct.h:195:7 @[ /usr/lib/gcc/aarch64-linux-gnu/11/../../../../include/c++/11/bits/alloc_traits.h:848:7 @[ /usr/lib/gcc/aarch64-linux-gnu/11/../../../../include/c++/11/bits/stl_vector.h:680:2 ] ] ]. Skipping.
Found a loop without a preheader at /usr/lib/gcc/aarch64-linux-gnu/11/../../../../include/c++/11/bits/stl_construct.h:162:4 @[ /usr/lib/gcc/aarch64-linux-gnu/11/../../../../include/c++/11/bits/stl_construct.h:195:7 @[ /usr/lib/gcc/aarch64-linux-gnu/11/../../../../include/c++/11/bits/alloc_traits.h:848:7 @[ /usr/lib/gcc/aarch64-linux-gnu/11/../../../../include/c++/11/bits/stl_vector.h:680:2 @[ ros2_caret_ws/install/include/rclcpp/rclcpp/node_options.hpp:67:26 ] ] ] ]. Skipping.
Found a loop without a preheader at /usr/lib/gcc/aarch64-linux-gnu/11/../../../../include/c++/11/bits/stl_construct.h:162:4 @[ /usr/lib/gcc/aarch64-linux-gnu/11/../../../../include/c++/11/bits/stl_construct.h:195:7 @[ /usr/lib/gcc/aarch64-linux-gnu/11/../../../../include/c++/11/bits/alloc_traits.h:848:7 @[ /usr/lib/gcc/aarch64-linux-gnu/11/../../../../include/c++/11/bits/stl_vector.h:680:2 @[ ros2_caret_ws/install/include/rclcpp/rclcpp/node_options.hpp:67:26 ] ] ] ]. Skipping.
Found a loop without a preheader at /usr/lib/gcc/aarch64-linux-gnu/11/../../../../include/c++/11/bits/stl_construct.h:162:4 @[ /usr/lib/gcc/aarch64-linux-gnu/11/../../../../include/c++/11/bits/stl_construct.h:195:7 @[ /usr/lib/gcc/aarch64-linux-gnu/11/../../../../include/c++/11/bits/alloc_traits.h:848:7 @[ /usr/lib/gcc/aarch64-linux-gnu/11/../../../../include/c++/11/bits/stl_vector.h:680:2 @[ /opt/ros/humble/include/rcl_interfaces/rcl_interfaces/msg/detail/parameter_value__struct.hpp:33:8 ] ] ] ]. Skipping.
Found a loop without a preheader at /usr/lib/gcc/aarch64-linux-gnu/11/../../../../include/c++/11/bits/stl_construct.h:162:4 @[ /usr/lib/gcc/aarch64-linux-gnu/11/../../../../include/c++/11/bits/stl_construct.h:195:7 ]. Skipping.
Found a loop without a preheader at /usr/lib/gcc/aarch64-linux-gnu/11/../../../../include/c++/11/bits/stl_construct.h:162:4 @[ /usr/lib/gcc/aarch64-linux-gnu/11/../../../../include/c++/11/bits/stl_construct.h:195:7 @[ /usr/lib/gcc/aarch64-linux-gnu/11/../../../../include/c++/11/bits/alloc_traits.h:848:7 @[ /usr/lib/gcc/aarch64-linux-gnu/11/../../../../include/c++/11/bits/stl_vector.h:680:2 @[ /opt/ros/humble/include/class_loader/class_loader/class_loader_core.hpp:357:1 ] ] ] ]. Skipping.
Found a loop without an exit block at /opt/ros/humble/include/class_loader/class_loader/class_loader_core.hpp:344:3. Skipping.
Found a loop without a preheader at /usr/lib/gcc/aarch64-linux-gnu/11/../../../../include/c++/11/bits/stl_uninitialized.h:1031:7 @[ /usr/lib/gcc/aarch64-linux-gnu/11/../../../../include/c++/11/bits/stl_uninitialized.h:1046:14 @[ /usr/lib/gcc/aarch64-linux-gnu/11/../../../../include/c++/11/bits/stl_vector.h:456:9 @[ /usr/lib/gcc/aarch64-linux-gnu/11/../../../../include/c++/11/bits/stl_vector.h:469:9 @[ /usr/lib/gcc/aarch64-linux-gnu/11/../../../../include/c++/11/bits/vector.tcc:466:23 ] ] ] ]. Skipping.
Found a loop without a preheader at /usr/lib/gcc/aarch64-linux-gnu/11/../../../../include/c++/11/bits/stl_uninitialized.h:1031:7 @[ /usr/lib/gcc/aarch64-linux-gnu/11/../../../../include/c++/11/bits/stl_uninitialized.h:1046:14 @[ /usr/lib/gcc/aarch64-linux-gnu/11/../../../../include/c++/11/bits/stl_vector.h:456:9 @[ /usr/lib/gcc/aarch64-linux-gnu/11/../../../../include/c++/11/bits/stl_vector.h:469:9 @[ /usr/lib/gcc/aarch64-linux-gnu/11/../../../../include/c++/11/bits/vector.tcc:461:23 ] ] ] ]. Skipping.
Found a loop without a preheader at /usr/lib/gcc/aarch64-linux-gnu/11/../../../../include/c++/11/bits/stl_construct.h:162:4 @[ /usr/lib/gcc/aarch64-linux-gnu/11/../../../../include/c++/11/bits/stl_construct.h:195:7 @[ /usr/lib/gcc/aarch64-linux-gnu/11/../../../../include/c++/11/bits/alloc_traits.h:848:7 @[ /usr/lib/gcc/aarch64-linux-gnu/11/../../../../include/c++/11/bits/vector.tcc:793:3 ] ] ]. Skipping.
Found a loop without a preheader at /usr/lib/gcc/aarch64-linux-gnu/11/../../../../include/c++/11/bits/stl_uninitialized.h:91:8 @[ /usr/lib/gcc/aarch64-linux-gnu/11/../../../../include/c++/11/bits/stl_uninitialized.h:148:14 @[ /usr/lib/gcc/aarch64-linux-gnu/11/../../../../include/c++/11/bits/stl_uninitialized.h:333:14 @[ /usr/lib/gcc/aarch64-linux-gnu/11/../../../../include/c++/11/bits/stl_uninitialized.h:354:14 @[ /usr/lib/gcc/aarch64-linux-gnu/11/../../../../include/c++/11/bits/vector.tcc:782:11 ] ] ] ]. Skipping.
Found a loop without a preheader at /usr/lib/gcc/aarch64-linux-gnu/11/../../../../include/c++/11/bits/stl_construct.h:162:4 @[ /usr/lib/gcc/aarch64-linux-gnu/11/../../../../include/c++/11/bits/stl_construct.h:195:7 @[ /usr/lib/gcc/aarch64-linux-gnu/11/../../../../include/c++/11/bits/alloc_traits.h:848:7 @[ /usr/lib/gcc/aarch64-linux-gnu/11/../../../../include/c++/11/bits/vector.tcc:788:7 ] ] ]. Skipping.
Found a loop without a preheader at /usr/lib/gcc/aarch64-linux-gnu/11/../../../../include/c++/11/bits/stl_uninitialized.h:91:8 @[ /usr/lib/gcc/aarch64-linux-gnu/11/../../../../include/c++/11/bits/stl_uninitialized.h:148:14 @[ /usr/lib/gcc/aarch64-linux-gnu/11/../../../../include/c++/11/bits/stl_uninitialized.h:333:14 @[ /usr/lib/gcc/aarch64-linux-gnu/11/../../../../include/c++/11/bits/stl_uninitialized.h:354:14 @[ /usr/lib/gcc/aarch64-linux-gnu/11/../../../../include/c++/11/bits/vector.tcc:774:11 ] ] ] ]. Skipping.
Found a loop without a preheader at /usr/lib/gcc/aarch64-linux-gnu/11/../../../../include/c++/11/bits/stl_algobase.h:383:4 @[ /usr/lib/gcc/aarch64-linux-gnu/11/../../../../include/c++/11/bits/stl_algobase.h:494:14 @[ /usr/lib/gcc/aarch64-linux-gnu/11/../../../../include/c++/11/bits/stl_algobase.h:522:14 @[ /usr/lib/gcc/aarch64-linux-gnu/11/../../../../include/c++/11/bits/stl_algobase.h:530:3 @[ /usr/lib/gcc/aarch64-linux-gnu/11/../../../../include/c++/11/bits/stl_algobase.h:619:14 @[ /usr/lib/gcc/aarch64-linux-gnu/11/../../../../include/c++/11/bits/vector.tcc:744:7 ] ] ] ] ]. Skipping.
Found a loop without a preheader at /usr/lib/gcc/aarch64-linux-gnu/11/../../../../include/c++/11/bits/stl_algobase.h:718:4 @[ /usr/lib/gcc/aarch64-linux-gnu/11/../../../../include/c++/11/bits/stl_algobase.h:758:14 @[ /usr/lib/gcc/aarch64-linux-gnu/11/../../../../include/c++/11/bits/stl_algobase.h:769:14 @[ /usr/lib/gcc/aarch64-linux-gnu/11/../../../../include/c++/11/bits/stl_algobase.h:799:3 @[ /usr/lib/gcc/aarch64-linux-gnu/11/../../../../include/c++/11/bits/stl_algobase.h:894:14 @[ /usr/lib/gcc/aarch64-linux-gnu/11/../../../../include/c++/11/bits/vector.tcc:742:7 ] ] ] ] ]. Skipping.
Found a loop without a preheader at /usr/lib/gcc/aarch64-linux-gnu/11/../../../../include/c++/11/bits/stl_uninitialized.h:91:8 @[ /usr/lib/gcc/aarch64-linux-gnu/11/../../../../include/c++/11/bits/stl_uninitialized.h:148:14 @[ /usr/lib/gcc/aarch64-linux-gnu/11/../../../../include/c++/11/bits/stl_uninitialized.h:333:14 @[ /usr/lib/gcc/aarch64-linux-gnu/11/../../../../include/c++/11/bits/stl_uninitialized.h:341:14 @[ /usr/lib/gcc/aarch64-linux-gnu/11/../../../../include/c++/11/bits/vector.tcc:736:7 ] ] ] ]. Skipping.
Found a loop without a preheader at /usr/lib/gcc/aarch64-linux-gnu/11/../../../../include/c++/11/bits/stl_algobase.h:383:4 @[ /usr/lib/gcc/aarch64-linux-gnu/11/../../../../include/c++/11/bits/stl_algobase.h:494:14 @[ /usr/lib/gcc/aarch64-linux-gnu/11/../../../../include/c++/11/bits/stl_algobase.h:522:14 @[ /usr/lib/gcc/aarch64-linux-gnu/11/../../../../include/c++/11/bits/stl_algobase.h:530:3 @[ /usr/lib/gcc/aarch64-linux-gnu/11/../../../../include/c++/11/bits/stl_algobase.h:619:14 @[ /usr/lib/gcc/aarch64-linux-gnu/11/../../../../include/c++/11/bits/vector.tcc:762:7 ] ] ] ] ]. Skipping.
Found a loop without a preheader at /usr/lib/gcc/aarch64-linux-gnu/11/../../../../include/c++/11/bits/stl_uninitialized.h:91:8 @[ /usr/lib/gcc/aarch64-linux-gnu/11/../../../../include/c++/11/bits/stl_uninitialized.h:148:14 @[ /usr/lib/gcc/aarch64-linux-gnu/11/../../../../include/c++/11/bits/stl_uninitialized.h:333:14 @[ /usr/lib/gcc/aarch64-linux-gnu/11/../../../../include/c++/11/bits/stl_uninitialized.h:341:14 @[ /usr/lib/gcc/aarch64-linux-gnu/11/../../../../include/c++/11/bits/vector.tcc:756:7 ] ] ] ]. Skipping.
Found a loop without a preheader at /usr/lib/gcc/aarch64-linux-gnu/11/../../../../include/c++/11/bits/stl_uninitialized.h:91:8. Skipping.
Found a loop without a preheader at /usr/lib/gcc/aarch64-linux-gnu/11/../../../../include/c++/11/bits/stl_uninitialized.h:1031:7 @[ /usr/lib/gcc/aarch64-linux-gnu/11/../../../../include/c++/11/bits/stl_uninitialized.h:1046:14 @[ /usr/lib/gcc/aarch64-linux-gnu/11/../../../../include/c++/11/bits/stl_vector.h:456:9 @[ /usr/lib/gcc/aarch64-linux-gnu/11/../../../../include/c++/11/bits/stl_vector.h:469:9 @[ /usr/lib/gcc/aarch64-linux-gnu/11/../../../../include/c++/11/bits/vector.tcc:466:23 ] ] ] ]. Skipping.
Found a loop without a preheader at /usr/lib/gcc/aarch64-linux-gnu/11/../../../../include/c++/11/bits/stl_uninitialized.h:1031:7 @[ /usr/lib/gcc/aarch64-linux-gnu/11/../../../../include/c++/11/bits/stl_uninitialized.h:1046:14 @[ /usr/lib/gcc/aarch64-linux-gnu/11/../../../../include/c++/11/bits/stl_vector.h:456:9 @[ /usr/lib/gcc/aarch64-linux-gnu/11/../../../../include/c++/11/bits/stl_vector.h:469:9 @[ /usr/lib/gcc/aarch64-linux-gnu/11/../../../../include/c++/11/bits/vector.tcc:461:23 ] ] ] ]. Skipping.
In file included from /home/tristan-toye/Autoware-47-installation-Nvidia-Jetson-Orin-AGX/autoware/src/core/autoware_core/planning/motion_velocity_planner/autoware_motion_velocity_planner/src/planner_manager.cpp:15:
In file included from /home/tristan-toye/Autoware-47-installation-Nvidia-Jetson-Orin-AGX/autoware/src/core/autoware_core/planning/motion_velocity_planner/autoware_motion_velocity_planner/src/planner_manager.hpp:18:
In file included from /home/tristan-toye/Autoware-47-installation-Nvidia-Jetson-Orin-AGX/autoware/install/autoware_motion_velocity_planner_common/include/autoware/motion_velocity_planner_common/plugin_module_interface.hpp:18:
In file included from /home/tristan-toye/Autoware-47-installation-Nvidia-Jetson-Orin-AGX/autoware/install/autoware_motion_velocity_planner_common/include/autoware/motion_velocity_planner_common/planner_data.hpp:39:
In file included from /usr/include/pcl-1.12/pcl/common/transforms.h:43:
In file included from /usr/include/pcl-1.12/pcl/point_types.h:354:
/usr/include/pcl-1.12/pcl/impl/point_types.hpp:411:22: warning: extra ';' inside a struct [-Wextra-semi]
  411 |     PCL_ADD_INTENSITY;
      |                      ^
/usr/include/pcl-1.12/pcl/impl/point_types.hpp:437:25: warning: extra ';' inside a struct [-Wextra-semi]
  437 |     PCL_ADD_INTENSITY_8U;
      |                         ^
/usr/include/pcl-1.12/pcl/impl/point_types.hpp:469:26: warning: extra ';' inside a struct [-Wextra-semi]
  469 |     PCL_ADD_INTENSITY_32U;
      |                          ^
/usr/include/pcl-1.12/pcl/impl/point_types.hpp:1007:26: warning: extra ';' inside a struct [-Wextra-semi]
 1007 |         PCL_ADD_UNION_RGB;
      |                          ^
/usr/include/pcl-1.12/pcl/impl/point_types.hpp:1824:26: warning: extra ';' inside a struct [-Wextra-semi]
 1824 |         PCL_ADD_UNION_RGB;
      |                          ^
In file included from /home/tristan-toye/Autoware-47-installation-Nvidia-Jetson-Orin-AGX/autoware/src/core/autoware_core/planning/motion_velocity_planner/autoware_motion_velocity_planner/src/node.cpp:15:
In file included from /home/tristan-toye/Autoware-47-installation-Nvidia-Jetson-Orin-AGX/autoware/src/core/autoware_core/planning/motion_velocity_planner/autoware_motion_velocity_planner/src/node.hpp:18:
In file included from /home/tristan-toye/Autoware-47-installation-Nvidia-Jetson-Orin-AGX/autoware/src/core/autoware_core/planning/motion_velocity_planner/autoware_motion_velocity_planner/src/planner_manager.hpp:18:
In file included from /home/tristan-toye/Autoware-47-installation-Nvidia-Jetson-Orin-AGX/autoware/install/autoware_motion_velocity_planner_common/include/autoware/motion_velocity_planner_common/plugin_module_interface.hpp:18:
In file included from /home/tristan-toye/Autoware-47-installation-Nvidia-Jetson-Orin-AGX/autoware/install/autoware_motion_velocity_planner_common/include/autoware/motion_velocity_planner_common/planner_data.hpp:39:
In file included from /usr/include/pcl-1.12/pcl/common/transforms.h:43:
In file included from /usr/include/pcl-1.12/pcl/point_types.h:354:
/usr/include/pcl-1.12/pcl/impl/point_types.hpp:411:22: warning: extra ';' inside a struct [-Wextra-semi]
  411 |     PCL_ADD_INTENSITY;
      |                      ^
/usr/include/pcl-1.12/pcl/impl/point_types.hpp:437:25: warning: extra ';' inside a struct [-Wextra-semi]
  437 |     PCL_ADD_INTENSITY_8U;
      |                         ^
/usr/include/pcl-1.12/pcl/impl/point_types.hpp:469:26: warning: extra ';' inside a struct [-Wextra-semi]
  469 |     PCL_ADD_INTENSITY_32U;
      |                          ^
/usr/include/pcl-1.12/pcl/impl/point_types.hpp:1007:26: warning: extra ';' inside a struct [-Wextra-semi]
 1007 |         PCL_ADD_UNION_RGB;
      |                          ^
/usr/include/pcl-1.12/pcl/impl/point_types.hpp:1824:26: warning: extra ';' inside a struct [-Wextra-semi]
 1824 |         PCL_ADD_UNION_RGB;
      |                          ^
In file included from /home/tristan-toye/Autoware-47-installation-Nvidia-Jetson-Orin-AGX/autoware/src/core/autoware_core/planning/motion_velocity_planner/autoware_motion_velocity_planner/src/planner_manager.cpp:15:
In file included from /home/tristan-toye/Autoware-47-installation-Nvidia-Jetson-Orin-AGX/autoware/src/core/autoware_core/planning/motion_velocity_planner/autoware_motion_velocity_planner/src/planner_manager.hpp:18:
In file included from /home/tristan-toye/Autoware-47-installation-Nvidia-Jetson-Orin-AGX/autoware/install/autoware_motion_velocity_planner_common/include/autoware/motion_velocity_planner_common/plugin_module_interface.hpp:18:
In file included from /home/tristan-toye/Autoware-47-installation-Nvidia-Jetson-Orin-AGX/autoware/install/autoware_motion_velocity_planner_common/include/autoware/motion_velocity_planner_common/planner_data.hpp:39:
In file included from /usr/include/pcl-1.12/pcl/common/transforms.h:44:
In file included from /usr/include/pcl-1.12/pcl/common/centroid.h:46:
In file included from /usr/include/pcl-1.12/pcl/cloud_iterator.h:190:
/usr/include/pcl-1.12/pcl/impl/cloud_iterator.hpp:374:27: warning: ISO C++ requires the name after '::~' to be found in the same scope as the name before '::~' [-Wdtor-name]
  374 | pcl::CloudIterator<PointT>::~CloudIterator ()
      | ~~~~~~~~~~~~~~~~~~~~~~~~~~^~
      |                           ::CloudIterator
/usr/include/pcl-1.12/pcl/impl/cloud_iterator.hpp:488:32: warning: ISO C++ requires the name after '::~' to be found in the same scope as the name before '::~' [-Wdtor-name]
  488 | pcl::ConstCloudIterator<PointT>::~ConstCloudIterator ()
      | ~~~~~~~~~~~~~~~~~~~~~~~~~~~~~~~^~
      |                                ::ConstCloudIterator
In file included from /home/tristan-toye/Autoware-47-installation-Nvidia-Jetson-Orin-AGX/autoware/src/core/autoware_core/planning/motion_velocity_planner/autoware_motion_velocity_planner/src/node.cpp:15:
In file included from /home/tristan-toye/Autoware-47-installation-Nvidia-Jetson-Orin-AGX/autoware/src/core/autoware_core/planning/motion_velocity_planner/autoware_motion_velocity_planner/src/node.hpp:18:
In file included from /home/tristan-toye/Autoware-47-installation-Nvidia-Jetson-Orin-AGX/autoware/src/core/autoware_core/planning/motion_velocity_planner/autoware_motion_velocity_planner/src/planner_manager.hpp:18:
In file included from /home/tristan-toye/Autoware-47-installation-Nvidia-Jetson-Orin-AGX/autoware/install/autoware_motion_velocity_planner_common/include/autoware/motion_velocity_planner_common/plugin_module_interface.hpp:18:
In file included from /home/tristan-toye/Autoware-47-installation-Nvidia-Jetson-Orin-AGX/autoware/install/autoware_motion_velocity_planner_common/include/autoware/motion_velocity_planner_common/planner_data.hpp:39:
In file included from /usr/include/pcl-1.12/pcl/common/transforms.h:44:
In file included from /usr/include/pcl-1.12/pcl/common/centroid.h:46:
In file included from /usr/include/pcl-1.12/pcl/cloud_iterator.h:190:
/usr/include/pcl-1.12/pcl/impl/cloud_iterator.hpp:374:27: warning: ISO C++ requires the name after '::~' to be found in the same scope as the name before '::~' [-Wdtor-name]
  374 | pcl::CloudIterator<PointT>::~CloudIterator ()
      | ~~~~~~~~~~~~~~~~~~~~~~~~~~^~
      |                           ::CloudIterator
/usr/include/pcl-1.12/pcl/impl/cloud_iterator.hpp:488:32: warning: ISO C++ requires the name after '::~' to be found in the same scope as the name before '::~' [-Wdtor-name]
  488 | pcl::ConstCloudIterator<PointT>::~ConstCloudIterator ()
      | ~~~~~~~~~~~~~~~~~~~~~~~~~~~~~~~^~
      |                                ::ConstCloudIterator
In file included from /home/tristan-toye/Autoware-47-installation-Nvidia-Jetson-Orin-AGX/autoware/src/core/autoware_core/planning/motion_velocity_planner/autoware_motion_velocity_planner/src/node.cpp:15:
In file included from /home/tristan-toye/Autoware-47-installation-Nvidia-Jetson-Orin-AGX/autoware/src/core/autoware_core/planning/motion_velocity_planner/autoware_motion_velocity_planner/src/node.hpp:23:
/home/tristan-toye/Autoware-47-installation-Nvidia-Jetson-Orin-AGX/autoware/install/autoware_utils_rclcpp/include/autoware_utils_rclcpp/polling_subscriber.hpp:177:8: warning: lambda capture 'node' is not used [-Wunused-lambda-capture]
  177 |       [node]([[maybe_unused]] const typename MessageT::ConstSharedPtr msg) { assert(false); },
      |        ^
/home/tristan-toye/Autoware-47-installation-Nvidia-Jetson-Orin-AGX/autoware/src/core/autoware_core/planning/motion_velocity_planner/autoware_motion_velocity_planner/src/node.hpp:73:27: note: in instantiation of member function 'autoware_utils_rclcpp::InterProcessPollingSubscriber<autoware_perception_msgs::msg::PredictedObjects_<std::allocator<void>>>::InterProcessPollingSubscriber' requested here
   73 |     sub_predicted_objects_{this, "~/input/dynamic_objects"};
      |                           ^
Found a loop without a preheader at /usr/lib/gcc/aarch64-linux-gnu/11/../../../../include/c++/11/bits/stl_construct.h:162:4 @[ /usr/lib/gcc/aarch64-linux-gnu/11/../../../../include/c++/11/bits/stl_construct.h:195:7 @[ /usr/lib/gcc/aarch64-linux-gnu/11/../../../../include/c++/11/bits/alloc_traits.h:848:7 @[ /usr/lib/gcc/aarch64-linux-gnu/11/../../../../include/c++/11/bits/stl_vector.h:680:2 @[ src/core/autoware_core/planning/motion_velocity_planner/autoware_motion_velocity_planner/src/planner_manager.cpp:27:3 ] ] ] ]. Skipping.
Found a loop without a preheader at /usr/lib/gcc/aarch64-linux-gnu/11/../../../../include/c++/11/bits/stl_construct.h:162:4 @[ /usr/lib/gcc/aarch64-linux-gnu/11/../../../../include/c++/11/bits/stl_construct.h:195:7 @[ /usr/lib/gcc/aarch64-linux-gnu/11/../../../../include/c++/11/bits/alloc_traits.h:848:7 @[ /usr/lib/gcc/aarch64-linux-gnu/11/../../../../include/c++/11/bits/stl_vector.h:680:2 @[ /opt/ros/humble/include/pluginlib/pluginlib/./class_loader_imp.hpp:98:5 ] ] ] ]. Skipping.
Found a loop without a preheader at /usr/lib/gcc/aarch64-linux-gnu/11/../../../../include/c++/11/bits/stl_construct.h:162:4 @[ /usr/lib/gcc/aarch64-linux-gnu/11/../../../../include/c++/11/bits/stl_construct.h:195:7 @[ /usr/lib/gcc/aarch64-linux-gnu/11/../../../../include/c++/11/bits/alloc_traits.h:848:7 @[ /usr/lib/gcc/aarch64-linux-gnu/11/../../../../include/c++/11/bits/stl_vector.h:680:2 @[ /usr/lib/gcc/aarch64-linux-gnu/11/../../../../include/c++/11/bits/stl_vector.h:1821:7 @[ /usr/lib/gcc/aarch64-linux-gnu/11/../../../../include/c++/11/bits/stl_vector.h:714:2 @[ /opt/ros/humble/include/pluginlib/pluginlib/./class_loader_imp.hpp:98:23 ] ] ] ] ] ]. Skipping.
Found a loop without a preheader at /usr/lib/gcc/aarch64-linux-gnu/11/../../../../include/c++/11/bits/stl_construct.h:162:4 @[ /usr/lib/gcc/aarch64-linux-gnu/11/../../../../include/c++/11/bits/stl_construct.h:195:7 @[ /usr/lib/gcc/aarch64-linux-gnu/11/../../../../include/c++/11/bits/alloc_traits.h:848:7 @[ /usr/lib/gcc/aarch64-linux-gnu/11/../../../../include/c++/11/bits/stl_vector.h:680:2 ] ] ]. Skipping.
Found a loop without an exit block at /opt/ros/humble/include/pluginlib/pluginlib/./class_loader_imp.hpp:234:5. Skipping.
Found a loop without a preheader at /opt/ros/humble/include/pluginlib/pluginlib/./class_loader_imp.hpp:278:3. Skipping.
Found a loop without a preheader at /usr/lib/gcc/aarch64-linux-gnu/11/../../../../include/c++/11/bits/stl_construct.h:162:4 @[ /usr/lib/gcc/aarch64-linux-gnu/11/../../../../include/c++/11/bits/stl_construct.h:195:7 @[ /usr/lib/gcc/aarch64-linux-gnu/11/../../../../include/c++/11/bits/alloc_traits.h:848:7 @[ /usr/lib/gcc/aarch64-linux-gnu/11/../../../../include/c++/11/bits/stl_vector.h:680:2 @[ /opt/ros/humble/include/pluginlib/pluginlib/./class_loader_imp.hpp:113:1 ] ] ] ]. Skipping.
Found a loop without an exit block at /opt/ros/humble/include/pluginlib/pluginlib/./class_loader_imp.hpp:528:3. Skipping.
Found a loop without a preheader at /usr/lib/gcc/aarch64-linux-gnu/11/../../../../include/c++/11/bits/list.tcc:71:7 @[ /usr/lib/gcc/aarch64-linux-gnu/11/../../../../include/c++/11/bits/stl_list.h:500:9 @[ /opt/ros/humble/include/pluginlib/pluginlib/./class_loader_imp.hpp:813:1 ] ]. Skipping.
Found a loop without an exit block at /opt/ros/humble/include/pluginlib/pluginlib/./class_loader_imp.hpp:806:3. Skipping.
Found a loop without a preheader at /usr/lib/gcc/aarch64-linux-gnu/11/../../../../include/c++/11/bits/stl_construct.h:162:4 @[ /usr/lib/gcc/aarch64-linux-gnu/11/../../../../include/c++/11/bits/stl_construct.h:195:7 @[ /usr/lib/gcc/aarch64-linux-gnu/11/../../../../include/c++/11/bits/alloc_traits.h:848:7 @[ /usr/lib/gcc/aarch64-linux-gnu/11/../../../../include/c++/11/bits/stl_vector.h:680:2 @[ /opt/ros/humble/include/pluginlib/pluginlib/./class_loader_imp.hpp:804:3 ] ] ] ]. Skipping.
Found a loop without a preheader at /usr/lib/gcc/aarch64-linux-gnu/11/../../../../include/c++/11/bits/stl_construct.h:162:4 @[ /usr/lib/gcc/aarch64-linux-gnu/11/../../../../include/c++/11/bits/stl_construct.h:195:7 @[ /usr/lib/gcc/aarch64-linux-gnu/11/../../../../include/c++/11/bits/alloc_traits.h:848:7 @[ /usr/lib/gcc/aarch64-linux-gnu/11/../../../../include/c++/11/bits/stl_vector.h:680:2 @[ /usr/lib/gcc/aarch64-linux-gnu/11/../../../../include/c++/11/bits/stl_vector.h:1821:7 @[ /usr/lib/gcc/aarch64-linux-gnu/11/../../../../include/c++/11/bits/stl_vector.h:714:2 @[ /opt/ros/humble/include/pluginlib/pluginlib/./class_loader_imp.hpp:804:21 ] ] ] ] ] ]. Skipping.
Found a loop without a preheader at /opt/ros/humble/include/pluginlib/pluginlib/./class_loader_imp.hpp:798:3. Skipping.
Found a loop without an exit block at /opt/ros/humble/include/pluginlib/pluginlib/./class_loader_imp.hpp:788:3. Skipping.
Found a loop without a preheader at /usr/lib/gcc/aarch64-linux-gnu/11/../../../../include/c++/11/bits/stl_construct.h:162:4 @[ /usr/lib/gcc/aarch64-linux-gnu/11/../../../../include/c++/11/bits/stl_construct.h:195:7 @[ /usr/lib/gcc/aarch64-linux-gnu/11/../../../../include/c++/11/bits/alloc_traits.h:848:7 @[ /usr/lib/gcc/aarch64-linux-gnu/11/../../../../include/c++/11/bits/stl_vector.h:680:2 @[ /opt/ros/humble/include/pluginlib/pluginlib/./class_loader_imp.hpp:556:1 ] ] ] ]. Skipping.
Found a loop without a preheader at /usr/lib/gcc/aarch64-linux-gnu/11/../../../../include/c++/11/bits/stl_construct.h:162:4 @[ /usr/lib/gcc/aarch64-linux-gnu/11/../../../../include/c++/11/bits/stl_construct.h:195:7 @[ /usr/lib/gcc/aarch64-linux-gnu/11/../../../../include/c++/11/bits/alloc_traits.h:848:7 @[ /usr/lib/gcc/aarch64-linux-gnu/11/../../../../include/c++/11/bits/stl_vector.h:680:2 @[ /opt/ros/humble/include/pluginlib/pluginlib/./class_loader_imp.hpp:503:1 ] ] ] ]. Skipping.
Found a loop without an exit block at /opt/ros/humble/include/pluginlib/pluginlib/./class_loader_imp.hpp:491:3. Skipping.
Found a loop without a preheader at /usr/lib/gcc/aarch64-linux-gnu/11/../../../../include/c++/11/bits/stl_uninitialized.h:91:8. Skipping.
Found a loop without a preheader at /usr/lib/gcc/aarch64-linux-gnu/11/../../../../include/c++/11/bits/stl_construct.h:162:4 @[ /usr/lib/gcc/aarch64-linux-gnu/11/../../../../include/c++/11/bits/stl_construct.h:195:7 ]. Skipping.
Found a loop without a preheader at /usr/lib/gcc/aarch64-linux-gnu/11/../../../../include/c++/11/bits/stl_uninitialized.h:1031:7 @[ /usr/lib/gcc/aarch64-linux-gnu/11/../../../../include/c++/11/bits/stl_uninitialized.h:1046:14 @[ /usr/lib/gcc/aarch64-linux-gnu/11/../../../../include/c++/11/bits/stl_vector.h:456:9 @[ /usr/lib/gcc/aarch64-linux-gnu/11/../../../../include/c++/11/bits/stl_vector.h:469:9 @[ /usr/lib/gcc/aarch64-linux-gnu/11/../../../../include/c++/11/bits/vector.tcc:466:23 ] ] ] ]. Skipping.
Found a loop without a preheader at /usr/lib/gcc/aarch64-linux-gnu/11/../../../../include/c++/11/bits/stl_uninitialized.h:1031:7 @[ /usr/lib/gcc/aarch64-linux-gnu/11/../../../../include/c++/11/bits/stl_uninitialized.h:1046:14 @[ /usr/lib/gcc/aarch64-linux-gnu/11/../../../../include/c++/11/bits/stl_vector.h:456:9 @[ /usr/lib/gcc/aarch64-linux-gnu/11/../../../../include/c++/11/bits/stl_vector.h:469:9 @[ /usr/lib/gcc/aarch64-linux-gnu/11/../../../../include/c++/11/bits/vector.tcc:461:23 ] ] ] ]. Skipping.
Found a loop without a preheader at /usr/lib/gcc/aarch64-linux-gnu/11/../../../../include/c++/11/bits/stl_tree.h:1887:7. Skipping.
Found a loop without an exit block at /opt/ros/humble/include/pluginlib/pluginlib/./class_loader_imp.hpp:703:3. Skipping.
Found a loop without a preheader at /usr/lib/gcc/aarch64-linux-gnu/11/../../../../include/c++/11/bits/stl_construct.h:162:4 @[ /usr/lib/gcc/aarch64-linux-gnu/11/../../../../include/c++/11/bits/stl_construct.h:195:7 @[ /usr/lib/gcc/aarch64-linux-gnu/11/../../../../include/c++/11/bits/alloc_traits.h:848:7 @[ /usr/lib/gcc/aarch64-linux-gnu/11/../../../../include/c++/11/bits/stl_vector.h:680:2 @[ /opt/ros/humble/include/rcpputils/rcpputils/filesystem_helper.hpp:76:7 @[ /opt/ros/humble/include/pluginlib/pluginlib/./class_loader_imp.hpp:595:1 ] ] ] ] ]. Skipping.
Found a loop without a preheader at /usr/lib/gcc/aarch64-linux-gnu/11/../../../../include/c++/11/bits/stl_construct.h:162:4 @[ /usr/lib/gcc/aarch64-linux-gnu/11/../../../../include/c++/11/bits/stl_construct.h:195:7 @[ /usr/lib/gcc/aarch64-linux-gnu/11/../../../../include/c++/11/bits/alloc_traits.h:848:7 @[ /usr/lib/gcc/aarch64-linux-gnu/11/../../../../include/c++/11/bits/stl_vector.h:680:2 @[ /opt/ros/humble/include/rcpputils/rcpputils/filesystem_helper.hpp:76:7 @[ /opt/ros/humble/include/pluginlib/pluginlib/./class_loader_imp.hpp:595:1 ] ] ] ] ]. Skipping.
Found a loop without a preheader at /usr/lib/gcc/aarch64-linux-gnu/11/../../../../include/c++/11/bits/stl_construct.h:162:4 @[ /usr/lib/gcc/aarch64-linux-gnu/11/../../../../include/c++/11/bits/stl_construct.h:195:7 @[ /usr/lib/gcc/aarch64-linux-gnu/11/../../../../include/c++/11/bits/alloc_traits.h:848:7 @[ /usr/lib/gcc/aarch64-linux-gnu/11/../../../../include/c++/11/bits/stl_vector.h:680:2 @[ /opt/ros/humble/include/rcpputils/rcpputils/filesystem_helper.hpp:76:7 @[ /opt/ros/humble/include/pluginlib/pluginlib/./class_loader_imp.hpp:579:39 ] ] ] ] ]. Skipping.
Found a loop without an exit block at /opt/ros/humble/include/pluginlib/pluginlib/./class_loader_imp.hpp:577:3. Skipping.
Found a loop without a preheader at /usr/lib/gcc/aarch64-linux-gnu/11/../../../../include/c++/11/bits/stl_construct.h:162:4 @[ /usr/lib/gcc/aarch64-linux-gnu/11/../../../../include/c++/11/bits/stl_construct.h:195:7 @[ /usr/lib/gcc/aarch64-linux-gnu/11/../../../../include/c++/11/bits/alloc_traits.h:848:7 @[ /usr/lib/gcc/aarch64-linux-gnu/11/../../../../include/c++/11/bits/stl_vector.h:680:2 @[ /opt/ros/humble/include/rcpputils/rcpputils/filesystem_helper.hpp:76:7 ] ] ] ]. Skipping.
Found a loop without a preheader at /usr/lib/gcc/aarch64-linux-gnu/11/../../../../include/c++/11/bits/stl_construct.h:162:4 @[ /usr/lib/gcc/aarch64-linux-gnu/11/../../../../include/c++/11/bits/stl_construct.h:195:7 @[ /usr/lib/gcc/aarch64-linux-gnu/11/../../../../include/c++/11/bits/alloc_traits.h:848:7 @[ /usr/lib/gcc/aarch64-linux-gnu/11/../../../../include/c++/11/bits/vector.tcc:228:8 ] ] ]. Skipping.
Found a loop without a preheader at /usr/lib/gcc/aarch64-linux-gnu/11/../../../../include/c++/11/bits/stl_algobase.h:383:4 @[ /usr/lib/gcc/aarch64-linux-gnu/11/../../../../include/c++/11/bits/stl_algobase.h:494:14 @[ /usr/lib/gcc/aarch64-linux-gnu/11/../../../../include/c++/11/bits/stl_algobase.h:522:14 @[ /usr/lib/gcc/aarch64-linux-gnu/11/../../../../include/c++/11/bits/stl_algobase.h:530:3 @[ /usr/lib/gcc/aarch64-linux-gnu/11/../../../../include/c++/11/bits/stl_algobase.h:619:14 @[ /usr/lib/gcc/aarch64-linux-gnu/11/../../../../include/c++/11/bits/vector.tcc:243:8 ] ] ] ] ]. Skipping.
Found a loop without a preheader at /usr/lib/gcc/aarch64-linux-gnu/11/../../../../include/c++/11/bits/stl_construct.h:162:4 @[ /usr/lib/gcc/aarch64-linux-gnu/11/../../../../include/c++/11/bits/stl_construct.h:195:7 @[ /usr/lib/gcc/aarch64-linux-gnu/11/../../../../include/c++/11/bits/alloc_traits.h:848:7 @[ /usr/lib/gcc/aarch64-linux-gnu/11/../../../../include/c++/11/bits/vector.tcc:238:8 ] ] ]. Skipping.
Found a loop without a preheader at /usr/lib/gcc/aarch64-linux-gnu/11/../../../../include/c++/11/bits/stl_algobase.h:383:4 @[ /usr/lib/gcc/aarch64-linux-gnu/11/../../../../include/c++/11/bits/stl_algobase.h:494:14 @[ /usr/lib/gcc/aarch64-linux-gnu/11/../../../../include/c++/11/bits/stl_algobase.h:522:14 @[ /usr/lib/gcc/aarch64-linux-gnu/11/../../../../include/c++/11/bits/stl_algobase.h:530:3 @[ /usr/lib/gcc/aarch64-linux-gnu/11/../../../../include/c++/11/bits/stl_algobase.h:619:14 @[ /usr/lib/gcc/aarch64-linux-gnu/11/../../../../include/c++/11/bits/vector.tcc:238:22 ] ] ] ] ]. Skipping.
Found a loop without a preheader at /usr/lib/gcc/aarch64-linux-gnu/11/../../../../include/c++/11/bits/stl_uninitialized.h:91:8. Skipping.
Found a loop without a preheader at /usr/lib/gcc/aarch64-linux-gnu/11/../../../../include/c++/11/bits/stl_tree.h:1887:7. Skipping.
Found a loop without a preheader at /usr/lib/gcc/aarch64-linux-gnu/11/../../../../include/c++/11/bits/stl_uninitialized.h:1031:7 @[ /usr/lib/gcc/aarch64-linux-gnu/11/../../../../include/c++/11/bits/stl_uninitialized.h:1046:14 @[ /usr/lib/gcc/aarch64-linux-gnu/11/../../../../include/c++/11/bits/stl_vector.h:456:9 @[ /usr/lib/gcc/aarch64-linux-gnu/11/../../../../include/c++/11/bits/stl_vector.h:469:9 @[ /usr/lib/gcc/aarch64-linux-gnu/11/../../../../include/c++/11/bits/vector.tcc:466:23 ] ] ] ]. Skipping.
Found a loop without a preheader at /usr/lib/gcc/aarch64-linux-gnu/11/../../../../include/c++/11/bits/stl_uninitialized.h:1031:7 @[ /usr/lib/gcc/aarch64-linux-gnu/11/../../../../include/c++/11/bits/stl_uninitialized.h:1046:14 @[ /usr/lib/gcc/aarch64-linux-gnu/11/../../../../include/c++/11/bits/stl_vector.h:456:9 @[ /usr/lib/gcc/aarch64-linux-gnu/11/../../../../include/c++/11/bits/stl_vector.h:469:9 @[ /usr/lib/gcc/aarch64-linux-gnu/11/../../../../include/c++/11/bits/vector.tcc:461:23 ] ] ] ]. Skipping.
Found a loop without a preheader at /usr/lib/gcc/aarch64-linux-gnu/11/../../../../include/c++/11/bits/list.tcc:71:7 @[ /usr/lib/gcc/aarch64-linux-gnu/11/../../../../include/c++/11/bits/stl_list.h:500:9 ]. Skipping.
Found a loop without an exit block at /usr/lib/gcc/aarch64-linux-gnu/11/../../../../include/c++/11/bits/stl_algobase.h:2067:7. Skipping.
Found a loop without a preheader at /usr/lib/gcc/aarch64-linux-gnu/11/../../../../include/c++/11/bits/stl_tree.h:1936:7 @[ /usr/lib/gcc/aarch64-linux-gnu/11/../../../../include/c++/11/bits/stl_tree.h:1985:9 ]. Skipping.
Found a loop without a preheader at /usr/lib/gcc/aarch64-linux-gnu/11/../../../../include/c++/11/bits/stl_tree.h:1904:7 @[ /usr/lib/gcc/aarch64-linux-gnu/11/../../../../include/c++/11/bits/stl_tree.h:1984:16 ]. Skipping.
Found a loop without an exit block at /usr/lib/gcc/aarch64-linux-gnu/11/../../../../include/c++/11/bits/stl_tree.h:1971:7. Skipping.
Found a loop without a preheader at /usr/lib/gcc/aarch64-linux-gnu/11/../../../../include/c++/11/bits/stl_uninitialized.h:91:8 @[ /usr/lib/gcc/aarch64-linux-gnu/11/../../../../include/c++/11/bits/stl_uninitialized.h:148:14 @[ /usr/lib/gcc/aarch64-linux-gnu/11/../../../../include/c++/11/bits/stl_uninitialized.h:333:14 @[ /usr/lib/gcc/aarch64-linux-gnu/11/../../../../include/c++/11/bits/stl_vector.h:558:4 @[ /usr/lib/gcc/aarch64-linux-gnu/11/../../../../include/c++/11/bits/regex.h:1766:7 @[ /usr/lib/gcc/aarch64-linux-gnu/11/../../../../include/c++/11/bits/regex.h:2704:7 @[ /usr/lib/gcc/aarch64-linux-gnu/11/../../../../include/c++/11/bits/regex.h:2906:9 ] ] ] ] ] ]. Skipping.
Found a loop without a preheader at /usr/lib/gcc/aarch64-linux-gnu/11/../../../../include/c++/11/bits/regex_automaton.tcc:180:7 @[ /usr/lib/gcc/aarch64-linux-gnu/11/../../../../include/c++/11/bits/regex_compiler.tcc:83:15 ]. Skipping.
Found a loop without a preheader at /usr/lib/gcc/aarch64-linux-gnu/11/../../../../include/c++/11/bits/stl_deque.h:678:7 @[ /usr/lib/gcc/aarch64-linux-gnu/11/../../../../include/c++/11/bits/stl_deque.h:601:4 @[ /usr/lib/gcc/aarch64-linux-gnu/11/../../../../include/c++/11/bits/stl_deque.h:1007:65 @[ /usr/lib/gcc/aarch64-linux-gnu/11/../../../../include/c++/11/bits/stl_stack.h:99:11 @[ /usr/lib/gcc/aarch64-linux-gnu/11/../../../../include/c++/11/bits/regex_compiler.h:57:11 ] ] ] ]. Skipping.
Found a loop without an exit block at /usr/lib/gcc/aarch64-linux-gnu/11/../../../../include/c++/11/bits/regex_compiler.tcc:92:7. Skipping.
Found a loop without a preheader at /usr/lib/gcc/aarch64-linux-gnu/11/../../../../include/c++/11/bits/stl_deque.h:678:7 @[ /usr/lib/gcc/aarch64-linux-gnu/11/../../../../include/c++/11/bits/stl_deque.h:601:4 @[ /usr/lib/gcc/aarch64-linux-gnu/11/../../../../include/c++/11/bits/stl_deque.h:1007:65 @[ /usr/lib/gcc/aarch64-linux-gnu/11/../../../../include/c++/11/bits/stl_stack.h:99:11 ] ] ]. Skipping.
Found a loop without an exit block at /usr/lib/gcc/aarch64-linux-gnu/11/../../../../include/c++/11/bits/regex_scanner.tcc:382:4. Skipping.
Found a loop without an exit block at /usr/lib/gcc/aarch64-linux-gnu/11/../../../../include/c++/11/bits/regex_scanner.tcc:367:4. Skipping.
Found a loop without a preheader at /usr/lib/gcc/aarch64-linux-gnu/11/../../../../include/c++/11/bits/regex_scanner.h:118:7 @[ /usr/lib/gcc/aarch64-linux-gnu/11/../../../../include/c++/11/bits/regex_scanner.tcc:327:20 ]. Skipping.
Found a loop without a preheader at /usr/lib/gcc/aarch64-linux-gnu/11/../../../../include/c++/11/bits/regex_scanner.h:118:7 @[ /usr/lib/gcc/aarch64-linux-gnu/11/../../../../include/c++/11/bits/regex_scanner.tcc:444:20 ]. Skipping.
Found a loop without a preheader at /usr/lib/gcc/aarch64-linux-gnu/11/../../../../include/c++/11/bits/regex_scanner.tcc:192:4. Skipping.
Found a loop without an exit block at /usr/lib/gcc/aarch64-linux-gnu/11/../../../../include/c++/11/bits/regex_scanner.tcc:288:4. Skipping.
Found a loop without a preheader at /usr/lib/gcc/aarch64-linux-gnu/11/../../../../include/c++/11/bits/regex_scanner.tcc:481:7. Skipping.
Found a loop without a preheader at /usr/lib/gcc/aarch64-linux-gnu/11/../../../../include/c++/11/bits/stl_construct.h:162:4 @[ /usr/lib/gcc/aarch64-linux-gnu/11/../../../../include/c++/11/bits/stl_construct.h:195:7 @[ /usr/lib/gcc/aarch64-linux-gnu/11/../../../../include/c++/11/bits/alloc_traits.h:848:7 @[ /usr/lib/gcc/aarch64-linux-gnu/11/../../../../include/c++/11/bits/stl_vector.h:680:2 @[ /usr/lib/gcc/aarch64-linux-gnu/11/../../../../include/c++/11/bits/regex_automaton.h:220:12 @[ /usr/lib/gcc/aarch64-linux-gnu/11/../../../../include/c++/11/ext/new_allocator.h:168:10 ] ] ] ] ]. Skipping.
Found a loop without a preheader at /usr/lib/gcc/aarch64-linux-gnu/11/../../../../include/c++/11/bits/stl_deque.h:678:7 @[ /usr/lib/gcc/aarch64-linux-gnu/11/../../../../include/c++/11/bits/stl_deque.h:667:4 ]. Skipping.
Found a loop without a preheader at /usr/lib/gcc/aarch64-linux-gnu/11/../../../../include/c++/11/bits/stl_deque.h:662:4. Skipping.
Found a loop without a preheader at /usr/lib/gcc/aarch64-linux-gnu/11/../../../../include/c++/11/bits/stl_uninitialized.h:1031:7 @[ /usr/lib/gcc/aarch64-linux-gnu/11/../../../../include/c++/11/bits/stl_uninitialized.h:1046:14 @[ /usr/lib/gcc/aarch64-linux-gnu/11/../../../../include/c++/11/bits/stl_vector.h:456:9 @[ /usr/lib/gcc/aarch64-linux-gnu/11/../../../../include/c++/11/bits/stl_vector.h:469:9 @[ /usr/lib/gcc/aarch64-linux-gnu/11/../../../../include/c++/11/bits/vector.tcc:466:23 ] ] ] ]. Skipping.
Found a loop without a preheader at /usr/lib/gcc/aarch64-linux-gnu/11/../../../../include/c++/11/bits/stl_uninitialized.h:1031:7 @[ /usr/lib/gcc/aarch64-linux-gnu/11/../../../../include/c++/11/bits/stl_uninitialized.h:1046:14 @[ /usr/lib/gcc/aarch64-linux-gnu/11/../../../../include/c++/11/bits/stl_vector.h:456:9 @[ /usr/lib/gcc/aarch64-linux-gnu/11/../../../../include/c++/11/bits/stl_vector.h:469:9 @[ /usr/lib/gcc/aarch64-linux-gnu/11/../../../../include/c++/11/bits/vector.tcc:461:23 ] ] ] ]. Skipping.
Found a loop without a preheader at /usr/lib/gcc/aarch64-linux-gnu/11/../../../../include/c++/11/bits/regex_compiler.tcc:135:4 @[ /usr/lib/gcc/aarch64-linux-gnu/11/../../../../include/c++/11/bits/regex_compiler.tcc:115:17 ]. Skipping.
Found a loop without a preheader at /usr/lib/gcc/aarch64-linux-gnu/11/../../../../include/c++/11/bits/stl_deque.h:678:7 @[ /usr/lib/gcc/aarch64-linux-gnu/11/../../../../include/c++/11/bits/stl_deque.h:601:4 @[ /usr/lib/gcc/aarch64-linux-gnu/11/../../../../include/c++/11/bits/stl_deque.h:1007:65 @[ /usr/lib/gcc/aarch64-linux-gnu/11/../../../../include/c++/11/bits/stl_stack.h:99:11 @[ /usr/lib/gcc/aarch64-linux-gnu/11/../../../../include/c++/11/bits/regex_compiler.tcc:282:6 ] ] ] ]. Skipping.
Found a loop without an exit block at /usr/lib/gcc/aarch64-linux-gnu/11/../../../../include/c++/11/bits/regex_compiler.tcc:267:8. Skipping.
Found a loop without a preheader at /usr/lib/gcc/aarch64-linux-gnu/11/../../../../include/c++/11/bits/regex_automaton.tcc:165:7. Skipping.
Found a loop without an exit block at /usr/lib/gcc/aarch64-linux-gnu/11/../../../../include/c++/11/bits/regex_compiler.tcc:592:7. Skipping.
Found a loop without a preheader at /usr/lib/gcc/aarch64-linux-gnu/11/../../../../include/c++/11/bits/stl_construct.h:162:4 @[ /usr/lib/gcc/aarch64-linux-gnu/11/../../../../include/c++/11/bits/stl_construct.h:195:7 @[ /usr/lib/gcc/aarch64-linux-gnu/11/../../../../include/c++/11/bits/alloc_traits.h:848:7 @[ /usr/lib/gcc/aarch64-linux-gnu/11/../../../../include/c++/11/bits/stl_vector.h:680:2 @[ /usr/lib/gcc/aarch64-linux-gnu/11/../../../../include/c++/11/bits/regex_compiler.h:49:12 @[ /usr/lib/gcc/aarch64-linux-gnu/11/../../../../include/c++/11/bits/regex_compiler.tcc:412:5 ] ] ] ] ]. Skipping.
Found a loop without a preheader at /usr/lib/gcc/aarch64-linux-gnu/11/../../../../include/c++/11/bits/stl_construct.h:162:4 @[ /usr/lib/gcc/aarch64-linux-gnu/11/../../../../include/c++/11/bits/stl_construct.h:195:7 @[ /usr/lib/gcc/aarch64-linux-gnu/11/../../../../include/c++/11/bits/alloc_traits.h:848:7 @[ /usr/lib/gcc/aarch64-linux-gnu/11/../../../../include/c++/11/bits/stl_vector.h:680:2 @[ /usr/lib/gcc/aarch64-linux-gnu/11/../../../../include/c++/11/bits/regex_compiler.h:49:12 @[ /usr/lib/gcc/aarch64-linux-gnu/11/../../../../include/c++/11/bits/regex_compiler.tcc:412:5 ] ] ] ] ]. Skipping.
Found a loop without a preheader at /usr/lib/gcc/aarch64-linux-gnu/11/../../../../include/c++/11/bits/stl_algo.h:930:7 @[ /usr/lib/gcc/aarch64-linux-gnu/11/../../../../include/c++/11/bits/stl_algo.h:962:14 @[ /usr/lib/gcc/aarch64-linux-gnu/11/../../../../include/c++/11/bits/regex_compiler.h:512:15 ] ]. Skipping.
Found a loop without a preheader at /usr/lib/gcc/aarch64-linux-gnu/11/../../../../include/c++/11/bits/stl_algo.h:907:7 @[ /usr/lib/gcc/aarch64-linux-gnu/11/../../../../include/c++/11/bits/stl_algo.h:923:17 @[ /usr/lib/gcc/aarch64-linux-gnu/11/../../../../include/c++/11/bits/stl_algo.h:962:14 @[ /usr/lib/gcc/aarch64-linux-gnu/11/../../../../include/c++/11/bits/regex_compiler.h:512:15 ] ] ]. Skipping.
Found a loop without a preheader at /usr/lib/gcc/aarch64-linux-gnu/11/../../../../include/c++/11/bits/stl_algo.h:1846:7 @[ /usr/lib/gcc/aarch64-linux-gnu/11/../../../../include/c++/11/bits/stl_algo.h:1867:4 @[ /usr/lib/gcc/aarch64-linux-gnu/11/../../../../include/c++/11/bits/stl_algo.h:1957:4 @[ /usr/lib/gcc/aarch64-linux-gnu/11/../../../../include/c++/11/bits/stl_algo.h:4842:7 @[ /usr/lib/gcc/aarch64-linux-gnu/11/../../../../include/c++/11/bits/regex_compiler.h:511:2 ] ] ] ]. Skipping.
Found a loop without a preheader at /usr/lib/gcc/aarch64-linux-gnu/11/../../../../include/c++/11/bits/stl_algo.h:1824:7 @[ /usr/lib/gcc/aarch64-linux-gnu/11/../../../../include/c++/11/bits/stl_algo.h:1871:2 @[ /usr/lib/gcc/aarch64-linux-gnu/11/../../../../include/c++/11/bits/stl_algo.h:1957:4 @[ /usr/lib/gcc/aarch64-linux-gnu/11/../../../../include/c++/11/bits/stl_algo.h:4842:7 @[ /usr/lib/gcc/aarch64-linux-gnu/11/../../../../include/c++/11/bits/regex_compiler.h:511:2 ] ] ] ]. Skipping.
Found a loop without a preheader at /usr/lib/gcc/aarch64-linux-gnu/11/../../../../include/c++/11/bits/stl_construct.h:162:4 @[ /usr/lib/gcc/aarch64-linux-gnu/11/../../../../include/c++/11/bits/stl_construct.h:195:7 @[ /usr/lib/gcc/aarch64-linux-gnu/11/../../../../include/c++/11/bits/alloc_traits.h:848:7 @[ /usr/lib/gcc/aarch64-linux-gnu/11/../../../../include/c++/11/bits/stl_vector.h:680:2 @[ /usr/lib/gcc/aarch64-linux-gnu/11/../../../../include/c++/11/bits/regex_compiler.h:49:12 ] ] ] ]. Skipping.
Found a loop without an exit block at /usr/lib/gcc/aarch64-linux-gnu/11/../../../../include/c++/11/bits/regex.tcc:307:7. Skipping.
Found a loop without an exit block at /usr/lib/gcc/aarch64-linux-gnu/11/../../../../include/c++/11/bits/stl_algo.h:1929:7. Skipping.
Found a loop without a preheader at /usr/lib/gcc/aarch64-linux-gnu/11/../../../../include/c++/11/bits/regex_compiler.tcc:620:2. Skipping.
Found a loop without a preheader at /usr/lib/gcc/aarch64-linux-gnu/11/../../../../include/c++/11/bits/regex_compiler.tcc:611:2. Skipping.
Found a loop without a preheader at /usr/lib/gcc/aarch64-linux-gnu/11/../../../../include/c++/11/bits/stl_algobase.h:1459:7 @[ /usr/lib/gcc/aarch64-linux-gnu/11/../../../../include/c++/11/bits/stl_algo.h:2253:4 @[ /usr/lib/gcc/aarch64-linux-gnu/11/../../../../include/c++/11/bits/regex_compiler.tcc:607:6 ] ]. Skipping.
Found a loop without an exit block at /usr/lib/gcc/aarch64-linux-gnu/11/../../../../include/c++/11/bits/stl_algobase.h:2067:7. Skipping.
Found a loop without a preheader at /usr/lib/gcc/aarch64-linux-gnu/11/../../../../include/c++/11/bits/stl_construct.h:162:4 @[ /usr/lib/gcc/aarch64-linux-gnu/11/../../../../include/c++/11/bits/stl_construct.h:195:7 @[ /usr/lib/gcc/aarch64-linux-gnu/11/../../../../include/c++/11/bits/alloc_traits.h:848:7 @[ /usr/lib/gcc/aarch64-linux-gnu/11/../../../../include/c++/11/bits/stl_vector.h:680:2 @[ /usr/lib/gcc/aarch64-linux-gnu/11/../../../../include/c++/11/bits/regex_compiler.h:49:12 @[ /usr/lib/gcc/aarch64-linux-gnu/11/../../../../include/c++/11/bits/std_function.h:175:4 ] ] ] ] ]. Skipping.
Found a loop without a preheader at /usr/lib/gcc/aarch64-linux-gnu/11/../../../../include/c++/11/bits/stl_algo.h:930:7 @[ /usr/lib/gcc/aarch64-linux-gnu/11/../../../../include/c++/11/bits/stl_algo.h:962:14 @[ /usr/lib/gcc/aarch64-linux-gnu/11/../../../../include/c++/11/bits/regex_compiler.h:512:15 ] ]. Skipping.
Found a loop without a preheader at /usr/lib/gcc/aarch64-linux-gnu/11/../../../../include/c++/11/bits/stl_algo.h:907:7 @[ /usr/lib/gcc/aarch64-linux-gnu/11/../../../../include/c++/11/bits/stl_algo.h:923:17 @[ /usr/lib/gcc/aarch64-linux-gnu/11/../../../../include/c++/11/bits/stl_algo.h:962:14 @[ /usr/lib/gcc/aarch64-linux-gnu/11/../../../../include/c++/11/bits/regex_compiler.h:512:15 ] ] ]. Skipping.
Found a loop without a preheader at /usr/lib/gcc/aarch64-linux-gnu/11/../../../../include/c++/11/bits/stl_algo.h:1846:7 @[ /usr/lib/gcc/aarch64-linux-gnu/11/../../../../include/c++/11/bits/stl_algo.h:1867:4 @[ /usr/lib/gcc/aarch64-linux-gnu/11/../../../../include/c++/11/bits/stl_algo.h:1957:4 @[ /usr/lib/gcc/aarch64-linux-gnu/11/../../../../include/c++/11/bits/stl_algo.h:4842:7 @[ /usr/lib/gcc/aarch64-linux-gnu/11/../../../../include/c++/11/bits/regex_compiler.h:511:2 ] ] ] ]. Skipping.
Found a loop without a preheader at /usr/lib/gcc/aarch64-linux-gnu/11/../../../../include/c++/11/bits/stl_algo.h:1824:7 @[ /usr/lib/gcc/aarch64-linux-gnu/11/../../../../include/c++/11/bits/stl_algo.h:1871:2 @[ /usr/lib/gcc/aarch64-linux-gnu/11/../../../../include/c++/11/bits/stl_algo.h:1957:4 @[ /usr/lib/gcc/aarch64-linux-gnu/11/../../../../include/c++/11/bits/stl_algo.h:4842:7 @[ /usr/lib/gcc/aarch64-linux-gnu/11/../../../../include/c++/11/bits/regex_compiler.h:511:2 ] ] ] ]. Skipping.
Found a loop without a preheader at /usr/lib/gcc/aarch64-linux-gnu/11/../../../../include/c++/11/bits/stl_construct.h:162:4 @[ /usr/lib/gcc/aarch64-linux-gnu/11/../../../../include/c++/11/bits/stl_construct.h:195:7 @[ /usr/lib/gcc/aarch64-linux-gnu/11/../../../../include/c++/11/bits/alloc_traits.h:848:7 @[ /usr/lib/gcc/aarch64-linux-gnu/11/../../../../include/c++/11/bits/stl_vector.h:680:2 @[ /usr/lib/gcc/aarch64-linux-gnu/11/../../../../include/c++/11/bits/regex_compiler.h:49:12 ] ] ] ]. Skipping.
Found a loop without a preheader at /usr/lib/gcc/aarch64-linux-gnu/11/../../../../include/c++/11/bits/stl_construct.h:162:4 @[ /usr/lib/gcc/aarch64-linux-gnu/11/../../../../include/c++/11/bits/stl_construct.h:195:7 @[ /usr/lib/gcc/aarch64-linux-gnu/11/../../../../include/c++/11/bits/alloc_traits.h:848:7 @[ /usr/lib/gcc/aarch64-linux-gnu/11/../../../../include/c++/11/bits/stl_vector.h:680:2 @[ /usr/lib/gcc/aarch64-linux-gnu/11/../../../../include/c++/11/bits/regex_compiler.h:49:12 ] ] ] ]. Skipping.
Found a loop without a preheader at /usr/lib/gcc/aarch64-linux-gnu/11/../../../../include/c++/11/bits/stl_construct.h:162:4 @[ /usr/lib/gcc/aarch64-linux-gnu/11/../../../../include/c++/11/bits/stl_construct.h:195:7 @[ /usr/lib/gcc/aarch64-linux-gnu/11/../../../../include/c++/11/bits/alloc_traits.h:848:7 @[ /usr/lib/gcc/aarch64-linux-gnu/11/../../../../include/c++/11/bits/stl_vector.h:680:2 ] ] ]. Skipping.
Found a loop without a preheader at /usr/lib/gcc/aarch64-linux-gnu/11/../../../../include/c++/11/bits/stl_construct.h:162:4 @[ /usr/lib/gcc/aarch64-linux-gnu/11/../../../../include/c++/11/bits/stl_construct.h:195:7 ]. Skipping.
Found a loop without a preheader at /usr/lib/gcc/aarch64-linux-gnu/11/../../../../include/c++/11/bits/regex_compiler.tcc:620:2. Skipping.
Found a loop without an exit block at /usr/lib/gcc/aarch64-linux-gnu/11/../../../../include/c++/11/bits/regex_compiler.tcc:611:2. Skipping.
Found a loop without a preheader at /usr/lib/gcc/aarch64-linux-gnu/11/../../../../include/c++/11/bits/stl_algobase.h:1459:7 @[ /usr/lib/gcc/aarch64-linux-gnu/11/../../../../include/c++/11/bits/stl_algo.h:2253:4 @[ /usr/lib/gcc/aarch64-linux-gnu/11/../../../../include/c++/11/bits/regex_compiler.tcc:607:6 ] ]. Skipping.
Found a loop without a preheader at /usr/lib/gcc/aarch64-linux-gnu/11/../../../../include/c++/11/bits/stl_uninitialized.h:91:8 @[ /usr/lib/gcc/aarch64-linux-gnu/11/../../../../include/c++/11/bits/stl_uninitialized.h:148:14 @[ /usr/lib/gcc/aarch64-linux-gnu/11/../../../../include/c++/11/bits/stl_uninitialized.h:333:14 @[ /usr/lib/gcc/aarch64-linux-gnu/11/../../../../include/c++/11/bits/stl_vector.h:558:4 ] ] ]. Skipping.
Found a loop without a preheader at /usr/lib/gcc/aarch64-linux-gnu/11/../../../../include/c++/11/bits/stl_algo.h:930:7 @[ /usr/lib/gcc/aarch64-linux-gnu/11/../../../../include/c++/11/bits/stl_algo.h:962:14 @[ /usr/lib/gcc/aarch64-linux-gnu/11/../../../../include/c++/11/bits/regex_compiler.h:512:15 ] ]. Skipping.
Found a loop without a preheader at /usr/lib/gcc/aarch64-linux-gnu/11/../../../../include/c++/11/bits/stl_algo.h:907:7 @[ /usr/lib/gcc/aarch64-linux-gnu/11/../../../../include/c++/11/bits/stl_algo.h:923:17 @[ /usr/lib/gcc/aarch64-linux-gnu/11/../../../../include/c++/11/bits/stl_algo.h:962:14 @[ /usr/lib/gcc/aarch64-linux-gnu/11/../../../../include/c++/11/bits/regex_compiler.h:512:15 ] ] ]. Skipping.
Found a loop without a preheader at /usr/lib/gcc/aarch64-linux-gnu/11/../../../../include/c++/11/bits/stl_algo.h:1846:7 @[ /usr/lib/gcc/aarch64-linux-gnu/11/../../../../include/c++/11/bits/stl_algo.h:1867:4 @[ /usr/lib/gcc/aarch64-linux-gnu/11/../../../../include/c++/11/bits/stl_algo.h:1957:4 @[ /usr/lib/gcc/aarch64-linux-gnu/11/../../../../include/c++/11/bits/stl_algo.h:4842:7 @[ /usr/lib/gcc/aarch64-linux-gnu/11/../../../../include/c++/11/bits/regex_compiler.h:511:2 ] ] ] ]. Skipping.
Found a loop without a preheader at /usr/lib/gcc/aarch64-linux-gnu/11/../../../../include/c++/11/bits/stl_algo.h:1824:7 @[ /usr/lib/gcc/aarch64-linux-gnu/11/../../../../include/c++/11/bits/stl_algo.h:1871:2 @[ /usr/lib/gcc/aarch64-linux-gnu/11/../../../../include/c++/11/bits/stl_algo.h:1957:4 @[ /usr/lib/gcc/aarch64-linux-gnu/11/../../../../include/c++/11/bits/stl_algo.h:4842:7 @[ /usr/lib/gcc/aarch64-linux-gnu/11/../../../../include/c++/11/bits/regex_compiler.h:511:2 ] ] ] ]. Skipping.
Found a loop without a preheader at /usr/lib/gcc/aarch64-linux-gnu/11/../../../../include/c++/11/bits/stl_construct.h:162:4 @[ /usr/lib/gcc/aarch64-linux-gnu/11/../../../../include/c++/11/bits/stl_construct.h:195:7 @[ /usr/lib/gcc/aarch64-linux-gnu/11/../../../../include/c++/11/bits/alloc_traits.h:848:7 @[ /usr/lib/gcc/aarch64-linux-gnu/11/../../../../include/c++/11/bits/stl_vector.h:680:2 @[ /usr/lib/gcc/aarch64-linux-gnu/11/../../../../include/c++/11/bits/regex_compiler.h:49:12 ] ] ] ]. Skipping.
Found a loop without a preheader at /usr/lib/gcc/aarch64-linux-gnu/11/../../../../include/c++/11/bits/regex_compiler.tcc:620:2. Skipping.
Found a loop without a preheader at /usr/lib/gcc/aarch64-linux-gnu/11/../../../../include/c++/11/bits/regex_compiler.tcc:611:2. Skipping.
Found a loop without a preheader at /usr/lib/gcc/aarch64-linux-gnu/11/../../../../include/c++/11/bits/stl_algobase.h:1459:7 @[ /usr/lib/gcc/aarch64-linux-gnu/11/../../../../include/c++/11/bits/stl_algo.h:2253:4 @[ /usr/lib/gcc/aarch64-linux-gnu/11/../../../../include/c++/11/bits/regex_compiler.tcc:607:6 ] ]. Skipping.
Found a loop without a preheader at /usr/lib/gcc/aarch64-linux-gnu/11/../../../../include/c++/11/bits/stl_construct.h:162:4 @[ /usr/lib/gcc/aarch64-linux-gnu/11/../../../../include/c++/11/bits/stl_construct.h:195:7 @[ /usr/lib/gcc/aarch64-linux-gnu/11/../../../../include/c++/11/bits/alloc_traits.h:848:7 @[ /usr/lib/gcc/aarch64-linux-gnu/11/../../../../include/c++/11/bits/stl_vector.h:680:2 @[ /usr/lib/gcc/aarch64-linux-gnu/11/../../../../include/c++/11/bits/regex_compiler.h:49:12 @[ /usr/lib/gcc/aarch64-linux-gnu/11/../../../../include/c++/11/bits/std_function.h:175:4 ] ] ] ] ]. Skipping.
Found a loop without a preheader at /usr/lib/gcc/aarch64-linux-gnu/11/../../../../include/c++/11/bits/stl_algo.h:930:7 @[ /usr/lib/gcc/aarch64-linux-gnu/11/../../../../include/c++/11/bits/stl_algo.h:962:14 @[ /usr/lib/gcc/aarch64-linux-gnu/11/../../../../include/c++/11/bits/regex_compiler.h:512:15 ] ]. Skipping.
Found a loop without a preheader at /usr/lib/gcc/aarch64-linux-gnu/11/../../../../include/c++/11/bits/stl_algo.h:907:7 @[ /usr/lib/gcc/aarch64-linux-gnu/11/../../../../include/c++/11/bits/stl_algo.h:923:17 @[ /usr/lib/gcc/aarch64-linux-gnu/11/../../../../include/c++/11/bits/stl_algo.h:962:14 @[ /usr/lib/gcc/aarch64-linux-gnu/11/../../../../include/c++/11/bits/regex_compiler.h:512:15 ] ] ]. Skipping.
Found a loop without a preheader at /usr/lib/gcc/aarch64-linux-gnu/11/../../../../include/c++/11/bits/stl_algo.h:1846:7 @[ /usr/lib/gcc/aarch64-linux-gnu/11/../../../../include/c++/11/bits/stl_algo.h:1867:4 @[ /usr/lib/gcc/aarch64-linux-gnu/11/../../../../include/c++/11/bits/stl_algo.h:1957:4 @[ /usr/lib/gcc/aarch64-linux-gnu/11/../../../../include/c++/11/bits/stl_algo.h:4842:7 @[ /usr/lib/gcc/aarch64-linux-gnu/11/../../../../include/c++/11/bits/regex_compiler.h:511:2 ] ] ] ]. Skipping.
Found a loop without a preheader at /usr/lib/gcc/aarch64-linux-gnu/11/../../../../include/c++/11/bits/stl_algo.h:1824:7 @[ /usr/lib/gcc/aarch64-linux-gnu/11/../../../../include/c++/11/bits/stl_algo.h:1871:2 @[ /usr/lib/gcc/aarch64-linux-gnu/11/../../../../include/c++/11/bits/stl_algo.h:1957:4 @[ /usr/lib/gcc/aarch64-linux-gnu/11/../../../../include/c++/11/bits/stl_algo.h:4842:7 @[ /usr/lib/gcc/aarch64-linux-gnu/11/../../../../include/c++/11/bits/regex_compiler.h:511:2 ] ] ] ]. Skipping.
Found a loop without a preheader at /usr/lib/gcc/aarch64-linux-gnu/11/../../../../include/c++/11/bits/stl_construct.h:162:4 @[ /usr/lib/gcc/aarch64-linux-gnu/11/../../../../include/c++/11/bits/stl_construct.h:195:7 @[ /usr/lib/gcc/aarch64-linux-gnu/11/../../../../include/c++/11/bits/alloc_traits.h:848:7 @[ /usr/lib/gcc/aarch64-linux-gnu/11/../../../../include/c++/11/bits/stl_vector.h:680:2 @[ /usr/lib/gcc/aarch64-linux-gnu/11/../../../../include/c++/11/bits/regex_compiler.h:49:12 ] ] ] ]. Skipping.
Found a loop without a preheader at /usr/lib/gcc/aarch64-linux-gnu/11/../../../../include/c++/11/bits/stl_construct.h:162:4 @[ /usr/lib/gcc/aarch64-linux-gnu/11/../../../../include/c++/11/bits/stl_construct.h:195:7 @[ /usr/lib/gcc/aarch64-linux-gnu/11/../../../../include/c++/11/bits/alloc_traits.h:848:7 @[ /usr/lib/gcc/aarch64-linux-gnu/11/../../../../include/c++/11/bits/stl_vector.h:680:2 @[ /usr/lib/gcc/aarch64-linux-gnu/11/../../../../include/c++/11/bits/regex_compiler.h:49:12 ] ] ] ]. Skipping.
Found a loop without a preheader at /usr/lib/gcc/aarch64-linux-gnu/11/../../../../include/c++/11/bits/regex_compiler.tcc:620:2. Skipping.
Found a loop without a preheader at /usr/lib/gcc/aarch64-linux-gnu/11/../../../../include/c++/11/bits/regex_compiler.tcc:611:2. Skipping.
Found a loop without a preheader at /usr/lib/gcc/aarch64-linux-gnu/11/../../../../include/c++/11/bits/stl_algobase.h:1459:7 @[ /usr/lib/gcc/aarch64-linux-gnu/11/../../../../include/c++/11/bits/stl_algo.h:2253:4 @[ /usr/lib/gcc/aarch64-linux-gnu/11/../../../../include/c++/11/bits/regex_compiler.tcc:607:6 ] ]. Skipping.
Found a loop without a preheader at /usr/lib/gcc/aarch64-linux-gnu/11/../../../../include/c++/11/bits/stl_construct.h:162:4 @[ /usr/lib/gcc/aarch64-linux-gnu/11/../../../../include/c++/11/bits/stl_construct.h:195:7 @[ /usr/lib/gcc/aarch64-linux-gnu/11/../../../../include/c++/11/bits/alloc_traits.h:848:7 @[ /usr/lib/gcc/aarch64-linux-gnu/11/../../../../include/c++/11/bits/stl_vector.h:680:2 @[ /usr/lib/gcc/aarch64-linux-gnu/11/../../../../include/c++/11/bits/regex_compiler.h:49:12 @[ /usr/lib/gcc/aarch64-linux-gnu/11/../../../../include/c++/11/bits/regex_compiler.tcc:435:5 ] ] ] ] ]. Skipping.
Found a loop without an exit block at /usr/lib/gcc/aarch64-linux-gnu/11/../../../../include/c++/11/bits/regex_compiler.tcc:427:7. Skipping.
Found a loop without an exit block at /usr/lib/gcc/aarch64-linux-gnu/11/../../../../include/c++/11/bits/regex_compiler.tcc:427:7. Skipping.
Found a loop without a preheader at /usr/lib/gcc/aarch64-linux-gnu/11/../../../../include/c++/11/bits/stl_construct.h:162:4 @[ /usr/lib/gcc/aarch64-linux-gnu/11/../../../../include/c++/11/bits/stl_construct.h:195:7 @[ /usr/lib/gcc/aarch64-linux-gnu/11/../../../../include/c++/11/bits/alloc_traits.h:848:7 @[ /usr/lib/gcc/aarch64-linux-gnu/11/../../../../include/c++/11/bits/stl_vector.h:680:2 @[ /usr/lib/gcc/aarch64-linux-gnu/11/../../../../include/c++/11/bits/regex_compiler.h:49:12 @[ /usr/lib/gcc/aarch64-linux-gnu/11/../../../../include/c++/11/bits/regex_compiler.tcc:435:5 ] ] ] ] ]. Skipping.
Found a loop without an exit block at /usr/lib/gcc/aarch64-linux-gnu/11/../../../../include/c++/11/bits/regex_compiler.tcc:427:7. Skipping.
Found a loop without an exit block at /usr/lib/gcc/aarch64-linux-gnu/11/../../../../include/c++/11/bits/regex_compiler.tcc:427:7. Skipping.
Found a loop without an exit block at /usr/lib/gcc/aarch64-linux-gnu/11/../../../../include/c++/11/bits/regex.tcc:266:7. Skipping.
Found a loop without an exit block at /usr/lib/gcc/aarch64-linux-gnu/11/../../../../include/c++/11/bits/regex.tcc:263:7. Skipping.
Found a loop without a preheader at /usr/lib/gcc/aarch64-linux-gnu/11/../../../../include/c++/11/bits/stl_uninitialized.h:1031:7 @[ /usr/lib/gcc/aarch64-linux-gnu/11/../../../../include/c++/11/bits/stl_uninitialized.h:1046:14 @[ /usr/lib/gcc/aarch64-linux-gnu/11/../../../../include/c++/11/bits/stl_vector.h:456:9 @[ /usr/lib/gcc/aarch64-linux-gnu/11/../../../../include/c++/11/bits/stl_vector.h:469:9 @[ /usr/lib/gcc/aarch64-linux-gnu/11/../../../../include/c++/11/bits/vector.tcc:466:23 ] ] ] ]. Skipping.
Found a loop without a preheader at /usr/lib/gcc/aarch64-linux-gnu/11/../../../../include/c++/11/bits/stl_uninitialized.h:1031:7 @[ /usr/lib/gcc/aarch64-linux-gnu/11/../../../../include/c++/11/bits/stl_uninitialized.h:1046:14 @[ /usr/lib/gcc/aarch64-linux-gnu/11/../../../../include/c++/11/bits/stl_vector.h:456:9 @[ /usr/lib/gcc/aarch64-linux-gnu/11/../../../../include/c++/11/bits/stl_vector.h:469:9 @[ /usr/lib/gcc/aarch64-linux-gnu/11/../../../../include/c++/11/bits/vector.tcc:461:23 ] ] ] ]. Skipping.
Found a loop without a preheader at /usr/lib/gcc/aarch64-linux-gnu/11/../../../../include/c++/11/bits/stl_deque.h:678:7 @[ /usr/lib/gcc/aarch64-linux-gnu/11/../../../../include/c++/11/bits/stl_deque.h:601:4 @[ /usr/lib/gcc/aarch64-linux-gnu/11/../../../../include/c++/11/bits/stl_deque.h:1007:65 @[ /usr/lib/gcc/aarch64-linux-gnu/11/../../../../include/c++/11/bits/stl_stack.h:99:11 @[ /usr/lib/gcc/aarch64-linux-gnu/11/../../../../include/c++/11/bits/regex_automaton.tcc:228:5 ] ] ] ]. Skipping.
Found a loop without a preheader at /usr/lib/gcc/aarch64-linux-gnu/11/../../../../include/c++/11/bits/regex_automaton.tcc:218:7. Skipping.
Found a loop without an exit block at /usr/lib/gcc/aarch64-linux-gnu/11/../../../../include/c++/11/bits/regex_automaton.tcc:200:7. Skipping.
Found a loop without a preheader at /usr/lib/gcc/aarch64-linux-gnu/11/../../../../include/c++/11/bits/stl_deque.h:678:7 @[ /usr/lib/gcc/aarch64-linux-gnu/11/../../../../include/c++/11/bits/stl_deque.h:601:4 @[ /usr/lib/gcc/aarch64-linux-gnu/11/../../../../include/c++/11/bits/stl_deque.h:1007:65 @[ /usr/lib/gcc/aarch64-linux-gnu/11/../../../../include/c++/11/bits/stl_stack.h:99:11 ] ] ]. Skipping.
Found a loop without a preheader at /usr/lib/gcc/aarch64-linux-gnu/11/../../../../include/c++/11/bits/stl_tree.h:2068:7 @[ /usr/lib/gcc/aarch64-linux-gnu/11/../../../../include/c++/11/bits/stl_tree.h:2193:13 ]. Skipping.
Found a loop without a preheader at /usr/lib/gcc/aarch64-linux-gnu/11/../../../../include/c++/11/bits/stl_tree.h:2068:7 @[ /usr/lib/gcc/aarch64-linux-gnu/11/../../../../include/c++/11/bits/stl_tree.h:2209:13 ]. Skipping.
Found a loop without a preheader at /usr/lib/gcc/aarch64-linux-gnu/11/../../../../include/c++/11/bits/stl_tree.h:1887:7. Skipping.
Found a loop without a preheader at /usr/lib/gcc/aarch64-linux-gnu/11/../../../../include/c++/11/bits/stl_deque.h:678:7 @[ /usr/lib/gcc/aarch64-linux-gnu/11/../../../../include/c++/11/bits/stl_deque.h:667:4 ]. Skipping.
Found a loop without a preheader at /usr/lib/gcc/aarch64-linux-gnu/11/../../../../include/c++/11/bits/stl_deque.h:662:4. Skipping.
Found a loop without a preheader at /usr/lib/gcc/aarch64-linux-gnu/11/../../../../include/c++/11/bits/regex.tcc:649:7. Skipping.
Found a loop without a preheader at /usr/lib/gcc/aarch64-linux-gnu/11/../../../../include/c++/11/bits/regex.tcc:86:4. Skipping.
Found a loop without a preheader at /usr/lib/gcc/aarch64-linux-gnu/11/../../../../include/c++/11/bits/stl_construct.h:162:4 @[ /usr/lib/gcc/aarch64-linux-gnu/11/../../../../include/c++/11/bits/stl_construct.h:195:7 @[ /usr/lib/gcc/aarch64-linux-gnu/11/../../../../include/c++/11/bits/alloc_traits.h:848:7 @[ /usr/lib/gcc/aarch64-linux-gnu/11/../../../../include/c++/11/bits/stl_vector.h:680:2 @[ /usr/lib/gcc/aarch64-linux-gnu/11/../../../../include/c++/11/bits/regex_executor.h:236:9 @[ /usr/lib/gcc/aarch64-linux-gnu/11/../../../../include/c++/11/bits/regex.h:59:11 @[ /usr/lib/gcc/aarch64-linux-gnu/11/../../../../include/c++/11/bits/regex.tcc:74:2 ] ] ] ] ] ]. Skipping.
Found a loop without an exit block at /usr/lib/gcc/aarch64-linux-gnu/11/../../../../include/c++/11/bits/regex_executor.tcc:47:7 @[ /usr/lib/gcc/aarch64-linux-gnu/11/../../../../include/c++/11/bits/regex.tcc:73:25 ]. Skipping.
Found a loop without a preheader at /usr/lib/gcc/aarch64-linux-gnu/11/../../../../include/c++/11/bits/stl_construct.h:162:4 @[ /usr/lib/gcc/aarch64-linux-gnu/11/../../../../include/c++/11/bits/stl_construct.h:195:7 @[ /usr/lib/gcc/aarch64-linux-gnu/11/../../../../include/c++/11/bits/alloc_traits.h:848:7 @[ /usr/lib/gcc/aarch64-linux-gnu/11/../../../../include/c++/11/bits/stl_vector.h:680:2 @[ /usr/lib/gcc/aarch64-linux-gnu/11/../../../../include/c++/11/bits/regex_executor.h:236:9 @[ /usr/lib/gcc/aarch64-linux-gnu/11/../../../../include/c++/11/bits/regex.h:59:11 ] ] ] ] ]. Skipping.
Found a loop without an exit block at /usr/lib/gcc/aarch64-linux-gnu/11/../../../../include/c++/11/bits/regex_executor.tcc:47:7. Skipping.
Found a loop without a preheader at /usr/lib/gcc/aarch64-linux-gnu/11/../../../../include/c++/11/bits/stl_uninitialized.h:236:8 @[ /usr/lib/gcc/aarch64-linux-gnu/11/../../../../include/c++/11/bits/stl_uninitialized.h:296:14 @[ /usr/lib/gcc/aarch64-linux-gnu/11/../../../../include/c++/11/bits/stl_uninitialized.h:410:14 @[ /usr/lib/gcc/aarch64-linux-gnu/11/../../../../include/c++/11/bits/vector.tcc:271:6 ] ] ]. Skipping.
Found a loop without a preheader at /usr/lib/gcc/aarch64-linux-gnu/11/../../../../include/c++/11/bits/stl_construct.h:162:4 @[ /usr/lib/gcc/aarch64-linux-gnu/11/../../../../include/c++/11/bits/stl_construct.h:195:7 @[ /usr/lib/gcc/aarch64-linux-gnu/11/../../../../include/c++/11/bits/alloc_traits.h:848:7 @[ /usr/lib/gcc/aarch64-linux-gnu/11/../../../../include/c++/11/bits/stl_vector.h:680:2 ] ] ]. Skipping.
Found a loop without a preheader at /usr/lib/gcc/aarch64-linux-gnu/11/../../../../include/c++/11/bits/stl_construct.h:162:4 @[ /usr/lib/gcc/aarch64-linux-gnu/11/../../../../include/c++/11/bits/stl_construct.h:195:7 @[ /usr/lib/gcc/aarch64-linux-gnu/11/../../../../include/c++/11/bits/alloc_traits.h:848:7 @[ /usr/lib/gcc/aarch64-linux-gnu/11/../../../../include/c++/11/bits/stl_vector.h:1796:6 @[ /usr/lib/gcc/aarch64-linux-gnu/11/../../../../include/c++/11/bits/stl_vector.h:1499:9 @[ /usr/lib/gcc/aarch64-linux-gnu/11/../../../../include/c++/11/bits/regex_executor.tcc:140:32 ] ] ] ] ]. Skipping.
Found a loop without an exit block at /usr/lib/gcc/aarch64-linux-gnu/11/../../../../include/c++/11/bits/regex_executor.tcc:120:7. Skipping.
Found a loop without a preheader at /usr/lib/gcc/aarch64-linux-gnu/11/../../../../include/c++/11/bits/stl_uninitialized.h:91:8 @[ /usr/lib/gcc/aarch64-linux-gnu/11/../../../../include/c++/11/bits/stl_uninitialized.h:148:14 @[ /usr/lib/gcc/aarch64-linux-gnu/11/../../../../include/c++/11/bits/stl_uninitialized.h:333:14 @[ /usr/lib/gcc/aarch64-linux-gnu/11/../../../../include/c++/11/bits/stl_vector.h:558:4 @[ /usr/lib/gcc/aarch64-linux-gnu/11/../../../../include/c++/11/bits/stl_pair.h:323:41 @[ /usr/lib/gcc/aarch64-linux-gnu/11/../../../../include/c++/11/ext/new_allocator.h:162:23 @[ /usr/lib/gcc/aarch64-linux-gnu/11/../../../../include/c++/11/bits/alloc_traits.h:516:8 @[ /usr/lib/gcc/aarch64-linux-gnu/11/../../../../include/c++/11/bits/vector.tcc:115:6 @[ /usr/lib/gcc/aarch64-linux-gnu/11/../../../../include/c++/11/bits/regex_executor.h:255:21 @[ /usr/lib/gcc/aarch64-linux-gnu/11/../../../../include/c++/11/bits/regex_executor.tcc:118:17 ] ] ] ] ] ] ] ] ]. Skipping.
Found a loop without an exit block at /usr/lib/gcc/aarch64-linux-gnu/11/../../../../include/c++/11/bits/regex_executor.h:248:10 @[ /usr/lib/gcc/aarch64-linux-gnu/11/../../../../include/c++/11/bits/regex_executor.tcc:509:21 ]. Skipping.
Found a loop without a preheader at /usr/lib/gcc/aarch64-linux-gnu/11/../../../../include/c++/11/bits/stl_uninitialized.h:1031:7 @[ /usr/lib/gcc/aarch64-linux-gnu/11/../../../../include/c++/11/bits/stl_uninitialized.h:1046:14 @[ /usr/lib/gcc/aarch64-linux-gnu/11/../../../../include/c++/11/bits/stl_vector.h:456:9 @[ /usr/lib/gcc/aarch64-linux-gnu/11/../../../../include/c++/11/bits/stl_vector.h:469:9 @[ /usr/lib/gcc/aarch64-linux-gnu/11/../../../../include/c++/11/bits/vector.tcc:466:23 ] ] ] ]. Skipping.
Found a loop without a preheader at /usr/lib/gcc/aarch64-linux-gnu/11/../../../../include/c++/11/bits/stl_uninitialized.h:1031:7 @[ /usr/lib/gcc/aarch64-linux-gnu/11/../../../../include/c++/11/bits/stl_uninitialized.h:1046:14 @[ /usr/lib/gcc/aarch64-linux-gnu/11/../../../../include/c++/11/bits/stl_vector.h:456:9 @[ /usr/lib/gcc/aarch64-linux-gnu/11/../../../../include/c++/11/bits/stl_vector.h:469:9 @[ /usr/lib/gcc/aarch64-linux-gnu/11/../../../../include/c++/11/bits/vector.tcc:461:23 ] ] ] ]. Skipping.
Found a loop without a preheader at /usr/lib/gcc/aarch64-linux-gnu/11/../../../../include/c++/11/bits/stl_uninitialized.h:91:8 @[ /usr/lib/gcc/aarch64-linux-gnu/11/../../../../include/c++/11/bits/stl_uninitialized.h:148:14 @[ /usr/lib/gcc/aarch64-linux-gnu/11/../../../../include/c++/11/bits/stl_uninitialized.h:333:14 @[ /usr/lib/gcc/aarch64-linux-gnu/11/../../../../include/c++/11/bits/stl_vector.h:558:4 @[ /usr/lib/gcc/aarch64-linux-gnu/11/../../../../include/c++/11/bits/stl_pair.h:323:41 @[ /usr/lib/gcc/aarch64-linux-gnu/11/../../../../include/c++/11/ext/new_allocator.h:162:23 @[ /usr/lib/gcc/aarch64-linux-gnu/11/../../../../include/c++/11/bits/alloc_traits.h:516:8 @[ /usr/lib/gcc/aarch64-linux-gnu/11/../../../../include/c++/11/bits/vector.tcc:449:4 ] ] ] ] ] ] ]. Skipping.
Found a loop without a preheader at /usr/lib/gcc/aarch64-linux-gnu/11/../../../../include/c++/11/bits/stl_uninitialized.h:91:8 @[ /usr/lib/gcc/aarch64-linux-gnu/11/../../../../include/c++/11/bits/stl_uninitialized.h:148:14 @[ /usr/lib/gcc/aarch64-linux-gnu/11/../../../../include/c++/11/bits/stl_uninitialized.h:333:14 @[ /usr/lib/gcc/aarch64-linux-gnu/11/../../../../include/c++/11/bits/stl_vector.h:558:4 @[ /usr/lib/gcc/aarch64-linux-gnu/11/../../../../include/c++/11/bits/stl_pair.h:323:41 @[ /usr/lib/gcc/aarch64-linux-gnu/11/../../../../include/c++/11/ext/new_allocator.h:162:23 @[ /usr/lib/gcc/aarch64-linux-gnu/11/../../../../include/c++/11/bits/alloc_traits.h:516:8 @[ /usr/lib/gcc/aarch64-linux-gnu/11/../../../../include/c++/11/bits/vector.tcc:115:6 @[ /usr/lib/gcc/aarch64-linux-gnu/11/../../../../include/c++/11/bits/regex_executor.h:255:21 @[ /usr/lib/gcc/aarch64-linux-gnu/11/../../../../include/c++/11/bits/regex_executor.tcc:335:14 ] ] ] ] ] ] ] ] ]. Skipping.
Found a loop without an exit block at /usr/lib/gcc/aarch64-linux-gnu/11/../../../../include/c++/11/bits/regex_executor.tcc:402:7. Skipping.
Found a loop without a preheader at /usr/lib/gcc/aarch64-linux-gnu/11/../../../../include/c++/11/bits/stl_construct.h:162:4 @[ /usr/lib/gcc/aarch64-linux-gnu/11/../../../../include/c++/11/bits/stl_construct.h:195:7 @[ /usr/lib/gcc/aarch64-linux-gnu/11/../../../../include/c++/11/bits/alloc_traits.h:848:7 @[ /usr/lib/gcc/aarch64-linux-gnu/11/../../../../include/c++/11/bits/stl_vector.h:680:2 @[ /usr/lib/gcc/aarch64-linux-gnu/11/../../../../include/c++/11/bits/regex_executor.h:236:9 @[ /usr/lib/gcc/aarch64-linux-gnu/11/../../../../include/c++/11/bits/regex.h:59:11 @[ /usr/lib/gcc/aarch64-linux-gnu/11/../../../../include/c++/11/bits/regex_executor.tcc:164:5 ] ] ] ] ] ]. Skipping.
Found a loop without a preheader at /usr/lib/gcc/aarch64-linux-gnu/11/../../../../include/c++/11/bits/regex_executor.tcc:158:4. Skipping.
Found a loop without a preheader at /usr/lib/gcc/aarch64-linux-gnu/11/../../../../include/c++/11/bits/stl_uninitialized.h:91:8 @[ /usr/lib/gcc/aarch64-linux-gnu/11/../../../../include/c++/11/bits/stl_uninitialized.h:148:14 @[ /usr/lib/gcc/aarch64-linux-gnu/11/../../../../include/c++/11/bits/stl_uninitialized.h:333:14 @[ /usr/lib/gcc/aarch64-linux-gnu/11/../../../../include/c++/11/bits/stl_vector.h:558:4 @[ /usr/lib/gcc/aarch64-linux-gnu/11/../../../../include/c++/11/bits/regex_executor.tcc:153:19 ] ] ] ]. Skipping.
Found a loop without a preheader at /usr/lib/gcc/aarch64-linux-gnu/11/../../../../include/c++/11/bits/stl_uninitialized.h:91:8 @[ /usr/lib/gcc/aarch64-linux-gnu/11/../../../../include/c++/11/bits/stl_uninitialized.h:148:14 @[ /usr/lib/gcc/aarch64-linux-gnu/11/../../../../include/c++/11/bits/stl_uninitialized.h:333:14 @[ /usr/lib/gcc/aarch64-linux-gnu/11/../../../../include/c++/11/bits/vector.tcc:245:8 ] ] ]. Skipping.
Found a loop without an exit block at /usr/lib/gcc/aarch64-linux-gnu/11/../../../../include/c++/11/bits/regex_executor.tcc:512:7. Skipping.
Found a loop without an exit block at /usr/lib/gcc/aarch64-linux-gnu/11/../../../../include/c++/11/bits/regex_executor.tcc:402:7. Skipping.
Found a loop without a preheader at /usr/lib/gcc/aarch64-linux-gnu/11/../../../../include/c++/11/bits/regex_executor.tcc:158:4. Skipping.
Found a loop without a preheader at /usr/lib/gcc/aarch64-linux-gnu/11/../../../../include/c++/11/bits/stl_uninitialized.h:91:8 @[ /usr/lib/gcc/aarch64-linux-gnu/11/../../../../include/c++/11/bits/stl_uninitialized.h:148:14 @[ /usr/lib/gcc/aarch64-linux-gnu/11/../../../../include/c++/11/bits/stl_uninitialized.h:333:14 @[ /usr/lib/gcc/aarch64-linux-gnu/11/../../../../include/c++/11/bits/stl_vector.h:558:4 @[ /usr/lib/gcc/aarch64-linux-gnu/11/../../../../include/c++/11/bits/regex_executor.tcc:153:19 ] ] ] ]. Skipping.
Found a loop without a preheader at /usr/lib/gcc/aarch64-linux-gnu/11/../../../../include/c++/11/bits/stl_iterator_base_funcs.h:87:7 @[ /usr/lib/gcc/aarch64-linux-gnu/11/../../../../include/c++/11/bits/stl_iterator_base_funcs.h:141:14 ]. Skipping.
Found a loop without a preheader at /usr/lib/gcc/aarch64-linux-gnu/11/../../../../include/c++/11/bits/stl_uninitialized.h:91:8 @[ /usr/lib/gcc/aarch64-linux-gnu/11/../../../../include/c++/11/bits/stl_uninitialized.h:148:14 @[ /usr/lib/gcc/aarch64-linux-gnu/11/../../../../include/c++/11/bits/stl_uninitialized.h:333:14 @[ /usr/lib/gcc/aarch64-linux-gnu/11/../../../../include/c++/11/bits/stl_vector.h:558:4 @[ /usr/lib/gcc/aarch64-linux-gnu/11/../../../../include/c++/11/bits/regex.h:1766:7 @[ /usr/lib/gcc/aarch64-linux-gnu/11/../../../../include/c++/11/bits/regex.h:2704:7 @[ /usr/lib/gcc/aarch64-linux-gnu/11/../../../../include/c++/11/bits/regex.tcc:614:26 ] ] ] ] ] ]. Skipping.
Found a loop without an exit block at /usr/lib/gcc/aarch64-linux-gnu/11/../../../../include/c++/11/bits/stl_uninitialized.h:91:8. Skipping.
Found a loop without a preheader at /usr/lib/gcc/aarch64-linux-gnu/11/../../../../include/c++/11/bits/stl_construct.h:162:4 @[ /usr/lib/gcc/aarch64-linux-gnu/11/../../../../include/c++/11/bits/stl_construct.h:195:7 @[ /usr/lib/gcc/aarch64-linux-gnu/11/../../../../include/c++/11/bits/alloc_traits.h:848:7 @[ /usr/lib/gcc/aarch64-linux-gnu/11/../../../../include/c++/11/bits/stl_vector.h:680:2 @[ /opt/ros/humble/include/class_loader/class_loader/multi_library_class_loader.hpp:239:3 ] ] ] ]. Skipping.
Found a loop without an exit block at /opt/ros/humble/include/class_loader/class_loader/multi_library_class_loader.hpp:259:5. Skipping.
Found a loop without a preheader at /usr/lib/gcc/aarch64-linux-gnu/11/../../../../include/c++/11/bits/stl_construct.h:162:4 @[ /usr/lib/gcc/aarch64-linux-gnu/11/../../../../include/c++/11/bits/stl_construct.h:195:7 @[ /usr/lib/gcc/aarch64-linux-gnu/11/../../../../include/c++/11/bits/alloc_traits.h:848:7 @[ /usr/lib/gcc/aarch64-linux-gnu/11/../../../../include/c++/11/bits/stl_vector.h:680:2 @[ /opt/ros/humble/include/class_loader/class_loader/class_loader_core.hpp:357:1 ] ] ] ]. Skipping.
Found a loop without an exit block at /opt/ros/humble/include/class_loader/class_loader/class_loader_core.hpp:344:3. Skipping.
Found a loop without a preheader at /usr/lib/gcc/aarch64-linux-gnu/11/../../../../include/c++/11/bits/stl_construct.h:162:4 @[ /usr/lib/gcc/aarch64-linux-gnu/11/../../../../include/c++/11/bits/stl_construct.h:195:7 @[ /usr/lib/gcc/aarch64-linux-gnu/11/../../../../include/c++/11/bits/alloc_traits.h:848:7 @[ /usr/lib/gcc/aarch64-linux-gnu/11/../../../../include/c++/11/bits/vector.tcc:793:3 ] ] ]. Skipping.
Found a loop without a preheader at /usr/lib/gcc/aarch64-linux-gnu/11/../../../../include/c++/11/bits/stl_uninitialized.h:91:8 @[ /usr/lib/gcc/aarch64-linux-gnu/11/../../../../include/c++/11/bits/stl_uninitialized.h:148:14 @[ /usr/lib/gcc/aarch64-linux-gnu/11/../../../../include/c++/11/bits/stl_uninitialized.h:333:14 @[ /usr/lib/gcc/aarch64-linux-gnu/11/../../../../include/c++/11/bits/stl_uninitialized.h:354:14 @[ /usr/lib/gcc/aarch64-linux-gnu/11/../../../../include/c++/11/bits/vector.tcc:782:11 ] ] ] ]. Skipping.
Found a loop without a preheader at /usr/lib/gcc/aarch64-linux-gnu/11/../../../../include/c++/11/bits/stl_construct.h:162:4 @[ /usr/lib/gcc/aarch64-linux-gnu/11/../../../../include/c++/11/bits/stl_construct.h:195:7 @[ /usr/lib/gcc/aarch64-linux-gnu/11/../../../../include/c++/11/bits/alloc_traits.h:848:7 @[ /usr/lib/gcc/aarch64-linux-gnu/11/../../../../include/c++/11/bits/vector.tcc:788:7 ] ] ]. Skipping.
Found a loop without a preheader at /usr/lib/gcc/aarch64-linux-gnu/11/../../../../include/c++/11/bits/stl_uninitialized.h:91:8 @[ /usr/lib/gcc/aarch64-linux-gnu/11/../../../../include/c++/11/bits/stl_uninitialized.h:148:14 @[ /usr/lib/gcc/aarch64-linux-gnu/11/../../../../include/c++/11/bits/stl_uninitialized.h:333:14 @[ /usr/lib/gcc/aarch64-linux-gnu/11/../../../../include/c++/11/bits/stl_uninitialized.h:354:14 @[ /usr/lib/gcc/aarch64-linux-gnu/11/../../../../include/c++/11/bits/vector.tcc:774:11 ] ] ] ]. Skipping.
Found a loop without a preheader at /usr/lib/gcc/aarch64-linux-gnu/11/../../../../include/c++/11/bits/stl_algobase.h:383:4 @[ /usr/lib/gcc/aarch64-linux-gnu/11/../../../../include/c++/11/bits/stl_algobase.h:494:14 @[ /usr/lib/gcc/aarch64-linux-gnu/11/../../../../include/c++/11/bits/stl_algobase.h:522:14 @[ /usr/lib/gcc/aarch64-linux-gnu/11/../../../../include/c++/11/bits/stl_algobase.h:530:3 @[ /usr/lib/gcc/aarch64-linux-gnu/11/../../../../include/c++/11/bits/stl_algobase.h:619:14 @[ /usr/lib/gcc/aarch64-linux-gnu/11/../../../../include/c++/11/bits/vector.tcc:744:7 ] ] ] ] ]. Skipping.
Found a loop without a preheader at /usr/lib/gcc/aarch64-linux-gnu/11/../../../../include/c++/11/bits/stl_algobase.h:718:4 @[ /usr/lib/gcc/aarch64-linux-gnu/11/../../../../include/c++/11/bits/stl_algobase.h:758:14 @[ /usr/lib/gcc/aarch64-linux-gnu/11/../../../../include/c++/11/bits/stl_algobase.h:769:14 @[ /usr/lib/gcc/aarch64-linux-gnu/11/../../../../include/c++/11/bits/stl_algobase.h:799:3 @[ /usr/lib/gcc/aarch64-linux-gnu/11/../../../../include/c++/11/bits/stl_algobase.h:894:14 @[ /usr/lib/gcc/aarch64-linux-gnu/11/../../../../include/c++/11/bits/vector.tcc:742:7 ] ] ] ] ]. Skipping.
Found a loop without a preheader at /usr/lib/gcc/aarch64-linux-gnu/11/../../../../include/c++/11/bits/stl_uninitialized.h:91:8 @[ /usr/lib/gcc/aarch64-linux-gnu/11/../../../../include/c++/11/bits/stl_uninitialized.h:148:14 @[ /usr/lib/gcc/aarch64-linux-gnu/11/../../../../include/c++/11/bits/stl_uninitialized.h:333:14 @[ /usr/lib/gcc/aarch64-linux-gnu/11/../../../../include/c++/11/bits/stl_uninitialized.h:341:14 @[ /usr/lib/gcc/aarch64-linux-gnu/11/../../../../include/c++/11/bits/vector.tcc:736:7 ] ] ] ]. Skipping.
Found a loop without a preheader at /usr/lib/gcc/aarch64-linux-gnu/11/../../../../include/c++/11/bits/stl_algobase.h:383:4 @[ /usr/lib/gcc/aarch64-linux-gnu/11/../../../../include/c++/11/bits/stl_algobase.h:494:14 @[ /usr/lib/gcc/aarch64-linux-gnu/11/../../../../include/c++/11/bits/stl_algobase.h:522:14 @[ /usr/lib/gcc/aarch64-linux-gnu/11/../../../../include/c++/11/bits/stl_algobase.h:530:3 @[ /usr/lib/gcc/aarch64-linux-gnu/11/../../../../include/c++/11/bits/stl_algobase.h:619:14 @[ /usr/lib/gcc/aarch64-linux-gnu/11/../../../../include/c++/11/bits/vector.tcc:762:7 ] ] ] ] ]. Skipping.
Found a loop without a preheader at /usr/lib/gcc/aarch64-linux-gnu/11/../../../../include/c++/11/bits/stl_uninitialized.h:91:8 @[ /usr/lib/gcc/aarch64-linux-gnu/11/../../../../include/c++/11/bits/stl_uninitialized.h:148:14 @[ /usr/lib/gcc/aarch64-linux-gnu/11/../../../../include/c++/11/bits/stl_uninitialized.h:333:14 @[ /usr/lib/gcc/aarch64-linux-gnu/11/../../../../include/c++/11/bits/stl_uninitialized.h:341:14 @[ /usr/lib/gcc/aarch64-linux-gnu/11/../../../../include/c++/11/bits/vector.tcc:756:7 ] ] ] ]. Skipping.
Found a loop without a preheader at /usr/lib/gcc/aarch64-linux-gnu/11/../../../../include/c++/11/bits/stl_uninitialized.h:91:8. Skipping.
Found a loop without a preheader at /usr/lib/gcc/aarch64-linux-gnu/11/../../../../include/c++/11/bits/stl_construct.h:162:4 @[ /usr/lib/gcc/aarch64-linux-gnu/11/../../../../include/c++/11/bits/stl_construct.h:195:7 @[ /usr/lib/gcc/aarch64-linux-gnu/11/../../../../include/c++/11/bits/alloc_traits.h:848:7 @[ /usr/lib/gcc/aarch64-linux-gnu/11/../../../../include/c++/11/bits/stl_vector.h:680:2 @[ /opt/ros/humble/include/pluginlib/pluginlib/./class_loader_imp.hpp:547:1 ] ] ] ]. Skipping.
Found a loop without an exit block at /opt/ros/humble/include/pluginlib/pluginlib/./class_loader_imp.hpp:541:3. Skipping.
Found a loop without a preheader at /usr/lib/gcc/aarch64-linux-gnu/11/../../../../include/c++/11/bits/basic_string.h:239:6 @[ /usr/lib/gcc/aarch64-linux-gnu/11/../../../../include/c++/11/bits/basic_string.h:672:9 @[ /opt/ros/humble/include/pluginlib/pluginlib/./class_loader_imp.hpp:371:47 ] ]. Skipping.
Found a loop without a preheader at /usr/lib/gcc/aarch64-linux-gnu/11/../../../../include/c++/11/bits/stl_construct.h:162:4 @[ /usr/lib/gcc/aarch64-linux-gnu/11/../../../../include/c++/11/bits/stl_construct.h:195:7 @[ /usr/lib/gcc/aarch64-linux-gnu/11/../../../../include/c++/11/bits/alloc_traits.h:848:7 @[ /usr/lib/gcc/aarch64-linux-gnu/11/../../../../include/c++/11/bits/stl_vector.h:680:2 @[ /opt/ros/humble/include/pluginlib/pluginlib/./class_loader_imp.hpp:431:1 ] ] ] ]. Skipping.
Found a loop without a preheader at /opt/ros/humble/include/pluginlib/pluginlib/./class_loader_imp.hpp:423:3. Skipping.
Found a loop without a preheader at /usr/lib/gcc/aarch64-linux-gnu/11/../../../../include/c++/11/bits/stl_construct.h:162:4 @[ /usr/lib/gcc/aarch64-linux-gnu/11/../../../../include/c++/11/bits/stl_construct.h:195:7 @[ /usr/lib/gcc/aarch64-linux-gnu/11/../../../../include/c++/11/bits/alloc_traits.h:848:7 @[ /usr/lib/gcc/aarch64-linux-gnu/11/../../../../include/c++/11/bits/stl_vector.h:680:2 @[ /opt/ros/humble/include/pluginlib/pluginlib/./class_loader_imp.hpp:419:3 ] ] ] ]. Skipping.
Found a loop without a preheader at /usr/lib/gcc/aarch64-linux-gnu/11/../../../../include/c++/11/bits/stl_construct.h:162:4 @[ /usr/lib/gcc/aarch64-linux-gnu/11/../../../../include/c++/11/bits/stl_construct.h:195:7 @[ /usr/lib/gcc/aarch64-linux-gnu/11/../../../../include/c++/11/bits/alloc_traits.h:848:7 @[ /usr/lib/gcc/aarch64-linux-gnu/11/../../../../include/c++/11/bits/stl_vector.h:680:2 @[ /opt/ros/humble/include/pluginlib/pluginlib/./class_loader_imp.hpp:419:3 ] ] ] ]. Skipping.
Found a loop without an exit block at /opt/ros/humble/include/pluginlib/pluginlib/./class_loader_imp.hpp:411:5. Skipping.
Found a loop without a preheader at /usr/lib/gcc/aarch64-linux-gnu/11/../../../../include/c++/11/bits/basic_string.h:239:6 @[ /usr/lib/gcc/aarch64-linux-gnu/11/../../../../include/c++/11/bits/basic_string.h:672:9 @[ /opt/ros/humble/include/pluginlib/pluginlib/./class_loader_imp.hpp:404:65 ] ]. Skipping.
Found a loop without a preheader at /usr/lib/gcc/aarch64-linux-gnu/11/../../../../include/c++/11/bits/basic_string.h:239:6 @[ /usr/lib/gcc/aarch64-linux-gnu/11/../../../../include/c++/11/bits/basic_string.h:672:9 @[ /opt/ros/humble/include/pluginlib/pluginlib/./class_loader_imp.hpp:398:59 ] ]. Skipping.
Found a loop without a preheader at /usr/lib/gcc/aarch64-linux-gnu/11/../../../../include/c++/11/bits/stl_uninitialized.h:91:8. Skipping.
Found a loop without a preheader at /opt/ros/humble/include/class_loader/class_loader/multi_library_class_loader.hpp:335:5. Skipping.
Found a loop without a preheader at /usr/lib/gcc/aarch64-linux-gnu/11/../../../../include/c++/11/bits/stl_construct.h:162:4 @[ /usr/lib/gcc/aarch64-linux-gnu/11/../../../../include/c++/11/bits/stl_construct.h:195:7 @[ /usr/lib/gcc/aarch64-linux-gnu/11/../../../../include/c++/11/bits/alloc_traits.h:848:7 @[ /usr/lib/gcc/aarch64-linux-gnu/11/../../../../include/c++/11/bits/stl_vector.h:680:2 @[ /opt/ros/humble/include/class_loader/class_loader/class_loader.hpp:188:3 ] ] ] ]. Skipping.
Found a loop without a preheader at /usr/lib/gcc/aarch64-linux-gnu/11/../../../../include/c++/11/bits/stl_algo.h:821:7 @[ /usr/lib/gcc/aarch64-linux-gnu/11/../../../../include/c++/11/bits/stl_algo.h:894:14 @[ src/core/autoware_core/planning/motion_velocity_planner/autoware_motion_velocity_planner/src/planner_manager.cpp:58:13 ] ]. Skipping.
Found a loop without a preheader at /usr/lib/gcc/aarch64-linux-gnu/11/../../../../include/c++/11/bits/stl_algobase.h:2067:7 @[ /usr/lib/gcc/aarch64-linux-gnu/11/../../../../include/c++/11/bits/stl_algobase.h:2114:14 @[ /usr/lib/gcc/aarch64-linux-gnu/11/../../../../include/c++/11/bits/stl_algo.h:816:17 @[ /usr/lib/gcc/aarch64-linux-gnu/11/../../../../include/c++/11/bits/stl_algo.h:894:14 @[ src/core/autoware_core/planning/motion_velocity_planner/autoware_motion_velocity_planner/src/planner_manager.cpp:58:13 ] ] ] ]. Skipping.
Found a loop without a preheader at /usr/lib/gcc/aarch64-linux-gnu/11/../../../../include/c++/11/bits/stl_construct.h:162:4 @[ /usr/lib/gcc/aarch64-linux-gnu/11/../../../../include/c++/11/bits/stl_construct.h:195:7 @[ /usr/lib/gcc/aarch64-linux-gnu/11/../../../../include/c++/11/bits/alloc_traits.h:848:7 @[ /usr/lib/gcc/aarch64-linux-gnu/11/../../../../include/c++/11/bits/stl_vector.h:1796:6 @[ /usr/lib/gcc/aarch64-linux-gnu/11/../../../../include/c++/11/bits/vector.tcc:191:4 ] ] ] ]. Skipping.
Found a loop without a preheader at /usr/lib/gcc/aarch64-linux-gnu/11/../../../../include/c++/11/bits/stl_algobase.h:403:4 @[ /usr/lib/gcc/aarch64-linux-gnu/11/../../../../include/c++/11/bits/stl_algobase.h:494:14 @[ /usr/lib/gcc/aarch64-linux-gnu/11/../../../../include/c++/11/bits/stl_algobase.h:522:14 @[ /usr/lib/gcc/aarch64-linux-gnu/11/../../../../include/c++/11/bits/stl_algobase.h:530:3 @[ /usr/lib/gcc/aarch64-linux-gnu/11/../../../../include/c++/11/bits/stl_algobase.h:652:14 @[ /usr/lib/gcc/aarch64-linux-gnu/11/../../../../include/c++/11/bits/vector.tcc:190:6 ] ] ] ] ]. Skipping.
Found a loop without a preheader at src/core/autoware_core/planning/motion_velocity_planner/autoware_motion_velocity_planner/src/planner_manager.cpp:75:3. Skipping.
Found a loop without an exit block at src/core/autoware_core/planning/motion_velocity_planner/autoware_motion_velocity_planner/src/planner_manager.cpp:84:3. Skipping.
Found a loop without a preheader at /usr/lib/gcc/aarch64-linux-gnu/11/../../../../include/c++/11/bits/stl_uninitialized.h:91:8 @[ /usr/lib/gcc/aarch64-linux-gnu/11/../../../../include/c++/11/bits/stl_uninitialized.h:148:14 @[ /usr/lib/gcc/aarch64-linux-gnu/11/../../../../include/c++/11/bits/stl_uninitialized.h:333:14 @[ /usr/lib/gcc/aarch64-linux-gnu/11/../../../../include/c++/11/bits/stl_vector.h:558:4 @[ install/autoware_motion_velocity_planner_common/include/autoware/motion_velocity_planner_common/velocity_planning_result.hpp:43:8 ] ] ] ]. Skipping.
Found a loop without a preheader at /usr/lib/gcc/aarch64-linux-gnu/11/../../../../include/c++/11/bits/stl_uninitialized.h:91:8 @[ /usr/lib/gcc/aarch64-linux-gnu/11/../../../../include/c++/11/bits/stl_uninitialized.h:148:14 @[ /usr/lib/gcc/aarch64-linux-gnu/11/../../../../include/c++/11/bits/stl_uninitialized.h:333:14 @[ /usr/lib/gcc/aarch64-linux-gnu/11/../../../../include/c++/11/bits/stl_vector.h:558:4 @[ install/autoware_motion_velocity_planner_common/include/autoware/motion_velocity_planner_common/velocity_planning_result.hpp:43:8 ] ] ] ]. Skipping.
Found a loop without a preheader at /usr/lib/gcc/aarch64-linux-gnu/11/../../../../include/c++/11/bits/stl_uninitialized.h:1031:7 @[ /usr/lib/gcc/aarch64-linux-gnu/11/../../../../include/c++/11/bits/stl_uninitialized.h:1046:14 @[ /usr/lib/gcc/aarch64-linux-gnu/11/../../../../include/c++/11/bits/stl_vector.h:456:9 ] ]. Skipping.
Found a loop without a preheader at /usr/lib/gcc/aarch64-linux-gnu/11/../../../../include/c++/11/bits/stl_construct.h:162:4. Skipping.
In file included from /home/tristan-toye/Autoware-47-installation-Nvidia-Jetson-Orin-AGX/autoware/src/core/autoware_core/planning/motion_velocity_planner/autoware_motion_velocity_planner/src/node.cpp:15:
In file included from /home/tristan-toye/Autoware-47-installation-Nvidia-Jetson-Orin-AGX/autoware/src/core/autoware_core/planning/motion_velocity_planner/autoware_motion_velocity_planner/src/node.hpp:23:
/home/tristan-toye/Autoware-47-installation-Nvidia-Jetson-Orin-AGX/autoware/install/autoware_utils_rclcpp/include/autoware_utils_rclcpp/polling_subscriber.hpp:177:8: warning: lambda capture 'node' is not used [-Wunused-lambda-capture]
  177 |       [node]([[maybe_unused]] const typename MessageT::ConstSharedPtr msg) { assert(false); },
      |        ^
/home/tristan-toye/Autoware-47-installation-Nvidia-Jetson-Orin-AGX/autoware/src/core/autoware_core/planning/motion_velocity_planner/autoware_motion_velocity_planner/src/node.hpp:75:30: note: in instantiation of member function 'autoware_utils_rclcpp::InterProcessPollingSubscriber<sensor_msgs::msg::PointCloud2_<std::allocator<void>>>::InterProcessPollingSubscriber' requested here
   75 |     sub_no_ground_pointcloud_{
      |                              ^
In file included from /home/tristan-toye/Autoware-47-installation-Nvidia-Jetson-Orin-AGX/autoware/src/core/autoware_core/planning/motion_velocity_planner/autoware_motion_velocity_planner/src/node.cpp:15:
In file included from /home/tristan-toye/Autoware-47-installation-Nvidia-Jetson-Orin-AGX/autoware/src/core/autoware_core/planning/motion_velocity_planner/autoware_motion_velocity_planner/src/node.hpp:23:
/home/tristan-toye/Autoware-47-installation-Nvidia-Jetson-Orin-AGX/autoware/install/autoware_utils_rclcpp/include/autoware_utils_rclcpp/polling_subscriber.hpp:177:8: warning: lambda capture 'node' is not used [-Wunused-lambda-capture]
  177 |       [node]([[maybe_unused]] const typename MessageT::ConstSharedPtr msg) { assert(false); },
      |        ^
/home/tristan-toye/Autoware-47-installation-Nvidia-Jetson-Orin-AGX/autoware/src/core/autoware_core/planning/motion_velocity_planner/autoware_motion_velocity_planner/src/node.hpp:78:26: note: in instantiation of member function 'autoware_utils_rclcpp::InterProcessPollingSubscriber<nav_msgs::msg::Odometry_<std::allocator<void>>>::InterProcessPollingSubscriber' requested here
   78 |     sub_vehicle_odometry_{this, "~/input/vehicle_odometry"};
      |                          ^
7 warnings generated.
In file included from /home/tristan-toye/Autoware-47-installation-Nvidia-Jetson-Orin-AGX/autoware/src/core/autoware_core/planning/motion_velocity_planner/autoware_motion_velocity_planner/src/node.cpp:15:
In file included from /home/tristan-toye/Autoware-47-installation-Nvidia-Jetson-Orin-AGX/autoware/src/core/autoware_core/planning/motion_velocity_planner/autoware_motion_velocity_planner/src/node.hpp:23:
/home/tristan-toye/Autoware-47-installation-Nvidia-Jetson-Orin-AGX/autoware/install/autoware_utils_rclcpp/include/autoware_utils_rclcpp/polling_subscriber.hpp:177:8: warning: lambda capture 'node' is not used [-Wunused-lambda-capture]
  177 |       [node]([[maybe_unused]] const typename MessageT::ConstSharedPtr msg) { assert(false); },
      |        ^
/home/tristan-toye/Autoware-47-installation-Nvidia-Jetson-Orin-AGX/autoware/src/core/autoware_core/planning/motion_velocity_planner/autoware_motion_velocity_planner/src/node.hpp:81:22: note: in instantiation of member function 'autoware_utils_rclcpp::InterProcessPollingSubscriber<geometry_msgs::msg::AccelWithCovarianceStamped_<std::allocator<void>>>::InterProcessPollingSubscriber' requested here
   81 |     sub_acceleration_{this, "~/input/accel"};
      |                      ^
In file included from /home/tristan-toye/Autoware-47-installation-Nvidia-Jetson-Orin-AGX/autoware/src/core/autoware_core/planning/motion_velocity_planner/autoware_motion_velocity_planner/src/node.cpp:15:
In file included from /home/tristan-toye/Autoware-47-installation-Nvidia-Jetson-Orin-AGX/autoware/src/core/autoware_core/planning/motion_velocity_planner/autoware_motion_velocity_planner/src/node.hpp:23:
/home/tristan-toye/Autoware-47-installation-Nvidia-Jetson-Orin-AGX/autoware/install/autoware_utils_rclcpp/include/autoware_utils_rclcpp/polling_subscriber.hpp:177:8: warning: lambda capture 'node' is not used [-Wunused-lambda-capture]
  177 |       [node]([[maybe_unused]] const typename MessageT::ConstSharedPtr msg) { assert(false); },
      |        ^
/home/tristan-toye/Autoware-47-installation-Nvidia-Jetson-Orin-AGX/autoware/src/core/autoware_core/planning/motion_velocity_planner/autoware_motion_velocity_planner/src/node.hpp:83:24: note: in instantiation of member function 'autoware_utils_rclcpp::InterProcessPollingSubscriber<nav_msgs::msg::OccupancyGrid_<std::allocator<void>>>::InterProcessPollingSubscriber' requested here
   83 |     sub_occupancy_grid_{this, "~/input/occupancy_grid"};
      |                        ^
In file included from /home/tristan-toye/Autoware-47-installation-Nvidia-Jetson-Orin-AGX/autoware/src/core/autoware_core/planning/motion_velocity_planner/autoware_motion_velocity_planner/src/node.cpp:15:
In file included from /home/tristan-toye/Autoware-47-installation-Nvidia-Jetson-Orin-AGX/autoware/src/core/autoware_core/planning/motion_velocity_planner/autoware_motion_velocity_planner/src/node.hpp:23:
/home/tristan-toye/Autoware-47-installation-Nvidia-Jetson-Orin-AGX/autoware/install/autoware_utils_rclcpp/include/autoware_utils_rclcpp/polling_subscriber.hpp:177:8: warning: lambda capture 'node' is not used [-Wunused-lambda-capture]
  177 |       [node]([[maybe_unused]] const typename MessageT::ConstSharedPtr msg) { assert(false); },
      |        ^
/home/tristan-toye/Autoware-47-installation-Nvidia-Jetson-Orin-AGX/autoware/src/core/autoware_core/planning/motion_velocity_planner/autoware_motion_velocity_planner/src/node.hpp:86:25: note: in instantiation of member function 'autoware_utils_rclcpp::InterProcessPollingSubscriber<autoware_perception_msgs::msg::TrafficLightGroupArray_<std::allocator<void>>>::InterProcessPollingSubscriber' requested here
   86 |     sub_traffic_signals_{this, "~/input/traffic_signals"};
      |                         ^
Found a loop without a preheader at /usr/lib/gcc/aarch64-linux-gnu/11/../../../../include/c++/11/bits/stl_construct.h:162:4 @[ /usr/lib/gcc/aarch64-linux-gnu/11/../../../../include/c++/11/bits/stl_construct.h:195:7 @[ /usr/lib/gcc/aarch64-linux-gnu/11/../../../../include/c++/11/bits/alloc_traits.h:848:7 @[ /usr/lib/gcc/aarch64-linux-gnu/11/../../../../include/c++/11/bits/stl_vector.h:680:2 @[ src/core/autoware_core/planning/motion_velocity_planner/autoware_motion_velocity_planner/src/node.cpp:105:26 ] ] ] ]. Skipping.
Found a loop without a preheader at src/core/autoware_core/planning/motion_velocity_planner/autoware_motion_velocity_planner/src/node.cpp:105:3. Skipping.
Found a loop without a preheader at /usr/lib/gcc/aarch64-linux-gnu/11/../../../../include/c++/11/bits/hashtable_policy.h:1912:7 @[ /usr/lib/gcc/aarch64-linux-gnu/11/../../../../include/c++/11/bits/hashtable.h:2320:13 @[ /usr/lib/gcc/aarch64-linux-gnu/11/../../../../include/c++/11/bits/hashtable.h:1532:7 @[ /usr/lib/gcc/aarch64-linux-gnu/11/../../../../include/c++/11/bits/unordered_map.h:102:11 @[ install/autoware_utils_system/include/autoware_utils_system/stop_watch.hpp:27:7 @[ src/core/autoware_core/planning/motion_velocity_planner/autoware_motion_velocity_planner/src/node.cpp:359:1 ] ] ] ] ]. Skipping.
Found a loop without a preheader at /usr/lib/gcc/aarch64-linux-gnu/11/../../../../include/c++/11/bits/stl_construct.h:162:4 @[ /usr/lib/gcc/aarch64-linux-gnu/11/../../../../include/c++/11/bits/stl_construct.h:195:7 @[ /usr/lib/gcc/aarch64-linux-gnu/11/../../../../include/c++/11/bits/alloc_traits.h:848:7 @[ /usr/lib/gcc/aarch64-linux-gnu/11/../../../../include/c++/11/bits/stl_vector.h:680:2 @[ /opt/ros/humble/include/sensor_msgs/sensor_msgs/msg/detail/point_cloud2__struct.hpp:39:8 @[ src/core/autoware_core/planning/motion_velocity_planner/autoware_motion_velocity_planner/src/node.cpp:349:3 ] ] ] ] ]. Skipping.
Found a loop without a preheader at /usr/lib/gcc/aarch64-linux-gnu/11/../../../../include/c++/11/bits/stl_construct.h:162:4 @[ /usr/lib/gcc/aarch64-linux-gnu/11/../../../../include/c++/11/bits/stl_construct.h:195:7 @[ /usr/lib/gcc/aarch64-linux-gnu/11/../../../../include/c++/11/bits/alloc_traits.h:848:7 @[ /usr/lib/gcc/aarch64-linux-gnu/11/../../../../include/c++/11/bits/stl_vector.h:680:2 @[ ros2_caret_ws/install/include/rclcpp/rclcpp/node_impl.hpp:222:26 ] ] ] ]. Skipping.
Found a loop without a preheader at /usr/lib/gcc/aarch64-linux-gnu/11/../../../../include/c++/11/bits/stl_construct.h:162:4 @[ /usr/lib/gcc/aarch64-linux-gnu/11/../../../../include/c++/11/bits/stl_construct.h:195:7 @[ /usr/lib/gcc/aarch64-linux-gnu/11/../../../../include/c++/11/bits/alloc_traits.h:848:7 @[ /usr/lib/gcc/aarch64-linux-gnu/11/../../../../include/c++/11/bits/stl_vector.h:680:2 ] ] ]. Skipping.
Found a loop without a preheader at /usr/lib/gcc/aarch64-linux-gnu/11/../../../../include/c++/11/bits/stl_construct.h:162:4 @[ /usr/lib/gcc/aarch64-linux-gnu/11/../../../../include/c++/11/bits/stl_construct.h:195:7 @[ /usr/lib/gcc/aarch64-linux-gnu/11/../../../../include/c++/11/bits/alloc_traits.h:848:7 @[ /usr/lib/gcc/aarch64-linux-gnu/11/../../../../include/c++/11/bits/stl_vector.h:680:2 @[ src/core/autoware_core/planning/motion_velocity_planner/autoware_motion_velocity_planner/src/planner_manager.hpp:39:7 ] ] ] ]. Skipping.
Found a loop without a preheader at /usr/lib/gcc/aarch64-linux-gnu/11/../../../../include/c++/11/bits/hashtable_policy.h:1912:7 @[ /usr/lib/gcc/aarch64-linux-gnu/11/../../../../include/c++/11/bits/hashtable.h:2320:13 @[ /usr/lib/gcc/aarch64-linux-gnu/11/../../../../include/c++/11/bits/hashtable.h:1532:7 @[ /usr/lib/gcc/aarch64-linux-gnu/11/../../../../include/c++/11/bits/unordered_map.h:102:11 @[ /opt/ros/humble/include/tf2_ros/tf2_ros/buffer.hpp:63:7 ] ] ] ]. Skipping.
Found a loop without a preheader at /usr/lib/gcc/aarch64-linux-gnu/11/../../../../include/c++/11/bits/stl_construct.h:162:4 @[ /usr/lib/gcc/aarch64-linux-gnu/11/../../../../include/c++/11/bits/stl_construct.h:195:7 @[ /usr/lib/gcc/aarch64-linux-gnu/11/../../../../include/c++/11/bits/alloc_traits.h:848:7 @[ /usr/lib/gcc/aarch64-linux-gnu/11/../../../../include/c++/11/bits/stl_vector.h:680:2 @[ src/core/autoware_core/planning/motion_velocity_planner/autoware_motion_velocity_planner/src/planner_manager.hpp:39:7 @[ src/core/autoware_core/planning/motion_velocity_planner/autoware_motion_velocity_planner/src/node.hpp:59:7 ] ] ] ] ]. Skipping.
Found a loop without a preheader at /usr/lib/gcc/aarch64-linux-gnu/11/../../../../include/c++/11/bits/charconv.h:56:7 @[ /usr/lib/gcc/aarch64-linux-gnu/11/../../../../include/c++/11/bits/basic_string.h:6683:24 ]. Skipping.
Found a loop without an exit block at ros2_caret_ws/install/include/rclcpp/rclcpp/detail/qos_parameters.hpp:167:3. Skipping.
Found a loop without an exit block at ros2_caret_ws/install/include/rclcpp/rclcpp/detail/qos_parameters.hpp:167:3. Skipping.
Found a loop without a preheader at /usr/lib/gcc/aarch64-linux-gnu/11/../../../../include/c++/11/bits/stl_uninitialized.h:91:8 @[ /usr/lib/gcc/aarch64-linux-gnu/11/../../../../include/c++/11/bits/stl_uninitialized.h:148:14 @[ /usr/lib/gcc/aarch64-linux-gnu/11/../../../../include/c++/11/bits/stl_uninitialized.h:333:14 @[ /usr/lib/gcc/aarch64-linux-gnu/11/../../../../include/c++/11/bits/stl_vector.h:558:4 @[ /opt/ros/humble/include/rosidl_runtime_cpp/rosidl_runtime_cpp/bounded_vector.hpp:121:5 @[ /opt/ros/humble/include/rcl_interfaces/rcl_interfaces/msg/detail/parameter_descriptor__struct.hpp:39:8 ] ] ] ] ]. Skipping.
Found a loop without a preheader at /usr/lib/gcc/aarch64-linux-gnu/11/../../../../include/c++/11/bits/stl_uninitialized.h:91:8 @[ /usr/lib/gcc/aarch64-linux-gnu/11/../../../../include/c++/11/bits/stl_uninitialized.h:148:14 @[ /usr/lib/gcc/aarch64-linux-gnu/11/../../../../include/c++/11/bits/stl_uninitialized.h:333:14 @[ /usr/lib/gcc/aarch64-linux-gnu/11/../../../../include/c++/11/bits/stl_vector.h:558:4 @[ /opt/ros/humble/include/rosidl_runtime_cpp/rosidl_runtime_cpp/bounded_vector.hpp:121:5 @[ /opt/ros/humble/include/rcl_interfaces/rcl_interfaces/msg/detail/parameter_descriptor__struct.hpp:39:8 ] ] ] ] ]. Skipping.
Found a loop without a preheader at /usr/lib/gcc/aarch64-linux-gnu/11/../../../../include/c++/11/bits/stl_construct.h:162:4 @[ /usr/lib/gcc/aarch64-linux-gnu/11/../../../../include/c++/11/bits/stl_construct.h:195:7 @[ /usr/lib/gcc/aarch64-linux-gnu/11/../../../../include/c++/11/bits/alloc_traits.h:848:7 @[ /usr/lib/gcc/aarch64-linux-gnu/11/../../../../include/c++/11/bits/stl_vector.h:680:2 @[ /opt/ros/humble/include/rcl_interfaces/rcl_interfaces/msg/detail/parameter_value__struct.hpp:33:8 ] ] ] ]. Skipping.
Found a loop without a preheader at /usr/lib/gcc/aarch64-linux-gnu/11/../../../../include/c++/11/bits/stl_uninitialized.h:91:8. Skipping.
Found a loop without a preheader at /usr/lib/gcc/aarch64-linux-gnu/11/../../../../include/c++/11/bits/stl_construct.h:162:4 @[ /usr/lib/gcc/aarch64-linux-gnu/11/../../../../include/c++/11/bits/stl_construct.h:195:7 ]. Skipping.
Found a loop without an exit block at /usr/lib/gcc/aarch64-linux-gnu/11/../../../../include/c++/11/bits/shared_ptr_base.h:259:7 @[ /usr/lib/gcc/aarch64-linux-gnu/11/../../../../include/c++/11/bits/shared_ptr_base.h:872:39 @[ /usr/lib/gcc/aarch64-linux-gnu/11/../../../../include/c++/11/bits/shared_ptr_base.h:1178:4 @[ /usr/lib/gcc/aarch64-linux-gnu/11/../../../../include/c++/11/bits/shared_ptr.h:326:4 @[ /usr/lib/gcc/aarch64-linux-gnu/11/../../../../include/c++/11/bits/shared_ptr.h:808:16 @[ ros2_caret_ws/install/include/rclcpp/rclcpp/publisher.hpp:207:70 ] ] ] ] ]. Skipping.
Found a loop without a preheader at /usr/lib/gcc/aarch64-linux-gnu/11/../../../../include/c++/11/bits/hashtable.h:1837:7 @[ /usr/lib/gcc/aarch64-linux-gnu/11/../../../../include/c++/11/bits/hashtable.h:810:31 @[ /usr/lib/gcc/aarch64-linux-gnu/11/../../../../include/c++/11/bits/hashtable.h:1970:23 ] ]. Skipping.
Found a loop without a preheader at /usr/lib/gcc/aarch64-linux-gnu/11/../../../../include/c++/11/bits/hashtable.h:2386:7. Skipping.
Found a loop without a preheader at /usr/lib/gcc/aarch64-linux-gnu/11/../../../../include/c++/11/bits/hashtable.h:1837:7 @[ /usr/lib/gcc/aarch64-linux-gnu/11/../../../../include/c++/11/bits/hashtable.h:810:31 @[ /usr/lib/gcc/aarch64-linux-gnu/11/../../../../include/c++/11/bits/hashtable.h:1970:23 ] ]. Skipping.
Found a loop without a preheader at /usr/lib/gcc/aarch64-linux-gnu/11/../../../../include/c++/11/bits/hashtable.h:1837:7 @[ /usr/lib/gcc/aarch64-linux-gnu/11/../../../../include/c++/11/bits/hashtable.h:810:31 @[ /usr/lib/gcc/aarch64-linux-gnu/11/../../../../include/c++/11/bits/hashtable.h:1970:23 ] ]. Skipping.
Found a loop without a preheader at /usr/lib/gcc/aarch64-linux-gnu/11/../../../../include/c++/11/bits/hashtable.h:1837:7 @[ /usr/lib/gcc/aarch64-linux-gnu/11/../../../../include/c++/11/bits/hashtable.h:810:31 @[ /usr/lib/gcc/aarch64-linux-gnu/11/../../../../include/c++/11/bits/hashtable.h:1970:23 ] ]. Skipping.
Found a loop without an exit block at /usr/lib/gcc/aarch64-linux-gnu/11/../../../../include/c++/11/bits/hashtable.h:1837:7. Skipping.
Found a loop without a preheader at /usr/lib/gcc/aarch64-linux-gnu/11/../../../../include/c++/11/bits/hashtable.h:2386:7. Skipping.
Found a loop without a preheader at /usr/lib/gcc/aarch64-linux-gnu/11/../../../../include/c++/11/bits/stl_construct.h:162:4 @[ /usr/lib/gcc/aarch64-linux-gnu/11/../../../../include/c++/11/bits/stl_construct.h:195:7 @[ /usr/lib/gcc/aarch64-linux-gnu/11/../../../../include/c++/11/bits/alloc_traits.h:848:7 @[ /usr/lib/gcc/aarch64-linux-gnu/11/../../../../include/c++/11/bits/stl_vector.h:680:2 ] ] ]. Skipping.
Found a loop without a preheader at /usr/lib/gcc/aarch64-linux-gnu/11/../../../../include/c++/11/bits/stl_construct.h:162:4 @[ /usr/lib/gcc/aarch64-linux-gnu/11/../../../../include/c++/11/bits/stl_construct.h:195:7 @[ /usr/lib/gcc/aarch64-linux-gnu/11/../../../../include/c++/11/bits/alloc_traits.h:848:7 @[ /usr/lib/gcc/aarch64-linux-gnu/11/../../../../include/c++/11/bits/stl_vector.h:680:2 @[ ros2_caret_ws/install/include/rclcpp/rclcpp/topic_statistics/subscription_topic_statistics.hpp:98:3 ] ] ] ]. Skipping.
Found a loop without a preheader at ros2_caret_ws/install/include/rclcpp/rclcpp/topic_statistics/subscription_topic_statistics.hpp:112:5. Skipping.
Found a loop without an exit block at ros2_caret_ws/install/include/rclcpp/rclcpp/topic_statistics/subscription_topic_statistics.hpp:152:5. Skipping.
Found a loop without an exit block at ros2_caret_ws/install/include/rclcpp/rclcpp/topic_statistics/subscription_topic_statistics.hpp:137:7. Skipping.
Found a loop without a preheader at /usr/lib/gcc/aarch64-linux-gnu/11/../../../../include/c++/11/bits/stl_construct.h:162:4 @[ /usr/lib/gcc/aarch64-linux-gnu/11/../../../../include/c++/11/bits/stl_construct.h:195:7 @[ /usr/lib/gcc/aarch64-linux-gnu/11/../../../../include/c++/11/bits/alloc_traits.h:848:7 @[ /usr/lib/gcc/aarch64-linux-gnu/11/../../../../include/c++/11/bits/stl_vector.h:1796:6 @[ /usr/lib/gcc/aarch64-linux-gnu/11/../../../../include/c++/11/bits/stl_vector.h:1499:9 @[ ros2_caret_ws/install/include/rclcpp/rclcpp/topic_statistics/subscription_topic_statistics.hpp:208:41 ] ] ] ] ]. Skipping.
Found a loop without a preheader at ros2_caret_ws/install/include/rclcpp/rclcpp/topic_statistics/subscription_topic_statistics.hpp:204:7. Skipping.
Found a loop without a preheader at /usr/lib/gcc/aarch64-linux-gnu/11/../../../../include/c++/11/bits/stl_uninitialized.h:1031:7 @[ /usr/lib/gcc/aarch64-linux-gnu/11/../../../../include/c++/11/bits/stl_uninitialized.h:1046:14 @[ /usr/lib/gcc/aarch64-linux-gnu/11/../../../../include/c++/11/bits/stl_vector.h:456:9 @[ /usr/lib/gcc/aarch64-linux-gnu/11/../../../../include/c++/11/bits/stl_vector.h:469:9 @[ /usr/lib/gcc/aarch64-linux-gnu/11/../../../../include/c++/11/bits/vector.tcc:466:23 ] ] ] ]. Skipping.
Found a loop without a preheader at /usr/lib/gcc/aarch64-linux-gnu/11/../../../../include/c++/11/bits/stl_uninitialized.h:1031:7 @[ /usr/lib/gcc/aarch64-linux-gnu/11/../../../../include/c++/11/bits/stl_uninitialized.h:1046:14 @[ /usr/lib/gcc/aarch64-linux-gnu/11/../../../../include/c++/11/bits/stl_vector.h:456:9 @[ /usr/lib/gcc/aarch64-linux-gnu/11/../../../../include/c++/11/bits/stl_vector.h:469:9 @[ /usr/lib/gcc/aarch64-linux-gnu/11/../../../../include/c++/11/bits/vector.tcc:461:23 ] ] ] ]. Skipping.
Found a loop without a preheader at /usr/lib/gcc/aarch64-linux-gnu/11/../../../../include/c++/11/bits/stl_uninitialized.h:91:8 @[ /usr/lib/gcc/aarch64-linux-gnu/11/../../../../include/c++/11/bits/stl_uninitialized.h:148:14 @[ /usr/lib/gcc/aarch64-linux-gnu/11/../../../../include/c++/11/bits/stl_uninitialized.h:333:14 @[ /usr/lib/gcc/aarch64-linux-gnu/11/../../../../include/c++/11/bits/stl_vector.h:558:4 @[ /opt/ros/humble/include/statistics_msgs/statistics_msgs/msg/detail/metrics_message__struct.hpp:40:8 ] ] ] ]. Skipping.
Found a loop without a preheader at /usr/lib/gcc/aarch64-linux-gnu/11/../../../../include/c++/11/bits/stl_construct.h:162:4. Skipping.
Found a loop without an exit block at /usr/lib/gcc/aarch64-linux-gnu/11/../../../../include/c++/11/bits/shared_ptr_base.h:259:7 @[ /usr/lib/gcc/aarch64-linux-gnu/11/../../../../include/c++/11/bits/shared_ptr_base.h:883:28 @[ /usr/lib/gcc/aarch64-linux-gnu/11/../../../../include/c++/11/bits/shared_ptr_base.h:1353:9 @[ /usr/lib/gcc/aarch64-linux-gnu/11/../../../../include/c++/11/bits/shared_ptr.h:418:9 @[ /usr/lib/gcc/aarch64-linux-gnu/11/../../../../include/c++/11/bits/shared_ptr.h:750:16 @[ ros2_caret_ws/install/include/rclcpp/rclcpp/publisher.hpp:561:26 ] ] ] ] ]. Skipping.
Found a loop without an exit block at /usr/lib/gcc/aarch64-linux-gnu/11/../../../../include/c++/11/bits/shared_ptr_base.h:259:7 @[ /usr/lib/gcc/aarch64-linux-gnu/11/../../../../include/c++/11/bits/shared_ptr_base.h:883:28 @[ /usr/lib/gcc/aarch64-linux-gnu/11/../../../../include/c++/11/bits/shared_ptr_base.h:1353:9 @[ /usr/lib/gcc/aarch64-linux-gnu/11/../../../../include/c++/11/bits/shared_ptr.h:418:9 @[ /usr/lib/gcc/aarch64-linux-gnu/11/../../../../include/c++/11/bits/shared_ptr.h:750:16 @[ ros2_caret_ws/install/include/rclcpp/rclcpp/publisher.hpp:537:26 ] ] ] ] ]. Skipping.
Found a loop without a preheader at /usr/lib/gcc/aarch64-linux-gnu/11/../../../../include/c++/11/bits/hashtable.h:1837:7 @[ /usr/lib/gcc/aarch64-linux-gnu/11/../../../../include/c++/11/bits/hashtable.h:810:31 @[ /usr/lib/gcc/aarch64-linux-gnu/11/../../../../include/c++/11/bits/hashtable.h:1595:23 @[ /usr/lib/gcc/aarch64-linux-gnu/11/../../../../include/c++/11/bits/unordered_map.h:869:21 @[ ros2_caret_ws/install/include/rclcpp/rclcpp/experimental/intra_process_manager.hpp:260:38 ] ] ] ]. Skipping.
Found a loop without an exit block at /usr/lib/gcc/aarch64-linux-gnu/11/../../../../include/c++/11/shared_mutex:228:7 @[ /usr/lib/gcc/aarch64-linux-gnu/11/../../../../include/c++/11/shared_mutex:489:33 @[ /usr/lib/gcc/aarch64-linux-gnu/11/../../../../include/c++/11/shared_mutex:727:13 @[ ros2_caret_ws/install/include/rclcpp/rclcpp/experimental/intra_process_manager.hpp:258:47 ] ] ]. Skipping.
Found a loop without an exit block at ros2_caret_ws/install/include/rclcpp/rclcpp/experimental/intra_process_manager.hpp:363:5. Skipping.
Found a loop without an exit block at ros2_caret_ws/install/include/rclcpp/rclcpp/experimental/intra_process_manager.hpp:442:5. Skipping.
Found a loop without a preheader at /usr/lib/gcc/aarch64-linux-gnu/11/../../../../include/c++/11/bits/hashtable.h:1837:7 @[ /usr/lib/gcc/aarch64-linux-gnu/11/../../../../include/c++/11/bits/hashtable.h:810:31 @[ /usr/lib/gcc/aarch64-linux-gnu/11/../../../../include/c++/11/bits/hashtable.h:1595:23 @[ /usr/lib/gcc/aarch64-linux-gnu/11/../../../../include/c++/11/bits/unordered_map.h:869:21 @[ ros2_caret_ws/install/include/rclcpp/rclcpp/experimental/intra_process_manager.hpp:196:38 ] ] ] ]. Skipping.
Found a loop without an exit block at /usr/lib/gcc/aarch64-linux-gnu/11/../../../../include/c++/11/shared_mutex:228:7 @[ /usr/lib/gcc/aarch64-linux-gnu/11/../../../../include/c++/11/shared_mutex:489:33 @[ /usr/lib/gcc/aarch64-linux-gnu/11/../../../../include/c++/11/shared_mutex:727:13 @[ ros2_caret_ws/install/include/rclcpp/rclcpp/experimental/intra_process_manager.hpp:194:47 ] ] ]. Skipping.
Found a loop without an exit block at /usr/lib/gcc/aarch64-linux-gnu/11/../../../../include/c++/11/bits/shared_ptr_base.h:259:7 @[ /usr/lib/gcc/aarch64-linux-gnu/11/../../../../include/c++/11/bits/shared_ptr_base.h:883:28 @[ /usr/lib/gcc/aarch64-linux-gnu/11/../../../../include/c++/11/bits/shared_ptr_base.h:1353:9 @[ /usr/lib/gcc/aarch64-linux-gnu/11/../../../../include/c++/11/bits/shared_ptr.h:418:9 @[ /usr/lib/gcc/aarch64-linux-gnu/11/../../../../include/c++/11/bits/shared_ptr.h:750:16 @[ ros2_caret_ws/install/include/rclcpp/rclcpp/create_subscription.hpp:102:71 @[ ros2_caret_ws/install/include/rclcpp/rclcpp/timer.hpp:244:5 ] ] ] ] ] ]. Skipping.
Found a loop without a preheader at /usr/lib/gcc/aarch64-linux-gnu/11/../../../../include/c++/11/bits/hashtable.h:1837:7 @[ /usr/lib/gcc/aarch64-linux-gnu/11/../../../../include/c++/11/bits/hashtable.h:810:31 @[ /usr/lib/gcc/aarch64-linux-gnu/11/../../../../include/c++/11/bits/hashtable.h:1970:23 ] ]. Skipping.
Found a loop without a preheader at /usr/lib/gcc/aarch64-linux-gnu/11/../../../../include/c++/11/bits/hashtable.h:2386:7. Skipping.
Found a loop without a preheader at /usr/lib/gcc/aarch64-linux-gnu/11/../../../../include/c++/11/bits/hashtable.h:1837:7 @[ /usr/lib/gcc/aarch64-linux-gnu/11/../../../../include/c++/11/bits/hashtable.h:810:31 @[ /usr/lib/gcc/aarch64-linux-gnu/11/../../../../include/c++/11/bits/hashtable.h:1970:23 ] ]. Skipping.
Found a loop without a preheader at /usr/lib/gcc/aarch64-linux-gnu/11/../../../../include/c++/11/bits/hashtable.h:2386:7. Skipping.
Found a loop without a preheader at /usr/lib/gcc/aarch64-linux-gnu/11/../../../../include/c++/11/bits/hashtable.h:1837:7 @[ /usr/lib/gcc/aarch64-linux-gnu/11/../../../../include/c++/11/bits/hashtable.h:810:31 @[ /usr/lib/gcc/aarch64-linux-gnu/11/../../../../include/c++/11/bits/hashtable.h:1970:23 ] ]. Skipping.
Found a loop without a preheader at /usr/lib/gcc/aarch64-linux-gnu/11/../../../../include/c++/11/bits/hashtable.h:1837:7 @[ /usr/lib/gcc/aarch64-linux-gnu/11/../../../../include/c++/11/bits/hashtable.h:810:31 @[ /usr/lib/gcc/aarch64-linux-gnu/11/../../../../include/c++/11/bits/hashtable.h:1970:23 ] ]. Skipping.
Found a loop without a preheader at /usr/lib/gcc/aarch64-linux-gnu/11/../../../../include/c++/11/bits/hashtable.h:1837:7 @[ /usr/lib/gcc/aarch64-linux-gnu/11/../../../../include/c++/11/bits/hashtable.h:810:31 @[ /usr/lib/gcc/aarch64-linux-gnu/11/../../../../include/c++/11/bits/hashtable.h:1970:23 ] ]. Skipping.
Found a loop without a preheader at /usr/lib/gcc/aarch64-linux-gnu/11/../../../../include/c++/11/bits/hashtable.h:1837:7 @[ /usr/lib/gcc/aarch64-linux-gnu/11/../../../../include/c++/11/bits/hashtable.h:810:31 @[ /usr/lib/gcc/aarch64-linux-gnu/11/../../../../include/c++/11/bits/hashtable.h:1970:23 ] ]. Skipping.
Found a loop without a preheader at /usr/lib/gcc/aarch64-linux-gnu/11/../../../../include/c++/11/bits/hashtable.h:1837:7 @[ /usr/lib/gcc/aarch64-linux-gnu/11/../../../../include/c++/11/bits/hashtable.h:810:31 @[ /usr/lib/gcc/aarch64-linux-gnu/11/../../../../include/c++/11/bits/hashtable.h:1970:23 ] ]. Skipping.
Found a loop without a preheader at /usr/lib/gcc/aarch64-linux-gnu/11/../../../../include/c++/11/bits/hashtable.h:1837:7 @[ /usr/lib/gcc/aarch64-linux-gnu/11/../../../../include/c++/11/bits/hashtable.h:810:31 @[ /usr/lib/gcc/aarch64-linux-gnu/11/../../../../include/c++/11/bits/hashtable.h:1970:23 ] ]. Skipping.
Found a loop without a preheader at /usr/lib/gcc/aarch64-linux-gnu/11/../../../../include/c++/11/bits/hashtable.h:1837:7 @[ /usr/lib/gcc/aarch64-linux-gnu/11/../../../../include/c++/11/bits/hashtable.h:810:31 @[ /usr/lib/gcc/aarch64-linux-gnu/11/../../../../include/c++/11/bits/hashtable.h:1970:23 ] ]. Skipping.
Found a loop without a preheader at /usr/lib/gcc/aarch64-linux-gnu/11/../../../../include/c++/11/bits/hashtable.h:1837:7 @[ /usr/lib/gcc/aarch64-linux-gnu/11/../../../../include/c++/11/bits/hashtable.h:810:31 @[ /usr/lib/gcc/aarch64-linux-gnu/11/../../../../include/c++/11/bits/hashtable.h:1970:23 ] ]. Skipping.
Found a loop without a preheader at /usr/lib/gcc/aarch64-linux-gnu/11/../../../../include/c++/11/bits/stl_construct.h:162:4 @[ /usr/lib/gcc/aarch64-linux-gnu/11/../../../../include/c++/11/bits/stl_construct.h:195:7 @[ /usr/lib/gcc/aarch64-linux-gnu/11/../../../../include/c++/11/bits/alloc_traits.h:848:7 @[ /usr/lib/gcc/aarch64-linux-gnu/11/../../../../include/c++/11/bits/stl_vector.h:680:2 ] ] ]. Skipping.
Found a loop without a preheader at /usr/lib/gcc/aarch64-linux-gnu/11/../../../../include/c++/11/bits/stl_construct.h:162:4 @[ /usr/lib/gcc/aarch64-linux-gnu/11/../../../../include/c++/11/bits/stl_construct.h:195:7 @[ /usr/lib/gcc/aarch64-linux-gnu/11/../../../../include/c++/11/bits/alloc_traits.h:848:7 @[ /usr/lib/gcc/aarch64-linux-gnu/11/../../../../include/c++/11/bits/stl_vector.h:680:2 @[ ros2_caret_ws/install/include/rclcpp/rclcpp/experimental/buffers/ring_buffer_implementation.hpp:56:40 ] ] ] ]. Skipping.
Found a loop without a preheader at /usr/lib/gcc/aarch64-linux-gnu/11/../../../../include/c++/11/bits/stl_construct.h:162:4 @[ /usr/lib/gcc/aarch64-linux-gnu/11/../../../../include/c++/11/bits/stl_construct.h:195:7 @[ /usr/lib/gcc/aarch64-linux-gnu/11/../../../../include/c++/11/bits/alloc_traits.h:848:7 @[ /usr/lib/gcc/aarch64-linux-gnu/11/../../../../include/c++/11/bits/stl_vector.h:680:2 @[ ros2_caret_ws/install/include/rclcpp/rclcpp/experimental/buffers/ring_buffer_implementation.hpp:56:40 @[ ros2_caret_ws/install/include/rclcpp/rclcpp/experimental/buffers/ring_buffer_implementation.hpp:56:39 ] ] ] ] ]. Skipping.
Found a loop without a preheader at /usr/lib/gcc/aarch64-linux-gnu/11/../../../../include/c++/11/bits/stl_construct.h:162:4. Skipping.
Found a loop without a preheader at /usr/lib/gcc/aarch64-linux-gnu/11/../../../../include/c++/11/bits/stl_construct.h:162:4 @[ /usr/lib/gcc/aarch64-linux-gnu/11/../../../../include/c++/11/bits/stl_construct.h:195:7 @[ /usr/lib/gcc/aarch64-linux-gnu/11/../../../../include/c++/11/bits/alloc_traits.h:848:7 @[ /usr/lib/gcc/aarch64-linux-gnu/11/../../../../include/c++/11/bits/stl_vector.h:680:2 @[ install/autoware_perception_msgs/include/autoware_perception_msgs/autoware_perception_msgs/msg/detail/predicted_object_kinematics__struct.hpp:43:8 ] ] ] ]. Skipping.
Found a loop without a preheader at /usr/lib/gcc/aarch64-linux-gnu/11/../../../../include/c++/11/bits/stl_construct.h:162:4 @[ /usr/lib/gcc/aarch64-linux-gnu/11/../../../../include/c++/11/bits/stl_construct.h:195:7 ]. Skipping.
Found a loop without a preheader at /usr/lib/gcc/aarch64-linux-gnu/11/../../../../include/c++/11/bits/stl_uninitialized.h:91:8 @[ /usr/lib/gcc/aarch64-linux-gnu/11/../../../../include/c++/11/bits/stl_uninitialized.h:148:14 @[ /usr/lib/gcc/aarch64-linux-gnu/11/../../../../include/c++/11/bits/stl_uninitialized.h:333:14 @[ /usr/lib/gcc/aarch64-linux-gnu/11/../../../../include/c++/11/bits/stl_vector.h:558:4 ] ] ]. Skipping.
Found a loop without a preheader at /usr/lib/gcc/aarch64-linux-gnu/11/../../../../include/c++/11/bits/stl_uninitialized.h:91:8 @[ /usr/lib/gcc/aarch64-linux-gnu/11/../../../../include/c++/11/bits/stl_uninitialized.h:148:14 @[ /usr/lib/gcc/aarch64-linux-gnu/11/../../../../include/c++/11/bits/stl_uninitialized.h:333:14 @[ /usr/lib/gcc/aarch64-linux-gnu/11/../../../../include/c++/11/bits/stl_vector.h:558:4 @[ /opt/ros/humble/include/geometry_msgs/geometry_msgs/msg/detail/polygon__struct.hpp:37:8 @[ install/autoware_perception_msgs/include/autoware_perception_msgs/autoware_perception_msgs/msg/detail/shape__struct.hpp:39:8 @[ install/autoware_perception_msgs/include/autoware_perception_msgs/autoware_perception_msgs/msg/detail/predicted_object__struct.hpp:43:8 ] ] ] ] ] ]. Skipping.
Found a loop without a preheader at /usr/lib/gcc/aarch64-linux-gnu/11/../../../../include/c++/11/bits/stl_uninitialized.h:91:8. Skipping.
Found a loop without a preheader at /usr/lib/gcc/aarch64-linux-gnu/11/../../../../include/c++/11/bits/stl_construct.h:162:4. Skipping.
Found a loop without a preheader at /usr/lib/gcc/aarch64-linux-gnu/11/../../../../include/c++/11/bits/stl_construct.h:162:4 @[ /usr/lib/gcc/aarch64-linux-gnu/11/../../../../include/c++/11/bits/stl_construct.h:195:7 @[ /usr/lib/gcc/aarch64-linux-gnu/11/../../../../include/c++/11/bits/alloc_traits.h:848:7 @[ /usr/lib/gcc/aarch64-linux-gnu/11/../../../../include/c++/11/bits/stl_vector.h:680:2 ] ] ]. Skipping.
Found a loop without a preheader at /usr/lib/gcc/aarch64-linux-gnu/11/../../../../include/c++/11/bits/stl_construct.h:162:4 @[ /usr/lib/gcc/aarch64-linux-gnu/11/../../../../include/c++/11/bits/stl_construct.h:195:7 @[ /usr/lib/gcc/aarch64-linux-gnu/11/../../../../include/c++/11/bits/alloc_traits.h:848:7 @[ /usr/lib/gcc/aarch64-linux-gnu/11/../../../../include/c++/11/bits/stl_vector.h:680:2 @[ ros2_caret_ws/install/include/rclcpp/rclcpp/topic_statistics/subscription_topic_statistics.hpp:98:3 ] ] ] ]. Skipping.
Found a loop without a preheader at ros2_caret_ws/install/include/rclcpp/rclcpp/topic_statistics/subscription_topic_statistics.hpp:112:5. Skipping.
Found a loop without an exit block at ros2_caret_ws/install/include/rclcpp/rclcpp/topic_statistics/subscription_topic_statistics.hpp:152:5. Skipping.
Found a loop without an exit block at ros2_caret_ws/install/include/rclcpp/rclcpp/topic_statistics/subscription_topic_statistics.hpp:137:7. Skipping.
Found a loop without a preheader at /usr/lib/gcc/aarch64-linux-gnu/11/../../../../include/c++/11/bits/stl_construct.h:162:4 @[ /usr/lib/gcc/aarch64-linux-gnu/11/../../../../include/c++/11/bits/stl_construct.h:195:7 @[ /usr/lib/gcc/aarch64-linux-gnu/11/../../../../include/c++/11/bits/alloc_traits.h:848:7 @[ /usr/lib/gcc/aarch64-linux-gnu/11/../../../../include/c++/11/bits/stl_vector.h:1796:6 @[ /usr/lib/gcc/aarch64-linux-gnu/11/../../../../include/c++/11/bits/stl_vector.h:1499:9 @[ ros2_caret_ws/install/include/rclcpp/rclcpp/topic_statistics/subscription_topic_statistics.hpp:208:41 ] ] ] ] ]. Skipping.
Found a loop without a preheader at ros2_caret_ws/install/include/rclcpp/rclcpp/topic_statistics/subscription_topic_statistics.hpp:204:7. Skipping.
Found a loop without an exit block at /usr/lib/gcc/aarch64-linux-gnu/11/../../../../include/c++/11/bits/shared_ptr_base.h:259:7 @[ /usr/lib/gcc/aarch64-linux-gnu/11/../../../../include/c++/11/bits/shared_ptr_base.h:883:28 @[ /usr/lib/gcc/aarch64-linux-gnu/11/../../../../include/c++/11/bits/shared_ptr_base.h:1353:9 @[ /usr/lib/gcc/aarch64-linux-gnu/11/../../../../include/c++/11/bits/shared_ptr.h:418:9 @[ /usr/lib/gcc/aarch64-linux-gnu/11/../../../../include/c++/11/bits/shared_ptr.h:750:16 @[ ros2_caret_ws/install/include/rclcpp/rclcpp/create_subscription.hpp:102:71 @[ ros2_caret_ws/install/include/rclcpp/rclcpp/timer.hpp:244:5 ] ] ] ] ] ]. Skipping.
Found a loop without a preheader at /usr/lib/gcc/aarch64-linux-gnu/11/../../../../include/c++/11/bits/hashtable.h:1837:7 @[ /usr/lib/gcc/aarch64-linux-gnu/11/../../../../include/c++/11/bits/hashtable.h:810:31 @[ /usr/lib/gcc/aarch64-linux-gnu/11/../../../../include/c++/11/bits/hashtable.h:1970:23 ] ]. Skipping.
Found a loop without a preheader at /usr/lib/gcc/aarch64-linux-gnu/11/../../../../include/c++/11/bits/hashtable.h:1837:7 @[ /usr/lib/gcc/aarch64-linux-gnu/11/../../../../include/c++/11/bits/hashtable.h:810:31 @[ /usr/lib/gcc/aarch64-linux-gnu/11/../../../../include/c++/11/bits/hashtable.h:1970:23 ] ]. Skipping.
Found a loop without a preheader at /usr/lib/gcc/aarch64-linux-gnu/11/../../../../include/c++/11/bits/stl_construct.h:162:4 @[ /usr/lib/gcc/aarch64-linux-gnu/11/../../../../include/c++/11/bits/stl_construct.h:195:7 @[ /usr/lib/gcc/aarch64-linux-gnu/11/../../../../include/c++/11/bits/alloc_traits.h:848:7 @[ /usr/lib/gcc/aarch64-linux-gnu/11/../../../../include/c++/11/bits/stl_vector.h:680:2 ] ] ]. Skipping.
Found a loop without a preheader at /usr/lib/gcc/aarch64-linux-gnu/11/../../../../include/c++/11/bits/stl_construct.h:162:4 @[ /usr/lib/gcc/aarch64-linux-gnu/11/../../../../include/c++/11/bits/stl_construct.h:195:7 @[ /usr/lib/gcc/aarch64-linux-gnu/11/../../../../include/c++/11/bits/alloc_traits.h:848:7 @[ /usr/lib/gcc/aarch64-linux-gnu/11/../../../../include/c++/11/bits/stl_vector.h:680:2 @[ ros2_caret_ws/install/include/rclcpp/rclcpp/experimental/buffers/ring_buffer_implementation.hpp:56:40 ] ] ] ]. Skipping.
Found a loop without a preheader at /usr/lib/gcc/aarch64-linux-gnu/11/../../../../include/c++/11/bits/stl_construct.h:162:4 @[ /usr/lib/gcc/aarch64-linux-gnu/11/../../../../include/c++/11/bits/stl_construct.h:195:7 @[ /usr/lib/gcc/aarch64-linux-gnu/11/../../../../include/c++/11/bits/alloc_traits.h:848:7 @[ /usr/lib/gcc/aarch64-linux-gnu/11/../../../../include/c++/11/bits/stl_vector.h:680:2 @[ ros2_caret_ws/install/include/rclcpp/rclcpp/experimental/buffers/ring_buffer_implementation.hpp:56:40 @[ ros2_caret_ws/install/include/rclcpp/rclcpp/experimental/buffers/ring_buffer_implementation.hpp:56:39 ] ] ] ] ]. Skipping.
Found a loop without a preheader at /usr/lib/gcc/aarch64-linux-gnu/11/../../../../include/c++/11/bits/stl_construct.h:162:4 @[ /usr/lib/gcc/aarch64-linux-gnu/11/../../../../include/c++/11/bits/stl_construct.h:195:7 @[ /usr/lib/gcc/aarch64-linux-gnu/11/../../../../include/c++/11/bits/alloc_traits.h:848:7 @[ /usr/lib/gcc/aarch64-linux-gnu/11/../../../../include/c++/11/bits/stl_vector.h:680:2 @[ /opt/ros/humble/include/sensor_msgs/sensor_msgs/msg/detail/point_cloud2__struct.hpp:39:8 @[ /usr/lib/gcc/aarch64-linux-gnu/11/../../../../include/c++/11/bits/unique_ptr.h:85:2 ] ] ] ] ]. Skipping.
Found a loop without a preheader at /usr/lib/gcc/aarch64-linux-gnu/11/../../../../include/c++/11/bits/stl_construct.h:162:4 @[ /usr/lib/gcc/aarch64-linux-gnu/11/../../../../include/c++/11/bits/stl_construct.h:195:7 @[ /usr/lib/gcc/aarch64-linux-gnu/11/../../../../include/c++/11/bits/alloc_traits.h:848:7 @[ /usr/lib/gcc/aarch64-linux-gnu/11/../../../../include/c++/11/bits/stl_vector.h:680:2 @[ /opt/ros/humble/include/sensor_msgs/sensor_msgs/msg/detail/point_cloud2__struct.hpp:39:8 ] ] ] ]. Skipping.
Found a loop without a preheader at /usr/lib/gcc/aarch64-linux-gnu/11/../../../../include/c++/11/bits/stl_construct.h:162:4 @[ /usr/lib/gcc/aarch64-linux-gnu/11/../../../../include/c++/11/bits/stl_construct.h:195:7 @[ /usr/lib/gcc/aarch64-linux-gnu/11/../../../../include/c++/11/bits/alloc_traits.h:848:7 @[ /usr/lib/gcc/aarch64-linux-gnu/11/../../../../include/c++/11/bits/stl_vector.h:680:2 ] ] ]. Skipping.
Found a loop without a preheader at /usr/lib/gcc/aarch64-linux-gnu/11/../../../../include/c++/11/bits/stl_construct.h:162:4 @[ /usr/lib/gcc/aarch64-linux-gnu/11/../../../../include/c++/11/bits/stl_construct.h:195:7 ]. Skipping.
Found a loop without a preheader at /usr/lib/gcc/aarch64-linux-gnu/11/../../../../include/c++/11/bits/stl_uninitialized.h:91:8. Skipping.
Found a loop without a preheader at /usr/lib/gcc/aarch64-linux-gnu/11/../../../../include/c++/11/bits/stl_construct.h:162:4 @[ /usr/lib/gcc/aarch64-linux-gnu/11/../../../../include/c++/11/bits/stl_construct.h:195:7 @[ /usr/lib/gcc/aarch64-linux-gnu/11/../../../../include/c++/11/bits/alloc_traits.h:848:7 @[ /usr/lib/gcc/aarch64-linux-gnu/11/../../../../include/c++/11/bits/stl_vector.h:680:2 ] ] ]. Skipping.
Found a loop without a preheader at /usr/lib/gcc/aarch64-linux-gnu/11/../../../../include/c++/11/bits/stl_construct.h:162:4 @[ /usr/lib/gcc/aarch64-linux-gnu/11/../../../../include/c++/11/bits/stl_construct.h:195:7 @[ /usr/lib/gcc/aarch64-linux-gnu/11/../../../../include/c++/11/bits/alloc_traits.h:848:7 @[ /usr/lib/gcc/aarch64-linux-gnu/11/../../../../include/c++/11/bits/stl_vector.h:680:2 @[ ros2_caret_ws/install/include/rclcpp/rclcpp/experimental/buffers/ring_buffer_implementation.hpp:56:40 ] ] ] ]. Skipping.
Found a loop without a preheader at /usr/lib/gcc/aarch64-linux-gnu/11/../../../../include/c++/11/bits/stl_construct.h:162:4 @[ /usr/lib/gcc/aarch64-linux-gnu/11/../../../../include/c++/11/bits/stl_construct.h:195:7 @[ /usr/lib/gcc/aarch64-linux-gnu/11/../../../../include/c++/11/bits/alloc_traits.h:848:7 @[ /usr/lib/gcc/aarch64-linux-gnu/11/../../../../include/c++/11/bits/stl_vector.h:680:2 @[ ros2_caret_ws/install/include/rclcpp/rclcpp/experimental/buffers/ring_buffer_implementation.hpp:56:40 @[ ros2_caret_ws/install/include/rclcpp/rclcpp/experimental/buffers/ring_buffer_implementation.hpp:56:39 ] ] ] ] ]. Skipping.
Found a loop without a preheader at /usr/lib/gcc/aarch64-linux-gnu/11/../../../../include/c++/11/bits/stl_construct.h:162:4 @[ /usr/lib/gcc/aarch64-linux-gnu/11/../../../../include/c++/11/bits/stl_construct.h:195:7 @[ /usr/lib/gcc/aarch64-linux-gnu/11/../../../../include/c++/11/bits/alloc_traits.h:848:7 @[ /usr/lib/gcc/aarch64-linux-gnu/11/../../../../include/c++/11/bits/stl_vector.h:680:2 @[ /opt/ros/humble/include/sensor_msgs/sensor_msgs/msg/detail/point_cloud2__struct.hpp:39:8 @[ /usr/lib/gcc/aarch64-linux-gnu/11/../../../../include/c++/11/ext/new_allocator.h:168:10 ] ] ] ] ]. Skipping.
Found a loop without a preheader at /usr/lib/gcc/aarch64-linux-gnu/11/../../../../include/c++/11/bits/stl_construct.h:162:4 @[ /usr/lib/gcc/aarch64-linux-gnu/11/../../../../include/c++/11/bits/stl_construct.h:195:7 @[ /usr/lib/gcc/aarch64-linux-gnu/11/../../../../include/c++/11/bits/alloc_traits.h:848:7 @[ /usr/lib/gcc/aarch64-linux-gnu/11/../../../../include/c++/11/bits/stl_vector.h:680:2 ] ] ]. Skipping.
Found a loop without a preheader at /usr/lib/gcc/aarch64-linux-gnu/11/../../../../include/c++/11/bits/stl_construct.h:162:4 @[ /usr/lib/gcc/aarch64-linux-gnu/11/../../../../include/c++/11/bits/stl_construct.h:195:7 @[ /usr/lib/gcc/aarch64-linux-gnu/11/../../../../include/c++/11/bits/alloc_traits.h:848:7 @[ /usr/lib/gcc/aarch64-linux-gnu/11/../../../../include/c++/11/bits/stl_vector.h:680:2 @[ ros2_caret_ws/install/include/rclcpp/rclcpp/topic_statistics/subscription_topic_statistics.hpp:98:3 ] ] ] ]. Skipping.
Found a loop without a preheader at ros2_caret_ws/install/include/rclcpp/rclcpp/topic_statistics/subscription_topic_statistics.hpp:112:5. Skipping.
Found a loop without an exit block at ros2_caret_ws/install/include/rclcpp/rclcpp/topic_statistics/subscription_topic_statistics.hpp:152:5. Skipping.
Found a loop without an exit block at ros2_caret_ws/install/include/rclcpp/rclcpp/topic_statistics/subscription_topic_statistics.hpp:137:7. Skipping.
Found a loop without a preheader at /usr/lib/gcc/aarch64-linux-gnu/11/../../../../include/c++/11/bits/stl_construct.h:162:4 @[ /usr/lib/gcc/aarch64-linux-gnu/11/../../../../include/c++/11/bits/stl_construct.h:195:7 @[ /usr/lib/gcc/aarch64-linux-gnu/11/../../../../include/c++/11/bits/alloc_traits.h:848:7 @[ /usr/lib/gcc/aarch64-linux-gnu/11/../../../../include/c++/11/bits/stl_vector.h:1796:6 @[ /usr/lib/gcc/aarch64-linux-gnu/11/../../../../include/c++/11/bits/stl_vector.h:1499:9 @[ ros2_caret_ws/install/include/rclcpp/rclcpp/topic_statistics/subscription_topic_statistics.hpp:208:41 ] ] ] ] ]. Skipping.
Found a loop without a preheader at ros2_caret_ws/install/include/rclcpp/rclcpp/topic_statistics/subscription_topic_statistics.hpp:204:7. Skipping.
Found a loop without an exit block at /usr/lib/gcc/aarch64-linux-gnu/11/../../../../include/c++/11/bits/shared_ptr_base.h:259:7 @[ /usr/lib/gcc/aarch64-linux-gnu/11/../../../../include/c++/11/bits/shared_ptr_base.h:883:28 @[ /usr/lib/gcc/aarch64-linux-gnu/11/../../../../include/c++/11/bits/shared_ptr_base.h:1353:9 @[ /usr/lib/gcc/aarch64-linux-gnu/11/../../../../include/c++/11/bits/shared_ptr.h:418:9 @[ /usr/lib/gcc/aarch64-linux-gnu/11/../../../../include/c++/11/bits/shared_ptr.h:750:16 @[ ros2_caret_ws/install/include/rclcpp/rclcpp/create_subscription.hpp:102:71 @[ ros2_caret_ws/install/include/rclcpp/rclcpp/timer.hpp:244:5 ] ] ] ] ] ]. Skipping.
Found a loop without a preheader at /usr/lib/gcc/aarch64-linux-gnu/11/../../../../include/c++/11/bits/hashtable.h:1837:7 @[ /usr/lib/gcc/aarch64-linux-gnu/11/../../../../include/c++/11/bits/hashtable.h:810:31 @[ /usr/lib/gcc/aarch64-linux-gnu/11/../../../../include/c++/11/bits/hashtable.h:1970:23 ] ]. Skipping.
Found a loop without a preheader at /usr/lib/gcc/aarch64-linux-gnu/11/../../../../include/c++/11/bits/hashtable.h:1837:7 @[ /usr/lib/gcc/aarch64-linux-gnu/11/../../../../include/c++/11/bits/hashtable.h:810:31 @[ /usr/lib/gcc/aarch64-linux-gnu/11/../../../../include/c++/11/bits/hashtable.h:1970:23 ] ]. Skipping.
Found a loop without a preheader at /usr/lib/gcc/aarch64-linux-gnu/11/../../../../include/c++/11/bits/stl_construct.h:162:4 @[ /usr/lib/gcc/aarch64-linux-gnu/11/../../../../include/c++/11/bits/stl_construct.h:195:7 @[ /usr/lib/gcc/aarch64-linux-gnu/11/../../../../include/c++/11/bits/alloc_traits.h:848:7 @[ /usr/lib/gcc/aarch64-linux-gnu/11/../../../../include/c++/11/bits/stl_vector.h:680:2 ] ] ]. Skipping.
Found a loop without a preheader at /usr/lib/gcc/aarch64-linux-gnu/11/../../../../include/c++/11/bits/stl_construct.h:162:4 @[ /usr/lib/gcc/aarch64-linux-gnu/11/../../../../include/c++/11/bits/stl_construct.h:195:7 @[ /usr/lib/gcc/aarch64-linux-gnu/11/../../../../include/c++/11/bits/alloc_traits.h:848:7 @[ /usr/lib/gcc/aarch64-linux-gnu/11/../../../../include/c++/11/bits/stl_vector.h:680:2 @[ ros2_caret_ws/install/include/rclcpp/rclcpp/experimental/buffers/ring_buffer_implementation.hpp:56:40 ] ] ] ]. Skipping.
Found a loop without a preheader at /usr/lib/gcc/aarch64-linux-gnu/11/../../../../include/c++/11/bits/stl_construct.h:162:4 @[ /usr/lib/gcc/aarch64-linux-gnu/11/../../../../include/c++/11/bits/stl_construct.h:195:7 @[ /usr/lib/gcc/aarch64-linux-gnu/11/../../../../include/c++/11/bits/alloc_traits.h:848:7 @[ /usr/lib/gcc/aarch64-linux-gnu/11/../../../../include/c++/11/bits/stl_vector.h:680:2 @[ ros2_caret_ws/install/include/rclcpp/rclcpp/experimental/buffers/ring_buffer_implementation.hpp:56:40 @[ ros2_caret_ws/install/include/rclcpp/rclcpp/experimental/buffers/ring_buffer_implementation.hpp:56:39 ] ] ] ] ]. Skipping.
Found a loop without a preheader at /usr/lib/gcc/aarch64-linux-gnu/11/../../../../include/c++/11/bits/stl_construct.h:162:4 @[ /usr/lib/gcc/aarch64-linux-gnu/11/../../../../include/c++/11/bits/stl_construct.h:195:7 @[ /usr/lib/gcc/aarch64-linux-gnu/11/../../../../include/c++/11/bits/alloc_traits.h:848:7 @[ /usr/lib/gcc/aarch64-linux-gnu/11/../../../../include/c++/11/bits/stl_vector.h:680:2 ] ] ]. Skipping.
Found a loop without a preheader at /usr/lib/gcc/aarch64-linux-gnu/11/../../../../include/c++/11/bits/stl_construct.h:162:4 @[ /usr/lib/gcc/aarch64-linux-gnu/11/../../../../include/c++/11/bits/stl_construct.h:195:7 @[ /usr/lib/gcc/aarch64-linux-gnu/11/../../../../include/c++/11/bits/alloc_traits.h:848:7 @[ /usr/lib/gcc/aarch64-linux-gnu/11/../../../../include/c++/11/bits/stl_vector.h:680:2 ] ] ]. Skipping.
Found a loop without a preheader at /usr/lib/gcc/aarch64-linux-gnu/11/../../../../include/c++/11/bits/stl_construct.h:162:4 @[ /usr/lib/gcc/aarch64-linux-gnu/11/../../../../include/c++/11/bits/stl_construct.h:195:7 @[ /usr/lib/gcc/aarch64-linux-gnu/11/../../../../include/c++/11/bits/alloc_traits.h:848:7 @[ /usr/lib/gcc/aarch64-linux-gnu/11/../../../../include/c++/11/bits/stl_vector.h:680:2 @[ ros2_caret_ws/install/include/rclcpp/rclcpp/topic_statistics/subscription_topic_statistics.hpp:98:3 ] ] ] ]. Skipping.
Found a loop without a preheader at ros2_caret_ws/install/include/rclcpp/rclcpp/topic_statistics/subscription_topic_statistics.hpp:112:5. Skipping.
Found a loop without an exit block at ros2_caret_ws/install/include/rclcpp/rclcpp/topic_statistics/subscription_topic_statistics.hpp:152:5. Skipping.
Found a loop without an exit block at ros2_caret_ws/install/include/rclcpp/rclcpp/topic_statistics/subscription_topic_statistics.hpp:137:7. Skipping.
Found a loop without a preheader at /usr/lib/gcc/aarch64-linux-gnu/11/../../../../include/c++/11/bits/stl_construct.h:162:4 @[ /usr/lib/gcc/aarch64-linux-gnu/11/../../../../include/c++/11/bits/stl_construct.h:195:7 @[ /usr/lib/gcc/aarch64-linux-gnu/11/../../../../include/c++/11/bits/alloc_traits.h:848:7 @[ /usr/lib/gcc/aarch64-linux-gnu/11/../../../../include/c++/11/bits/stl_vector.h:1796:6 @[ /usr/lib/gcc/aarch64-linux-gnu/11/../../../../include/c++/11/bits/stl_vector.h:1499:9 @[ ros2_caret_ws/install/include/rclcpp/rclcpp/topic_statistics/subscription_topic_statistics.hpp:208:41 ] ] ] ] ]. Skipping.
Found a loop without a preheader at ros2_caret_ws/install/include/rclcpp/rclcpp/topic_statistics/subscription_topic_statistics.hpp:204:7. Skipping.
Found a loop without an exit block at /usr/lib/gcc/aarch64-linux-gnu/11/../../../../include/c++/11/bits/shared_ptr_base.h:259:7 @[ /usr/lib/gcc/aarch64-linux-gnu/11/../../../../include/c++/11/bits/shared_ptr_base.h:883:28 @[ /usr/lib/gcc/aarch64-linux-gnu/11/../../../../include/c++/11/bits/shared_ptr_base.h:1353:9 @[ /usr/lib/gcc/aarch64-linux-gnu/11/../../../../include/c++/11/bits/shared_ptr.h:418:9 @[ /usr/lib/gcc/aarch64-linux-gnu/11/../../../../include/c++/11/bits/shared_ptr.h:750:16 @[ ros2_caret_ws/install/include/rclcpp/rclcpp/create_subscription.hpp:102:71 @[ ros2_caret_ws/install/include/rclcpp/rclcpp/timer.hpp:244:5 ] ] ] ] ] ]. Skipping.
Found a loop without a preheader at /usr/lib/gcc/aarch64-linux-gnu/11/../../../../include/c++/11/bits/hashtable.h:1837:7 @[ /usr/lib/gcc/aarch64-linux-gnu/11/../../../../include/c++/11/bits/hashtable.h:810:31 @[ /usr/lib/gcc/aarch64-linux-gnu/11/../../../../include/c++/11/bits/hashtable.h:1970:23 ] ]. Skipping.
Found a loop without a preheader at /usr/lib/gcc/aarch64-linux-gnu/11/../../../../include/c++/11/bits/hashtable.h:1837:7 @[ /usr/lib/gcc/aarch64-linux-gnu/11/../../../../include/c++/11/bits/hashtable.h:810:31 @[ /usr/lib/gcc/aarch64-linux-gnu/11/../../../../include/c++/11/bits/hashtable.h:1970:23 ] ]. Skipping.
Found a loop without a preheader at /usr/lib/gcc/aarch64-linux-gnu/11/../../../../include/c++/11/bits/stl_construct.h:162:4 @[ /usr/lib/gcc/aarch64-linux-gnu/11/../../../../include/c++/11/bits/stl_construct.h:195:7 @[ /usr/lib/gcc/aarch64-linux-gnu/11/../../../../include/c++/11/bits/alloc_traits.h:848:7 @[ /usr/lib/gcc/aarch64-linux-gnu/11/../../../../include/c++/11/bits/stl_vector.h:680:2 ] ] ]. Skipping.
Found a loop without a preheader at /usr/lib/gcc/aarch64-linux-gnu/11/../../../../include/c++/11/bits/stl_construct.h:162:4 @[ /usr/lib/gcc/aarch64-linux-gnu/11/../../../../include/c++/11/bits/stl_construct.h:195:7 @[ /usr/lib/gcc/aarch64-linux-gnu/11/../../../../include/c++/11/bits/alloc_traits.h:848:7 @[ /usr/lib/gcc/aarch64-linux-gnu/11/../../../../include/c++/11/bits/stl_vector.h:680:2 @[ ros2_caret_ws/install/include/rclcpp/rclcpp/experimental/buffers/ring_buffer_implementation.hpp:56:40 ] ] ] ]. Skipping.
Found a loop without a preheader at /usr/lib/gcc/aarch64-linux-gnu/11/../../../../include/c++/11/bits/stl_construct.h:162:4 @[ /usr/lib/gcc/aarch64-linux-gnu/11/../../../../include/c++/11/bits/stl_construct.h:195:7 @[ /usr/lib/gcc/aarch64-linux-gnu/11/../../../../include/c++/11/bits/alloc_traits.h:848:7 @[ /usr/lib/gcc/aarch64-linux-gnu/11/../../../../include/c++/11/bits/stl_vector.h:680:2 @[ ros2_caret_ws/install/include/rclcpp/rclcpp/experimental/buffers/ring_buffer_implementation.hpp:56:40 @[ ros2_caret_ws/install/include/rclcpp/rclcpp/experimental/buffers/ring_buffer_implementation.hpp:56:39 ] ] ] ] ]. Skipping.
Found a loop without a preheader at /usr/lib/gcc/aarch64-linux-gnu/11/../../../../include/c++/11/bits/stl_construct.h:162:4 @[ /usr/lib/gcc/aarch64-linux-gnu/11/../../../../include/c++/11/bits/stl_construct.h:195:7 @[ /usr/lib/gcc/aarch64-linux-gnu/11/../../../../include/c++/11/bits/alloc_traits.h:848:7 @[ /usr/lib/gcc/aarch64-linux-gnu/11/../../../../include/c++/11/bits/stl_vector.h:680:2 ] ] ]. Skipping.
Found a loop without a preheader at /usr/lib/gcc/aarch64-linux-gnu/11/../../../../include/c++/11/bits/stl_construct.h:162:4 @[ /usr/lib/gcc/aarch64-linux-gnu/11/../../../../include/c++/11/bits/stl_construct.h:195:7 @[ /usr/lib/gcc/aarch64-linux-gnu/11/../../../../include/c++/11/bits/alloc_traits.h:848:7 @[ /usr/lib/gcc/aarch64-linux-gnu/11/../../../../include/c++/11/bits/stl_vector.h:680:2 @[ ros2_caret_ws/install/include/rclcpp/rclcpp/experimental/buffers/ring_buffer_implementation.hpp:56:40 ] ] ] ]. Skipping.
Found a loop without a preheader at /usr/lib/gcc/aarch64-linux-gnu/11/../../../../include/c++/11/bits/stl_construct.h:162:4 @[ /usr/lib/gcc/aarch64-linux-gnu/11/../../../../include/c++/11/bits/stl_construct.h:195:7 @[ /usr/lib/gcc/aarch64-linux-gnu/11/../../../../include/c++/11/bits/alloc_traits.h:848:7 @[ /usr/lib/gcc/aarch64-linux-gnu/11/../../../../include/c++/11/bits/stl_vector.h:680:2 @[ ros2_caret_ws/install/include/rclcpp/rclcpp/experimental/buffers/ring_buffer_implementation.hpp:56:40 @[ ros2_caret_ws/install/include/rclcpp/rclcpp/experimental/buffers/ring_buffer_implementation.hpp:56:39 ] ] ] ] ]. Skipping.
Found a loop without a preheader at /usr/lib/gcc/aarch64-linux-gnu/11/../../../../include/c++/11/bits/stl_construct.h:162:4 @[ /usr/lib/gcc/aarch64-linux-gnu/11/../../../../include/c++/11/bits/stl_construct.h:195:7 @[ /usr/lib/gcc/aarch64-linux-gnu/11/../../../../include/c++/11/bits/alloc_traits.h:848:7 @[ /usr/lib/gcc/aarch64-linux-gnu/11/../../../../include/c++/11/bits/stl_vector.h:680:2 ] ] ]. Skipping.
Found a loop without a preheader at /usr/lib/gcc/aarch64-linux-gnu/11/../../../../include/c++/11/bits/stl_construct.h:162:4 @[ /usr/lib/gcc/aarch64-linux-gnu/11/../../../../include/c++/11/bits/stl_construct.h:195:7 @[ /usr/lib/gcc/aarch64-linux-gnu/11/../../../../include/c++/11/bits/alloc_traits.h:848:7 @[ /usr/lib/gcc/aarch64-linux-gnu/11/../../../../include/c++/11/bits/stl_vector.h:680:2 @[ ros2_caret_ws/install/include/rclcpp/rclcpp/topic_statistics/subscription_topic_statistics.hpp:98:3 ] ] ] ]. Skipping.
Found a loop without a preheader at ros2_caret_ws/install/include/rclcpp/rclcpp/topic_statistics/subscription_topic_statistics.hpp:112:5. Skipping.
Found a loop without an exit block at ros2_caret_ws/install/include/rclcpp/rclcpp/topic_statistics/subscription_topic_statistics.hpp:152:5. Skipping.
Found a loop without an exit block at ros2_caret_ws/install/include/rclcpp/rclcpp/topic_statistics/subscription_topic_statistics.hpp:137:7. Skipping.
Found a loop without a preheader at /usr/lib/gcc/aarch64-linux-gnu/11/../../../../include/c++/11/bits/stl_construct.h:162:4 @[ /usr/lib/gcc/aarch64-linux-gnu/11/../../../../include/c++/11/bits/stl_construct.h:195:7 @[ /usr/lib/gcc/aarch64-linux-gnu/11/../../../../include/c++/11/bits/alloc_traits.h:848:7 @[ /usr/lib/gcc/aarch64-linux-gnu/11/../../../../include/c++/11/bits/stl_vector.h:1796:6 @[ /usr/lib/gcc/aarch64-linux-gnu/11/../../../../include/c++/11/bits/stl_vector.h:1499:9 @[ ros2_caret_ws/install/include/rclcpp/rclcpp/topic_statistics/subscription_topic_statistics.hpp:208:41 ] ] ] ] ]. Skipping.
Found a loop without a preheader at ros2_caret_ws/install/include/rclcpp/rclcpp/topic_statistics/subscription_topic_statistics.hpp:204:7. Skipping.
Found a loop without an exit block at /usr/lib/gcc/aarch64-linux-gnu/11/../../../../include/c++/11/bits/shared_ptr_base.h:259:7 @[ /usr/lib/gcc/aarch64-linux-gnu/11/../../../../include/c++/11/bits/shared_ptr_base.h:883:28 @[ /usr/lib/gcc/aarch64-linux-gnu/11/../../../../include/c++/11/bits/shared_ptr_base.h:1353:9 @[ /usr/lib/gcc/aarch64-linux-gnu/11/../../../../include/c++/11/bits/shared_ptr.h:418:9 @[ /usr/lib/gcc/aarch64-linux-gnu/11/../../../../include/c++/11/bits/shared_ptr.h:750:16 @[ ros2_caret_ws/install/include/rclcpp/rclcpp/create_subscription.hpp:102:71 @[ ros2_caret_ws/install/include/rclcpp/rclcpp/timer.hpp:244:5 ] ] ] ] ] ]. Skipping.
Found a loop without a preheader at /usr/lib/gcc/aarch64-linux-gnu/11/../../../../include/c++/11/bits/hashtable.h:1837:7 @[ /usr/lib/gcc/aarch64-linux-gnu/11/../../../../include/c++/11/bits/hashtable.h:810:31 @[ /usr/lib/gcc/aarch64-linux-gnu/11/../../../../include/c++/11/bits/hashtable.h:1970:23 ] ]. Skipping.
Found a loop without a preheader at /usr/lib/gcc/aarch64-linux-gnu/11/../../../../include/c++/11/bits/hashtable.h:1837:7 @[ /usr/lib/gcc/aarch64-linux-gnu/11/../../../../include/c++/11/bits/hashtable.h:810:31 @[ /usr/lib/gcc/aarch64-linux-gnu/11/../../../../include/c++/11/bits/hashtable.h:1970:23 ] ]. Skipping.
Found a loop without a preheader at /usr/lib/gcc/aarch64-linux-gnu/11/../../../../include/c++/11/bits/stl_construct.h:162:4 @[ /usr/lib/gcc/aarch64-linux-gnu/11/../../../../include/c++/11/bits/stl_construct.h:195:7 @[ /usr/lib/gcc/aarch64-linux-gnu/11/../../../../include/c++/11/bits/alloc_traits.h:848:7 @[ /usr/lib/gcc/aarch64-linux-gnu/11/../../../../include/c++/11/bits/stl_vector.h:680:2 ] ] ]. Skipping.
Found a loop without a preheader at /usr/lib/gcc/aarch64-linux-gnu/11/../../../../include/c++/11/bits/stl_construct.h:162:4 @[ /usr/lib/gcc/aarch64-linux-gnu/11/../../../../include/c++/11/bits/stl_construct.h:195:7 @[ /usr/lib/gcc/aarch64-linux-gnu/11/../../../../include/c++/11/bits/alloc_traits.h:848:7 @[ /usr/lib/gcc/aarch64-linux-gnu/11/../../../../include/c++/11/bits/stl_vector.h:680:2 @[ ros2_caret_ws/install/include/rclcpp/rclcpp/experimental/buffers/ring_buffer_implementation.hpp:56:40 ] ] ] ]. Skipping.
Found a loop without a preheader at /usr/lib/gcc/aarch64-linux-gnu/11/../../../../include/c++/11/bits/stl_construct.h:162:4 @[ /usr/lib/gcc/aarch64-linux-gnu/11/../../../../include/c++/11/bits/stl_construct.h:195:7 @[ /usr/lib/gcc/aarch64-linux-gnu/11/../../../../include/c++/11/bits/alloc_traits.h:848:7 @[ /usr/lib/gcc/aarch64-linux-gnu/11/../../../../include/c++/11/bits/stl_vector.h:680:2 @[ ros2_caret_ws/install/include/rclcpp/rclcpp/experimental/buffers/ring_buffer_implementation.hpp:56:40 @[ ros2_caret_ws/install/include/rclcpp/rclcpp/experimental/buffers/ring_buffer_implementation.hpp:56:39 ] ] ] ] ]. Skipping.
Found a loop without a preheader at /usr/lib/gcc/aarch64-linux-gnu/11/../../../../include/c++/11/bits/stl_construct.h:162:4 @[ /usr/lib/gcc/aarch64-linux-gnu/11/../../../../include/c++/11/bits/stl_construct.h:195:7 @[ /usr/lib/gcc/aarch64-linux-gnu/11/../../../../include/c++/11/bits/alloc_traits.h:848:7 @[ /usr/lib/gcc/aarch64-linux-gnu/11/../../../../include/c++/11/bits/stl_vector.h:680:2 ] ] ]. Skipping.
Found a loop without a preheader at /usr/lib/gcc/aarch64-linux-gnu/11/../../../../include/c++/11/bits/stl_construct.h:162:4 @[ /usr/lib/gcc/aarch64-linux-gnu/11/../../../../include/c++/11/bits/stl_construct.h:195:7 @[ /usr/lib/gcc/aarch64-linux-gnu/11/../../../../include/c++/11/bits/alloc_traits.h:848:7 @[ /usr/lib/gcc/aarch64-linux-gnu/11/../../../../include/c++/11/bits/stl_vector.h:680:2 ] ] ]. Skipping.
Found a loop without a preheader at /usr/lib/gcc/aarch64-linux-gnu/11/../../../../include/c++/11/bits/stl_construct.h:162:4 @[ /usr/lib/gcc/aarch64-linux-gnu/11/../../../../include/c++/11/bits/stl_construct.h:195:7 @[ /usr/lib/gcc/aarch64-linux-gnu/11/../../../../include/c++/11/bits/alloc_traits.h:848:7 @[ /usr/lib/gcc/aarch64-linux-gnu/11/../../../../include/c++/11/bits/stl_vector.h:680:2 @[ ros2_caret_ws/install/include/rclcpp/rclcpp/topic_statistics/subscription_topic_statistics.hpp:98:3 ] ] ] ]. Skipping.
Found a loop without a preheader at ros2_caret_ws/install/include/rclcpp/rclcpp/topic_statistics/subscription_topic_statistics.hpp:112:5. Skipping.
Found a loop without an exit block at ros2_caret_ws/install/include/rclcpp/rclcpp/topic_statistics/subscription_topic_statistics.hpp:152:5. Skipping.
Found a loop without an exit block at ros2_caret_ws/install/include/rclcpp/rclcpp/topic_statistics/subscription_topic_statistics.hpp:137:7. Skipping.
Found a loop without a preheader at /usr/lib/gcc/aarch64-linux-gnu/11/../../../../include/c++/11/bits/stl_construct.h:162:4 @[ /usr/lib/gcc/aarch64-linux-gnu/11/../../../../include/c++/11/bits/stl_construct.h:195:7 @[ /usr/lib/gcc/aarch64-linux-gnu/11/../../../../include/c++/11/bits/alloc_traits.h:848:7 @[ /usr/lib/gcc/aarch64-linux-gnu/11/../../../../include/c++/11/bits/stl_vector.h:1796:6 @[ /usr/lib/gcc/aarch64-linux-gnu/11/../../../../include/c++/11/bits/stl_vector.h:1499:9 @[ ros2_caret_ws/install/include/rclcpp/rclcpp/topic_statistics/subscription_topic_statistics.hpp:208:41 ] ] ] ] ]. Skipping.
Found a loop without a preheader at ros2_caret_ws/install/include/rclcpp/rclcpp/topic_statistics/subscription_topic_statistics.hpp:204:7. Skipping.
Found a loop without an exit block at /usr/lib/gcc/aarch64-linux-gnu/11/../../../../include/c++/11/bits/shared_ptr_base.h:259:7 @[ /usr/lib/gcc/aarch64-linux-gnu/11/../../../../include/c++/11/bits/shared_ptr_base.h:883:28 @[ /usr/lib/gcc/aarch64-linux-gnu/11/../../../../include/c++/11/bits/shared_ptr_base.h:1353:9 @[ /usr/lib/gcc/aarch64-linux-gnu/11/../../../../include/c++/11/bits/shared_ptr.h:418:9 @[ /usr/lib/gcc/aarch64-linux-gnu/11/../../../../include/c++/11/bits/shared_ptr.h:750:16 @[ ros2_caret_ws/install/include/rclcpp/rclcpp/create_subscription.hpp:102:71 @[ ros2_caret_ws/install/include/rclcpp/rclcpp/timer.hpp:244:5 ] ] ] ] ] ]. Skipping.
Found a loop without a preheader at /usr/lib/gcc/aarch64-linux-gnu/11/../../../../include/c++/11/bits/hashtable.h:1837:7 @[ /usr/lib/gcc/aarch64-linux-gnu/11/../../../../include/c++/11/bits/hashtable.h:810:31 @[ /usr/lib/gcc/aarch64-linux-gnu/11/../../../../include/c++/11/bits/hashtable.h:1970:23 ] ]. Skipping.
Found a loop without a preheader at /usr/lib/gcc/aarch64-linux-gnu/11/../../../../include/c++/11/bits/hashtable.h:1837:7 @[ /usr/lib/gcc/aarch64-linux-gnu/11/../../../../include/c++/11/bits/hashtable.h:810:31 @[ /usr/lib/gcc/aarch64-linux-gnu/11/../../../../include/c++/11/bits/hashtable.h:1970:23 ] ]. Skipping.
Found a loop without a preheader at /usr/lib/gcc/aarch64-linux-gnu/11/../../../../include/c++/11/bits/stl_construct.h:162:4 @[ /usr/lib/gcc/aarch64-linux-gnu/11/../../../../include/c++/11/bits/stl_construct.h:195:7 @[ /usr/lib/gcc/aarch64-linux-gnu/11/../../../../include/c++/11/bits/alloc_traits.h:848:7 @[ /usr/lib/gcc/aarch64-linux-gnu/11/../../../../include/c++/11/bits/stl_vector.h:680:2 ] ] ]. Skipping.
Found a loop without a preheader at /usr/lib/gcc/aarch64-linux-gnu/11/../../../../include/c++/11/bits/stl_construct.h:162:4 @[ /usr/lib/gcc/aarch64-linux-gnu/11/../../../../include/c++/11/bits/stl_construct.h:195:7 @[ /usr/lib/gcc/aarch64-linux-gnu/11/../../../../include/c++/11/bits/alloc_traits.h:848:7 @[ /usr/lib/gcc/aarch64-linux-gnu/11/../../../../include/c++/11/bits/stl_vector.h:680:2 @[ ros2_caret_ws/install/include/rclcpp/rclcpp/experimental/buffers/ring_buffer_implementation.hpp:56:40 ] ] ] ]. Skipping.
Found a loop without a preheader at /usr/lib/gcc/aarch64-linux-gnu/11/../../../../include/c++/11/bits/stl_construct.h:162:4 @[ /usr/lib/gcc/aarch64-linux-gnu/11/../../../../include/c++/11/bits/stl_construct.h:195:7 @[ /usr/lib/gcc/aarch64-linux-gnu/11/../../../../include/c++/11/bits/alloc_traits.h:848:7 @[ /usr/lib/gcc/aarch64-linux-gnu/11/../../../../include/c++/11/bits/stl_vector.h:680:2 @[ ros2_caret_ws/install/include/rclcpp/rclcpp/experimental/buffers/ring_buffer_implementation.hpp:56:40 @[ ros2_caret_ws/install/include/rclcpp/rclcpp/experimental/buffers/ring_buffer_implementation.hpp:56:39 ] ] ] ] ]. Skipping.
Found a loop without a preheader at /usr/lib/gcc/aarch64-linux-gnu/11/../../../../include/c++/11/bits/stl_construct.h:162:4. Skipping.
Found a loop without a preheader at /usr/lib/gcc/aarch64-linux-gnu/11/../../../../include/c++/11/bits/stl_construct.h:162:4 @[ /usr/lib/gcc/aarch64-linux-gnu/11/../../../../include/c++/11/bits/stl_construct.h:195:7 ]. Skipping.
Found a loop without a preheader at /usr/lib/gcc/aarch64-linux-gnu/11/../../../../include/c++/11/bits/stl_uninitialized.h:91:8. Skipping.
Found a loop without a preheader at /usr/lib/gcc/aarch64-linux-gnu/11/../../../../include/c++/11/bits/stl_uninitialized.h:91:8 @[ /usr/lib/gcc/aarch64-linux-gnu/11/../../../../include/c++/11/bits/stl_uninitialized.h:148:14 @[ /usr/lib/gcc/aarch64-linux-gnu/11/../../../../include/c++/11/bits/stl_uninitialized.h:333:14 @[ /usr/lib/gcc/aarch64-linux-gnu/11/../../../../include/c++/11/bits/stl_vector.h:558:4 ] ] ]. Skipping.
Found a loop without a preheader at /usr/lib/gcc/aarch64-linux-gnu/11/../../../../include/c++/11/bits/stl_construct.h:162:4 @[ /usr/lib/gcc/aarch64-linux-gnu/11/../../../../include/c++/11/bits/stl_construct.h:195:7 @[ /usr/lib/gcc/aarch64-linux-gnu/11/../../../../include/c++/11/bits/alloc_traits.h:848:7 @[ /usr/lib/gcc/aarch64-linux-gnu/11/../../../../include/c++/11/bits/stl_vector.h:680:2 ] ] ]. Skipping.
Found a loop without an exit block at /usr/lib/gcc/aarch64-linux-gnu/11/../../../../include/c++/11/bits/shared_ptr_base.h:259:7 @[ /usr/lib/gcc/aarch64-linux-gnu/11/../../../../include/c++/11/bits/shared_ptr_base.h:872:39 @[ /usr/lib/gcc/aarch64-linux-gnu/11/../../../../include/c++/11/bits/shared_ptr_base.h:1178:4 @[ /usr/lib/gcc/aarch64-linux-gnu/11/../../../../include/c++/11/bits/shared_ptr.h:326:4 @[ /usr/lib/gcc/aarch64-linux-gnu/11/../../../../include/c++/11/bits/shared_ptr.h:808:16 @[ ros2_caret_ws/install/include/rclcpp/rclcpp/publisher.hpp:207:70 ] ] ] ] ]. Skipping.
Found a loop without a preheader at /usr/lib/gcc/aarch64-linux-gnu/11/../../../../include/c++/11/bits/hashtable.h:1837:7 @[ /usr/lib/gcc/aarch64-linux-gnu/11/../../../../include/c++/11/bits/hashtable.h:810:31 @[ /usr/lib/gcc/aarch64-linux-gnu/11/../../../../include/c++/11/bits/hashtable.h:1970:23 ] ]. Skipping.
Found a loop without a preheader at /usr/lib/gcc/aarch64-linux-gnu/11/../../../../include/c++/11/bits/stl_construct.h:162:4 @[ /usr/lib/gcc/aarch64-linux-gnu/11/../../../../include/c++/11/bits/stl_construct.h:195:7 @[ /usr/lib/gcc/aarch64-linux-gnu/11/../../../../include/c++/11/bits/alloc_traits.h:848:7 @[ /usr/lib/gcc/aarch64-linux-gnu/11/../../../../include/c++/11/bits/stl_vector.h:680:2 @[ install/autoware_motion_velocity_planner_common/include/autoware/motion_velocity_planner_common/planner_data.hpp:155:8 ] ] ] ]. Skipping.
Found a loop without a preheader at /usr/lib/gcc/aarch64-linux-gnu/11/../../../../include/c++/11/bits/stl_construct.h:162:4 @[ /usr/lib/gcc/aarch64-linux-gnu/11/../../../../include/c++/11/bits/stl_construct.h:195:7 @[ /usr/lib/gcc/aarch64-linux-gnu/11/../../../../include/c++/11/bits/alloc_traits.h:848:7 @[ /usr/lib/gcc/aarch64-linux-gnu/11/../../../../include/c++/11/bits/stl_vector.h:680:2 @[ /usr/lib/gcc/aarch64-linux-gnu/11/../../../../include/c++/11/optional:260:23 @[ /usr/lib/gcc/aarch64-linux-gnu/11/../../../../include/c++/11/optional:280:4 @[ /usr/lib/gcc/aarch64-linux-gnu/11/../../../../include/c++/11/optional:401:57 @[ /usr/lib/gcc/aarch64-linux-gnu/11/../../../../include/c++/11/optional:472:12 @[ install/autoware_motion_velocity_planner_common/include/autoware/motion_velocity_planner_common/planner_data.hpp:222:9 ] ] ] ] ] ] ] ]. Skipping.
Found a loop without a preheader at /usr/lib/gcc/aarch64-linux-gnu/11/../../../../include/c++/11/bits/stl_tree.h:1887:7. Skipping.
Found a loop without a preheader at /usr/lib/gcc/aarch64-linux-gnu/11/../../../../include/c++/11/bits/stl_construct.h:162:4 @[ /usr/lib/gcc/aarch64-linux-gnu/11/../../../../include/c++/11/bits/stl_construct.h:195:7 @[ /usr/lib/gcc/aarch64-linux-gnu/11/../../../../include/c++/11/bits/alloc_traits.h:848:7 @[ /usr/lib/gcc/aarch64-linux-gnu/11/../../../../include/c++/11/bits/stl_vector.h:680:2 @[ install/autoware_perception_msgs/include/autoware_perception_msgs/autoware_perception_msgs/msg/detail/traffic_light_group__struct.hpp:39:8 @[ install/autoware_motion_velocity_planner_common/include/autoware/motion_velocity_planner_common/planner_data.hpp:65:8 @[ /usr/include/boost/container/detail/std_fwd.hpp:39:8 @[ /usr/lib/gcc/aarch64-linux-gnu/11/../../../../include/c++/11/ext/new_allocator.h:168:10 ] ] ] ] ] ] ]. Skipping.
Found a loop without a preheader at /usr/lib/gcc/aarch64-linux-gnu/11/../../../../include/c++/11/bits/stl_construct.h:162:4 @[ /usr/lib/gcc/aarch64-linux-gnu/11/../../../../include/c++/11/bits/stl_construct.h:195:7 @[ /usr/lib/gcc/aarch64-linux-gnu/11/../../../../include/c++/11/bits/alloc_traits.h:848:7 @[ /usr/lib/gcc/aarch64-linux-gnu/11/../../../../include/c++/11/bits/stl_vector.h:680:2 @[ install/autoware_perception_msgs/include/autoware_perception_msgs/autoware_perception_msgs/msg/detail/traffic_light_group__struct.hpp:39:8 @[ install/autoware_motion_velocity_planner_common/include/autoware/motion_velocity_planner_common/planner_data.hpp:65:8 ] ] ] ] ]. Skipping.
Found a loop without a preheader at /usr/lib/gcc/aarch64-linux-gnu/11/../../../../include/c++/11/bits/stl_construct.h:162:4 @[ /usr/lib/gcc/aarch64-linux-gnu/11/../../../../include/c++/11/bits/stl_construct.h:195:7 @[ /usr/lib/gcc/aarch64-linux-gnu/11/../../../../include/c++/11/bits/alloc_traits.h:848:7 @[ /usr/lib/gcc/aarch64-linux-gnu/11/../../../../include/c++/11/bits/stl_vector.h:680:2 ] ] ]. Skipping.
Found a loop without a preheader at /usr/lib/gcc/aarch64-linux-gnu/11/../../../../include/c++/11/bits/stl_construct.h:162:4 @[ /usr/lib/gcc/aarch64-linux-gnu/11/../../../../include/c++/11/bits/stl_construct.h:195:7 ]. Skipping.
Found a loop without a preheader at /usr/lib/gcc/aarch64-linux-gnu/11/../../../../include/c++/11/bits/stl_construct.h:162:4 @[ /usr/lib/gcc/aarch64-linux-gnu/11/../../../../include/c++/11/bits/stl_construct.h:195:7 @[ /usr/lib/gcc/aarch64-linux-gnu/11/../../../../include/c++/11/bits/alloc_traits.h:848:7 @[ /usr/lib/gcc/aarch64-linux-gnu/11/../../../../include/c++/11/bits/stl_vector.h:680:2 ] ] ]. Skipping.
Found a loop without a preheader at /usr/lib/gcc/aarch64-linux-gnu/11/../../../../include/c++/11/bits/stl_construct.h:162:4 @[ /usr/lib/gcc/aarch64-linux-gnu/11/../../../../include/c++/11/bits/stl_construct.h:195:7 @[ /usr/lib/gcc/aarch64-linux-gnu/11/../../../../include/c++/11/bits/alloc_traits.h:848:7 @[ /usr/lib/gcc/aarch64-linux-gnu/11/../../../../include/c++/11/bits/stl_vector.h:680:2 @[ ros2_caret_ws/install/include/rclcpp/rclcpp/topic_statistics/subscription_topic_statistics.hpp:98:3 ] ] ] ]. Skipping.
Found a loop without a preheader at ros2_caret_ws/install/include/rclcpp/rclcpp/topic_statistics/subscription_topic_statistics.hpp:112:5. Skipping.
Found a loop without an exit block at ros2_caret_ws/install/include/rclcpp/rclcpp/topic_statistics/subscription_topic_statistics.hpp:152:5. Skipping.
Found a loop without an exit block at ros2_caret_ws/install/include/rclcpp/rclcpp/topic_statistics/subscription_topic_statistics.hpp:137:7. Skipping.
Found a loop without a preheader at /usr/lib/gcc/aarch64-linux-gnu/11/../../../../include/c++/11/bits/stl_construct.h:162:4 @[ /usr/lib/gcc/aarch64-linux-gnu/11/../../../../include/c++/11/bits/stl_construct.h:195:7 @[ /usr/lib/gcc/aarch64-linux-gnu/11/../../../../include/c++/11/bits/alloc_traits.h:848:7 @[ /usr/lib/gcc/aarch64-linux-gnu/11/../../../../include/c++/11/bits/stl_vector.h:1796:6 @[ /usr/lib/gcc/aarch64-linux-gnu/11/../../../../include/c++/11/bits/stl_vector.h:1499:9 @[ ros2_caret_ws/install/include/rclcpp/rclcpp/topic_statistics/subscription_topic_statistics.hpp:208:41 ] ] ] ] ]. Skipping.
Found a loop without a preheader at ros2_caret_ws/install/include/rclcpp/rclcpp/topic_statistics/subscription_topic_statistics.hpp:204:7. Skipping.
Found a loop without an exit block at /usr/lib/gcc/aarch64-linux-gnu/11/../../../../include/c++/11/bits/shared_ptr_base.h:259:7 @[ /usr/lib/gcc/aarch64-linux-gnu/11/../../../../include/c++/11/bits/shared_ptr_base.h:883:28 @[ /usr/lib/gcc/aarch64-linux-gnu/11/../../../../include/c++/11/bits/shared_ptr_base.h:1353:9 @[ /usr/lib/gcc/aarch64-linux-gnu/11/../../../../include/c++/11/bits/shared_ptr.h:418:9 @[ /usr/lib/gcc/aarch64-linux-gnu/11/../../../../include/c++/11/bits/shared_ptr.h:750:16 @[ ros2_caret_ws/install/include/rclcpp/rclcpp/create_subscription.hpp:102:71 @[ ros2_caret_ws/install/include/rclcpp/rclcpp/timer.hpp:244:5 ] ] ] ] ] ]. Skipping.
Found a loop without a preheader at /usr/lib/gcc/aarch64-linux-gnu/11/../../../../include/c++/11/bits/hashtable.h:1837:7 @[ /usr/lib/gcc/aarch64-linux-gnu/11/../../../../include/c++/11/bits/hashtable.h:810:31 @[ /usr/lib/gcc/aarch64-linux-gnu/11/../../../../include/c++/11/bits/hashtable.h:1970:23 ] ]. Skipping.
Found a loop without a preheader at /usr/lib/gcc/aarch64-linux-gnu/11/../../../../include/c++/11/bits/hashtable.h:1837:7 @[ /usr/lib/gcc/aarch64-linux-gnu/11/../../../../include/c++/11/bits/hashtable.h:810:31 @[ /usr/lib/gcc/aarch64-linux-gnu/11/../../../../include/c++/11/bits/hashtable.h:1970:23 ] ]. Skipping.
Found a loop without a preheader at /usr/lib/gcc/aarch64-linux-gnu/11/../../../../include/c++/11/bits/stl_construct.h:162:4 @[ /usr/lib/gcc/aarch64-linux-gnu/11/../../../../include/c++/11/bits/stl_construct.h:195:7 @[ /usr/lib/gcc/aarch64-linux-gnu/11/../../../../include/c++/11/bits/alloc_traits.h:848:7 @[ /usr/lib/gcc/aarch64-linux-gnu/11/../../../../include/c++/11/bits/stl_vector.h:680:2 ] ] ]. Skipping.
Found a loop without a preheader at /usr/lib/gcc/aarch64-linux-gnu/11/../../../../include/c++/11/bits/stl_construct.h:162:4 @[ /usr/lib/gcc/aarch64-linux-gnu/11/../../../../include/c++/11/bits/stl_construct.h:195:7 @[ /usr/lib/gcc/aarch64-linux-gnu/11/../../../../include/c++/11/bits/alloc_traits.h:848:7 @[ /usr/lib/gcc/aarch64-linux-gnu/11/../../../../include/c++/11/bits/stl_vector.h:680:2 @[ ros2_caret_ws/install/include/rclcpp/rclcpp/experimental/buffers/ring_buffer_implementation.hpp:56:40 ] ] ] ]. Skipping.
Found a loop without a preheader at /usr/lib/gcc/aarch64-linux-gnu/11/../../../../include/c++/11/bits/stl_construct.h:162:4 @[ /usr/lib/gcc/aarch64-linux-gnu/11/../../../../include/c++/11/bits/stl_construct.h:195:7 @[ /usr/lib/gcc/aarch64-linux-gnu/11/../../../../include/c++/11/bits/alloc_traits.h:848:7 @[ /usr/lib/gcc/aarch64-linux-gnu/11/../../../../include/c++/11/bits/stl_vector.h:680:2 @[ ros2_caret_ws/install/include/rclcpp/rclcpp/experimental/buffers/ring_buffer_implementation.hpp:56:40 @[ ros2_caret_ws/install/include/rclcpp/rclcpp/experimental/buffers/ring_buffer_implementation.hpp:56:39 ] ] ] ] ]. Skipping.
Found a loop without a preheader at /usr/lib/gcc/aarch64-linux-gnu/11/../../../../include/c++/11/bits/stl_uninitialized.h:91:8 @[ /usr/lib/gcc/aarch64-linux-gnu/11/../../../../include/c++/11/bits/stl_uninitialized.h:148:14 @[ /usr/lib/gcc/aarch64-linux-gnu/11/../../../../include/c++/11/bits/stl_uninitialized.h:333:14 @[ /usr/lib/gcc/aarch64-linux-gnu/11/../../../../include/c++/11/bits/stl_vector.h:558:4 @[ install/autoware_planning_msgs/include/autoware_planning_msgs/autoware_planning_msgs/msg/detail/trajectory__struct.hpp:39:8 ] ] ] ]. Skipping.
Found a loop without a preheader at /usr/lib/gcc/aarch64-linux-gnu/11/../../../../include/c++/11/bits/stl_construct.h:162:4 @[ /usr/lib/gcc/aarch64-linux-gnu/11/../../../../include/c++/11/bits/stl_construct.h:195:7 @[ /usr/lib/gcc/aarch64-linux-gnu/11/../../../../include/c++/11/bits/alloc_traits.h:848:7 @[ /usr/lib/gcc/aarch64-linux-gnu/11/../../../../include/c++/11/bits/stl_vector.h:680:2 ] ] ]. Skipping.
Found a loop without a preheader at /usr/lib/gcc/aarch64-linux-gnu/11/../../../../include/c++/11/bits/stl_construct.h:162:4 @[ /usr/lib/gcc/aarch64-linux-gnu/11/../../../../include/c++/11/bits/stl_construct.h:195:7 @[ /usr/lib/gcc/aarch64-linux-gnu/11/../../../../include/c++/11/bits/alloc_traits.h:848:7 @[ /usr/lib/gcc/aarch64-linux-gnu/11/../../../../include/c++/11/bits/stl_vector.h:680:2 @[ ros2_caret_ws/install/include/rclcpp/rclcpp/subscription_content_filter_options.hpp:25:8 @[ ros2_caret_ws/install/include/rclcpp/rclcpp/subscription_options.hpp:39:8 ] ] ] ] ]. Skipping.
Found a loop without a preheader at /usr/lib/gcc/aarch64-linux-gnu/11/../../../../include/c++/11/bits/stl_construct.h:162:4 @[ /usr/lib/gcc/aarch64-linux-gnu/11/../../../../include/c++/11/bits/stl_construct.h:195:7 @[ /usr/lib/gcc/aarch64-linux-gnu/11/../../../../include/c++/11/bits/alloc_traits.h:848:7 @[ /usr/lib/gcc/aarch64-linux-gnu/11/../../../../include/c++/11/bits/stl_vector.h:680:2 ] ] ]. Skipping.
Found a loop without a preheader at /usr/lib/gcc/aarch64-linux-gnu/11/../../../../include/c++/11/bits/stl_construct.h:162:4 @[ /usr/lib/gcc/aarch64-linux-gnu/11/../../../../include/c++/11/bits/stl_construct.h:195:7 @[ /usr/lib/gcc/aarch64-linux-gnu/11/../../../../include/c++/11/bits/alloc_traits.h:848:7 @[ /usr/lib/gcc/aarch64-linux-gnu/11/../../../../include/c++/11/bits/stl_vector.h:680:2 @[ ros2_caret_ws/install/include/rclcpp/rclcpp/topic_statistics/subscription_topic_statistics.hpp:98:3 ] ] ] ]. Skipping.
Found a loop without a preheader at ros2_caret_ws/install/include/rclcpp/rclcpp/topic_statistics/subscription_topic_statistics.hpp:112:5. Skipping.
Found a loop without an exit block at ros2_caret_ws/install/include/rclcpp/rclcpp/topic_statistics/subscription_topic_statistics.hpp:152:5. Skipping.
Found a loop without an exit block at ros2_caret_ws/install/include/rclcpp/rclcpp/topic_statistics/subscription_topic_statistics.hpp:137:7. Skipping.
Found a loop without a preheader at /usr/lib/gcc/aarch64-linux-gnu/11/../../../../include/c++/11/bits/stl_construct.h:162:4 @[ /usr/lib/gcc/aarch64-linux-gnu/11/../../../../include/c++/11/bits/stl_construct.h:195:7 @[ /usr/lib/gcc/aarch64-linux-gnu/11/../../../../include/c++/11/bits/alloc_traits.h:848:7 @[ /usr/lib/gcc/aarch64-linux-gnu/11/../../../../include/c++/11/bits/stl_vector.h:1796:6 @[ /usr/lib/gcc/aarch64-linux-gnu/11/../../../../include/c++/11/bits/stl_vector.h:1499:9 @[ ros2_caret_ws/install/include/rclcpp/rclcpp/topic_statistics/subscription_topic_statistics.hpp:208:41 ] ] ] ] ]. Skipping.
Found a loop without a preheader at ros2_caret_ws/install/include/rclcpp/rclcpp/topic_statistics/subscription_topic_statistics.hpp:204:7. Skipping.
Found a loop without an exit block at /usr/lib/gcc/aarch64-linux-gnu/11/../../../../include/c++/11/bits/shared_ptr_base.h:259:7 @[ /usr/lib/gcc/aarch64-linux-gnu/11/../../../../include/c++/11/bits/shared_ptr_base.h:883:28 @[ /usr/lib/gcc/aarch64-linux-gnu/11/../../../../include/c++/11/bits/shared_ptr_base.h:1353:9 @[ /usr/lib/gcc/aarch64-linux-gnu/11/../../../../include/c++/11/bits/shared_ptr.h:418:9 @[ /usr/lib/gcc/aarch64-linux-gnu/11/../../../../include/c++/11/bits/shared_ptr.h:750:16 @[ ros2_caret_ws/install/include/rclcpp/rclcpp/create_subscription.hpp:102:71 @[ ros2_caret_ws/install/include/rclcpp/rclcpp/timer.hpp:244:5 ] ] ] ] ] ]. Skipping.
Found a loop without a preheader at /usr/lib/gcc/aarch64-linux-gnu/11/../../../../include/c++/11/bits/hashtable.h:1837:7 @[ /usr/lib/gcc/aarch64-linux-gnu/11/../../../../include/c++/11/bits/hashtable.h:810:31 @[ /usr/lib/gcc/aarch64-linux-gnu/11/../../../../include/c++/11/bits/hashtable.h:1970:23 ] ]. Skipping.
Found a loop without a preheader at /usr/lib/gcc/aarch64-linux-gnu/11/../../../../include/c++/11/bits/hashtable.h:1837:7 @[ /usr/lib/gcc/aarch64-linux-gnu/11/../../../../include/c++/11/bits/hashtable.h:810:31 @[ /usr/lib/gcc/aarch64-linux-gnu/11/../../../../include/c++/11/bits/hashtable.h:1970:23 ] ]. Skipping.
Found a loop without a preheader at /usr/lib/gcc/aarch64-linux-gnu/11/../../../../include/c++/11/bits/stl_construct.h:162:4 @[ /usr/lib/gcc/aarch64-linux-gnu/11/../../../../include/c++/11/bits/stl_construct.h:195:7 @[ /usr/lib/gcc/aarch64-linux-gnu/11/../../../../include/c++/11/bits/alloc_traits.h:848:7 @[ /usr/lib/gcc/aarch64-linux-gnu/11/../../../../include/c++/11/bits/stl_vector.h:680:2 ] ] ]. Skipping.
Found a loop without a preheader at /usr/lib/gcc/aarch64-linux-gnu/11/../../../../include/c++/11/bits/stl_construct.h:162:4 @[ /usr/lib/gcc/aarch64-linux-gnu/11/../../../../include/c++/11/bits/stl_construct.h:195:7 @[ /usr/lib/gcc/aarch64-linux-gnu/11/../../../../include/c++/11/bits/alloc_traits.h:848:7 @[ /usr/lib/gcc/aarch64-linux-gnu/11/../../../../include/c++/11/bits/stl_vector.h:680:2 @[ ros2_caret_ws/install/include/rclcpp/rclcpp/experimental/buffers/ring_buffer_implementation.hpp:56:40 ] ] ] ]. Skipping.
Found a loop without a preheader at /usr/lib/gcc/aarch64-linux-gnu/11/../../../../include/c++/11/bits/stl_construct.h:162:4 @[ /usr/lib/gcc/aarch64-linux-gnu/11/../../../../include/c++/11/bits/stl_construct.h:195:7 @[ /usr/lib/gcc/aarch64-linux-gnu/11/../../../../include/c++/11/bits/alloc_traits.h:848:7 @[ /usr/lib/gcc/aarch64-linux-gnu/11/../../../../include/c++/11/bits/stl_vector.h:680:2 @[ ros2_caret_ws/install/include/rclcpp/rclcpp/experimental/buffers/ring_buffer_implementation.hpp:56:40 @[ ros2_caret_ws/install/include/rclcpp/rclcpp/experimental/buffers/ring_buffer_implementation.hpp:56:39 ] ] ] ] ]. Skipping.
Found a loop without a preheader at /usr/lib/gcc/aarch64-linux-gnu/11/../../../../include/c++/11/bits/stl_construct.h:162:4 @[ /usr/lib/gcc/aarch64-linux-gnu/11/../../../../include/c++/11/bits/stl_construct.h:195:7 @[ /usr/lib/gcc/aarch64-linux-gnu/11/../../../../include/c++/11/bits/alloc_traits.h:848:7 @[ /usr/lib/gcc/aarch64-linux-gnu/11/../../../../include/c++/11/bits/stl_vector.h:680:2 ] ] ]. Skipping.
Found a loop without a preheader at /usr/lib/gcc/aarch64-linux-gnu/11/../../../../include/c++/11/bits/stl_construct.h:162:4 @[ /usr/lib/gcc/aarch64-linux-gnu/11/../../../../include/c++/11/bits/stl_construct.h:195:7 @[ /usr/lib/gcc/aarch64-linux-gnu/11/../../../../include/c++/11/bits/alloc_traits.h:848:7 @[ /usr/lib/gcc/aarch64-linux-gnu/11/../../../../include/c++/11/bits/stl_vector.h:680:2 @[ ros2_caret_ws/install/include/rclcpp/rclcpp/experimental/buffers/ring_buffer_implementation.hpp:56:40 ] ] ] ]. Skipping.
Found a loop without a preheader at /usr/lib/gcc/aarch64-linux-gnu/11/../../../../include/c++/11/bits/stl_construct.h:162:4 @[ /usr/lib/gcc/aarch64-linux-gnu/11/../../../../include/c++/11/bits/stl_construct.h:195:7 @[ /usr/lib/gcc/aarch64-linux-gnu/11/../../../../include/c++/11/bits/alloc_traits.h:848:7 @[ /usr/lib/gcc/aarch64-linux-gnu/11/../../../../include/c++/11/bits/stl_vector.h:680:2 @[ ros2_caret_ws/install/include/rclcpp/rclcpp/experimental/buffers/ring_buffer_implementation.hpp:56:40 @[ ros2_caret_ws/install/include/rclcpp/rclcpp/experimental/buffers/ring_buffer_implementation.hpp:56:39 ] ] ] ] ]. Skipping.
Found a loop without an exit block at /usr/lib/gcc/aarch64-linux-gnu/11/../../../../include/c++/11/bits/shared_ptr_base.h:259:7 @[ /usr/lib/gcc/aarch64-linux-gnu/11/../../../../include/c++/11/bits/shared_ptr_base.h:872:39 @[ /usr/lib/gcc/aarch64-linux-gnu/11/../../../../include/c++/11/bits/shared_ptr_base.h:1178:4 @[ /usr/lib/gcc/aarch64-linux-gnu/11/../../../../include/c++/11/bits/shared_ptr.h:326:4 @[ /usr/lib/gcc/aarch64-linux-gnu/11/../../../../include/c++/11/bits/shared_ptr.h:808:16 @[ ros2_caret_ws/install/include/rclcpp/rclcpp/service.hpp:473:50 ] ] ] ] ]. Skipping.
Found a loop without an exit block at /usr/lib/gcc/aarch64-linux-gnu/11/../../../../include/c++/11/bits/shared_ptr_base.h:259:7 @[ /usr/lib/gcc/aarch64-linux-gnu/11/../../../../include/c++/11/bits/shared_ptr_base.h:872:39 @[ /usr/lib/gcc/aarch64-linux-gnu/11/../../../../include/c++/11/bits/shared_ptr_base.h:1178:4 @[ /usr/lib/gcc/aarch64-linux-gnu/11/../../../../include/c++/11/bits/shared_ptr.h:326:4 @[ /usr/lib/gcc/aarch64-linux-gnu/11/../../../../include/c++/11/bits/shared_ptr.h:808:16 @[ ros2_caret_ws/install/include/rclcpp/rclcpp/service.hpp:473:50 ] ] ] ] ]. Skipping.
Found a loop without an exit block at /usr/lib/gcc/aarch64-linux-gnu/11/../../../../include/c++/11/bits/shared_ptr_base.h:259:7 @[ /usr/lib/gcc/aarch64-linux-gnu/11/../../../../include/c++/11/bits/shared_ptr_base.h:872:39 @[ /usr/lib/gcc/aarch64-linux-gnu/11/../../../../include/c++/11/bits/shared_ptr_base.h:1178:4 @[ /usr/lib/gcc/aarch64-linux-gnu/11/../../../../include/c++/11/bits/shared_ptr.h:326:4 @[ /usr/lib/gcc/aarch64-linux-gnu/11/../../../../include/c++/11/bits/shared_ptr.h:808:16 @[ ros2_caret_ws/install/include/rclcpp/rclcpp/publisher.hpp:207:70 ] ] ] ] ]. Skipping.
Found a loop without a preheader at /usr/lib/gcc/aarch64-linux-gnu/11/../../../../include/c++/11/bits/hashtable.h:1837:7 @[ /usr/lib/gcc/aarch64-linux-gnu/11/../../../../include/c++/11/bits/hashtable.h:810:31 @[ /usr/lib/gcc/aarch64-linux-gnu/11/../../../../include/c++/11/bits/hashtable.h:1970:23 ] ]. Skipping.
Found a loop without an exit block at /usr/lib/gcc/aarch64-linux-gnu/11/../../../../include/c++/11/bits/shared_ptr_base.h:259:7 @[ /usr/lib/gcc/aarch64-linux-gnu/11/../../../../include/c++/11/bits/shared_ptr_base.h:872:39 @[ /usr/lib/gcc/aarch64-linux-gnu/11/../../../../include/c++/11/bits/shared_ptr_base.h:1178:4 @[ /usr/lib/gcc/aarch64-linux-gnu/11/../../../../include/c++/11/bits/shared_ptr.h:326:4 @[ /usr/lib/gcc/aarch64-linux-gnu/11/../../../../include/c++/11/bits/shared_ptr.h:808:16 @[ ros2_caret_ws/install/include/rclcpp/rclcpp/publisher.hpp:207:70 ] ] ] ] ]. Skipping.
Found a loop without a preheader at /usr/lib/gcc/aarch64-linux-gnu/11/../../../../include/c++/11/bits/hashtable.h:1837:7 @[ /usr/lib/gcc/aarch64-linux-gnu/11/../../../../include/c++/11/bits/hashtable.h:810:31 @[ /usr/lib/gcc/aarch64-linux-gnu/11/../../../../include/c++/11/bits/hashtable.h:1970:23 ] ]. Skipping.
Found a loop without an exit block at /usr/lib/gcc/aarch64-linux-gnu/11/../../../../include/c++/11/bits/shared_ptr_base.h:259:7 @[ /usr/lib/gcc/aarch64-linux-gnu/11/../../../../include/c++/11/bits/shared_ptr_base.h:872:39 @[ /usr/lib/gcc/aarch64-linux-gnu/11/../../../../include/c++/11/bits/shared_ptr_base.h:1178:4 @[ /usr/lib/gcc/aarch64-linux-gnu/11/../../../../include/c++/11/bits/shared_ptr.h:326:4 @[ /usr/lib/gcc/aarch64-linux-gnu/11/../../../../include/c++/11/bits/shared_ptr.h:808:16 @[ ros2_caret_ws/install/include/rclcpp/rclcpp/publisher.hpp:207:70 ] ] ] ] ]. Skipping.
Found a loop without a preheader at /usr/lib/gcc/aarch64-linux-gnu/11/../../../../include/c++/11/bits/hashtable.h:1837:7 @[ /usr/lib/gcc/aarch64-linux-gnu/11/../../../../include/c++/11/bits/hashtable.h:810:31 @[ /usr/lib/gcc/aarch64-linux-gnu/11/../../../../include/c++/11/bits/hashtable.h:1970:23 ] ]. Skipping.
Found a loop without an exit block at /usr/lib/gcc/aarch64-linux-gnu/11/../../../../include/c++/11/bits/shared_ptr_base.h:259:7 @[ /usr/lib/gcc/aarch64-linux-gnu/11/../../../../include/c++/11/bits/shared_ptr_base.h:872:39 @[ /usr/lib/gcc/aarch64-linux-gnu/11/../../../../include/c++/11/bits/shared_ptr_base.h:1178:4 @[ /usr/lib/gcc/aarch64-linux-gnu/11/../../../../include/c++/11/bits/shared_ptr.h:326:4 @[ /usr/lib/gcc/aarch64-linux-gnu/11/../../../../include/c++/11/bits/shared_ptr.h:808:16 @[ ros2_caret_ws/install/include/rclcpp/rclcpp/publisher.hpp:207:70 ] ] ] ] ]. Skipping.
Found a loop without a preheader at /usr/lib/gcc/aarch64-linux-gnu/11/../../../../include/c++/11/bits/hashtable.h:1837:7 @[ /usr/lib/gcc/aarch64-linux-gnu/11/../../../../include/c++/11/bits/hashtable.h:810:31 @[ /usr/lib/gcc/aarch64-linux-gnu/11/../../../../include/c++/11/bits/hashtable.h:1970:23 ] ]. Skipping.
Found a loop without an exit block at /usr/lib/gcc/aarch64-linux-gnu/11/../../../../include/c++/11/bits/shared_ptr_base.h:259:7 @[ /usr/lib/gcc/aarch64-linux-gnu/11/../../../../include/c++/11/bits/shared_ptr_base.h:872:39 @[ /usr/lib/gcc/aarch64-linux-gnu/11/../../../../include/c++/11/bits/shared_ptr_base.h:1178:4 @[ /usr/lib/gcc/aarch64-linux-gnu/11/../../../../include/c++/11/bits/shared_ptr.h:326:4 @[ /usr/lib/gcc/aarch64-linux-gnu/11/../../../../include/c++/11/bits/shared_ptr.h:808:16 @[ ros2_caret_ws/install/include/rclcpp/rclcpp/publisher.hpp:207:70 ] ] ] ] ]. Skipping.
Found a loop without a preheader at /usr/lib/gcc/aarch64-linux-gnu/11/../../../../include/c++/11/bits/hashtable.h:1837:7 @[ /usr/lib/gcc/aarch64-linux-gnu/11/../../../../include/c++/11/bits/hashtable.h:810:31 @[ /usr/lib/gcc/aarch64-linux-gnu/11/../../../../include/c++/11/bits/hashtable.h:1970:23 ] ]. Skipping.
Found a loop without an exit block at /usr/lib/gcc/aarch64-linux-gnu/11/../../../../include/c++/11/bits/shared_ptr_base.h:259:7 @[ /usr/lib/gcc/aarch64-linux-gnu/11/../../../../include/c++/11/bits/shared_ptr_base.h:872:39 @[ /usr/lib/gcc/aarch64-linux-gnu/11/../../../../include/c++/11/bits/shared_ptr_base.h:1178:4 @[ /usr/lib/gcc/aarch64-linux-gnu/11/../../../../include/c++/11/bits/shared_ptr.h:326:4 @[ /usr/lib/gcc/aarch64-linux-gnu/11/../../../../include/c++/11/bits/shared_ptr.h:808:16 @[ ros2_caret_ws/install/include/rclcpp/rclcpp/publisher.hpp:207:70 ] ] ] ] ]. Skipping.
Found a loop without a preheader at /usr/lib/gcc/aarch64-linux-gnu/11/../../../../include/c++/11/bits/hashtable.h:1837:7 @[ /usr/lib/gcc/aarch64-linux-gnu/11/../../../../include/c++/11/bits/hashtable.h:810:31 @[ /usr/lib/gcc/aarch64-linux-gnu/11/../../../../include/c++/11/bits/hashtable.h:1970:23 ] ]. Skipping.
Found a loop without a preheader at /usr/lib/gcc/aarch64-linux-gnu/11/../../../../include/c++/11/bits/stl_construct.h:162:4 @[ /usr/lib/gcc/aarch64-linux-gnu/11/../../../../include/c++/11/bits/stl_construct.h:195:7 @[ /usr/lib/gcc/aarch64-linux-gnu/11/../../../../include/c++/11/bits/alloc_traits.h:848:7 @[ /usr/lib/gcc/aarch64-linux-gnu/11/../../../../include/c++/11/bits/stl_vector.h:680:2 @[ /opt/ros/humble/include/pluginlib/pluginlib/./class_loader_imp.hpp:113:1 ] ] ] ]. Skipping.
Found a loop without an exit block at /opt/ros/humble/include/pluginlib/pluginlib/./class_loader_imp.hpp:528:3. Skipping.
Found a loop without a preheader at /usr/lib/gcc/aarch64-linux-gnu/11/../../../../include/c++/11/bits/list.tcc:71:7 @[ /usr/lib/gcc/aarch64-linux-gnu/11/../../../../include/c++/11/bits/stl_list.h:500:9 @[ /opt/ros/humble/include/pluginlib/pluginlib/./class_loader_imp.hpp:813:1 ] ]. Skipping.
Found a loop without an exit block at /opt/ros/humble/include/pluginlib/pluginlib/./class_loader_imp.hpp:806:3. Skipping.
Found a loop without a preheader at /usr/lib/gcc/aarch64-linux-gnu/11/../../../../include/c++/11/bits/stl_construct.h:162:4 @[ /usr/lib/gcc/aarch64-linux-gnu/11/../../../../include/c++/11/bits/stl_construct.h:195:7 @[ /usr/lib/gcc/aarch64-linux-gnu/11/../../../../include/c++/11/bits/alloc_traits.h:848:7 @[ /usr/lib/gcc/aarch64-linux-gnu/11/../../../../include/c++/11/bits/stl_vector.h:680:2 @[ /opt/ros/humble/include/pluginlib/pluginlib/./class_loader_imp.hpp:804:3 ] ] ] ]. Skipping.
Found a loop without a preheader at /usr/lib/gcc/aarch64-linux-gnu/11/../../../../include/c++/11/bits/stl_construct.h:162:4 @[ /usr/lib/gcc/aarch64-linux-gnu/11/../../../../include/c++/11/bits/stl_construct.h:195:7 @[ /usr/lib/gcc/aarch64-linux-gnu/11/../../../../include/c++/11/bits/alloc_traits.h:848:7 @[ /usr/lib/gcc/aarch64-linux-gnu/11/../../../../include/c++/11/bits/stl_vector.h:680:2 @[ /usr/lib/gcc/aarch64-linux-gnu/11/../../../../include/c++/11/bits/stl_vector.h:1821:7 @[ /usr/lib/gcc/aarch64-linux-gnu/11/../../../../include/c++/11/bits/stl_vector.h:714:2 @[ /opt/ros/humble/include/pluginlib/pluginlib/./class_loader_imp.hpp:804:21 ] ] ] ] ] ]. Skipping.
Found a loop without a preheader at /opt/ros/humble/include/pluginlib/pluginlib/./class_loader_imp.hpp:798:3. Skipping.
Found a loop without an exit block at /opt/ros/humble/include/pluginlib/pluginlib/./class_loader_imp.hpp:788:3. Skipping.
Found a loop without a preheader at /usr/lib/gcc/aarch64-linux-gnu/11/../../../../include/c++/11/bits/stl_construct.h:162:4 @[ /usr/lib/gcc/aarch64-linux-gnu/11/../../../../include/c++/11/bits/stl_construct.h:195:7 @[ /usr/lib/gcc/aarch64-linux-gnu/11/../../../../include/c++/11/bits/alloc_traits.h:848:7 @[ /usr/lib/gcc/aarch64-linux-gnu/11/../../../../include/c++/11/bits/stl_vector.h:680:2 @[ /opt/ros/humble/include/pluginlib/pluginlib/./class_loader_imp.hpp:556:1 ] ] ] ]. Skipping.
Found a loop without a preheader at /usr/lib/gcc/aarch64-linux-gnu/11/../../../../include/c++/11/bits/stl_construct.h:162:4 @[ /usr/lib/gcc/aarch64-linux-gnu/11/../../../../include/c++/11/bits/stl_construct.h:195:7 @[ /usr/lib/gcc/aarch64-linux-gnu/11/../../../../include/c++/11/bits/alloc_traits.h:848:7 @[ /usr/lib/gcc/aarch64-linux-gnu/11/../../../../include/c++/11/bits/stl_vector.h:680:2 @[ /opt/ros/humble/include/pluginlib/pluginlib/./class_loader_imp.hpp:503:1 ] ] ] ]. Skipping.
Found a loop without an exit block at /opt/ros/humble/include/pluginlib/pluginlib/./class_loader_imp.hpp:491:3. Skipping.
Found a loop without a preheader at /usr/lib/gcc/aarch64-linux-gnu/11/../../../../include/c++/11/bits/stl_tree.h:1887:7. Skipping.
Found a loop without a preheader at /usr/lib/gcc/aarch64-linux-gnu/11/../../../../include/c++/11/bits/stl_uninitialized.h:1031:7 @[ /usr/lib/gcc/aarch64-linux-gnu/11/../../../../include/c++/11/bits/stl_uninitialized.h:1046:14 @[ /usr/lib/gcc/aarch64-linux-gnu/11/../../../../include/c++/11/bits/stl_vector.h:456:9 @[ /usr/lib/gcc/aarch64-linux-gnu/11/../../../../include/c++/11/bits/stl_vector.h:469:9 @[ /usr/lib/gcc/aarch64-linux-gnu/11/../../../../include/c++/11/bits/vector.tcc:466:23 ] ] ] ]. Skipping.
Found a loop without a preheader at /usr/lib/gcc/aarch64-linux-gnu/11/../../../../include/c++/11/bits/stl_uninitialized.h:1031:7 @[ /usr/lib/gcc/aarch64-linux-gnu/11/../../../../include/c++/11/bits/stl_uninitialized.h:1046:14 @[ /usr/lib/gcc/aarch64-linux-gnu/11/../../../../include/c++/11/bits/stl_vector.h:456:9 @[ /usr/lib/gcc/aarch64-linux-gnu/11/../../../../include/c++/11/bits/stl_vector.h:469:9 @[ /usr/lib/gcc/aarch64-linux-gnu/11/../../../../include/c++/11/bits/vector.tcc:461:23 ] ] ] ]. Skipping.
Found a loop without an exit block at /opt/ros/humble/include/pluginlib/pluginlib/./class_loader_imp.hpp:234:5. Skipping.
Found a loop without a preheader at /opt/ros/humble/include/pluginlib/pluginlib/./class_loader_imp.hpp:278:3. Skipping.
Found a loop without a preheader at /usr/lib/gcc/aarch64-linux-gnu/11/../../../../include/c++/11/bits/list.tcc:71:7 @[ /usr/lib/gcc/aarch64-linux-gnu/11/../../../../include/c++/11/bits/stl_list.h:500:9 ]. Skipping.
Found a loop without an exit block at /usr/lib/gcc/aarch64-linux-gnu/11/../../../../include/c++/11/bits/stl_algobase.h:2067:7. Skipping.
Found a loop without a preheader at /usr/lib/gcc/aarch64-linux-gnu/11/../../../../include/c++/11/bits/stl_tree.h:1936:7 @[ /usr/lib/gcc/aarch64-linux-gnu/11/../../../../include/c++/11/bits/stl_tree.h:1985:9 ]. Skipping.
Found a loop without a preheader at /usr/lib/gcc/aarch64-linux-gnu/11/../../../../include/c++/11/bits/stl_tree.h:1904:7 @[ /usr/lib/gcc/aarch64-linux-gnu/11/../../../../include/c++/11/bits/stl_tree.h:1984:16 ]. Skipping.
Found a loop without an exit block at /usr/lib/gcc/aarch64-linux-gnu/11/../../../../include/c++/11/bits/stl_tree.h:1971:7. Skipping.
Found a loop without a preheader at /usr/lib/gcc/aarch64-linux-gnu/11/../../../../include/c++/11/bits/stl_uninitialized.h:1031:7 @[ /usr/lib/gcc/aarch64-linux-gnu/11/../../../../include/c++/11/bits/stl_uninitialized.h:1046:14 @[ /usr/lib/gcc/aarch64-linux-gnu/11/../../../../include/c++/11/bits/stl_vector.h:456:9 @[ /usr/lib/gcc/aarch64-linux-gnu/11/../../../../include/c++/11/bits/stl_vector.h:469:9 @[ /usr/lib/gcc/aarch64-linux-gnu/11/../../../../include/c++/11/bits/vector.tcc:466:23 ] ] ] ]. Skipping.
Found a loop without a preheader at /usr/lib/gcc/aarch64-linux-gnu/11/../../../../include/c++/11/bits/stl_uninitialized.h:1031:7 @[ /usr/lib/gcc/aarch64-linux-gnu/11/../../../../include/c++/11/bits/stl_uninitialized.h:1046:14 @[ /usr/lib/gcc/aarch64-linux-gnu/11/../../../../include/c++/11/bits/stl_vector.h:456:9 @[ /usr/lib/gcc/aarch64-linux-gnu/11/../../../../include/c++/11/bits/stl_vector.h:469:9 @[ /usr/lib/gcc/aarch64-linux-gnu/11/../../../../include/c++/11/bits/vector.tcc:461:23 ] ] ] ]. Skipping.
Found a loop without a preheader at /usr/lib/gcc/aarch64-linux-gnu/11/../../../../include/c++/11/bits/stl_tree.h:1887:7. Skipping.
Found a loop without an exit block at /opt/ros/humble/include/pluginlib/pluginlib/./class_loader_imp.hpp:703:3. Skipping.
Found a loop without a preheader at /usr/lib/gcc/aarch64-linux-gnu/11/../../../../include/c++/11/bits/stl_construct.h:162:4 @[ /usr/lib/gcc/aarch64-linux-gnu/11/../../../../include/c++/11/bits/stl_construct.h:195:7 @[ /usr/lib/gcc/aarch64-linux-gnu/11/../../../../include/c++/11/bits/alloc_traits.h:848:7 @[ /usr/lib/gcc/aarch64-linux-gnu/11/../../../../include/c++/11/bits/stl_vector.h:680:2 @[ /opt/ros/humble/include/rcpputils/rcpputils/filesystem_helper.hpp:76:7 @[ /opt/ros/humble/include/pluginlib/pluginlib/./class_loader_imp.hpp:595:1 ] ] ] ] ]. Skipping.
Found a loop without a preheader at /usr/lib/gcc/aarch64-linux-gnu/11/../../../../include/c++/11/bits/stl_construct.h:162:4 @[ /usr/lib/gcc/aarch64-linux-gnu/11/../../../../include/c++/11/bits/stl_construct.h:195:7 @[ /usr/lib/gcc/aarch64-linux-gnu/11/../../../../include/c++/11/bits/alloc_traits.h:848:7 @[ /usr/lib/gcc/aarch64-linux-gnu/11/../../../../include/c++/11/bits/stl_vector.h:680:2 @[ /opt/ros/humble/include/rcpputils/rcpputils/filesystem_helper.hpp:76:7 @[ /opt/ros/humble/include/pluginlib/pluginlib/./class_loader_imp.hpp:595:1 ] ] ] ] ]. Skipping.
Found a loop without a preheader at /usr/lib/gcc/aarch64-linux-gnu/11/../../../../include/c++/11/bits/stl_construct.h:162:4 @[ /usr/lib/gcc/aarch64-linux-gnu/11/../../../../include/c++/11/bits/stl_construct.h:195:7 @[ /usr/lib/gcc/aarch64-linux-gnu/11/../../../../include/c++/11/bits/alloc_traits.h:848:7 @[ /usr/lib/gcc/aarch64-linux-gnu/11/../../../../include/c++/11/bits/stl_vector.h:680:2 @[ /opt/ros/humble/include/rcpputils/rcpputils/filesystem_helper.hpp:76:7 @[ /opt/ros/humble/include/pluginlib/pluginlib/./class_loader_imp.hpp:579:39 ] ] ] ] ]. Skipping.
Found a loop without an exit block at /opt/ros/humble/include/pluginlib/pluginlib/./class_loader_imp.hpp:577:3. Skipping.
Found a loop without a preheader at /usr/lib/gcc/aarch64-linux-gnu/11/../../../../include/c++/11/bits/stl_construct.h:162:4 @[ /usr/lib/gcc/aarch64-linux-gnu/11/../../../../include/c++/11/bits/stl_construct.h:195:7 @[ /usr/lib/gcc/aarch64-linux-gnu/11/../../../../include/c++/11/bits/alloc_traits.h:848:7 @[ /usr/lib/gcc/aarch64-linux-gnu/11/../../../../include/c++/11/bits/stl_vector.h:680:2 @[ /opt/ros/humble/include/rcpputils/rcpputils/filesystem_helper.hpp:76:7 ] ] ] ]. Skipping.
Found a loop without a preheader at /usr/lib/gcc/aarch64-linux-gnu/11/../../../../include/c++/11/bits/stl_construct.h:162:4 @[ /usr/lib/gcc/aarch64-linux-gnu/11/../../../../include/c++/11/bits/stl_construct.h:195:7 @[ /usr/lib/gcc/aarch64-linux-gnu/11/../../../../include/c++/11/bits/alloc_traits.h:848:7 @[ /usr/lib/gcc/aarch64-linux-gnu/11/../../../../include/c++/11/bits/vector.tcc:228:8 ] ] ]. Skipping.
Found a loop without a preheader at /usr/lib/gcc/aarch64-linux-gnu/11/../../../../include/c++/11/bits/stl_algobase.h:383:4 @[ /usr/lib/gcc/aarch64-linux-gnu/11/../../../../include/c++/11/bits/stl_algobase.h:494:14 @[ /usr/lib/gcc/aarch64-linux-gnu/11/../../../../include/c++/11/bits/stl_algobase.h:522:14 @[ /usr/lib/gcc/aarch64-linux-gnu/11/../../../../include/c++/11/bits/stl_algobase.h:530:3 @[ /usr/lib/gcc/aarch64-linux-gnu/11/../../../../include/c++/11/bits/stl_algobase.h:619:14 @[ /usr/lib/gcc/aarch64-linux-gnu/11/../../../../include/c++/11/bits/vector.tcc:243:8 ] ] ] ] ]. Skipping.
Found a loop without a preheader at /usr/lib/gcc/aarch64-linux-gnu/11/../../../../include/c++/11/bits/stl_construct.h:162:4 @[ /usr/lib/gcc/aarch64-linux-gnu/11/../../../../include/c++/11/bits/stl_construct.h:195:7 @[ /usr/lib/gcc/aarch64-linux-gnu/11/../../../../include/c++/11/bits/alloc_traits.h:848:7 @[ /usr/lib/gcc/aarch64-linux-gnu/11/../../../../include/c++/11/bits/vector.tcc:238:8 ] ] ]. Skipping.
Found a loop without a preheader at /usr/lib/gcc/aarch64-linux-gnu/11/../../../../include/c++/11/bits/stl_algobase.h:383:4 @[ /usr/lib/gcc/aarch64-linux-gnu/11/../../../../include/c++/11/bits/stl_algobase.h:494:14 @[ /usr/lib/gcc/aarch64-linux-gnu/11/../../../../include/c++/11/bits/stl_algobase.h:522:14 @[ /usr/lib/gcc/aarch64-linux-gnu/11/../../../../include/c++/11/bits/stl_algobase.h:530:3 @[ /usr/lib/gcc/aarch64-linux-gnu/11/../../../../include/c++/11/bits/stl_algobase.h:619:14 @[ /usr/lib/gcc/aarch64-linux-gnu/11/../../../../include/c++/11/bits/vector.tcc:238:22 ] ] ] ] ]. Skipping.
Found a loop without a preheader at /usr/lib/gcc/aarch64-linux-gnu/11/../../../../include/c++/11/bits/stl_uninitialized.h:91:8. Skipping.
Found a loop without a preheader at /usr/lib/gcc/aarch64-linux-gnu/11/../../../../include/c++/11/bits/stl_uninitialized.h:91:8 @[ /usr/lib/gcc/aarch64-linux-gnu/11/../../../../include/c++/11/bits/stl_uninitialized.h:148:14 @[ /usr/lib/gcc/aarch64-linux-gnu/11/../../../../include/c++/11/bits/stl_uninitialized.h:333:14 @[ /usr/lib/gcc/aarch64-linux-gnu/11/../../../../include/c++/11/bits/stl_vector.h:558:4 @[ /usr/lib/gcc/aarch64-linux-gnu/11/../../../../include/c++/11/bits/regex.h:1766:7 @[ /usr/lib/gcc/aarch64-linux-gnu/11/../../../../include/c++/11/bits/regex.h:2704:7 @[ /usr/lib/gcc/aarch64-linux-gnu/11/../../../../include/c++/11/bits/regex.h:2906:9 ] ] ] ] ] ]. Skipping.
Found a loop without a preheader at /usr/lib/gcc/aarch64-linux-gnu/11/../../../../include/c++/11/bits/regex_automaton.tcc:180:7 @[ /usr/lib/gcc/aarch64-linux-gnu/11/../../../../include/c++/11/bits/regex_compiler.tcc:83:15 ]. Skipping.
Found a loop without a preheader at /usr/lib/gcc/aarch64-linux-gnu/11/../../../../include/c++/11/bits/stl_deque.h:678:7 @[ /usr/lib/gcc/aarch64-linux-gnu/11/../../../../include/c++/11/bits/stl_deque.h:601:4 @[ /usr/lib/gcc/aarch64-linux-gnu/11/../../../../include/c++/11/bits/stl_deque.h:1007:65 @[ /usr/lib/gcc/aarch64-linux-gnu/11/../../../../include/c++/11/bits/stl_stack.h:99:11 @[ /usr/lib/gcc/aarch64-linux-gnu/11/../../../../include/c++/11/bits/regex_compiler.h:57:11 ] ] ] ]. Skipping.
Found a loop without an exit block at /usr/lib/gcc/aarch64-linux-gnu/11/../../../../include/c++/11/bits/regex_compiler.tcc:92:7. Skipping.
Found a loop without a preheader at /usr/lib/gcc/aarch64-linux-gnu/11/../../../../include/c++/11/bits/stl_deque.h:678:7 @[ /usr/lib/gcc/aarch64-linux-gnu/11/../../../../include/c++/11/bits/stl_deque.h:601:4 @[ /usr/lib/gcc/aarch64-linux-gnu/11/../../../../include/c++/11/bits/stl_deque.h:1007:65 @[ /usr/lib/gcc/aarch64-linux-gnu/11/../../../../include/c++/11/bits/stl_stack.h:99:11 ] ] ]. Skipping.
Found a loop without an exit block at /usr/lib/gcc/aarch64-linux-gnu/11/../../../../include/c++/11/bits/regex_scanner.tcc:382:4. Skipping.
Found a loop without an exit block at /usr/lib/gcc/aarch64-linux-gnu/11/../../../../include/c++/11/bits/regex_scanner.tcc:367:4. Skipping.
Found a loop without a preheader at /usr/lib/gcc/aarch64-linux-gnu/11/../../../../include/c++/11/bits/regex_scanner.h:118:7 @[ /usr/lib/gcc/aarch64-linux-gnu/11/../../../../include/c++/11/bits/regex_scanner.tcc:327:20 ]. Skipping.
Found a loop without a preheader at /usr/lib/gcc/aarch64-linux-gnu/11/../../../../include/c++/11/bits/regex_scanner.h:118:7 @[ /usr/lib/gcc/aarch64-linux-gnu/11/../../../../include/c++/11/bits/regex_scanner.tcc:444:20 ]. Skipping.
Found a loop without a preheader at /usr/lib/gcc/aarch64-linux-gnu/11/../../../../include/c++/11/bits/regex_scanner.tcc:192:4. Skipping.
Found a loop without an exit block at /usr/lib/gcc/aarch64-linux-gnu/11/../../../../include/c++/11/bits/regex_scanner.tcc:288:4. Skipping.
Found a loop without a preheader at /usr/lib/gcc/aarch64-linux-gnu/11/../../../../include/c++/11/bits/regex_scanner.tcc:481:7. Skipping.
Found a loop without a preheader at /usr/lib/gcc/aarch64-linux-gnu/11/../../../../include/c++/11/bits/stl_construct.h:162:4 @[ /usr/lib/gcc/aarch64-linux-gnu/11/../../../../include/c++/11/bits/stl_construct.h:195:7 @[ /usr/lib/gcc/aarch64-linux-gnu/11/../../../../include/c++/11/bits/alloc_traits.h:848:7 @[ /usr/lib/gcc/aarch64-linux-gnu/11/../../../../include/c++/11/bits/stl_vector.h:680:2 @[ /usr/lib/gcc/aarch64-linux-gnu/11/../../../../include/c++/11/bits/regex_automaton.h:220:12 @[ /usr/lib/gcc/aarch64-linux-gnu/11/../../../../include/c++/11/ext/new_allocator.h:168:10 ] ] ] ] ]. Skipping.
Found a loop without a preheader at /usr/lib/gcc/aarch64-linux-gnu/11/../../../../include/c++/11/bits/stl_deque.h:678:7 @[ /usr/lib/gcc/aarch64-linux-gnu/11/../../../../include/c++/11/bits/stl_deque.h:667:4 ]. Skipping.
Found a loop without a preheader at /usr/lib/gcc/aarch64-linux-gnu/11/../../../../include/c++/11/bits/stl_deque.h:662:4. Skipping.
Found a loop without a preheader at /usr/lib/gcc/aarch64-linux-gnu/11/../../../../include/c++/11/bits/stl_uninitialized.h:1031:7 @[ /usr/lib/gcc/aarch64-linux-gnu/11/../../../../include/c++/11/bits/stl_uninitialized.h:1046:14 @[ /usr/lib/gcc/aarch64-linux-gnu/11/../../../../include/c++/11/bits/stl_vector.h:456:9 @[ /usr/lib/gcc/aarch64-linux-gnu/11/../../../../include/c++/11/bits/stl_vector.h:469:9 @[ /usr/lib/gcc/aarch64-linux-gnu/11/../../../../include/c++/11/bits/vector.tcc:466:23 ] ] ] ]. Skipping.
Found a loop without a preheader at /usr/lib/gcc/aarch64-linux-gnu/11/../../../../include/c++/11/bits/stl_uninitialized.h:1031:7 @[ /usr/lib/gcc/aarch64-linux-gnu/11/../../../../include/c++/11/bits/stl_uninitialized.h:1046:14 @[ /usr/lib/gcc/aarch64-linux-gnu/11/../../../../include/c++/11/bits/stl_vector.h:456:9 @[ /usr/lib/gcc/aarch64-linux-gnu/11/../../../../include/c++/11/bits/stl_vector.h:469:9 @[ /usr/lib/gcc/aarch64-linux-gnu/11/../../../../include/c++/11/bits/vector.tcc:461:23 ] ] ] ]. Skipping.
Found a loop without a preheader at /usr/lib/gcc/aarch64-linux-gnu/11/../../../../include/c++/11/bits/regex_compiler.tcc:135:4 @[ /usr/lib/gcc/aarch64-linux-gnu/11/../../../../include/c++/11/bits/regex_compiler.tcc:115:17 ]. Skipping.
Found a loop without a preheader at /usr/lib/gcc/aarch64-linux-gnu/11/../../../../include/c++/11/bits/stl_deque.h:678:7 @[ /usr/lib/gcc/aarch64-linux-gnu/11/../../../../include/c++/11/bits/stl_deque.h:601:4 @[ /usr/lib/gcc/aarch64-linux-gnu/11/../../../../include/c++/11/bits/stl_deque.h:1007:65 @[ /usr/lib/gcc/aarch64-linux-gnu/11/../../../../include/c++/11/bits/stl_stack.h:99:11 @[ /usr/lib/gcc/aarch64-linux-gnu/11/../../../../include/c++/11/bits/regex_compiler.tcc:282:6 ] ] ] ]. Skipping.
Found a loop without an exit block at /usr/lib/gcc/aarch64-linux-gnu/11/../../../../include/c++/11/bits/regex_compiler.tcc:267:8. Skipping.
Found a loop without a preheader at /usr/lib/gcc/aarch64-linux-gnu/11/../../../../include/c++/11/bits/regex_automaton.tcc:165:7. Skipping.
Found a loop without an exit block at /usr/lib/gcc/aarch64-linux-gnu/11/../../../../include/c++/11/bits/regex_compiler.tcc:592:7. Skipping.
Found a loop without a preheader at /usr/lib/gcc/aarch64-linux-gnu/11/../../../../include/c++/11/bits/stl_construct.h:162:4 @[ /usr/lib/gcc/aarch64-linux-gnu/11/../../../../include/c++/11/bits/stl_construct.h:195:7 @[ /usr/lib/gcc/aarch64-linux-gnu/11/../../../../include/c++/11/bits/alloc_traits.h:848:7 @[ /usr/lib/gcc/aarch64-linux-gnu/11/../../../../include/c++/11/bits/stl_vector.h:680:2 @[ /usr/lib/gcc/aarch64-linux-gnu/11/../../../../include/c++/11/bits/regex_compiler.h:49:12 @[ /usr/lib/gcc/aarch64-linux-gnu/11/../../../../include/c++/11/bits/regex_compiler.tcc:412:5 ] ] ] ] ]. Skipping.
Found a loop without a preheader at /usr/lib/gcc/aarch64-linux-gnu/11/../../../../include/c++/11/bits/stl_construct.h:162:4 @[ /usr/lib/gcc/aarch64-linux-gnu/11/../../../../include/c++/11/bits/stl_construct.h:195:7 @[ /usr/lib/gcc/aarch64-linux-gnu/11/../../../../include/c++/11/bits/alloc_traits.h:848:7 @[ /usr/lib/gcc/aarch64-linux-gnu/11/../../../../include/c++/11/bits/stl_vector.h:680:2 @[ /usr/lib/gcc/aarch64-linux-gnu/11/../../../../include/c++/11/bits/regex_compiler.h:49:12 @[ /usr/lib/gcc/aarch64-linux-gnu/11/../../../../include/c++/11/bits/regex_compiler.tcc:412:5 ] ] ] ] ]. Skipping.
Found a loop without a preheader at /usr/lib/gcc/aarch64-linux-gnu/11/../../../../include/c++/11/bits/stl_algo.h:930:7 @[ /usr/lib/gcc/aarch64-linux-gnu/11/../../../../include/c++/11/bits/stl_algo.h:962:14 @[ /usr/lib/gcc/aarch64-linux-gnu/11/../../../../include/c++/11/bits/regex_compiler.h:512:15 ] ]. Skipping.
Found a loop without a preheader at /usr/lib/gcc/aarch64-linux-gnu/11/../../../../include/c++/11/bits/stl_algo.h:907:7 @[ /usr/lib/gcc/aarch64-linux-gnu/11/../../../../include/c++/11/bits/stl_algo.h:923:17 @[ /usr/lib/gcc/aarch64-linux-gnu/11/../../../../include/c++/11/bits/stl_algo.h:962:14 @[ /usr/lib/gcc/aarch64-linux-gnu/11/../../../../include/c++/11/bits/regex_compiler.h:512:15 ] ] ]. Skipping.
Found a loop without a preheader at /usr/lib/gcc/aarch64-linux-gnu/11/../../../../include/c++/11/bits/stl_algo.h:1846:7 @[ /usr/lib/gcc/aarch64-linux-gnu/11/../../../../include/c++/11/bits/stl_algo.h:1867:4 @[ /usr/lib/gcc/aarch64-linux-gnu/11/../../../../include/c++/11/bits/stl_algo.h:1957:4 @[ /usr/lib/gcc/aarch64-linux-gnu/11/../../../../include/c++/11/bits/stl_algo.h:4842:7 @[ /usr/lib/gcc/aarch64-linux-gnu/11/../../../../include/c++/11/bits/regex_compiler.h:511:2 ] ] ] ]. Skipping.
Found a loop without a preheader at /usr/lib/gcc/aarch64-linux-gnu/11/../../../../include/c++/11/bits/stl_algo.h:1824:7 @[ /usr/lib/gcc/aarch64-linux-gnu/11/../../../../include/c++/11/bits/stl_algo.h:1871:2 @[ /usr/lib/gcc/aarch64-linux-gnu/11/../../../../include/c++/11/bits/stl_algo.h:1957:4 @[ /usr/lib/gcc/aarch64-linux-gnu/11/../../../../include/c++/11/bits/stl_algo.h:4842:7 @[ /usr/lib/gcc/aarch64-linux-gnu/11/../../../../include/c++/11/bits/regex_compiler.h:511:2 ] ] ] ]. Skipping.
Found a loop without a preheader at /usr/lib/gcc/aarch64-linux-gnu/11/../../../../include/c++/11/bits/stl_construct.h:162:4 @[ /usr/lib/gcc/aarch64-linux-gnu/11/../../../../include/c++/11/bits/stl_construct.h:195:7 @[ /usr/lib/gcc/aarch64-linux-gnu/11/../../../../include/c++/11/bits/alloc_traits.h:848:7 @[ /usr/lib/gcc/aarch64-linux-gnu/11/../../../../include/c++/11/bits/stl_vector.h:680:2 @[ /usr/lib/gcc/aarch64-linux-gnu/11/../../../../include/c++/11/bits/regex_compiler.h:49:12 ] ] ] ]. Skipping.
Found a loop without an exit block at /usr/lib/gcc/aarch64-linux-gnu/11/../../../../include/c++/11/bits/regex.tcc:307:7. Skipping.
Found a loop without an exit block at /usr/lib/gcc/aarch64-linux-gnu/11/../../../../include/c++/11/bits/stl_algo.h:1929:7. Skipping.
Found a loop without a preheader at /usr/lib/gcc/aarch64-linux-gnu/11/../../../../include/c++/11/bits/regex_compiler.tcc:620:2. Skipping.
Found a loop without a preheader at /usr/lib/gcc/aarch64-linux-gnu/11/../../../../include/c++/11/bits/regex_compiler.tcc:611:2. Skipping.
Found a loop without a preheader at /usr/lib/gcc/aarch64-linux-gnu/11/../../../../include/c++/11/bits/stl_algobase.h:1459:7 @[ /usr/lib/gcc/aarch64-linux-gnu/11/../../../../include/c++/11/bits/stl_algo.h:2253:4 @[ /usr/lib/gcc/aarch64-linux-gnu/11/../../../../include/c++/11/bits/regex_compiler.tcc:607:6 ] ]. Skipping.
Found a loop without an exit block at /usr/lib/gcc/aarch64-linux-gnu/11/../../../../include/c++/11/bits/stl_algobase.h:2067:7. Skipping.
Found a loop without a preheader at /usr/lib/gcc/aarch64-linux-gnu/11/../../../../include/c++/11/bits/stl_construct.h:162:4 @[ /usr/lib/gcc/aarch64-linux-gnu/11/../../../../include/c++/11/bits/stl_construct.h:195:7 @[ /usr/lib/gcc/aarch64-linux-gnu/11/../../../../include/c++/11/bits/alloc_traits.h:848:7 @[ /usr/lib/gcc/aarch64-linux-gnu/11/../../../../include/c++/11/bits/stl_vector.h:680:2 @[ /usr/lib/gcc/aarch64-linux-gnu/11/../../../../include/c++/11/bits/regex_compiler.h:49:12 @[ /usr/lib/gcc/aarch64-linux-gnu/11/../../../../include/c++/11/bits/std_function.h:175:4 ] ] ] ] ]. Skipping.
Found a loop without a preheader at /usr/lib/gcc/aarch64-linux-gnu/11/../../../../include/c++/11/bits/stl_algo.h:930:7 @[ /usr/lib/gcc/aarch64-linux-gnu/11/../../../../include/c++/11/bits/stl_algo.h:962:14 @[ /usr/lib/gcc/aarch64-linux-gnu/11/../../../../include/c++/11/bits/regex_compiler.h:512:15 ] ]. Skipping.
Found a loop without a preheader at /usr/lib/gcc/aarch64-linux-gnu/11/../../../../include/c++/11/bits/stl_algo.h:907:7 @[ /usr/lib/gcc/aarch64-linux-gnu/11/../../../../include/c++/11/bits/stl_algo.h:923:17 @[ /usr/lib/gcc/aarch64-linux-gnu/11/../../../../include/c++/11/bits/stl_algo.h:962:14 @[ /usr/lib/gcc/aarch64-linux-gnu/11/../../../../include/c++/11/bits/regex_compiler.h:512:15 ] ] ]. Skipping.
Found a loop without a preheader at /usr/lib/gcc/aarch64-linux-gnu/11/../../../../include/c++/11/bits/stl_algo.h:1846:7 @[ /usr/lib/gcc/aarch64-linux-gnu/11/../../../../include/c++/11/bits/stl_algo.h:1867:4 @[ /usr/lib/gcc/aarch64-linux-gnu/11/../../../../include/c++/11/bits/stl_algo.h:1957:4 @[ /usr/lib/gcc/aarch64-linux-gnu/11/../../../../include/c++/11/bits/stl_algo.h:4842:7 @[ /usr/lib/gcc/aarch64-linux-gnu/11/../../../../include/c++/11/bits/regex_compiler.h:511:2 ] ] ] ]. Skipping.
Found a loop without a preheader at /usr/lib/gcc/aarch64-linux-gnu/11/../../../../include/c++/11/bits/stl_algo.h:1824:7 @[ /usr/lib/gcc/aarch64-linux-gnu/11/../../../../include/c++/11/bits/stl_algo.h:1871:2 @[ /usr/lib/gcc/aarch64-linux-gnu/11/../../../../include/c++/11/bits/stl_algo.h:1957:4 @[ /usr/lib/gcc/aarch64-linux-gnu/11/../../../../include/c++/11/bits/stl_algo.h:4842:7 @[ /usr/lib/gcc/aarch64-linux-gnu/11/../../../../include/c++/11/bits/regex_compiler.h:511:2 ] ] ] ]. Skipping.
Found a loop without a preheader at /usr/lib/gcc/aarch64-linux-gnu/11/../../../../include/c++/11/bits/stl_construct.h:162:4 @[ /usr/lib/gcc/aarch64-linux-gnu/11/../../../../include/c++/11/bits/stl_construct.h:195:7 @[ /usr/lib/gcc/aarch64-linux-gnu/11/../../../../include/c++/11/bits/alloc_traits.h:848:7 @[ /usr/lib/gcc/aarch64-linux-gnu/11/../../../../include/c++/11/bits/stl_vector.h:680:2 @[ /usr/lib/gcc/aarch64-linux-gnu/11/../../../../include/c++/11/bits/regex_compiler.h:49:12 ] ] ] ]. Skipping.
Found a loop without a preheader at /usr/lib/gcc/aarch64-linux-gnu/11/../../../../include/c++/11/bits/stl_construct.h:162:4 @[ /usr/lib/gcc/aarch64-linux-gnu/11/../../../../include/c++/11/bits/stl_construct.h:195:7 @[ /usr/lib/gcc/aarch64-linux-gnu/11/../../../../include/c++/11/bits/alloc_traits.h:848:7 @[ /usr/lib/gcc/aarch64-linux-gnu/11/../../../../include/c++/11/bits/stl_vector.h:680:2 @[ /usr/lib/gcc/aarch64-linux-gnu/11/../../../../include/c++/11/bits/regex_compiler.h:49:12 ] ] ] ]. Skipping.
Found a loop without a preheader at /usr/lib/gcc/aarch64-linux-gnu/11/../../../../include/c++/11/bits/stl_construct.h:162:4 @[ /usr/lib/gcc/aarch64-linux-gnu/11/../../../../include/c++/11/bits/stl_construct.h:195:7 @[ /usr/lib/gcc/aarch64-linux-gnu/11/../../../../include/c++/11/bits/alloc_traits.h:848:7 @[ /usr/lib/gcc/aarch64-linux-gnu/11/../../../../include/c++/11/bits/stl_vector.h:680:2 ] ] ]. Skipping.
Found a loop without a preheader at /usr/lib/gcc/aarch64-linux-gnu/11/../../../../include/c++/11/bits/stl_construct.h:162:4 @[ /usr/lib/gcc/aarch64-linux-gnu/11/../../../../include/c++/11/bits/stl_construct.h:195:7 ]. Skipping.
Found a loop without a preheader at /usr/lib/gcc/aarch64-linux-gnu/11/../../../../include/c++/11/bits/regex_compiler.tcc:620:2. Skipping.
Found a loop without an exit block at /usr/lib/gcc/aarch64-linux-gnu/11/../../../../include/c++/11/bits/regex_compiler.tcc:611:2. Skipping.
Found a loop without a preheader at /usr/lib/gcc/aarch64-linux-gnu/11/../../../../include/c++/11/bits/stl_algobase.h:1459:7 @[ /usr/lib/gcc/aarch64-linux-gnu/11/../../../../include/c++/11/bits/stl_algo.h:2253:4 @[ /usr/lib/gcc/aarch64-linux-gnu/11/../../../../include/c++/11/bits/regex_compiler.tcc:607:6 ] ]. Skipping.
Found a loop without a preheader at /usr/lib/gcc/aarch64-linux-gnu/11/../../../../include/c++/11/bits/stl_uninitialized.h:91:8 @[ /usr/lib/gcc/aarch64-linux-gnu/11/../../../../include/c++/11/bits/stl_uninitialized.h:148:14 @[ /usr/lib/gcc/aarch64-linux-gnu/11/../../../../include/c++/11/bits/stl_uninitialized.h:333:14 @[ /usr/lib/gcc/aarch64-linux-gnu/11/../../../../include/c++/11/bits/stl_vector.h:558:4 ] ] ]. Skipping.
Found a loop without a preheader at /usr/lib/gcc/aarch64-linux-gnu/11/../../../../include/c++/11/bits/stl_algo.h:930:7 @[ /usr/lib/gcc/aarch64-linux-gnu/11/../../../../include/c++/11/bits/stl_algo.h:962:14 @[ /usr/lib/gcc/aarch64-linux-gnu/11/../../../../include/c++/11/bits/regex_compiler.h:512:15 ] ]. Skipping.
Found a loop without a preheader at /usr/lib/gcc/aarch64-linux-gnu/11/../../../../include/c++/11/bits/stl_algo.h:907:7 @[ /usr/lib/gcc/aarch64-linux-gnu/11/../../../../include/c++/11/bits/stl_algo.h:923:17 @[ /usr/lib/gcc/aarch64-linux-gnu/11/../../../../include/c++/11/bits/stl_algo.h:962:14 @[ /usr/lib/gcc/aarch64-linux-gnu/11/../../../../include/c++/11/bits/regex_compiler.h:512:15 ] ] ]. Skipping.
Found a loop without a preheader at /usr/lib/gcc/aarch64-linux-gnu/11/../../../../include/c++/11/bits/stl_algo.h:1846:7 @[ /usr/lib/gcc/aarch64-linux-gnu/11/../../../../include/c++/11/bits/stl_algo.h:1867:4 @[ /usr/lib/gcc/aarch64-linux-gnu/11/../../../../include/c++/11/bits/stl_algo.h:1957:4 @[ /usr/lib/gcc/aarch64-linux-gnu/11/../../../../include/c++/11/bits/stl_algo.h:4842:7 @[ /usr/lib/gcc/aarch64-linux-gnu/11/../../../../include/c++/11/bits/regex_compiler.h:511:2 ] ] ] ]. Skipping.
Found a loop without a preheader at /usr/lib/gcc/aarch64-linux-gnu/11/../../../../include/c++/11/bits/stl_algo.h:1824:7 @[ /usr/lib/gcc/aarch64-linux-gnu/11/../../../../include/c++/11/bits/stl_algo.h:1871:2 @[ /usr/lib/gcc/aarch64-linux-gnu/11/../../../../include/c++/11/bits/stl_algo.h:1957:4 @[ /usr/lib/gcc/aarch64-linux-gnu/11/../../../../include/c++/11/bits/stl_algo.h:4842:7 @[ /usr/lib/gcc/aarch64-linux-gnu/11/../../../../include/c++/11/bits/regex_compiler.h:511:2 ] ] ] ]. Skipping.
Found a loop without a preheader at /usr/lib/gcc/aarch64-linux-gnu/11/../../../../include/c++/11/bits/stl_construct.h:162:4 @[ /usr/lib/gcc/aarch64-linux-gnu/11/../../../../include/c++/11/bits/stl_construct.h:195:7 @[ /usr/lib/gcc/aarch64-linux-gnu/11/../../../../include/c++/11/bits/alloc_traits.h:848:7 @[ /usr/lib/gcc/aarch64-linux-gnu/11/../../../../include/c++/11/bits/stl_vector.h:680:2 @[ /usr/lib/gcc/aarch64-linux-gnu/11/../../../../include/c++/11/bits/regex_compiler.h:49:12 ] ] ] ]. Skipping.
Found a loop without a preheader at /usr/lib/gcc/aarch64-linux-gnu/11/../../../../include/c++/11/bits/regex_compiler.tcc:620:2. Skipping.
Found a loop without a preheader at /usr/lib/gcc/aarch64-linux-gnu/11/../../../../include/c++/11/bits/regex_compiler.tcc:611:2. Skipping.
Found a loop without a preheader at /usr/lib/gcc/aarch64-linux-gnu/11/../../../../include/c++/11/bits/stl_algobase.h:1459:7 @[ /usr/lib/gcc/aarch64-linux-gnu/11/../../../../include/c++/11/bits/stl_algo.h:2253:4 @[ /usr/lib/gcc/aarch64-linux-gnu/11/../../../../include/c++/11/bits/regex_compiler.tcc:607:6 ] ]. Skipping.
Found a loop without a preheader at /usr/lib/gcc/aarch64-linux-gnu/11/../../../../include/c++/11/bits/stl_construct.h:162:4 @[ /usr/lib/gcc/aarch64-linux-gnu/11/../../../../include/c++/11/bits/stl_construct.h:195:7 @[ /usr/lib/gcc/aarch64-linux-gnu/11/../../../../include/c++/11/bits/alloc_traits.h:848:7 @[ /usr/lib/gcc/aarch64-linux-gnu/11/../../../../include/c++/11/bits/stl_vector.h:680:2 @[ /usr/lib/gcc/aarch64-linux-gnu/11/../../../../include/c++/11/bits/regex_compiler.h:49:12 @[ /usr/lib/gcc/aarch64-linux-gnu/11/../../../../include/c++/11/bits/std_function.h:175:4 ] ] ] ] ]. Skipping.
Found a loop without a preheader at /usr/lib/gcc/aarch64-linux-gnu/11/../../../../include/c++/11/bits/stl_algo.h:930:7 @[ /usr/lib/gcc/aarch64-linux-gnu/11/../../../../include/c++/11/bits/stl_algo.h:962:14 @[ /usr/lib/gcc/aarch64-linux-gnu/11/../../../../include/c++/11/bits/regex_compiler.h:512:15 ] ]. Skipping.
Found a loop without a preheader at /usr/lib/gcc/aarch64-linux-gnu/11/../../../../include/c++/11/bits/stl_algo.h:907:7 @[ /usr/lib/gcc/aarch64-linux-gnu/11/../../../../include/c++/11/bits/stl_algo.h:923:17 @[ /usr/lib/gcc/aarch64-linux-gnu/11/../../../../include/c++/11/bits/stl_algo.h:962:14 @[ /usr/lib/gcc/aarch64-linux-gnu/11/../../../../include/c++/11/bits/regex_compiler.h:512:15 ] ] ]. Skipping.
Found a loop without a preheader at /usr/lib/gcc/aarch64-linux-gnu/11/../../../../include/c++/11/bits/stl_algo.h:1846:7 @[ /usr/lib/gcc/aarch64-linux-gnu/11/../../../../include/c++/11/bits/stl_algo.h:1867:4 @[ /usr/lib/gcc/aarch64-linux-gnu/11/../../../../include/c++/11/bits/stl_algo.h:1957:4 @[ /usr/lib/gcc/aarch64-linux-gnu/11/../../../../include/c++/11/bits/stl_algo.h:4842:7 @[ /usr/lib/gcc/aarch64-linux-gnu/11/../../../../include/c++/11/bits/regex_compiler.h:511:2 ] ] ] ]. Skipping.
Found a loop without a preheader at /usr/lib/gcc/aarch64-linux-gnu/11/../../../../include/c++/11/bits/stl_algo.h:1824:7 @[ /usr/lib/gcc/aarch64-linux-gnu/11/../../../../include/c++/11/bits/stl_algo.h:1871:2 @[ /usr/lib/gcc/aarch64-linux-gnu/11/../../../../include/c++/11/bits/stl_algo.h:1957:4 @[ /usr/lib/gcc/aarch64-linux-gnu/11/../../../../include/c++/11/bits/stl_algo.h:4842:7 @[ /usr/lib/gcc/aarch64-linux-gnu/11/../../../../include/c++/11/bits/regex_compiler.h:511:2 ] ] ] ]. Skipping.
Found a loop without a preheader at /usr/lib/gcc/aarch64-linux-gnu/11/../../../../include/c++/11/bits/stl_construct.h:162:4 @[ /usr/lib/gcc/aarch64-linux-gnu/11/../../../../include/c++/11/bits/stl_construct.h:195:7 @[ /usr/lib/gcc/aarch64-linux-gnu/11/../../../../include/c++/11/bits/alloc_traits.h:848:7 @[ /usr/lib/gcc/aarch64-linux-gnu/11/../../../../include/c++/11/bits/stl_vector.h:680:2 @[ /usr/lib/gcc/aarch64-linux-gnu/11/../../../../include/c++/11/bits/regex_compiler.h:49:12 ] ] ] ]. Skipping.
Found a loop without a preheader at /usr/lib/gcc/aarch64-linux-gnu/11/../../../../include/c++/11/bits/stl_construct.h:162:4 @[ /usr/lib/gcc/aarch64-linux-gnu/11/../../../../include/c++/11/bits/stl_construct.h:195:7 @[ /usr/lib/gcc/aarch64-linux-gnu/11/../../../../include/c++/11/bits/alloc_traits.h:848:7 @[ /usr/lib/gcc/aarch64-linux-gnu/11/../../../../include/c++/11/bits/stl_vector.h:680:2 @[ /usr/lib/gcc/aarch64-linux-gnu/11/../../../../include/c++/11/bits/regex_compiler.h:49:12 ] ] ] ]. Skipping.
Found a loop without a preheader at /usr/lib/gcc/aarch64-linux-gnu/11/../../../../include/c++/11/bits/regex_compiler.tcc:620:2. Skipping.
Found a loop without a preheader at /usr/lib/gcc/aarch64-linux-gnu/11/../../../../include/c++/11/bits/regex_compiler.tcc:611:2. Skipping.
Found a loop without a preheader at /usr/lib/gcc/aarch64-linux-gnu/11/../../../../include/c++/11/bits/stl_algobase.h:1459:7 @[ /usr/lib/gcc/aarch64-linux-gnu/11/../../../../include/c++/11/bits/stl_algo.h:2253:4 @[ /usr/lib/gcc/aarch64-linux-gnu/11/../../../../include/c++/11/bits/regex_compiler.tcc:607:6 ] ]. Skipping.
Found a loop without a preheader at /usr/lib/gcc/aarch64-linux-gnu/11/../../../../include/c++/11/bits/stl_construct.h:162:4 @[ /usr/lib/gcc/aarch64-linux-gnu/11/../../../../include/c++/11/bits/stl_construct.h:195:7 @[ /usr/lib/gcc/aarch64-linux-gnu/11/../../../../include/c++/11/bits/alloc_traits.h:848:7 @[ /usr/lib/gcc/aarch64-linux-gnu/11/../../../../include/c++/11/bits/stl_vector.h:680:2 @[ /usr/lib/gcc/aarch64-linux-gnu/11/../../../../include/c++/11/bits/regex_compiler.h:49:12 @[ /usr/lib/gcc/aarch64-linux-gnu/11/../../../../include/c++/11/bits/regex_compiler.tcc:435:5 ] ] ] ] ]. Skipping.
Found a loop without an exit block at /usr/lib/gcc/aarch64-linux-gnu/11/../../../../include/c++/11/bits/regex_compiler.tcc:427:7. Skipping.
Found a loop without an exit block at /usr/lib/gcc/aarch64-linux-gnu/11/../../../../include/c++/11/bits/regex_compiler.tcc:427:7. Skipping.
Found a loop without a preheader at /usr/lib/gcc/aarch64-linux-gnu/11/../../../../include/c++/11/bits/stl_construct.h:162:4 @[ /usr/lib/gcc/aarch64-linux-gnu/11/../../../../include/c++/11/bits/stl_construct.h:195:7 @[ /usr/lib/gcc/aarch64-linux-gnu/11/../../../../include/c++/11/bits/alloc_traits.h:848:7 @[ /usr/lib/gcc/aarch64-linux-gnu/11/../../../../include/c++/11/bits/stl_vector.h:680:2 @[ /usr/lib/gcc/aarch64-linux-gnu/11/../../../../include/c++/11/bits/regex_compiler.h:49:12 @[ /usr/lib/gcc/aarch64-linux-gnu/11/../../../../include/c++/11/bits/regex_compiler.tcc:435:5 ] ] ] ] ]. Skipping.
Found a loop without an exit block at /usr/lib/gcc/aarch64-linux-gnu/11/../../../../include/c++/11/bits/regex_compiler.tcc:427:7. Skipping.
Found a loop without an exit block at /usr/lib/gcc/aarch64-linux-gnu/11/../../../../include/c++/11/bits/regex_compiler.tcc:427:7. Skipping.
Found a loop without an exit block at /usr/lib/gcc/aarch64-linux-gnu/11/../../../../include/c++/11/bits/regex.tcc:266:7. Skipping.
Found a loop without an exit block at /usr/lib/gcc/aarch64-linux-gnu/11/../../../../include/c++/11/bits/regex.tcc:263:7. Skipping.
Found a loop without a preheader at /usr/lib/gcc/aarch64-linux-gnu/11/../../../../include/c++/11/bits/stl_uninitialized.h:1031:7 @[ /usr/lib/gcc/aarch64-linux-gnu/11/../../../../include/c++/11/bits/stl_uninitialized.h:1046:14 @[ /usr/lib/gcc/aarch64-linux-gnu/11/../../../../include/c++/11/bits/stl_vector.h:456:9 @[ /usr/lib/gcc/aarch64-linux-gnu/11/../../../../include/c++/11/bits/stl_vector.h:469:9 @[ /usr/lib/gcc/aarch64-linux-gnu/11/../../../../include/c++/11/bits/vector.tcc:466:23 ] ] ] ]. Skipping.
Found a loop without a preheader at /usr/lib/gcc/aarch64-linux-gnu/11/../../../../include/c++/11/bits/stl_uninitialized.h:1031:7 @[ /usr/lib/gcc/aarch64-linux-gnu/11/../../../../include/c++/11/bits/stl_uninitialized.h:1046:14 @[ /usr/lib/gcc/aarch64-linux-gnu/11/../../../../include/c++/11/bits/stl_vector.h:456:9 @[ /usr/lib/gcc/aarch64-linux-gnu/11/../../../../include/c++/11/bits/stl_vector.h:469:9 @[ /usr/lib/gcc/aarch64-linux-gnu/11/../../../../include/c++/11/bits/vector.tcc:461:23 ] ] ] ]. Skipping.
Found a loop without a preheader at /usr/lib/gcc/aarch64-linux-gnu/11/../../../../include/c++/11/bits/stl_deque.h:678:7 @[ /usr/lib/gcc/aarch64-linux-gnu/11/../../../../include/c++/11/bits/stl_deque.h:601:4 @[ /usr/lib/gcc/aarch64-linux-gnu/11/../../../../include/c++/11/bits/stl_deque.h:1007:65 @[ /usr/lib/gcc/aarch64-linux-gnu/11/../../../../include/c++/11/bits/stl_stack.h:99:11 @[ /usr/lib/gcc/aarch64-linux-gnu/11/../../../../include/c++/11/bits/regex_automaton.tcc:228:5 ] ] ] ]. Skipping.
Found a loop without a preheader at /usr/lib/gcc/aarch64-linux-gnu/11/../../../../include/c++/11/bits/regex_automaton.tcc:218:7. Skipping.
Found a loop without an exit block at /usr/lib/gcc/aarch64-linux-gnu/11/../../../../include/c++/11/bits/regex_automaton.tcc:200:7. Skipping.
Found a loop without a preheader at /usr/lib/gcc/aarch64-linux-gnu/11/../../../../include/c++/11/bits/stl_deque.h:678:7 @[ /usr/lib/gcc/aarch64-linux-gnu/11/../../../../include/c++/11/bits/stl_deque.h:601:4 @[ /usr/lib/gcc/aarch64-linux-gnu/11/../../../../include/c++/11/bits/stl_deque.h:1007:65 @[ /usr/lib/gcc/aarch64-linux-gnu/11/../../../../include/c++/11/bits/stl_stack.h:99:11 ] ] ]. Skipping.
Found a loop without a preheader at /usr/lib/gcc/aarch64-linux-gnu/11/../../../../include/c++/11/bits/stl_tree.h:2068:7 @[ /usr/lib/gcc/aarch64-linux-gnu/11/../../../../include/c++/11/bits/stl_tree.h:2193:13 ]. Skipping.
Found a loop without a preheader at /usr/lib/gcc/aarch64-linux-gnu/11/../../../../include/c++/11/bits/stl_tree.h:2068:7 @[ /usr/lib/gcc/aarch64-linux-gnu/11/../../../../include/c++/11/bits/stl_tree.h:2209:13 ]. Skipping.
Found a loop without a preheader at /usr/lib/gcc/aarch64-linux-gnu/11/../../../../include/c++/11/bits/stl_tree.h:1887:7. Skipping.
Found a loop without a preheader at /usr/lib/gcc/aarch64-linux-gnu/11/../../../../include/c++/11/bits/stl_deque.h:678:7 @[ /usr/lib/gcc/aarch64-linux-gnu/11/../../../../include/c++/11/bits/stl_deque.h:667:4 ]. Skipping.
Found a loop without a preheader at /usr/lib/gcc/aarch64-linux-gnu/11/../../../../include/c++/11/bits/stl_deque.h:662:4. Skipping.
Found a loop without a preheader at /usr/lib/gcc/aarch64-linux-gnu/11/../../../../include/c++/11/bits/regex.tcc:649:7. Skipping.
Found a loop without a preheader at /usr/lib/gcc/aarch64-linux-gnu/11/../../../../include/c++/11/bits/regex.tcc:86:4. Skipping.
Found a loop without a preheader at /usr/lib/gcc/aarch64-linux-gnu/11/../../../../include/c++/11/bits/stl_construct.h:162:4 @[ /usr/lib/gcc/aarch64-linux-gnu/11/../../../../include/c++/11/bits/stl_construct.h:195:7 @[ /usr/lib/gcc/aarch64-linux-gnu/11/../../../../include/c++/11/bits/alloc_traits.h:848:7 @[ /usr/lib/gcc/aarch64-linux-gnu/11/../../../../include/c++/11/bits/stl_vector.h:680:2 @[ /usr/lib/gcc/aarch64-linux-gnu/11/../../../../include/c++/11/bits/regex_executor.h:236:9 @[ /usr/lib/gcc/aarch64-linux-gnu/11/../../../../include/c++/11/bits/regex.h:59:11 @[ /usr/lib/gcc/aarch64-linux-gnu/11/../../../../include/c++/11/bits/regex.tcc:74:2 ] ] ] ] ] ]. Skipping.
Found a loop without an exit block at /usr/lib/gcc/aarch64-linux-gnu/11/../../../../include/c++/11/bits/regex_executor.tcc:47:7 @[ /usr/lib/gcc/aarch64-linux-gnu/11/../../../../include/c++/11/bits/regex.tcc:73:25 ]. Skipping.
Found a loop without a preheader at /usr/lib/gcc/aarch64-linux-gnu/11/../../../../include/c++/11/bits/stl_construct.h:162:4 @[ /usr/lib/gcc/aarch64-linux-gnu/11/../../../../include/c++/11/bits/stl_construct.h:195:7 @[ /usr/lib/gcc/aarch64-linux-gnu/11/../../../../include/c++/11/bits/alloc_traits.h:848:7 @[ /usr/lib/gcc/aarch64-linux-gnu/11/../../../../include/c++/11/bits/stl_vector.h:680:2 @[ /usr/lib/gcc/aarch64-linux-gnu/11/../../../../include/c++/11/bits/regex_executor.h:236:9 @[ /usr/lib/gcc/aarch64-linux-gnu/11/../../../../include/c++/11/bits/regex.h:59:11 ] ] ] ] ]. Skipping.
Found a loop without an exit block at /usr/lib/gcc/aarch64-linux-gnu/11/../../../../include/c++/11/bits/regex_executor.tcc:47:7. Skipping.
Found a loop without a preheader at /usr/lib/gcc/aarch64-linux-gnu/11/../../../../include/c++/11/bits/stl_uninitialized.h:236:8 @[ /usr/lib/gcc/aarch64-linux-gnu/11/../../../../include/c++/11/bits/stl_uninitialized.h:296:14 @[ /usr/lib/gcc/aarch64-linux-gnu/11/../../../../include/c++/11/bits/stl_uninitialized.h:410:14 @[ /usr/lib/gcc/aarch64-linux-gnu/11/../../../../include/c++/11/bits/vector.tcc:271:6 ] ] ]. Skipping.
Found a loop without a preheader at /usr/lib/gcc/aarch64-linux-gnu/11/../../../../include/c++/11/bits/stl_construct.h:162:4 @[ /usr/lib/gcc/aarch64-linux-gnu/11/../../../../include/c++/11/bits/stl_construct.h:195:7 @[ /usr/lib/gcc/aarch64-linux-gnu/11/../../../../include/c++/11/bits/alloc_traits.h:848:7 @[ /usr/lib/gcc/aarch64-linux-gnu/11/../../../../include/c++/11/bits/stl_vector.h:680:2 ] ] ]. Skipping.
Found a loop without a preheader at /usr/lib/gcc/aarch64-linux-gnu/11/../../../../include/c++/11/bits/stl_construct.h:162:4 @[ /usr/lib/gcc/aarch64-linux-gnu/11/../../../../include/c++/11/bits/stl_construct.h:195:7 @[ /usr/lib/gcc/aarch64-linux-gnu/11/../../../../include/c++/11/bits/alloc_traits.h:848:7 @[ /usr/lib/gcc/aarch64-linux-gnu/11/../../../../include/c++/11/bits/stl_vector.h:1796:6 @[ /usr/lib/gcc/aarch64-linux-gnu/11/../../../../include/c++/11/bits/stl_vector.h:1499:9 @[ /usr/lib/gcc/aarch64-linux-gnu/11/../../../../include/c++/11/bits/regex_executor.tcc:140:32 ] ] ] ] ]. Skipping.
Found a loop without an exit block at /usr/lib/gcc/aarch64-linux-gnu/11/../../../../include/c++/11/bits/regex_executor.tcc:120:7. Skipping.
Found a loop without a preheader at /usr/lib/gcc/aarch64-linux-gnu/11/../../../../include/c++/11/bits/stl_uninitialized.h:91:8 @[ /usr/lib/gcc/aarch64-linux-gnu/11/../../../../include/c++/11/bits/stl_uninitialized.h:148:14 @[ /usr/lib/gcc/aarch64-linux-gnu/11/../../../../include/c++/11/bits/stl_uninitialized.h:333:14 @[ /usr/lib/gcc/aarch64-linux-gnu/11/../../../../include/c++/11/bits/stl_vector.h:558:4 @[ /usr/lib/gcc/aarch64-linux-gnu/11/../../../../include/c++/11/bits/stl_pair.h:323:41 @[ /usr/lib/gcc/aarch64-linux-gnu/11/../../../../include/c++/11/ext/new_allocator.h:162:23 @[ /usr/lib/gcc/aarch64-linux-gnu/11/../../../../include/c++/11/bits/alloc_traits.h:516:8 @[ /usr/lib/gcc/aarch64-linux-gnu/11/../../../../include/c++/11/bits/vector.tcc:115:6 @[ /usr/lib/gcc/aarch64-linux-gnu/11/../../../../include/c++/11/bits/regex_executor.h:255:21 @[ /usr/lib/gcc/aarch64-linux-gnu/11/../../../../include/c++/11/bits/regex_executor.tcc:118:17 ] ] ] ] ] ] ] ] ]. Skipping.
Found a loop without an exit block at /usr/lib/gcc/aarch64-linux-gnu/11/../../../../include/c++/11/bits/regex_executor.h:248:10 @[ /usr/lib/gcc/aarch64-linux-gnu/11/../../../../include/c++/11/bits/regex_executor.tcc:509:21 ]. Skipping.
Found a loop without a preheader at /usr/lib/gcc/aarch64-linux-gnu/11/../../../../include/c++/11/bits/stl_uninitialized.h:1031:7 @[ /usr/lib/gcc/aarch64-linux-gnu/11/../../../../include/c++/11/bits/stl_uninitialized.h:1046:14 @[ /usr/lib/gcc/aarch64-linux-gnu/11/../../../../include/c++/11/bits/stl_vector.h:456:9 @[ /usr/lib/gcc/aarch64-linux-gnu/11/../../../../include/c++/11/bits/stl_vector.h:469:9 @[ /usr/lib/gcc/aarch64-linux-gnu/11/../../../../include/c++/11/bits/vector.tcc:466:23 ] ] ] ]. Skipping.
Found a loop without a preheader at /usr/lib/gcc/aarch64-linux-gnu/11/../../../../include/c++/11/bits/stl_uninitialized.h:1031:7 @[ /usr/lib/gcc/aarch64-linux-gnu/11/../../../../include/c++/11/bits/stl_uninitialized.h:1046:14 @[ /usr/lib/gcc/aarch64-linux-gnu/11/../../../../include/c++/11/bits/stl_vector.h:456:9 @[ /usr/lib/gcc/aarch64-linux-gnu/11/../../../../include/c++/11/bits/stl_vector.h:469:9 @[ /usr/lib/gcc/aarch64-linux-gnu/11/../../../../include/c++/11/bits/vector.tcc:461:23 ] ] ] ]. Skipping.
Found a loop without a preheader at /usr/lib/gcc/aarch64-linux-gnu/11/../../../../include/c++/11/bits/stl_uninitialized.h:91:8 @[ /usr/lib/gcc/aarch64-linux-gnu/11/../../../../include/c++/11/bits/stl_uninitialized.h:148:14 @[ /usr/lib/gcc/aarch64-linux-gnu/11/../../../../include/c++/11/bits/stl_uninitialized.h:333:14 @[ /usr/lib/gcc/aarch64-linux-gnu/11/../../../../include/c++/11/bits/stl_vector.h:558:4 @[ /usr/lib/gcc/aarch64-linux-gnu/11/../../../../include/c++/11/bits/stl_pair.h:323:41 @[ /usr/lib/gcc/aarch64-linux-gnu/11/../../../../include/c++/11/ext/new_allocator.h:162:23 @[ /usr/lib/gcc/aarch64-linux-gnu/11/../../../../include/c++/11/bits/alloc_traits.h:516:8 @[ /usr/lib/gcc/aarch64-linux-gnu/11/../../../../include/c++/11/bits/vector.tcc:449:4 ] ] ] ] ] ] ]. Skipping.
Found a loop without a preheader at /usr/lib/gcc/aarch64-linux-gnu/11/../../../../include/c++/11/bits/stl_uninitialized.h:91:8 @[ /usr/lib/gcc/aarch64-linux-gnu/11/../../../../include/c++/11/bits/stl_uninitialized.h:148:14 @[ /usr/lib/gcc/aarch64-linux-gnu/11/../../../../include/c++/11/bits/stl_uninitialized.h:333:14 @[ /usr/lib/gcc/aarch64-linux-gnu/11/../../../../include/c++/11/bits/stl_vector.h:558:4 @[ /usr/lib/gcc/aarch64-linux-gnu/11/../../../../include/c++/11/bits/stl_pair.h:323:41 @[ /usr/lib/gcc/aarch64-linux-gnu/11/../../../../include/c++/11/ext/new_allocator.h:162:23 @[ /usr/lib/gcc/aarch64-linux-gnu/11/../../../../include/c++/11/bits/alloc_traits.h:516:8 @[ /usr/lib/gcc/aarch64-linux-gnu/11/../../../../include/c++/11/bits/vector.tcc:115:6 @[ /usr/lib/gcc/aarch64-linux-gnu/11/../../../../include/c++/11/bits/regex_executor.h:255:21 @[ /usr/lib/gcc/aarch64-linux-gnu/11/../../../../include/c++/11/bits/regex_executor.tcc:335:14 ] ] ] ] ] ] ] ] ]. Skipping.
Found a loop without an exit block at /usr/lib/gcc/aarch64-linux-gnu/11/../../../../include/c++/11/bits/regex_executor.tcc:402:7. Skipping.
Found a loop without a preheader at /usr/lib/gcc/aarch64-linux-gnu/11/../../../../include/c++/11/bits/stl_construct.h:162:4 @[ /usr/lib/gcc/aarch64-linux-gnu/11/../../../../include/c++/11/bits/stl_construct.h:195:7 @[ /usr/lib/gcc/aarch64-linux-gnu/11/../../../../include/c++/11/bits/alloc_traits.h:848:7 @[ /usr/lib/gcc/aarch64-linux-gnu/11/../../../../include/c++/11/bits/stl_vector.h:680:2 @[ /usr/lib/gcc/aarch64-linux-gnu/11/../../../../include/c++/11/bits/regex_executor.h:236:9 @[ /usr/lib/gcc/aarch64-linux-gnu/11/../../../../include/c++/11/bits/regex.h:59:11 @[ /usr/lib/gcc/aarch64-linux-gnu/11/../../../../include/c++/11/bits/regex_executor.tcc:164:5 ] ] ] ] ] ]. Skipping.
Found a loop without a preheader at /usr/lib/gcc/aarch64-linux-gnu/11/../../../../include/c++/11/bits/regex_executor.tcc:158:4. Skipping.
Found a loop without a preheader at /usr/lib/gcc/aarch64-linux-gnu/11/../../../../include/c++/11/bits/stl_uninitialized.h:91:8 @[ /usr/lib/gcc/aarch64-linux-gnu/11/../../../../include/c++/11/bits/stl_uninitialized.h:148:14 @[ /usr/lib/gcc/aarch64-linux-gnu/11/../../../../include/c++/11/bits/stl_uninitialized.h:333:14 @[ /usr/lib/gcc/aarch64-linux-gnu/11/../../../../include/c++/11/bits/stl_vector.h:558:4 @[ /usr/lib/gcc/aarch64-linux-gnu/11/../../../../include/c++/11/bits/regex_executor.tcc:153:19 ] ] ] ]. Skipping.
Found a loop without a preheader at /usr/lib/gcc/aarch64-linux-gnu/11/../../../../include/c++/11/bits/stl_uninitialized.h:91:8 @[ /usr/lib/gcc/aarch64-linux-gnu/11/../../../../include/c++/11/bits/stl_uninitialized.h:148:14 @[ /usr/lib/gcc/aarch64-linux-gnu/11/../../../../include/c++/11/bits/stl_uninitialized.h:333:14 @[ /usr/lib/gcc/aarch64-linux-gnu/11/../../../../include/c++/11/bits/vector.tcc:245:8 ] ] ]. Skipping.
Found a loop without an exit block at /usr/lib/gcc/aarch64-linux-gnu/11/../../../../include/c++/11/bits/regex_executor.tcc:512:7. Skipping.
Found a loop without an exit block at /usr/lib/gcc/aarch64-linux-gnu/11/../../../../include/c++/11/bits/regex_executor.tcc:402:7. Skipping.
Found a loop without a preheader at /usr/lib/gcc/aarch64-linux-gnu/11/../../../../include/c++/11/bits/regex_executor.tcc:158:4. Skipping.
Found a loop without a preheader at /usr/lib/gcc/aarch64-linux-gnu/11/../../../../include/c++/11/bits/stl_uninitialized.h:91:8 @[ /usr/lib/gcc/aarch64-linux-gnu/11/../../../../include/c++/11/bits/stl_uninitialized.h:148:14 @[ /usr/lib/gcc/aarch64-linux-gnu/11/../../../../include/c++/11/bits/stl_uninitialized.h:333:14 @[ /usr/lib/gcc/aarch64-linux-gnu/11/../../../../include/c++/11/bits/stl_vector.h:558:4 @[ /usr/lib/gcc/aarch64-linux-gnu/11/../../../../include/c++/11/bits/regex_executor.tcc:153:19 ] ] ] ]. Skipping.
Found a loop without a preheader at /usr/lib/gcc/aarch64-linux-gnu/11/../../../../include/c++/11/bits/stl_iterator_base_funcs.h:87:7 @[ /usr/lib/gcc/aarch64-linux-gnu/11/../../../../include/c++/11/bits/stl_iterator_base_funcs.h:141:14 ]. Skipping.
Found a loop without a preheader at /usr/lib/gcc/aarch64-linux-gnu/11/../../../../include/c++/11/bits/stl_uninitialized.h:91:8 @[ /usr/lib/gcc/aarch64-linux-gnu/11/../../../../include/c++/11/bits/stl_uninitialized.h:148:14 @[ /usr/lib/gcc/aarch64-linux-gnu/11/../../../../include/c++/11/bits/stl_uninitialized.h:333:14 @[ /usr/lib/gcc/aarch64-linux-gnu/11/../../../../include/c++/11/bits/stl_vector.h:558:4 @[ /usr/lib/gcc/aarch64-linux-gnu/11/../../../../include/c++/11/bits/regex.h:1766:7 @[ /usr/lib/gcc/aarch64-linux-gnu/11/../../../../include/c++/11/bits/regex.h:2704:7 @[ /usr/lib/gcc/aarch64-linux-gnu/11/../../../../include/c++/11/bits/regex.tcc:614:26 ] ] ] ] ] ]. Skipping.
Found a loop without an exit block at /usr/lib/gcc/aarch64-linux-gnu/11/../../../../include/c++/11/bits/stl_uninitialized.h:91:8. Skipping.
Found a loop without a preheader at /usr/lib/gcc/aarch64-linux-gnu/11/../../../../include/c++/11/bits/stl_construct.h:162:4 @[ /usr/lib/gcc/aarch64-linux-gnu/11/../../../../include/c++/11/bits/stl_construct.h:195:7 @[ /usr/lib/gcc/aarch64-linux-gnu/11/../../../../include/c++/11/bits/alloc_traits.h:848:7 @[ /usr/lib/gcc/aarch64-linux-gnu/11/../../../../include/c++/11/bits/stl_vector.h:680:2 @[ /opt/ros/humble/include/class_loader/class_loader/multi_library_class_loader.hpp:239:3 ] ] ] ]. Skipping.
Found a loop without an exit block at /opt/ros/humble/include/class_loader/class_loader/multi_library_class_loader.hpp:259:5. Skipping.
Found a loop without a preheader at /usr/lib/gcc/aarch64-linux-gnu/11/../../../../include/c++/11/bits/stl_construct.h:162:4 @[ /usr/lib/gcc/aarch64-linux-gnu/11/../../../../include/c++/11/bits/stl_construct.h:195:7 @[ /usr/lib/gcc/aarch64-linux-gnu/11/../../../../include/c++/11/bits/alloc_traits.h:848:7 @[ /usr/lib/gcc/aarch64-linux-gnu/11/../../../../include/c++/11/bits/stl_vector.h:680:2 @[ /opt/ros/humble/include/class_loader/class_loader/class_loader_core.hpp:357:1 ] ] ] ]. Skipping.
Found a loop without an exit block at /opt/ros/humble/include/class_loader/class_loader/class_loader_core.hpp:344:3. Skipping.
Found a loop without a preheader at /usr/lib/gcc/aarch64-linux-gnu/11/../../../../include/c++/11/bits/stl_construct.h:162:4 @[ /usr/lib/gcc/aarch64-linux-gnu/11/../../../../include/c++/11/bits/stl_construct.h:195:7 @[ /usr/lib/gcc/aarch64-linux-gnu/11/../../../../include/c++/11/bits/alloc_traits.h:848:7 @[ /usr/lib/gcc/aarch64-linux-gnu/11/../../../../include/c++/11/bits/vector.tcc:793:3 ] ] ]. Skipping.
Found a loop without a preheader at /usr/lib/gcc/aarch64-linux-gnu/11/../../../../include/c++/11/bits/stl_uninitialized.h:91:8 @[ /usr/lib/gcc/aarch64-linux-gnu/11/../../../../include/c++/11/bits/stl_uninitialized.h:148:14 @[ /usr/lib/gcc/aarch64-linux-gnu/11/../../../../include/c++/11/bits/stl_uninitialized.h:333:14 @[ /usr/lib/gcc/aarch64-linux-gnu/11/../../../../include/c++/11/bits/stl_uninitialized.h:354:14 @[ /usr/lib/gcc/aarch64-linux-gnu/11/../../../../include/c++/11/bits/vector.tcc:782:11 ] ] ] ]. Skipping.
Found a loop without a preheader at /usr/lib/gcc/aarch64-linux-gnu/11/../../../../include/c++/11/bits/stl_construct.h:162:4 @[ /usr/lib/gcc/aarch64-linux-gnu/11/../../../../include/c++/11/bits/stl_construct.h:195:7 @[ /usr/lib/gcc/aarch64-linux-gnu/11/../../../../include/c++/11/bits/alloc_traits.h:848:7 @[ /usr/lib/gcc/aarch64-linux-gnu/11/../../../../include/c++/11/bits/vector.tcc:788:7 ] ] ]. Skipping.
Found a loop without a preheader at /usr/lib/gcc/aarch64-linux-gnu/11/../../../../include/c++/11/bits/stl_uninitialized.h:91:8 @[ /usr/lib/gcc/aarch64-linux-gnu/11/../../../../include/c++/11/bits/stl_uninitialized.h:148:14 @[ /usr/lib/gcc/aarch64-linux-gnu/11/../../../../include/c++/11/bits/stl_uninitialized.h:333:14 @[ /usr/lib/gcc/aarch64-linux-gnu/11/../../../../include/c++/11/bits/stl_uninitialized.h:354:14 @[ /usr/lib/gcc/aarch64-linux-gnu/11/../../../../include/c++/11/bits/vector.tcc:774:11 ] ] ] ]. Skipping.
Found a loop without a preheader at /usr/lib/gcc/aarch64-linux-gnu/11/../../../../include/c++/11/bits/stl_algobase.h:383:4 @[ /usr/lib/gcc/aarch64-linux-gnu/11/../../../../include/c++/11/bits/stl_algobase.h:494:14 @[ /usr/lib/gcc/aarch64-linux-gnu/11/../../../../include/c++/11/bits/stl_algobase.h:522:14 @[ /usr/lib/gcc/aarch64-linux-gnu/11/../../../../include/c++/11/bits/stl_algobase.h:530:3 @[ /usr/lib/gcc/aarch64-linux-gnu/11/../../../../include/c++/11/bits/stl_algobase.h:619:14 @[ /usr/lib/gcc/aarch64-linux-gnu/11/../../../../include/c++/11/bits/vector.tcc:744:7 ] ] ] ] ]. Skipping.
Found a loop without a preheader at /usr/lib/gcc/aarch64-linux-gnu/11/../../../../include/c++/11/bits/stl_algobase.h:718:4 @[ /usr/lib/gcc/aarch64-linux-gnu/11/../../../../include/c++/11/bits/stl_algobase.h:758:14 @[ /usr/lib/gcc/aarch64-linux-gnu/11/../../../../include/c++/11/bits/stl_algobase.h:769:14 @[ /usr/lib/gcc/aarch64-linux-gnu/11/../../../../include/c++/11/bits/stl_algobase.h:799:3 @[ /usr/lib/gcc/aarch64-linux-gnu/11/../../../../include/c++/11/bits/stl_algobase.h:894:14 @[ /usr/lib/gcc/aarch64-linux-gnu/11/../../../../include/c++/11/bits/vector.tcc:742:7 ] ] ] ] ]. Skipping.
Found a loop without a preheader at /usr/lib/gcc/aarch64-linux-gnu/11/../../../../include/c++/11/bits/stl_uninitialized.h:91:8 @[ /usr/lib/gcc/aarch64-linux-gnu/11/../../../../include/c++/11/bits/stl_uninitialized.h:148:14 @[ /usr/lib/gcc/aarch64-linux-gnu/11/../../../../include/c++/11/bits/stl_uninitialized.h:333:14 @[ /usr/lib/gcc/aarch64-linux-gnu/11/../../../../include/c++/11/bits/stl_uninitialized.h:341:14 @[ /usr/lib/gcc/aarch64-linux-gnu/11/../../../../include/c++/11/bits/vector.tcc:736:7 ] ] ] ]. Skipping.
Found a loop without a preheader at /usr/lib/gcc/aarch64-linux-gnu/11/../../../../include/c++/11/bits/stl_algobase.h:383:4 @[ /usr/lib/gcc/aarch64-linux-gnu/11/../../../../include/c++/11/bits/stl_algobase.h:494:14 @[ /usr/lib/gcc/aarch64-linux-gnu/11/../../../../include/c++/11/bits/stl_algobase.h:522:14 @[ /usr/lib/gcc/aarch64-linux-gnu/11/../../../../include/c++/11/bits/stl_algobase.h:530:3 @[ /usr/lib/gcc/aarch64-linux-gnu/11/../../../../include/c++/11/bits/stl_algobase.h:619:14 @[ /usr/lib/gcc/aarch64-linux-gnu/11/../../../../include/c++/11/bits/vector.tcc:762:7 ] ] ] ] ]. Skipping.
Found a loop without a preheader at /usr/lib/gcc/aarch64-linux-gnu/11/../../../../include/c++/11/bits/stl_uninitialized.h:91:8 @[ /usr/lib/gcc/aarch64-linux-gnu/11/../../../../include/c++/11/bits/stl_uninitialized.h:148:14 @[ /usr/lib/gcc/aarch64-linux-gnu/11/../../../../include/c++/11/bits/stl_uninitialized.h:333:14 @[ /usr/lib/gcc/aarch64-linux-gnu/11/../../../../include/c++/11/bits/stl_uninitialized.h:341:14 @[ /usr/lib/gcc/aarch64-linux-gnu/11/../../../../include/c++/11/bits/vector.tcc:756:7 ] ] ] ]. Skipping.
Found a loop without a preheader at /usr/lib/gcc/aarch64-linux-gnu/11/../../../../include/c++/11/bits/stl_uninitialized.h:91:8. Skipping.
Found a loop without a preheader at /usr/lib/gcc/aarch64-linux-gnu/11/../../../../include/c++/11/bits/stl_construct.h:162:4 @[ /usr/lib/gcc/aarch64-linux-gnu/11/../../../../include/c++/11/bits/stl_construct.h:195:7 @[ /usr/lib/gcc/aarch64-linux-gnu/11/../../../../include/c++/11/bits/alloc_traits.h:848:7 @[ /usr/lib/gcc/aarch64-linux-gnu/11/../../../../include/c++/11/bits/stl_vector.h:680:2 @[ /opt/ros/humble/include/pluginlib/pluginlib/./class_loader_imp.hpp:547:1 ] ] ] ]. Skipping.
Found a loop without an exit block at /opt/ros/humble/include/pluginlib/pluginlib/./class_loader_imp.hpp:541:3. Skipping.
Found a loop without a preheader at /usr/lib/gcc/aarch64-linux-gnu/11/../../../../include/c++/11/bits/basic_string.h:239:6 @[ /usr/lib/gcc/aarch64-linux-gnu/11/../../../../include/c++/11/bits/basic_string.h:672:9 @[ /opt/ros/humble/include/pluginlib/pluginlib/./class_loader_imp.hpp:371:47 ] ]. Skipping.
Found a loop without a preheader at /usr/lib/gcc/aarch64-linux-gnu/11/../../../../include/c++/11/bits/stl_construct.h:162:4 @[ /usr/lib/gcc/aarch64-linux-gnu/11/../../../../include/c++/11/bits/stl_construct.h:195:7 @[ /usr/lib/gcc/aarch64-linux-gnu/11/../../../../include/c++/11/bits/alloc_traits.h:848:7 @[ /usr/lib/gcc/aarch64-linux-gnu/11/../../../../include/c++/11/bits/stl_vector.h:680:2 @[ /opt/ros/humble/include/pluginlib/pluginlib/./class_loader_imp.hpp:431:1 ] ] ] ]. Skipping.
Found a loop without a preheader at /opt/ros/humble/include/pluginlib/pluginlib/./class_loader_imp.hpp:423:3. Skipping.
Found a loop without a preheader at /usr/lib/gcc/aarch64-linux-gnu/11/../../../../include/c++/11/bits/stl_construct.h:162:4 @[ /usr/lib/gcc/aarch64-linux-gnu/11/../../../../include/c++/11/bits/stl_construct.h:195:7 @[ /usr/lib/gcc/aarch64-linux-gnu/11/../../../../include/c++/11/bits/alloc_traits.h:848:7 @[ /usr/lib/gcc/aarch64-linux-gnu/11/../../../../include/c++/11/bits/stl_vector.h:680:2 @[ /opt/ros/humble/include/pluginlib/pluginlib/./class_loader_imp.hpp:419:3 ] ] ] ]. Skipping.
Found a loop without a preheader at /usr/lib/gcc/aarch64-linux-gnu/11/../../../../include/c++/11/bits/stl_construct.h:162:4 @[ /usr/lib/gcc/aarch64-linux-gnu/11/../../../../include/c++/11/bits/stl_construct.h:195:7 @[ /usr/lib/gcc/aarch64-linux-gnu/11/../../../../include/c++/11/bits/alloc_traits.h:848:7 @[ /usr/lib/gcc/aarch64-linux-gnu/11/../../../../include/c++/11/bits/stl_vector.h:680:2 @[ /opt/ros/humble/include/pluginlib/pluginlib/./class_loader_imp.hpp:419:3 ] ] ] ]. Skipping.
Found a loop without an exit block at /opt/ros/humble/include/pluginlib/pluginlib/./class_loader_imp.hpp:411:5. Skipping.
Found a loop without a preheader at /usr/lib/gcc/aarch64-linux-gnu/11/../../../../include/c++/11/bits/basic_string.h:239:6 @[ /usr/lib/gcc/aarch64-linux-gnu/11/../../../../include/c++/11/bits/basic_string.h:672:9 @[ /opt/ros/humble/include/pluginlib/pluginlib/./class_loader_imp.hpp:404:65 ] ]. Skipping.
Found a loop without a preheader at /usr/lib/gcc/aarch64-linux-gnu/11/../../../../include/c++/11/bits/basic_string.h:239:6 @[ /usr/lib/gcc/aarch64-linux-gnu/11/../../../../include/c++/11/bits/basic_string.h:672:9 @[ /opt/ros/humble/include/pluginlib/pluginlib/./class_loader_imp.hpp:398:59 ] ]. Skipping.
Found a loop without a preheader at /usr/lib/gcc/aarch64-linux-gnu/11/../../../../include/c++/11/bits/stl_uninitialized.h:91:8. Skipping.
Found a loop without a preheader at /usr/lib/gcc/aarch64-linux-gnu/11/../../../../include/c++/11/bits/stl_tree.h:1887:7. Skipping.
Found a loop without a preheader at /usr/lib/gcc/aarch64-linux-gnu/11/../../../../include/c++/11/bits/hashtable_policy.h:1912:7 @[ /usr/lib/gcc/aarch64-linux-gnu/11/../../../../include/c++/11/bits/hashtable.h:2320:13 @[ /usr/lib/gcc/aarch64-linux-gnu/11/../../../../include/c++/11/bits/hashtable.h:1532:7 @[ /usr/lib/gcc/aarch64-linux-gnu/11/../../../../include/c++/11/bits/unordered_map.h:102:11 @[ install/autoware_utils_system/include/autoware_utils_system/stop_watch.hpp:27:7 @[ src/core/autoware_core/planning/motion_velocity_planner/autoware_motion_velocity_planner/src/node.cpp:220:1 ] ] ] ] ]. Skipping.
Found a loop without a preheader at /usr/lib/gcc/aarch64-linux-gnu/11/../../../../include/c++/11/bits/stl_construct.h:162:4 @[ /usr/lib/gcc/aarch64-linux-gnu/11/../../../../include/c++/11/bits/stl_construct.h:195:7 @[ /usr/lib/gcc/aarch64-linux-gnu/11/../../../../include/c++/11/bits/alloc_traits.h:848:7 @[ /usr/lib/gcc/aarch64-linux-gnu/11/../../../../include/c++/11/bits/stl_vector.h:680:2 @[ /usr/include/boost/container/detail/std_fwd.hpp:39:8 @[ install/autoware_motion_velocity_planner_common/include/autoware/motion_velocity_planner_common/planner_data.hpp:241:5 ] ] ] ] ]. Skipping.
Found a loop without an exit block at src/core/autoware_core/planning/motion_velocity_planner/autoware_motion_velocity_planner/src/node.cpp:278:3. Skipping.
Found a loop without a preheader at /usr/lib/gcc/aarch64-linux-gnu/11/../../../../include/c++/11/bits/hashtable_policy.h:1912:7 @[ /usr/lib/gcc/aarch64-linux-gnu/11/../../../../include/c++/11/bits/hashtable.h:2320:13 @[ /usr/lib/gcc/aarch64-linux-gnu/11/../../../../include/c++/11/bits/hashtable.h:1532:7 @[ /usr/lib/gcc/aarch64-linux-gnu/11/../../../../include/c++/11/bits/unordered_map.h:102:11 @[ install/autoware_utils_system/include/autoware_utils_system/stop_watch.hpp:27:7 ] ] ] ]. Skipping.
Found a loop without a preheader at /usr/lib/gcc/aarch64-linux-gnu/11/../../../../include/c++/11/bits/hashtable_policy.h:1912:7 @[ /usr/lib/gcc/aarch64-linux-gnu/11/../../../../include/c++/11/bits/hashtable.h:2320:13 @[ /usr/lib/gcc/aarch64-linux-gnu/11/../../../../include/c++/11/bits/hashtable.h:1532:7 @[ /usr/lib/gcc/aarch64-linux-gnu/11/../../../../include/c++/11/bits/unordered_map.h:102:11 ] ] ]. Skipping.
Found a loop without an exit block at /usr/lib/gcc/aarch64-linux-gnu/11/../../../../include/c++/11/bits/hashtable.h:1837:7 @[ /usr/lib/gcc/aarch64-linux-gnu/11/../../../../include/c++/11/bits/hashtable.h:810:31 @[ /usr/lib/gcc/aarch64-linux-gnu/11/../../../../include/c++/11/bits/hashtable_policy.h:704:30 ] ]. Skipping.
Found a loop without a preheader at /usr/lib/gcc/aarch64-linux-gnu/11/../../../../include/c++/11/bits/hashtable.h:2386:7. Skipping.
Found a loop without an exit block at /usr/lib/gcc/aarch64-linux-gnu/11/../../../../include/c++/11/bits/hashtable.h:1837:7 @[ /usr/lib/gcc/aarch64-linux-gnu/11/../../../../include/c++/11/bits/hashtable.h:810:31 @[ /usr/lib/gcc/aarch64-linux-gnu/11/../../../../include/c++/11/bits/hashtable.h:1595:23 @[ /usr/lib/gcc/aarch64-linux-gnu/11/../../../../include/c++/11/bits/hashtable_policy.h:756:25 @[ /usr/lib/gcc/aarch64-linux-gnu/11/../../../../include/c++/11/bits/unordered_map.h:997:21 @[ install/autoware_utils_system/include/autoware_utils_system/stop_watch.hpp:38:35 @[ install/autoware_utils_system/include/autoware_utils_system/stop_watch.hpp:51:68 ] ] ] ] ] ]. Skipping.
Found a loop without a preheader at /usr/lib/gcc/aarch64-linux-gnu/11/../../../../include/c++/11/bits/stl_construct.h:162:4 @[ /usr/lib/gcc/aarch64-linux-gnu/11/../../../../include/c++/11/bits/stl_construct.h:195:7 @[ /usr/lib/gcc/aarch64-linux-gnu/11/../../../../include/c++/11/bits/alloc_traits.h:848:7 @[ /usr/lib/gcc/aarch64-linux-gnu/11/../../../../include/c++/11/bits/stl_vector.h:680:2 @[ /usr/include/boost/container/detail/std_fwd.hpp:39:8 ] ] ] ]. Skipping.
Found a loop without a preheader at /usr/lib/gcc/aarch64-linux-gnu/11/../../../../include/c++/11/bits/stl_uninitialized.h:318:4 @[ /usr/lib/gcc/aarch64-linux-gnu/11/../../../../include/c++/11/bits/vector.tcc:245:8 ]. Skipping.
Found a loop without a preheader at /usr/lib/gcc/aarch64-linux-gnu/11/../../../../include/c++/11/bits/stl_construct.h:162:4 @[ /usr/lib/gcc/aarch64-linux-gnu/11/../../../../include/c++/11/bits/stl_construct.h:195:7 @[ /usr/lib/gcc/aarch64-linux-gnu/11/../../../../include/c++/11/bits/alloc_traits.h:848:7 @[ /usr/lib/gcc/aarch64-linux-gnu/11/../../../../include/c++/11/bits/vector.tcc:228:8 ] ] ]. Skipping.
Found a loop without a preheader at /usr/lib/gcc/aarch64-linux-gnu/11/../../../../include/c++/11/bits/stl_uninitialized.h:91:8 @[ /usr/lib/gcc/aarch64-linux-gnu/11/../../../../include/c++/11/bits/stl_uninitialized.h:148:14 @[ /usr/lib/gcc/aarch64-linux-gnu/11/../../../../include/c++/11/bits/stl_uninitialized.h:333:14 @[ /usr/lib/gcc/aarch64-linux-gnu/11/../../../../include/c++/11/bits/vector.tcc:245:8 ] ] ]. Skipping.
Found a loop without a preheader at /usr/lib/gcc/aarch64-linux-gnu/11/../../../../include/c++/11/bits/stl_construct.h:162:4 @[ /usr/lib/gcc/aarch64-linux-gnu/11/../../../../include/c++/11/bits/stl_construct.h:195:7 @[ /usr/lib/gcc/aarch64-linux-gnu/11/../../../../include/c++/11/bits/alloc_traits.h:848:7 @[ /usr/lib/gcc/aarch64-linux-gnu/11/../../../../include/c++/11/bits/vector.tcc:238:8 ] ] ]. Skipping.
Found a loop without a preheader at /usr/lib/gcc/aarch64-linux-gnu/11/../../../../include/c++/11/bits/stl_uninitialized.h:91:8 @[ /usr/lib/gcc/aarch64-linux-gnu/11/../../../../include/c++/11/bits/stl_uninitialized.h:148:14 @[ /usr/lib/gcc/aarch64-linux-gnu/11/../../../../include/c++/11/bits/stl_uninitialized.h:333:14 @[ /usr/lib/gcc/aarch64-linux-gnu/11/../../../../include/c++/11/bits/stl_vector.h:1514:8 ] ] ]. Skipping.
Found a loop without a preheader at /usr/lib/gcc/aarch64-linux-gnu/11/../../../../include/c++/11/bits/stl_uninitialized.h:91:8 @[ /usr/lib/gcc/aarch64-linux-gnu/11/../../../../include/c++/11/bits/stl_uninitialized.h:148:14 @[ /usr/lib/gcc/aarch64-linux-gnu/11/../../../../include/c++/11/bits/stl_uninitialized.h:333:14 @[ /usr/lib/gcc/aarch64-linux-gnu/11/../../../../include/c++/11/bits/stl_vector.h:558:4 ] ] ]. Skipping.
Found a loop without a preheader at /usr/lib/gcc/aarch64-linux-gnu/11/../../../../include/c++/11/bits/stl_construct.h:162:4 @[ /usr/lib/gcc/aarch64-linux-gnu/11/../../../../include/c++/11/bits/stl_construct.h:195:7 @[ /usr/lib/gcc/aarch64-linux-gnu/11/../../../../include/c++/11/bits/alloc_traits.h:848:7 @[ /usr/lib/gcc/aarch64-linux-gnu/11/../../../../include/c++/11/bits/stl_vector.h:680:2 @[ /usr/include/pcl-1.12/pcl/PCLPointCloud2.h:16:22 @[ /opt/ros/humble/include/pcl_conversions/pcl_conversions/pcl_conversions.h:580:3 ] ] ] ] ]. Skipping.
Found a loop without a preheader at /usr/lib/gcc/aarch64-linux-gnu/11/../../../../include/c++/11/bits/stl_construct.h:162:4 @[ /usr/lib/gcc/aarch64-linux-gnu/11/../../../../include/c++/11/bits/stl_construct.h:195:7 @[ /usr/lib/gcc/aarch64-linux-gnu/11/../../../../include/c++/11/bits/alloc_traits.h:848:7 @[ /usr/lib/gcc/aarch64-linux-gnu/11/../../../../include/c++/11/bits/stl_vector.h:680:2 @[ /usr/include/pcl-1.12/pcl/PCLPointCloud2.h:16:22 ] ] ] ]. Skipping.
Found a loop without a preheader at /opt/ros/humble/include/pcl_conversions/pcl_conversions/pcl_conversions.h:237:5 @[ /opt/ros/humble/include/pcl_conversions/pcl_conversions/pcl_conversions.h:277:5 ]. Skipping.
Found a loop without a preheader at /usr/lib/gcc/aarch64-linux-gnu/11/../../../../include/c++/11/bits/stl_construct.h:162:4 @[ /usr/lib/gcc/aarch64-linux-gnu/11/../../../../include/c++/11/bits/stl_construct.h:195:7 @[ /usr/lib/gcc/aarch64-linux-gnu/11/../../../../include/c++/11/bits/alloc_traits.h:848:7 @[ /usr/lib/gcc/aarch64-linux-gnu/11/../../../../include/c++/11/bits/stl_vector.h:1796:6 @[ /usr/lib/gcc/aarch64-linux-gnu/11/../../../../include/c++/11/bits/stl_vector.h:942:4 @[ /opt/ros/humble/include/pcl_conversions/pcl_conversions/pcl_conversions.h:234:13 @[ /opt/ros/humble/include/pcl_conversions/pcl_conversions/pcl_conversions.h:277:5 ] ] ] ] ] ]. Skipping.
Found a loop without a preheader at /usr/lib/gcc/aarch64-linux-gnu/11/../../../../include/c++/11/bits/stl_uninitialized.h:1031:7 @[ /usr/lib/gcc/aarch64-linux-gnu/11/../../../../include/c++/11/bits/stl_uninitialized.h:1046:14 @[ /usr/lib/gcc/aarch64-linux-gnu/11/../../../../include/c++/11/bits/stl_vector.h:456:9 @[ /usr/lib/gcc/aarch64-linux-gnu/11/../../../../include/c++/11/bits/stl_vector.h:469:9 @[ /usr/lib/gcc/aarch64-linux-gnu/11/../../../../include/c++/11/bits/vector.tcc:648:5 ] ] ] ]. Skipping.
Found a loop without a preheader at /usr/lib/gcc/aarch64-linux-gnu/11/../../../../include/c++/11/bits/stl_uninitialized.h:578:8 @[ /usr/lib/gcc/aarch64-linux-gnu/11/../../../../include/c++/11/bits/stl_uninitialized.h:638:14 @[ /usr/lib/gcc/aarch64-linux-gnu/11/../../../../include/c++/11/bits/stl_uninitialized.h:704:14 @[ /usr/lib/gcc/aarch64-linux-gnu/11/../../../../include/c++/11/bits/vector.tcc:627:3 ] ] ]. Skipping.
Found a loop without a preheader at /usr/include/pcl-1.12/pcl/conversions.h:133:7. Skipping.
Found a loop without a preheader at /usr/lib/gcc/aarch64-linux-gnu/11/../../../../include/c++/11/bits/stl_algo.h:1846:7 @[ /usr/lib/gcc/aarch64-linux-gnu/11/../../../../include/c++/11/bits/stl_algo.h:1867:4 @[ /usr/lib/gcc/aarch64-linux-gnu/11/../../../../include/c++/11/bits/stl_algo.h:1957:4 @[ /usr/lib/gcc/aarch64-linux-gnu/11/../../../../include/c++/11/bits/stl_algo.h:4875:7 @[ /usr/include/pcl-1.12/pcl/conversions.h:131:7 ] ] ] ]. Skipping.
Found a loop without a preheader at /usr/lib/gcc/aarch64-linux-gnu/11/../../../../include/c++/11/bits/stl_algo.h:1824:7 @[ /usr/lib/gcc/aarch64-linux-gnu/11/../../../../include/c++/11/bits/stl_algo.h:1866:4 @[ /usr/lib/gcc/aarch64-linux-gnu/11/../../../../include/c++/11/bits/stl_algo.h:1957:4 @[ /usr/lib/gcc/aarch64-linux-gnu/11/../../../../include/c++/11/bits/stl_algo.h:4875:7 @[ /usr/include/pcl-1.12/pcl/conversions.h:131:7 ] ] ] ]. Skipping.
Found a loop without a preheader at /usr/lib/gcc/aarch64-linux-gnu/11/../../../../include/c++/11/bits/stl_algo.h:1824:7 @[ /usr/lib/gcc/aarch64-linux-gnu/11/../../../../include/c++/11/bits/stl_algo.h:1871:2 @[ /usr/lib/gcc/aarch64-linux-gnu/11/../../../../include/c++/11/bits/stl_algo.h:1957:4 @[ /usr/lib/gcc/aarch64-linux-gnu/11/../../../../include/c++/11/bits/stl_algo.h:4875:7 @[ /usr/include/pcl-1.12/pcl/conversions.h:131:7 ] ] ] ]. Skipping.
Found a loop without a preheader at /usr/include/pcl-1.12/pcl/conversions.h:197:9. Skipping.
Found a loop without a preheader at /usr/include/pcl-1.12/pcl/conversions.h:92:9. Skipping.
Found a loop without a preheader at /usr/include/pcl-1.12/pcl/conversions.h:92:9. Skipping.
Found a loop without a preheader at /usr/include/pcl-1.12/pcl/conversions.h:92:9. Skipping.
Found a loop without an exit block at /usr/lib/gcc/aarch64-linux-gnu/11/../../../../include/c++/11/bits/stl_algo.h:1929:7. Skipping.
Found a loop without a preheader at /usr/lib/gcc/aarch64-linux-gnu/11/../../../../include/c++/11/bits/stl_uninitialized.h:1031:7 @[ /usr/lib/gcc/aarch64-linux-gnu/11/../../../../include/c++/11/bits/stl_uninitialized.h:1046:14 @[ /usr/lib/gcc/aarch64-linux-gnu/11/../../../../include/c++/11/bits/stl_vector.h:456:9 @[ /usr/lib/gcc/aarch64-linux-gnu/11/../../../../include/c++/11/bits/stl_vector.h:469:9 @[ /usr/lib/gcc/aarch64-linux-gnu/11/../../../../include/c++/11/bits/vector.tcc:648:5 ] ] ] ]. Skipping.
Found a loop without a preheader at /usr/lib/gcc/aarch64-linux-gnu/11/../../../../include/c++/11/bits/stl_uninitialized.h:1031:7 @[ /usr/lib/gcc/aarch64-linux-gnu/11/../../../../include/c++/11/bits/stl_uninitialized.h:1046:14 @[ /usr/lib/gcc/aarch64-linux-gnu/11/../../../../include/c++/11/bits/stl_vector.h:456:9 @[ /usr/lib/gcc/aarch64-linux-gnu/11/../../../../include/c++/11/bits/stl_vector.h:469:9 @[ /usr/lib/gcc/aarch64-linux-gnu/11/../../../../include/c++/11/bits/vector.tcc:79:8 ] ] ] ]. Skipping.
Found a loop without a preheader at /usr/lib/gcc/aarch64-linux-gnu/11/../../../../include/c++/11/bits/stl_uninitialized.h:318:4 @[ /usr/lib/gcc/aarch64-linux-gnu/11/../../../../include/c++/11/bits/vector.tcc:330:8 ]. Skipping.
Found a loop without a preheader at /usr/lib/gcc/aarch64-linux-gnu/11/../../../../include/c++/11/bits/hashtable_policy.h:1912:7 @[ /usr/lib/gcc/aarch64-linux-gnu/11/../../../../include/c++/11/bits/hashtable.h:2320:13 @[ /usr/lib/gcc/aarch64-linux-gnu/11/../../../../include/c++/11/bits/hashtable.h:1532:7 @[ /usr/lib/gcc/aarch64-linux-gnu/11/../../../../include/c++/11/bits/unordered_map.h:102:11 @[ install/autoware_utils_system/include/autoware_utils_system/stop_watch.hpp:27:7 @[ install/autoware_utils_debug/include/autoware_utils_debug/time_keeper.hpp:121:7 ] ] ] ] ]. Skipping.
Found a loop without a preheader at /usr/lib/gcc/aarch64-linux-gnu/11/../../../../include/c++/11/bits/stl_construct.h:162:4 @[ /usr/lib/gcc/aarch64-linux-gnu/11/../../../../include/c++/11/bits/stl_construct.h:195:7 @[ /usr/lib/gcc/aarch64-linux-gnu/11/../../../../include/c++/11/bits/alloc_traits.h:848:7 @[ /usr/lib/gcc/aarch64-linux-gnu/11/../../../../include/c++/11/bits/stl_vector.h:680:2 @[ install/autoware_utils_debug/include/autoware_utils_debug/time_keeper.hpp:121:7 ] ] ] ]. Skipping.
Found a loop without a preheader at /usr/lib/gcc/aarch64-linux-gnu/11/../../../../include/c++/11/bits/stl_tree.h:1860:6. Skipping.
Found a loop without a preheader at /usr/lib/gcc/aarch64-linux-gnu/11/../../../../include/c++/11/bits/stl_construct.h:162:4 @[ /usr/lib/gcc/aarch64-linux-gnu/11/../../../../include/c++/11/bits/stl_construct.h:195:7 @[ /usr/lib/gcc/aarch64-linux-gnu/11/../../../../include/c++/11/bits/alloc_traits.h:848:7 @[ /usr/lib/gcc/aarch64-linux-gnu/11/../../../../include/c++/11/bits/vector.tcc:228:8 ] ] ]. Skipping.
Found a loop without a preheader at /usr/lib/gcc/aarch64-linux-gnu/11/../../../../include/c++/11/bits/stl_uninitialized.h:91:8 @[ /usr/lib/gcc/aarch64-linux-gnu/11/../../../../include/c++/11/bits/stl_uninitialized.h:148:14 @[ /usr/lib/gcc/aarch64-linux-gnu/11/../../../../include/c++/11/bits/stl_uninitialized.h:333:14 @[ /usr/lib/gcc/aarch64-linux-gnu/11/../../../../include/c++/11/bits/vector.tcc:245:8 ] ] ]. Skipping.
Found a loop without a preheader at /usr/lib/gcc/aarch64-linux-gnu/11/../../../../include/c++/11/bits/stl_construct.h:162:4 @[ /usr/lib/gcc/aarch64-linux-gnu/11/../../../../include/c++/11/bits/stl_construct.h:195:7 @[ /usr/lib/gcc/aarch64-linux-gnu/11/../../../../include/c++/11/bits/alloc_traits.h:848:7 @[ /usr/lib/gcc/aarch64-linux-gnu/11/../../../../include/c++/11/bits/vector.tcc:238:8 ] ] ]. Skipping.
Found a loop without a preheader at /usr/lib/gcc/aarch64-linux-gnu/11/../../../../include/c++/11/bits/stl_uninitialized.h:91:8 @[ /usr/lib/gcc/aarch64-linux-gnu/11/../../../../include/c++/11/bits/stl_uninitialized.h:148:14 @[ /usr/lib/gcc/aarch64-linux-gnu/11/../../../../include/c++/11/bits/stl_uninitialized.h:333:14 @[ /usr/lib/gcc/aarch64-linux-gnu/11/../../../../include/c++/11/bits/stl_vector.h:1514:8 ] ] ]. Skipping.
Found a loop without a preheader at /usr/lib/gcc/aarch64-linux-gnu/11/../../../../include/c++/11/bits/stl_tree.h:2068:7 @[ /usr/lib/gcc/aarch64-linux-gnu/11/../../../../include/c++/11/bits/stl_tree.h:2193:13 ]. Skipping.
Found a loop without a preheader at /usr/lib/gcc/aarch64-linux-gnu/11/../../../../include/c++/11/bits/stl_tree.h:2068:7 @[ /usr/lib/gcc/aarch64-linux-gnu/11/../../../../include/c++/11/bits/stl_tree.h:2209:13 ]. Skipping.
Found a loop without a preheader at /usr/lib/gcc/aarch64-linux-gnu/11/../../../../include/c++/11/bits/hashtable_policy.h:1912:7 @[ /usr/lib/gcc/aarch64-linux-gnu/11/../../../../include/c++/11/bits/hashtable.h:2320:13 @[ /usr/lib/gcc/aarch64-linux-gnu/11/../../../../include/c++/11/bits/hashtable.h:1532:7 @[ /usr/lib/gcc/aarch64-linux-gnu/11/../../../../include/c++/11/bits/unordered_map.h:102:11 @[ install/autoware_utils_system/include/autoware_utils_system/stop_watch.hpp:27:7 @[ src/core/autoware_core/planning/motion_velocity_planner/autoware_motion_velocity_planner/src/node.cpp:494:1 ] ] ] ] ]. Skipping.
Found a loop without an exit block at src/core/autoware_core/planning/motion_velocity_planner/autoware_motion_velocity_planner/src/node.cpp:480:3. Skipping.
Found a loop without a preheader at src/core/autoware_core/planning/motion_velocity_planner/autoware_motion_velocity_planner/src/node.cpp:461:5. Skipping.
Found a loop without a preheader at /usr/lib/gcc/aarch64-linux-gnu/11/../../../../include/c++/11/bits/stl_uninitialized.h:91:8 @[ /usr/lib/gcc/aarch64-linux-gnu/11/../../../../include/c++/11/bits/stl_uninitialized.h:148:14 @[ /usr/lib/gcc/aarch64-linux-gnu/11/../../../../include/c++/11/bits/stl_uninitialized.h:333:14 @[ /usr/lib/gcc/aarch64-linux-gnu/11/../../../../include/c++/11/bits/stl_vector.h:558:4 @[ src/core/autoware_core/planning/motion_velocity_planner/autoware_motion_velocity_planner/src/node.cpp:451:12 @[ src/core/autoware_core/planning/motion_velocity_planner/autoware_motion_velocity_planner/src/node.cpp:447:43 ] ] ] ] ]. Skipping.
Found a loop without a preheader at /usr/lib/gcc/aarch64-linux-gnu/11/../../../../include/c++/11/bits/stl_uninitialized.h:91:8 @[ /usr/lib/gcc/aarch64-linux-gnu/11/../../../../include/c++/11/bits/stl_uninitialized.h:148:14 @[ /usr/lib/gcc/aarch64-linux-gnu/11/../../../../include/c++/11/bits/stl_uninitialized.h:333:14 @[ /usr/lib/gcc/aarch64-linux-gnu/11/../../../../include/c++/11/bits/stl_vector.h:1585:6 @[ /usr/lib/gcc/aarch64-linux-gnu/11/../../../../include/c++/11/bits/stl_vector.h:657:4 @[ src/core/autoware_core/planning/motion_velocity_planner/autoware_motion_velocity_planner/src/node.cpp:444:34 ] ] ] ] ]. Skipping.
Found a loop without a preheader at /usr/lib/gcc/aarch64-linux-gnu/11/../../../../include/c++/11/bits/stl_construct.h:162:4 @[ /usr/lib/gcc/aarch64-linux-gnu/11/../../../../include/c++/11/bits/stl_construct.h:195:7 @[ /usr/lib/gcc/aarch64-linux-gnu/11/../../../../include/c++/11/bits/alloc_traits.h:848:7 @[ /usr/lib/gcc/aarch64-linux-gnu/11/../../../../include/c++/11/bits/stl_vector.h:680:2 @[ /usr/include/pcl-1.12/pcl/PCLPointCloud2.h:16:22 @[ /opt/ros/humble/include/pcl_conversions/pcl_conversions/pcl_conversions.h:565:3 ] ] ] ] ]. Skipping.
Found a loop without a preheader at /usr/lib/gcc/aarch64-linux-gnu/11/../../../../include/c++/11/bits/stl_construct.h:162:4 @[ /usr/lib/gcc/aarch64-linux-gnu/11/../../../../include/c++/11/bits/stl_construct.h:195:7 @[ /usr/lib/gcc/aarch64-linux-gnu/11/../../../../include/c++/11/bits/alloc_traits.h:848:7 @[ /usr/lib/gcc/aarch64-linux-gnu/11/../../../../include/c++/11/bits/stl_vector.h:680:2 @[ install/autoware_motion_velocity_planner_common/include/autoware/motion_velocity_planner_common/planner_data.hpp:286:5 ] ] ] ]. Skipping.
Found a loop without an exit block at install/autoware_motion_velocity_planner_common/include/autoware/motion_velocity_planner_common/planner_data.hpp:277:7. Skipping.
Found a loop without an exit block at install/autoware_utils_debug/include/autoware_utils_debug/processing_time_publisher.hpp:43:5. Skipping.
Found a loop without a preheader at /usr/lib/gcc/aarch64-linux-gnu/11/../../../../include/c++/11/bits/stl_construct.h:162:4 @[ /usr/lib/gcc/aarch64-linux-gnu/11/../../../../include/c++/11/bits/stl_construct.h:195:7 @[ /usr/lib/gcc/aarch64-linux-gnu/11/../../../../include/c++/11/bits/alloc_traits.h:848:7 @[ /usr/lib/gcc/aarch64-linux-gnu/11/../../../../include/c++/11/bits/stl_vector.h:680:2 @[ install/autoware_route_handler/include/autoware/route_handler/route_handler.hpp:78:7 ] ] ] ]. Skipping.
Found a loop without a preheader at /usr/lib/gcc/aarch64-linux-gnu/11/../../../../include/c++/11/bits/stl_construct.h:162:4 @[ /usr/lib/gcc/aarch64-linux-gnu/11/../../../../include/c++/11/bits/stl_construct.h:195:7 @[ /usr/lib/gcc/aarch64-linux-gnu/11/../../../../include/c++/11/bits/alloc_traits.h:848:7 @[ /usr/lib/gcc/aarch64-linux-gnu/11/../../../../include/c++/11/bits/stl_vector.h:680:2 @[ install/autoware_route_handler/include/autoware/route_handler/route_handler.hpp:78:7 ] ] ] ]. Skipping.
Found a loop without a preheader at /usr/lib/gcc/aarch64-linux-gnu/11/../../../../include/c++/11/bits/stl_construct.h:162:4 @[ /usr/lib/gcc/aarch64-linux-gnu/11/../../../../include/c++/11/bits/stl_construct.h:195:7 @[ /usr/lib/gcc/aarch64-linux-gnu/11/../../../../include/c++/11/bits/alloc_traits.h:848:7 @[ /usr/lib/gcc/aarch64-linux-gnu/11/../../../../include/c++/11/bits/stl_vector.h:680:2 @[ install/autoware_route_handler/include/autoware/route_handler/route_handler.hpp:78:7 ] ] ] ]. Skipping.
Found a loop without a preheader at /usr/lib/gcc/aarch64-linux-gnu/11/../../../../include/c++/11/bits/stl_construct.h:162:4 @[ /usr/lib/gcc/aarch64-linux-gnu/11/../../../../include/c++/11/bits/stl_construct.h:195:7 @[ /usr/lib/gcc/aarch64-linux-gnu/11/../../../../include/c++/11/bits/alloc_traits.h:848:7 @[ /usr/lib/gcc/aarch64-linux-gnu/11/../../../../include/c++/11/bits/stl_vector.h:680:2 @[ install/autoware_route_handler/include/autoware/route_handler/route_handler.hpp:78:7 ] ] ] ]. Skipping.
Found a loop without a preheader at /usr/include/boost/geometry/index/detail/rtree/visitors/destroy.hpp:48:9 @[ /usr/include/boost/variant/variant.hpp:1028:16 @[ /usr/include/boost/variant/detail/visitation_impl.hpp:131:24 @[ /usr/include/boost/variant/detail/visitation_impl.hpp:157:12 @[ /usr/include/boost/variant/detail/visitation_impl.hpp:238:5 @[ /usr/include/boost/variant/variant.hpp:2337:16 @[ /usr/include/boost/variant/variant.hpp:2349:16 @[ /usr/include/boost/variant/variant.hpp:2393:22 ] ] ] ] ] ] ]. Skipping.
Found a loop without a preheader at /usr/include/boost/geometry/index/detail/rtree/visitors/destroy.hpp:48:9 @[ /usr/include/boost/variant/variant.hpp:1028:16 @[ /usr/include/boost/variant/variant.hpp:1078:16 @[ /usr/include/boost/variant/detail/visitation_impl.hpp:137:24 @[ /usr/include/boost/variant/detail/visitation_impl.hpp:157:12 @[ /usr/include/boost/variant/detail/visitation_impl.hpp:238:5 @[ /usr/include/boost/variant/variant.hpp:2337:16 @[ /usr/include/boost/variant/variant.hpp:2349:16 @[ /usr/include/boost/variant/variant.hpp:2393:22 ] ] ] ] ] ] ] ]. Skipping.
Found a loop without an exit block at /usr/lib/gcc/aarch64-linux-gnu/11/../../../../include/c++/11/bits/shared_ptr_base.h:259:7 @[ /usr/lib/gcc/aarch64-linux-gnu/11/../../../../include/c++/11/bits/shared_ptr_base.h:883:28 @[ /usr/lib/gcc/aarch64-linux-gnu/11/../../../../include/c++/11/bits/shared_ptr_base.h:1353:9 @[ /usr/lib/gcc/aarch64-linux-gnu/11/../../../../include/c++/11/bits/shared_ptr.h:418:9 @[ /usr/lib/gcc/aarch64-linux-gnu/11/../../../../include/c++/11/bits/shared_ptr.h:750:16 @[ ros2_caret_ws/install/include/rclcpp/rclcpp/publisher.hpp:561:26 ] ] ] ] ]. Skipping.
Found a loop without an exit block at /usr/lib/gcc/aarch64-linux-gnu/11/../../../../include/c++/11/bits/shared_ptr_base.h:259:7 @[ /usr/lib/gcc/aarch64-linux-gnu/11/../../../../include/c++/11/bits/shared_ptr_base.h:883:28 @[ /usr/lib/gcc/aarch64-linux-gnu/11/../../../../include/c++/11/bits/shared_ptr_base.h:1353:9 @[ /usr/lib/gcc/aarch64-linux-gnu/11/../../../../include/c++/11/bits/shared_ptr.h:418:9 @[ /usr/lib/gcc/aarch64-linux-gnu/11/../../../../include/c++/11/bits/shared_ptr.h:750:16 @[ ros2_caret_ws/install/include/rclcpp/rclcpp/publisher.hpp:537:26 ] ] ] ] ]. Skipping.
Found a loop without a preheader at /usr/lib/gcc/aarch64-linux-gnu/11/../../../../include/c++/11/bits/hashtable.h:1837:7 @[ /usr/lib/gcc/aarch64-linux-gnu/11/../../../../include/c++/11/bits/hashtable.h:810:31 @[ /usr/lib/gcc/aarch64-linux-gnu/11/../../../../include/c++/11/bits/hashtable.h:1595:23 @[ /usr/lib/gcc/aarch64-linux-gnu/11/../../../../include/c++/11/bits/unordered_map.h:869:21 @[ ros2_caret_ws/install/include/rclcpp/rclcpp/experimental/intra_process_manager.hpp:260:38 ] ] ] ]. Skipping.
Found a loop without an exit block at /usr/lib/gcc/aarch64-linux-gnu/11/../../../../include/c++/11/shared_mutex:228:7 @[ /usr/lib/gcc/aarch64-linux-gnu/11/../../../../include/c++/11/shared_mutex:489:33 @[ /usr/lib/gcc/aarch64-linux-gnu/11/../../../../include/c++/11/shared_mutex:727:13 @[ ros2_caret_ws/install/include/rclcpp/rclcpp/experimental/intra_process_manager.hpp:258:47 ] ] ]. Skipping.
Found a loop without an exit block at ros2_caret_ws/install/include/rclcpp/rclcpp/experimental/intra_process_manager.hpp:363:5. Skipping.
Found a loop without an exit block at ros2_caret_ws/install/include/rclcpp/rclcpp/experimental/intra_process_manager.hpp:442:5. Skipping.
Found a loop without a preheader at /usr/lib/gcc/aarch64-linux-gnu/11/../../../../include/c++/11/bits/hashtable.h:1837:7 @[ /usr/lib/gcc/aarch64-linux-gnu/11/../../../../include/c++/11/bits/hashtable.h:810:31 @[ /usr/lib/gcc/aarch64-linux-gnu/11/../../../../include/c++/11/bits/hashtable.h:1595:23 @[ /usr/lib/gcc/aarch64-linux-gnu/11/../../../../include/c++/11/bits/unordered_map.h:869:21 @[ ros2_caret_ws/install/include/rclcpp/rclcpp/experimental/intra_process_manager.hpp:196:38 ] ] ] ]. Skipping.
Found a loop without an exit block at /usr/lib/gcc/aarch64-linux-gnu/11/../../../../include/c++/11/shared_mutex:228:7 @[ /usr/lib/gcc/aarch64-linux-gnu/11/../../../../include/c++/11/shared_mutex:489:33 @[ /usr/lib/gcc/aarch64-linux-gnu/11/../../../../include/c++/11/shared_mutex:727:13 @[ ros2_caret_ws/install/include/rclcpp/rclcpp/experimental/intra_process_manager.hpp:194:47 ] ] ]. Skipping.
Found a loop without a preheader at /usr/lib/gcc/aarch64-linux-gnu/11/../../../../include/c++/11/bits/stl_construct.h:162:4 @[ /usr/lib/gcc/aarch64-linux-gnu/11/../../../../include/c++/11/bits/stl_construct.h:195:7 @[ /usr/lib/gcc/aarch64-linux-gnu/11/../../../../include/c++/11/bits/alloc_traits.h:848:7 @[ /usr/lib/gcc/aarch64-linux-gnu/11/../../../../include/c++/11/bits/stl_vector.h:1796:6 @[ /usr/lib/gcc/aarch64-linux-gnu/11/../../../../include/c++/11/bits/stl_vector.h:1499:9 @[ /usr/include/pcl-1.12/pcl/conversions.h:262:16 ] ] ] ] ]. Skipping.
Found a loop without a preheader at /usr/lib/gcc/aarch64-linux-gnu/11/../../../../include/c++/11/bits/stl_uninitialized.h:1031:7 @[ /usr/lib/gcc/aarch64-linux-gnu/11/../../../../include/c++/11/bits/stl_uninitialized.h:1046:14 @[ /usr/lib/gcc/aarch64-linux-gnu/11/../../../../include/c++/11/bits/stl_vector.h:456:9 @[ /usr/lib/gcc/aarch64-linux-gnu/11/../../../../include/c++/11/bits/stl_vector.h:469:9 @[ /usr/lib/gcc/aarch64-linux-gnu/11/../../../../include/c++/11/bits/vector.tcc:466:23 ] ] ] ]. Skipping.
Found a loop without a preheader at /usr/lib/gcc/aarch64-linux-gnu/11/../../../../include/c++/11/bits/stl_uninitialized.h:1031:7 @[ /usr/lib/gcc/aarch64-linux-gnu/11/../../../../include/c++/11/bits/stl_uninitialized.h:1046:14 @[ /usr/lib/gcc/aarch64-linux-gnu/11/../../../../include/c++/11/bits/stl_vector.h:456:9 @[ /usr/lib/gcc/aarch64-linux-gnu/11/../../../../include/c++/11/bits/stl_vector.h:469:9 @[ /usr/lib/gcc/aarch64-linux-gnu/11/../../../../include/c++/11/bits/vector.tcc:461:23 ] ] ] ]. Skipping.
Found a loop without a preheader at /opt/ros/humble/include/pcl_conversions/pcl_conversions/pcl_conversions.h:217:5 @[ /opt/ros/humble/include/pcl_conversions/pcl_conversions/pcl_conversions.h:250:5 ]. Skipping.
Found a loop without a preheader at /usr/lib/gcc/aarch64-linux-gnu/11/../../../../include/c++/11/bits/stl_construct.h:162:4 @[ /usr/lib/gcc/aarch64-linux-gnu/11/../../../../include/c++/11/bits/stl_construct.h:195:7 @[ /usr/lib/gcc/aarch64-linux-gnu/11/../../../../include/c++/11/bits/alloc_traits.h:848:7 @[ /usr/lib/gcc/aarch64-linux-gnu/11/../../../../include/c++/11/bits/stl_vector.h:1796:6 @[ /usr/lib/gcc/aarch64-linux-gnu/11/../../../../include/c++/11/bits/stl_vector.h:942:4 @[ /opt/ros/humble/include/pcl_conversions/pcl_conversions/pcl_conversions.h:214:9 @[ /opt/ros/humble/include/pcl_conversions/pcl_conversions/pcl_conversions.h:250:5 ] ] ] ] ] ]. Skipping.
Found a loop without a preheader at /usr/lib/gcc/aarch64-linux-gnu/11/../../../../include/c++/11/bits/stl_uninitialized.h:1031:7 @[ /usr/lib/gcc/aarch64-linux-gnu/11/../../../../include/c++/11/bits/stl_uninitialized.h:1046:14 @[ /usr/lib/gcc/aarch64-linux-gnu/11/../../../../include/c++/11/bits/stl_vector.h:456:9 @[ /usr/lib/gcc/aarch64-linux-gnu/11/../../../../include/c++/11/bits/stl_vector.h:469:9 @[ /usr/lib/gcc/aarch64-linux-gnu/11/../../../../include/c++/11/bits/vector.tcc:648:5 ] ] ] ]. Skipping.
Found a loop without a preheader at /usr/lib/gcc/aarch64-linux-gnu/11/../../../../include/c++/11/bits/stl_uninitialized.h:578:8. Skipping.
Found a loop without a preheader at /usr/lib/gcc/aarch64-linux-gnu/11/../../../../include/c++/11/bits/stl_uninitialized.h:1031:7 @[ /usr/lib/gcc/aarch64-linux-gnu/11/../../../../include/c++/11/bits/stl_uninitialized.h:1046:14 @[ /usr/lib/gcc/aarch64-linux-gnu/11/../../../../include/c++/11/bits/stl_vector.h:456:9 @[ /usr/lib/gcc/aarch64-linux-gnu/11/../../../../include/c++/11/bits/stl_vector.h:469:9 @[ /usr/lib/gcc/aarch64-linux-gnu/11/../../../../include/c++/11/bits/vector.tcc:466:23 ] ] ] ]. Skipping.
Found a loop without a preheader at /usr/lib/gcc/aarch64-linux-gnu/11/../../../../include/c++/11/bits/stl_uninitialized.h:1031:7 @[ /usr/lib/gcc/aarch64-linux-gnu/11/../../../../include/c++/11/bits/stl_uninitialized.h:1046:14 @[ /usr/lib/gcc/aarch64-linux-gnu/11/../../../../include/c++/11/bits/stl_vector.h:456:9 @[ /usr/lib/gcc/aarch64-linux-gnu/11/../../../../include/c++/11/bits/stl_vector.h:469:9 @[ /usr/lib/gcc/aarch64-linux-gnu/11/../../../../include/c++/11/bits/vector.tcc:461:23 ] ] ] ]. Skipping.
Found a loop without an exit block at /usr/lib/gcc/aarch64-linux-gnu/11/../../../../include/c++/11/bits/shared_ptr_base.h:259:7 @[ /usr/lib/gcc/aarch64-linux-gnu/11/../../../../include/c++/11/bits/shared_ptr_base.h:883:28 @[ /usr/lib/gcc/aarch64-linux-gnu/11/../../../../include/c++/11/bits/shared_ptr_base.h:1353:9 @[ /usr/lib/gcc/aarch64-linux-gnu/11/../../../../include/c++/11/bits/shared_ptr.h:418:9 @[ /usr/lib/gcc/aarch64-linux-gnu/11/../../../../include/c++/11/bits/shared_ptr.h:750:16 @[ ros2_caret_ws/install/include/rclcpp/rclcpp/publisher.hpp:561:26 ] ] ] ] ]. Skipping.
Found a loop without an exit block at /usr/lib/gcc/aarch64-linux-gnu/11/../../../../include/c++/11/bits/shared_ptr_base.h:259:7 @[ /usr/lib/gcc/aarch64-linux-gnu/11/../../../../include/c++/11/bits/shared_ptr_base.h:883:28 @[ /usr/lib/gcc/aarch64-linux-gnu/11/../../../../include/c++/11/bits/shared_ptr_base.h:1353:9 @[ /usr/lib/gcc/aarch64-linux-gnu/11/../../../../include/c++/11/bits/shared_ptr.h:418:9 @[ /usr/lib/gcc/aarch64-linux-gnu/11/../../../../include/c++/11/bits/shared_ptr.h:750:16 @[ ros2_caret_ws/install/include/rclcpp/rclcpp/publisher.hpp:537:26 ] ] ] ] ]. Skipping.
Found a loop without a preheader at /usr/lib/gcc/aarch64-linux-gnu/11/../../../../include/c++/11/bits/hashtable.h:1837:7 @[ /usr/lib/gcc/aarch64-linux-gnu/11/../../../../include/c++/11/bits/hashtable.h:810:31 @[ /usr/lib/gcc/aarch64-linux-gnu/11/../../../../include/c++/11/bits/hashtable.h:1595:23 @[ /usr/lib/gcc/aarch64-linux-gnu/11/../../../../include/c++/11/bits/unordered_map.h:869:21 @[ ros2_caret_ws/install/include/rclcpp/rclcpp/experimental/intra_process_manager.hpp:260:38 ] ] ] ]. Skipping.
Found a loop without an exit block at /usr/lib/gcc/aarch64-linux-gnu/11/../../../../include/c++/11/shared_mutex:228:7 @[ /usr/lib/gcc/aarch64-linux-gnu/11/../../../../include/c++/11/shared_mutex:489:33 @[ /usr/lib/gcc/aarch64-linux-gnu/11/../../../../include/c++/11/shared_mutex:727:13 @[ ros2_caret_ws/install/include/rclcpp/rclcpp/experimental/intra_process_manager.hpp:258:47 ] ] ]. Skipping.
Found a loop without an exit block at ros2_caret_ws/install/include/rclcpp/rclcpp/experimental/intra_process_manager.hpp:363:5. Skipping.
Found a loop without an exit block at ros2_caret_ws/install/include/rclcpp/rclcpp/experimental/intra_process_manager.hpp:442:5. Skipping.
Found a loop without a preheader at /usr/lib/gcc/aarch64-linux-gnu/11/../../../../include/c++/11/bits/hashtable.h:1837:7 @[ /usr/lib/gcc/aarch64-linux-gnu/11/../../../../include/c++/11/bits/hashtable.h:810:31 @[ /usr/lib/gcc/aarch64-linux-gnu/11/../../../../include/c++/11/bits/hashtable.h:1595:23 @[ /usr/lib/gcc/aarch64-linux-gnu/11/../../../../include/c++/11/bits/unordered_map.h:869:21 @[ ros2_caret_ws/install/include/rclcpp/rclcpp/experimental/intra_process_manager.hpp:196:38 ] ] ] ]. Skipping.
Found a loop without an exit block at /usr/lib/gcc/aarch64-linux-gnu/11/../../../../include/c++/11/shared_mutex:228:7 @[ /usr/lib/gcc/aarch64-linux-gnu/11/../../../../include/c++/11/shared_mutex:489:33 @[ /usr/lib/gcc/aarch64-linux-gnu/11/../../../../include/c++/11/shared_mutex:727:13 @[ ros2_caret_ws/install/include/rclcpp/rclcpp/experimental/intra_process_manager.hpp:194:47 ] ] ]. Skipping.
Found a loop without an exit block at /usr/lib/gcc/aarch64-linux-gnu/11/../../../../include/c++/11/bits/shared_ptr_base.h:259:7 @[ /usr/lib/gcc/aarch64-linux-gnu/11/../../../../include/c++/11/bits/shared_ptr_base.h:872:39 @[ /usr/lib/gcc/aarch64-linux-gnu/11/../../../../include/c++/11/bits/shared_ptr_base.h:1178:4 @[ /usr/lib/gcc/aarch64-linux-gnu/11/../../../../include/c++/11/bits/shared_ptr.h:326:4 @[ /usr/lib/gcc/aarch64-linux-gnu/11/../../../../include/c++/11/bits/shared_ptr.h:808:16 @[ ros2_caret_ws/install/include/rclcpp/rclcpp/publisher.hpp:207:70 ] ] ] ] ]. Skipping.
Found a loop without a preheader at /usr/lib/gcc/aarch64-linux-gnu/11/../../../../include/c++/11/bits/hashtable.h:1837:7 @[ /usr/lib/gcc/aarch64-linux-gnu/11/../../../../include/c++/11/bits/hashtable.h:810:31 @[ /usr/lib/gcc/aarch64-linux-gnu/11/../../../../include/c++/11/bits/hashtable.h:1970:23 ] ]. Skipping.
Found a loop without a preheader at /usr/lib/gcc/aarch64-linux-gnu/11/../../../../include/c++/11/bits/stl_tree.h:2068:7 @[ /usr/lib/gcc/aarch64-linux-gnu/11/../../../../include/c++/11/bits/stl_tree.h:2193:13 ]. Skipping.
Found a loop without a preheader at /usr/lib/gcc/aarch64-linux-gnu/11/../../../../include/c++/11/bits/stl_tree.h:2068:7 @[ /usr/lib/gcc/aarch64-linux-gnu/11/../../../../include/c++/11/bits/stl_tree.h:2209:13 ]. Skipping.
Found a loop without an exit block at /usr/lib/gcc/aarch64-linux-gnu/11/../../../../include/c++/11/bits/shared_ptr_base.h:259:7 @[ /usr/lib/gcc/aarch64-linux-gnu/11/../../../../include/c++/11/bits/shared_ptr_base.h:883:28 @[ /usr/lib/gcc/aarch64-linux-gnu/11/../../../../include/c++/11/bits/shared_ptr_base.h:1353:9 @[ /usr/lib/gcc/aarch64-linux-gnu/11/../../../../include/c++/11/bits/shared_ptr.h:418:9 @[ /usr/lib/gcc/aarch64-linux-gnu/11/../../../../include/c++/11/bits/shared_ptr.h:750:16 @[ ros2_caret_ws/install/include/rclcpp/rclcpp/publisher.hpp:561:26 ] ] ] ] ]. Skipping.
Found a loop without an exit block at /usr/lib/gcc/aarch64-linux-gnu/11/../../../../include/c++/11/bits/shared_ptr_base.h:259:7 @[ /usr/lib/gcc/aarch64-linux-gnu/11/../../../../include/c++/11/bits/shared_ptr_base.h:883:28 @[ /usr/lib/gcc/aarch64-linux-gnu/11/../../../../include/c++/11/bits/shared_ptr_base.h:1353:9 @[ /usr/lib/gcc/aarch64-linux-gnu/11/../../../../include/c++/11/bits/shared_ptr.h:418:9 @[ /usr/lib/gcc/aarch64-linux-gnu/11/../../../../include/c++/11/bits/shared_ptr.h:750:16 @[ ros2_caret_ws/install/include/rclcpp/rclcpp/publisher.hpp:537:26 ] ] ] ] ]. Skipping.
Found a loop without a preheader at /usr/lib/gcc/aarch64-linux-gnu/11/../../../../include/c++/11/bits/hashtable.h:1837:7 @[ /usr/lib/gcc/aarch64-linux-gnu/11/../../../../include/c++/11/bits/hashtable.h:810:31 @[ /usr/lib/gcc/aarch64-linux-gnu/11/../../../../include/c++/11/bits/hashtable.h:1595:23 @[ /usr/lib/gcc/aarch64-linux-gnu/11/../../../../include/c++/11/bits/unordered_map.h:869:21 @[ ros2_caret_ws/install/include/rclcpp/rclcpp/experimental/intra_process_manager.hpp:260:38 ] ] ] ]. Skipping.
Found a loop without an exit block at /usr/lib/gcc/aarch64-linux-gnu/11/../../../../include/c++/11/shared_mutex:228:7 @[ /usr/lib/gcc/aarch64-linux-gnu/11/../../../../include/c++/11/shared_mutex:489:33 @[ /usr/lib/gcc/aarch64-linux-gnu/11/../../../../include/c++/11/shared_mutex:727:13 @[ ros2_caret_ws/install/include/rclcpp/rclcpp/experimental/intra_process_manager.hpp:258:47 ] ] ]. Skipping.
Found a loop without an exit block at ros2_caret_ws/install/include/rclcpp/rclcpp/experimental/intra_process_manager.hpp:363:5. Skipping.
Found a loop without an exit block at ros2_caret_ws/install/include/rclcpp/rclcpp/experimental/intra_process_manager.hpp:442:5. Skipping.
Found a loop without a preheader at /usr/lib/gcc/aarch64-linux-gnu/11/../../../../include/c++/11/bits/hashtable.h:1837:7 @[ /usr/lib/gcc/aarch64-linux-gnu/11/../../../../include/c++/11/bits/hashtable.h:810:31 @[ /usr/lib/gcc/aarch64-linux-gnu/11/../../../../include/c++/11/bits/hashtable.h:1595:23 @[ /usr/lib/gcc/aarch64-linux-gnu/11/../../../../include/c++/11/bits/unordered_map.h:869:21 @[ ros2_caret_ws/install/include/rclcpp/rclcpp/experimental/intra_process_manager.hpp:196:38 ] ] ] ]. Skipping.
Found a loop without an exit block at /usr/lib/gcc/aarch64-linux-gnu/11/../../../../include/c++/11/shared_mutex:228:7 @[ /usr/lib/gcc/aarch64-linux-gnu/11/../../../../include/c++/11/shared_mutex:489:33 @[ /usr/lib/gcc/aarch64-linux-gnu/11/../../../../include/c++/11/shared_mutex:727:13 @[ ros2_caret_ws/install/include/rclcpp/rclcpp/experimental/intra_process_manager.hpp:194:47 ] ] ]. Skipping.
Found a loop without a preheader at /usr/lib/gcc/aarch64-linux-gnu/11/../../../../include/c++/11/bits/stl_construct.h:162:4 @[ /usr/lib/gcc/aarch64-linux-gnu/11/../../../../include/c++/11/bits/stl_construct.h:195:7 @[ /usr/lib/gcc/aarch64-linux-gnu/11/../../../../include/c++/11/bits/alloc_traits.h:848:7 @[ /usr/lib/gcc/aarch64-linux-gnu/11/../../../../include/c++/11/bits/stl_vector.h:680:2 @[ /opt/ros/humble/include/diagnostic_msgs/diagnostic_msgs/msg/detail/diagnostic_status__struct.hpp:37:8 ] ] ] ]. Skipping.
Found a loop without a preheader at /usr/lib/gcc/aarch64-linux-gnu/11/../../../../include/c++/11/bits/stl_construct.h:162:4 @[ /usr/lib/gcc/aarch64-linux-gnu/11/../../../../include/c++/11/bits/stl_construct.h:195:7 @[ /usr/lib/gcc/aarch64-linux-gnu/11/../../../../include/c++/11/bits/alloc_traits.h:848:7 @[ /usr/lib/gcc/aarch64-linux-gnu/11/../../../../include/c++/11/bits/stl_vector.h:680:2 ] ] ]. Skipping.
Found a loop without a preheader at /usr/lib/gcc/aarch64-linux-gnu/11/../../../../include/c++/11/bits/stl_construct.h:162:4 @[ /usr/lib/gcc/aarch64-linux-gnu/11/../../../../include/c++/11/bits/stl_construct.h:195:7 ]. Skipping.
Found a loop without a preheader at /usr/lib/gcc/aarch64-linux-gnu/11/../../../../include/c++/11/bits/stl_uninitialized.h:1031:7 @[ /usr/lib/gcc/aarch64-linux-gnu/11/../../../../include/c++/11/bits/stl_uninitialized.h:1046:14 @[ /usr/lib/gcc/aarch64-linux-gnu/11/../../../../include/c++/11/bits/stl_vector.h:456:9 @[ /usr/lib/gcc/aarch64-linux-gnu/11/../../../../include/c++/11/bits/stl_vector.h:469:9 @[ /usr/lib/gcc/aarch64-linux-gnu/11/../../../../include/c++/11/bits/vector.tcc:466:23 ] ] ] ]. Skipping.
Found a loop without a preheader at /usr/lib/gcc/aarch64-linux-gnu/11/../../../../include/c++/11/bits/stl_uninitialized.h:1031:7 @[ /usr/lib/gcc/aarch64-linux-gnu/11/../../../../include/c++/11/bits/stl_uninitialized.h:1046:14 @[ /usr/lib/gcc/aarch64-linux-gnu/11/../../../../include/c++/11/bits/stl_vector.h:456:9 @[ /usr/lib/gcc/aarch64-linux-gnu/11/../../../../include/c++/11/bits/stl_vector.h:469:9 @[ /usr/lib/gcc/aarch64-linux-gnu/11/../../../../include/c++/11/bits/vector.tcc:461:23 ] ] ] ]. Skipping.
Found a loop without a preheader at /usr/lib/gcc/aarch64-linux-gnu/11/../../../../include/c++/11/bits/stl_uninitialized.h:91:8 @[ /usr/lib/gcc/aarch64-linux-gnu/11/../../../../include/c++/11/bits/stl_uninitialized.h:148:14 @[ /usr/lib/gcc/aarch64-linux-gnu/11/../../../../include/c++/11/bits/stl_uninitialized.h:333:14 @[ /usr/lib/gcc/aarch64-linux-gnu/11/../../../../include/c++/11/bits/stl_vector.h:558:4 ] ] ]. Skipping.
Found a loop without an exit block at /usr/lib/gcc/aarch64-linux-gnu/11/../../../../include/c++/11/bits/shared_ptr_base.h:259:7 @[ /usr/lib/gcc/aarch64-linux-gnu/11/../../../../include/c++/11/bits/shared_ptr_base.h:883:28 @[ /usr/lib/gcc/aarch64-linux-gnu/11/../../../../include/c++/11/bits/shared_ptr_base.h:1353:9 @[ /usr/lib/gcc/aarch64-linux-gnu/11/../../../../include/c++/11/bits/shared_ptr.h:418:9 @[ /usr/lib/gcc/aarch64-linux-gnu/11/../../../../include/c++/11/bits/shared_ptr.h:750:16 @[ ros2_caret_ws/install/include/rclcpp/rclcpp/publisher.hpp:561:26 ] ] ] ] ]. Skipping.
Found a loop without an exit block at /usr/lib/gcc/aarch64-linux-gnu/11/../../../../include/c++/11/bits/shared_ptr_base.h:259:7 @[ /usr/lib/gcc/aarch64-linux-gnu/11/../../../../include/c++/11/bits/shared_ptr_base.h:883:28 @[ /usr/lib/gcc/aarch64-linux-gnu/11/../../../../include/c++/11/bits/shared_ptr_base.h:1353:9 @[ /usr/lib/gcc/aarch64-linux-gnu/11/../../../../include/c++/11/bits/shared_ptr.h:418:9 @[ /usr/lib/gcc/aarch64-linux-gnu/11/../../../../include/c++/11/bits/shared_ptr.h:750:16 @[ ros2_caret_ws/install/include/rclcpp/rclcpp/publisher.hpp:537:26 ] ] ] ] ]. Skipping.
Found a loop without a preheader at /usr/lib/gcc/aarch64-linux-gnu/11/../../../../include/c++/11/bits/hashtable.h:1837:7 @[ /usr/lib/gcc/aarch64-linux-gnu/11/../../../../include/c++/11/bits/hashtable.h:810:31 @[ /usr/lib/gcc/aarch64-linux-gnu/11/../../../../include/c++/11/bits/hashtable.h:1595:23 @[ /usr/lib/gcc/aarch64-linux-gnu/11/../../../../include/c++/11/bits/unordered_map.h:869:21 @[ ros2_caret_ws/install/include/rclcpp/rclcpp/experimental/intra_process_manager.hpp:260:38 ] ] ] ]. Skipping.
Found a loop without an exit block at /usr/lib/gcc/aarch64-linux-gnu/11/../../../../include/c++/11/shared_mutex:228:7 @[ /usr/lib/gcc/aarch64-linux-gnu/11/../../../../include/c++/11/shared_mutex:489:33 @[ /usr/lib/gcc/aarch64-linux-gnu/11/../../../../include/c++/11/shared_mutex:727:13 @[ ros2_caret_ws/install/include/rclcpp/rclcpp/experimental/intra_process_manager.hpp:258:47 ] ] ]. Skipping.
Found a loop without an exit block at ros2_caret_ws/install/include/rclcpp/rclcpp/experimental/intra_process_manager.hpp:363:5. Skipping.
Found a loop without an exit block at ros2_caret_ws/install/include/rclcpp/rclcpp/experimental/intra_process_manager.hpp:442:5. Skipping.
Found a loop without a preheader at /usr/lib/gcc/aarch64-linux-gnu/11/../../../../include/c++/11/bits/hashtable.h:1837:7 @[ /usr/lib/gcc/aarch64-linux-gnu/11/../../../../include/c++/11/bits/hashtable.h:810:31 @[ /usr/lib/gcc/aarch64-linux-gnu/11/../../../../include/c++/11/bits/hashtable.h:1595:23 @[ /usr/lib/gcc/aarch64-linux-gnu/11/../../../../include/c++/11/bits/unordered_map.h:869:21 @[ ros2_caret_ws/install/include/rclcpp/rclcpp/experimental/intra_process_manager.hpp:196:38 ] ] ] ]. Skipping.
Found a loop without an exit block at /usr/lib/gcc/aarch64-linux-gnu/11/../../../../include/c++/11/shared_mutex:228:7 @[ /usr/lib/gcc/aarch64-linux-gnu/11/../../../../include/c++/11/shared_mutex:489:33 @[ /usr/lib/gcc/aarch64-linux-gnu/11/../../../../include/c++/11/shared_mutex:727:13 @[ ros2_caret_ws/install/include/rclcpp/rclcpp/experimental/intra_process_manager.hpp:194:47 ] ] ]. Skipping.
Found a loop without an exit block at /usr/lib/gcc/aarch64-linux-gnu/11/../../../../include/c++/11/bits/shared_ptr_base.h:259:7 @[ /usr/lib/gcc/aarch64-linux-gnu/11/../../../../include/c++/11/bits/shared_ptr_base.h:883:28 @[ /usr/lib/gcc/aarch64-linux-gnu/11/../../../../include/c++/11/bits/shared_ptr_base.h:1353:9 @[ /usr/lib/gcc/aarch64-linux-gnu/11/../../../../include/c++/11/bits/shared_ptr.h:418:9 @[ /usr/lib/gcc/aarch64-linux-gnu/11/../../../../include/c++/11/bits/shared_ptr.h:750:16 @[ ros2_caret_ws/install/include/rclcpp/rclcpp/publisher.hpp:561:26 ] ] ] ] ]. Skipping.
Found a loop without an exit block at /usr/lib/gcc/aarch64-linux-gnu/11/../../../../include/c++/11/bits/shared_ptr_base.h:259:7 @[ /usr/lib/gcc/aarch64-linux-gnu/11/../../../../include/c++/11/bits/shared_ptr_base.h:883:28 @[ /usr/lib/gcc/aarch64-linux-gnu/11/../../../../include/c++/11/bits/shared_ptr_base.h:1353:9 @[ /usr/lib/gcc/aarch64-linux-gnu/11/../../../../include/c++/11/bits/shared_ptr.h:418:9 @[ /usr/lib/gcc/aarch64-linux-gnu/11/../../../../include/c++/11/bits/shared_ptr.h:750:16 @[ ros2_caret_ws/install/include/rclcpp/rclcpp/publisher.hpp:537:26 ] ] ] ] ]. Skipping.
Found a loop without a preheader at /usr/lib/gcc/aarch64-linux-gnu/11/../../../../include/c++/11/bits/hashtable.h:1837:7 @[ /usr/lib/gcc/aarch64-linux-gnu/11/../../../../include/c++/11/bits/hashtable.h:810:31 @[ /usr/lib/gcc/aarch64-linux-gnu/11/../../../../include/c++/11/bits/hashtable.h:1595:23 @[ /usr/lib/gcc/aarch64-linux-gnu/11/../../../../include/c++/11/bits/unordered_map.h:869:21 @[ ros2_caret_ws/install/include/rclcpp/rclcpp/experimental/intra_process_manager.hpp:260:38 ] ] ] ]. Skipping.
Found a loop without an exit block at /usr/lib/gcc/aarch64-linux-gnu/11/../../../../include/c++/11/shared_mutex:228:7 @[ /usr/lib/gcc/aarch64-linux-gnu/11/../../../../include/c++/11/shared_mutex:489:33 @[ /usr/lib/gcc/aarch64-linux-gnu/11/../../../../include/c++/11/shared_mutex:727:13 @[ ros2_caret_ws/install/include/rclcpp/rclcpp/experimental/intra_process_manager.hpp:258:47 ] ] ]. Skipping.
Found a loop without an exit block at ros2_caret_ws/install/include/rclcpp/rclcpp/experimental/intra_process_manager.hpp:363:5. Skipping.
Found a loop without an exit block at ros2_caret_ws/install/include/rclcpp/rclcpp/experimental/intra_process_manager.hpp:442:5. Skipping.
Found a loop without a preheader at /usr/lib/gcc/aarch64-linux-gnu/11/../../../../include/c++/11/bits/hashtable.h:1837:7 @[ /usr/lib/gcc/aarch64-linux-gnu/11/../../../../include/c++/11/bits/hashtable.h:810:31 @[ /usr/lib/gcc/aarch64-linux-gnu/11/../../../../include/c++/11/bits/hashtable.h:1595:23 @[ /usr/lib/gcc/aarch64-linux-gnu/11/../../../../include/c++/11/bits/unordered_map.h:869:21 @[ ros2_caret_ws/install/include/rclcpp/rclcpp/experimental/intra_process_manager.hpp:196:38 ] ] ] ]. Skipping.
Found a loop without an exit block at /usr/lib/gcc/aarch64-linux-gnu/11/../../../../include/c++/11/shared_mutex:228:7 @[ /usr/lib/gcc/aarch64-linux-gnu/11/../../../../include/c++/11/shared_mutex:489:33 @[ /usr/lib/gcc/aarch64-linux-gnu/11/../../../../include/c++/11/shared_mutex:727:13 @[ ros2_caret_ws/install/include/rclcpp/rclcpp/experimental/intra_process_manager.hpp:194:47 ] ] ]. Skipping.
Found a loop without a preheader at /usr/lib/gcc/aarch64-linux-gnu/11/../../../../include/c++/11/bits/stl_tree.h:1887:7. Skipping.
Found a loop without a preheader at /usr/lib/gcc/aarch64-linux-gnu/11/../../../../include/c++/11/bits/stl_construct.h:162:4 @[ /usr/lib/gcc/aarch64-linux-gnu/11/../../../../include/c++/11/bits/stl_construct.h:195:7 @[ /usr/lib/gcc/aarch64-linux-gnu/11/../../../../include/c++/11/bits/alloc_traits.h:848:7 @[ /usr/lib/gcc/aarch64-linux-gnu/11/../../../../include/c++/11/bits/stl_vector.h:680:2 @[ src/core/autoware_core/planning/motion_velocity_planner/autoware_motion_velocity_planner/src/node.cpp:436:1 ] ] ] ]. Skipping.
Found a loop without a preheader at /usr/lib/gcc/aarch64-linux-gnu/11/../../../../include/c++/11/bits/stl_uninitialized.h:91:8 @[ /usr/lib/gcc/aarch64-linux-gnu/11/../../../../include/c++/11/bits/stl_uninitialized.h:148:14 @[ /usr/lib/gcc/aarch64-linux-gnu/11/../../../../include/c++/11/bits/stl_uninitialized.h:333:14 @[ /usr/lib/gcc/aarch64-linux-gnu/11/../../../../include/c++/11/bits/stl_vector.h:558:4 @[ src/core/autoware_core/planning/motion_velocity_planner/autoware_motion_velocity_planner/src/node.cpp:420:25 ] ] ] ]. Skipping.
Found a loop without a preheader at /usr/lib/gcc/aarch64-linux-gnu/11/../../../../include/c++/11/bits/stl_construct.h:162:4 @[ /usr/lib/gcc/aarch64-linux-gnu/11/../../../../include/c++/11/bits/stl_construct.h:195:7 @[ /usr/lib/gcc/aarch64-linux-gnu/11/../../../../include/c++/11/bits/alloc_traits.h:848:7 @[ /usr/lib/gcc/aarch64-linux-gnu/11/../../../../include/c++/11/bits/stl_vector.h:680:2 ] ] ]. Skipping.
Found a loop without a preheader at /usr/lib/gcc/aarch64-linux-gnu/11/../../../../include/c++/11/bits/stl_uninitialized.h:91:8 @[ /usr/lib/gcc/aarch64-linux-gnu/11/../../../../include/c++/11/bits/stl_uninitialized.h:148:14 @[ /usr/lib/gcc/aarch64-linux-gnu/11/../../../../include/c++/11/bits/stl_uninitialized.h:333:14 @[ /usr/lib/gcc/aarch64-linux-gnu/11/../../../../include/c++/11/bits/stl_uninitialized.h:354:14 @[ /usr/lib/gcc/aarch64-linux-gnu/11/../../../../include/c++/11/bits/vector.tcc:782:11 ] ] ] ]. Skipping.
Found a loop without a preheader at /usr/lib/gcc/aarch64-linux-gnu/11/../../../../include/c++/11/bits/stl_uninitialized.h:91:8 @[ /usr/lib/gcc/aarch64-linux-gnu/11/../../../../include/c++/11/bits/stl_uninitialized.h:148:14 @[ /usr/lib/gcc/aarch64-linux-gnu/11/../../../../include/c++/11/bits/stl_uninitialized.h:333:14 @[ /usr/lib/gcc/aarch64-linux-gnu/11/../../../../include/c++/11/bits/stl_uninitialized.h:354:14 @[ /usr/lib/gcc/aarch64-linux-gnu/11/../../../../include/c++/11/bits/vector.tcc:774:11 ] ] ] ]. Skipping.
Found a loop without a preheader at /usr/lib/gcc/aarch64-linux-gnu/11/../../../../include/c++/11/bits/stl_uninitialized.h:91:8 @[ /usr/lib/gcc/aarch64-linux-gnu/11/../../../../include/c++/11/bits/stl_uninitialized.h:148:14 @[ /usr/lib/gcc/aarch64-linux-gnu/11/../../../../include/c++/11/bits/stl_uninitialized.h:333:14 @[ /usr/lib/gcc/aarch64-linux-gnu/11/../../../../include/c++/11/bits/stl_uninitialized.h:341:14 @[ /usr/lib/gcc/aarch64-linux-gnu/11/../../../../include/c++/11/bits/vector.tcc:736:7 ] ] ] ]. Skipping.
Found a loop without a preheader at /usr/lib/gcc/aarch64-linux-gnu/11/../../../../include/c++/11/bits/stl_uninitialized.h:91:8 @[ /usr/lib/gcc/aarch64-linux-gnu/11/../../../../include/c++/11/bits/stl_uninitialized.h:148:14 @[ /usr/lib/gcc/aarch64-linux-gnu/11/../../../../include/c++/11/bits/stl_uninitialized.h:333:14 @[ /usr/lib/gcc/aarch64-linux-gnu/11/../../../../include/c++/11/bits/stl_uninitialized.h:341:14 @[ /usr/lib/gcc/aarch64-linux-gnu/11/../../../../include/c++/11/bits/vector.tcc:756:7 ] ] ] ]. Skipping.
Found a loop without a preheader at /usr/lib/gcc/aarch64-linux-gnu/11/../../../../include/c++/11/bits/stl_uninitialized.h:91:8 @[ /usr/lib/gcc/aarch64-linux-gnu/11/../../../../include/c++/11/bits/stl_uninitialized.h:148:14 @[ /usr/lib/gcc/aarch64-linux-gnu/11/../../../../include/c++/11/bits/stl_uninitialized.h:333:14 @[ /usr/lib/gcc/aarch64-linux-gnu/11/../../../../include/c++/11/bits/vector.tcc:751:7 ] ] ]. Skipping.
Found a loop without an exit block at /usr/lib/gcc/aarch64-linux-gnu/11/../../../../include/c++/11/bits/shared_ptr_base.h:259:7 @[ /usr/lib/gcc/aarch64-linux-gnu/11/../../../../include/c++/11/bits/shared_ptr_base.h:883:28 @[ /usr/lib/gcc/aarch64-linux-gnu/11/../../../../include/c++/11/bits/shared_ptr_base.h:1353:9 @[ /usr/lib/gcc/aarch64-linux-gnu/11/../../../../include/c++/11/bits/shared_ptr.h:418:9 @[ /usr/lib/gcc/aarch64-linux-gnu/11/../../../../include/c++/11/bits/shared_ptr.h:750:16 @[ ros2_caret_ws/install/include/rclcpp/rclcpp/publisher.hpp:561:26 ] ] ] ] ]. Skipping.
Found a loop without an exit block at /usr/lib/gcc/aarch64-linux-gnu/11/../../../../include/c++/11/bits/shared_ptr_base.h:259:7 @[ /usr/lib/gcc/aarch64-linux-gnu/11/../../../../include/c++/11/bits/shared_ptr_base.h:883:28 @[ /usr/lib/gcc/aarch64-linux-gnu/11/../../../../include/c++/11/bits/shared_ptr_base.h:1353:9 @[ /usr/lib/gcc/aarch64-linux-gnu/11/../../../../include/c++/11/bits/shared_ptr.h:418:9 @[ /usr/lib/gcc/aarch64-linux-gnu/11/../../../../include/c++/11/bits/shared_ptr.h:750:16 @[ ros2_caret_ws/install/include/rclcpp/rclcpp/publisher.hpp:537:26 ] ] ] ] ]. Skipping.
Found a loop without a preheader at /usr/lib/gcc/aarch64-linux-gnu/11/../../../../include/c++/11/bits/hashtable.h:1837:7 @[ /usr/lib/gcc/aarch64-linux-gnu/11/../../../../include/c++/11/bits/hashtable.h:810:31 @[ /usr/lib/gcc/aarch64-linux-gnu/11/../../../../include/c++/11/bits/hashtable.h:1595:23 @[ /usr/lib/gcc/aarch64-linux-gnu/11/../../../../include/c++/11/bits/unordered_map.h:869:21 @[ ros2_caret_ws/install/include/rclcpp/rclcpp/experimental/intra_process_manager.hpp:260:38 ] ] ] ]. Skipping.
Found a loop without an exit block at /usr/lib/gcc/aarch64-linux-gnu/11/../../../../include/c++/11/shared_mutex:228:7 @[ /usr/lib/gcc/aarch64-linux-gnu/11/../../../../include/c++/11/shared_mutex:489:33 @[ /usr/lib/gcc/aarch64-linux-gnu/11/../../../../include/c++/11/shared_mutex:727:13 @[ ros2_caret_ws/install/include/rclcpp/rclcpp/experimental/intra_process_manager.hpp:258:47 ] ] ]. Skipping.
Found a loop without an exit block at ros2_caret_ws/install/include/rclcpp/rclcpp/experimental/intra_process_manager.hpp:363:5. Skipping.
Found a loop without an exit block at ros2_caret_ws/install/include/rclcpp/rclcpp/experimental/intra_process_manager.hpp:442:5. Skipping.
Found a loop without a preheader at /usr/lib/gcc/aarch64-linux-gnu/11/../../../../include/c++/11/bits/hashtable.h:1837:7 @[ /usr/lib/gcc/aarch64-linux-gnu/11/../../../../include/c++/11/bits/hashtable.h:810:31 @[ /usr/lib/gcc/aarch64-linux-gnu/11/../../../../include/c++/11/bits/hashtable.h:1595:23 @[ /usr/lib/gcc/aarch64-linux-gnu/11/../../../../include/c++/11/bits/unordered_map.h:869:21 @[ ros2_caret_ws/install/include/rclcpp/rclcpp/experimental/intra_process_manager.hpp:196:38 ] ] ] ]. Skipping.
Found a loop without an exit block at /usr/lib/gcc/aarch64-linux-gnu/11/../../../../include/c++/11/shared_mutex:228:7 @[ /usr/lib/gcc/aarch64-linux-gnu/11/../../../../include/c++/11/shared_mutex:489:33 @[ /usr/lib/gcc/aarch64-linux-gnu/11/../../../../include/c++/11/shared_mutex:727:13 @[ ros2_caret_ws/install/include/rclcpp/rclcpp/experimental/intra_process_manager.hpp:194:47 ] ] ]. Skipping.
Found a loop without an exit block at /usr/lib/gcc/aarch64-linux-gnu/11/../../../../include/c++/11/bits/shared_ptr_base.h:259:7 @[ /usr/lib/gcc/aarch64-linux-gnu/11/../../../../include/c++/11/bits/shared_ptr_base.h:883:28 @[ /usr/lib/gcc/aarch64-linux-gnu/11/../../../../include/c++/11/bits/shared_ptr_base.h:1353:9 @[ /usr/lib/gcc/aarch64-linux-gnu/11/../../../../include/c++/11/bits/shared_ptr.h:418:9 @[ /usr/lib/gcc/aarch64-linux-gnu/11/../../../../include/c++/11/bits/shared_ptr.h:750:16 @[ ros2_caret_ws/install/include/rclcpp/rclcpp/publisher.hpp:561:26 ] ] ] ] ]. Skipping.
Found a loop without an exit block at /usr/lib/gcc/aarch64-linux-gnu/11/../../../../include/c++/11/bits/shared_ptr_base.h:259:7 @[ /usr/lib/gcc/aarch64-linux-gnu/11/../../../../include/c++/11/bits/shared_ptr_base.h:883:28 @[ /usr/lib/gcc/aarch64-linux-gnu/11/../../../../include/c++/11/bits/shared_ptr_base.h:1353:9 @[ /usr/lib/gcc/aarch64-linux-gnu/11/../../../../include/c++/11/bits/shared_ptr.h:418:9 @[ /usr/lib/gcc/aarch64-linux-gnu/11/../../../../include/c++/11/bits/shared_ptr.h:750:16 @[ ros2_caret_ws/install/include/rclcpp/rclcpp/publisher.hpp:537:26 ] ] ] ] ]. Skipping.
Found a loop without a preheader at /usr/lib/gcc/aarch64-linux-gnu/11/../../../../include/c++/11/bits/hashtable.h:1837:7 @[ /usr/lib/gcc/aarch64-linux-gnu/11/../../../../include/c++/11/bits/hashtable.h:810:31 @[ /usr/lib/gcc/aarch64-linux-gnu/11/../../../../include/c++/11/bits/hashtable.h:1595:23 @[ /usr/lib/gcc/aarch64-linux-gnu/11/../../../../include/c++/11/bits/unordered_map.h:869:21 @[ ros2_caret_ws/install/include/rclcpp/rclcpp/experimental/intra_process_manager.hpp:260:38 ] ] ] ]. Skipping.
Found a loop without an exit block at /usr/lib/gcc/aarch64-linux-gnu/11/../../../../include/c++/11/shared_mutex:228:7 @[ /usr/lib/gcc/aarch64-linux-gnu/11/../../../../include/c++/11/shared_mutex:489:33 @[ /usr/lib/gcc/aarch64-linux-gnu/11/../../../../include/c++/11/shared_mutex:727:13 @[ ros2_caret_ws/install/include/rclcpp/rclcpp/experimental/intra_process_manager.hpp:258:47 ] ] ]. Skipping.
Found a loop without an exit block at ros2_caret_ws/install/include/rclcpp/rclcpp/experimental/intra_process_manager.hpp:363:5. Skipping.
Found a loop without an exit block at ros2_caret_ws/install/include/rclcpp/rclcpp/experimental/intra_process_manager.hpp:442:5. Skipping.
Found a loop without a preheader at /usr/lib/gcc/aarch64-linux-gnu/11/../../../../include/c++/11/bits/hashtable.h:1837:7 @[ /usr/lib/gcc/aarch64-linux-gnu/11/../../../../include/c++/11/bits/hashtable.h:810:31 @[ /usr/lib/gcc/aarch64-linux-gnu/11/../../../../include/c++/11/bits/hashtable.h:1595:23 @[ /usr/lib/gcc/aarch64-linux-gnu/11/../../../../include/c++/11/bits/unordered_map.h:869:21 @[ ros2_caret_ws/install/include/rclcpp/rclcpp/experimental/intra_process_manager.hpp:196:38 ] ] ] ]. Skipping.
Found a loop without an exit block at /usr/lib/gcc/aarch64-linux-gnu/11/../../../../include/c++/11/shared_mutex:228:7 @[ /usr/lib/gcc/aarch64-linux-gnu/11/../../../../include/c++/11/shared_mutex:489:33 @[ /usr/lib/gcc/aarch64-linux-gnu/11/../../../../include/c++/11/shared_mutex:727:13 @[ ros2_caret_ws/install/include/rclcpp/rclcpp/experimental/intra_process_manager.hpp:194:47 ] ] ]. Skipping.
Found a loop without a preheader at /usr/lib/gcc/aarch64-linux-gnu/11/../../../../include/c++/11/bits/stl_construct.h:162:4. Skipping.
Found a loop without an exit block at /usr/lib/gcc/aarch64-linux-gnu/11/../../../../include/c++/11/bits/stl_algobase.h:2067:7. Skipping.
Found a loop without an exit block at /usr/lib/gcc/aarch64-linux-gnu/11/../../../../include/c++/11/bits/stl_algobase.h:2067:7. Skipping.
13 warnings generated.
---
[Processing: autoware_motion_velocity_planner]
[Processing: autoware_motion_velocity_planner]
[Processing: autoware_motion_velocity_planner]
[Processing: autoware_motion_velocity_planner]
[Processing: autoware_motion_velocity_planner]
[Processing: autoware_motion_velocity_planner]
[Processing: autoware_motion_velocity_planner]
[Processing: autoware_motion_velocity_planner]
Finished <<< autoware_motion_velocity_planner [4min 15s]

Summary: 1 package finished [4min 18s]
  1 package had stderr output: autoware_motion_velocity_planner
