[4.091s] WARNING:colcon.colcon_core.package_selection:Some selected packages are already built in one or more underlay workspaces:
	'autoware_mission_planner' is in: /home/tristan-toye/Autoware-47-installation-Nvidia-Jetson-Orin-AGX/autoware/install/autoware_mission_planner
If a package in a merged underlay workspace is overridden and it installs headers, then all packages in the overlay must sort their include directories by workspace order. Failure to do so may result in build failures or undefined behavior at run time.
If the overridden package is used by another package in any underlay, then the overriding package in the overlay must be API and ABI compatible or undefined behavior at run time may occur.

If you understand the risks and want to override a package anyways, add the following to the command line:
	--allow-overriding autoware_mission_planner

This may be promoted to an error in a future release of colcon-override-check.
Starting >>> autoware_mission_planner
[4.193s] WARNING:colcon.colcon_core.shell:The following packages are in the workspace but haven't been built:
- autoware_adapi_v1_msgs
- autoware_common_msgs
- autoware_control_msgs
- autoware_internal_debug_msgs
- autoware_internal_metric_msgs
- autoware_lint_common
- autoware_map_msgs
- autoware_perception_msgs
- autoware_cmake
- autoware_internal_perception_msgs
- autoware_localization_msgs
- autoware_planning_msgs
- autoware_system_msgs
- autoware_internal_planning_msgs
- autoware_lanelet2_extension
- autoware_pyplot
- autoware_utils_diagnostics
- autoware_utils_logging
- autoware_utils_math
- autoware_utils_rclcpp
- autoware_utils_system
- autoware_utils_uuid
- autoware_utils_visualization
- autoware_vehicle_msgs
- autoware_component_interface_specs
- autoware_internal_msgs
- autoware_utils_geometry
- autoware_interpolation
- autoware_test_utils
- autoware_utils_debug
- autoware_utils_tf
- autoware_lanelet2_utils
- autoware_motion_utils
- autoware_utils_pcl
- autoware_route_handler
- autoware_utils
- autoware_vehicle_info_utils
They are being used from the following locations instead:
- /home/tristan-toye/Autoware-47-installation-Nvidia-Jetson-Orin-AGX/autoware/install/autoware_adapi_v1_msgs
- /home/tristan-toye/Autoware-47-installation-Nvidia-Jetson-Orin-AGX/autoware/install/autoware_common_msgs
- /home/tristan-toye/Autoware-47-installation-Nvidia-Jetson-Orin-AGX/autoware/install/autoware_control_msgs
- /home/tristan-toye/Autoware-47-installation-Nvidia-Jetson-Orin-AGX/autoware/install/autoware_internal_debug_msgs
- /home/tristan-toye/Autoware-47-installation-Nvidia-Jetson-Orin-AGX/autoware/install/autoware_internal_metric_msgs
- /home/tristan-toye/Autoware-47-installation-Nvidia-Jetson-Orin-AGX/autoware/install/autoware_lint_common
- /home/tristan-toye/Autoware-47-installation-Nvidia-Jetson-Orin-AGX/autoware/install/autoware_map_msgs
- /home/tristan-toye/Autoware-47-installation-Nvidia-Jetson-Orin-AGX/autoware/install/autoware_perception_msgs
- /home/tristan-toye/Autoware-47-installation-Nvidia-Jetson-Orin-AGX/autoware/install/autoware_cmake
- /home/tristan-toye/Autoware-47-installation-Nvidia-Jetson-Orin-AGX/autoware/install/autoware_internal_perception_msgs
- /home/tristan-toye/Autoware-47-installation-Nvidia-Jetson-Orin-AGX/autoware/install/autoware_localization_msgs
- /home/tristan-toye/Autoware-47-installation-Nvidia-Jetson-Orin-AGX/autoware/install/autoware_planning_msgs
- /home/tristan-toye/Autoware-47-installation-Nvidia-Jetson-Orin-AGX/autoware/install/autoware_system_msgs
- /home/tristan-toye/Autoware-47-installation-Nvidia-Jetson-Orin-AGX/autoware/install/autoware_internal_planning_msgs
- /home/tristan-toye/Autoware-47-installation-Nvidia-Jetson-Orin-AGX/autoware/install/autoware_lanelet2_extension
- /home/tristan-toye/Autoware-47-installation-Nvidia-Jetson-Orin-AGX/autoware/install/autoware_pyplot
- /home/tristan-toye/Autoware-47-installation-Nvidia-Jetson-Orin-AGX/autoware/install/autoware_utils_diagnostics
- /home/tristan-toye/Autoware-47-installation-Nvidia-Jetson-Orin-AGX/autoware/install/autoware_utils_logging
- /home/tristan-toye/Autoware-47-installation-Nvidia-Jetson-Orin-AGX/autoware/install/autoware_utils_math
- /home/tristan-toye/Autoware-47-installation-Nvidia-Jetson-Orin-AGX/autoware/install/autoware_utils_rclcpp
- /home/tristan-toye/Autoware-47-installation-Nvidia-Jetson-Orin-AGX/autoware/install/autoware_utils_system
- /home/tristan-toye/Autoware-47-installation-Nvidia-Jetson-Orin-AGX/autoware/install/autoware_utils_uuid
- /home/tristan-toye/Autoware-47-installation-Nvidia-Jetson-Orin-AGX/autoware/install/autoware_utils_visualization
- /home/tristan-toye/Autoware-47-installation-Nvidia-Jetson-Orin-AGX/autoware/install/autoware_vehicle_msgs
- /home/tristan-toye/Autoware-47-installation-Nvidia-Jetson-Orin-AGX/autoware/install/autoware_component_interface_specs
- /home/tristan-toye/Autoware-47-installation-Nvidia-Jetson-Orin-AGX/autoware/install/autoware_internal_msgs
- /home/tristan-toye/Autoware-47-installation-Nvidia-Jetson-Orin-AGX/autoware/install/autoware_utils_geometry
- /home/tristan-toye/Autoware-47-installation-Nvidia-Jetson-Orin-AGX/autoware/install/autoware_interpolation
- /home/tristan-toye/Autoware-47-installation-Nvidia-Jetson-Orin-AGX/autoware/install/autoware_test_utils
- /home/tristan-toye/Autoware-47-installation-Nvidia-Jetson-Orin-AGX/autoware/install/autoware_utils_debug
- /home/tristan-toye/Autoware-47-installation-Nvidia-Jetson-Orin-AGX/autoware/install/autoware_utils_tf
- /home/tristan-toye/Autoware-47-installation-Nvidia-Jetson-Orin-AGX/autoware/install/autoware_lanelet2_utils
- /home/tristan-toye/Autoware-47-installation-Nvidia-Jetson-Orin-AGX/autoware/install/autoware_motion_utils
- /home/tristan-toye/Autoware-47-installation-Nvidia-Jetson-Orin-AGX/autoware/install/autoware_utils_pcl
- /home/tristan-toye/Autoware-47-installation-Nvidia-Jetson-Orin-AGX/autoware/install/autoware_route_handler
- /home/tristan-toye/Autoware-47-installation-Nvidia-Jetson-Orin-AGX/autoware/install/autoware_utils
- /home/tristan-toye/Autoware-47-installation-Nvidia-Jetson-Orin-AGX/autoware/install/autoware_vehicle_info_utils
To suppress this warning ignore these packages in the workspace:
--packages-ignore autoware_adapi_v1_msgs autoware_common_msgs autoware_control_msgs autoware_internal_debug_msgs autoware_internal_metric_msgs autoware_lint_common autoware_map_msgs autoware_perception_msgs autoware_cmake autoware_internal_perception_msgs autoware_localization_msgs autoware_planning_msgs autoware_system_msgs autoware_internal_planning_msgs autoware_lanelet2_extension autoware_pyplot autoware_utils_diagnostics autoware_utils_logging autoware_utils_math autoware_utils_rclcpp autoware_utils_system autoware_utils_uuid autoware_utils_visualization autoware_vehicle_msgs autoware_component_interface_specs autoware_internal_msgs autoware_utils_geometry autoware_interpolation autoware_test_utils autoware_utils_debug autoware_utils_tf autoware_lanelet2_utils autoware_motion_utils autoware_utils_pcl autoware_route_handler autoware_utils autoware_vehicle_info_utils
--- stderr: autoware_mission_planner
CMake Warning at /opt/ros/humble/share/ament_cmake_auto/cmake/ament_auto_add_library.cmake:66 (add_library):
  Cannot generate a safe runtime search path for target
  goal_pose_visualizer_component because there is a cycle in the constraint
  graph:

    dir 0 is [/home/tristan-toye/Autoware-47-installation-Nvidia-Jetson-Orin-AGX/autoware/install/autoware_adapi_v1_msgs/lib]
    dir 1 is [/home/tristan-toye/Autoware-47-installation-Nvidia-Jetson-Orin-AGX/autoware/install/autoware_map_msgs/lib]
    dir 2 is [/home/tristan-toye/Autoware-47-installation-Nvidia-Jetson-Orin-AGX/autoware/install/autoware_control_msgs/lib]
    dir 3 is [/home/tristan-toye/Autoware-47-installation-Nvidia-Jetson-Orin-AGX/autoware/install/autoware_localization_msgs/lib]
    dir 4 is [/opt/ros/humble/lib]
      dir 6 must precede it due to runtime library [librcl.so]
    dir 5 is [/home/tristan-toye/Autoware-47-installation-Nvidia-Jetson-Orin-AGX/autoware/install/autoware_system_msgs/lib]
    dir 6 is [/home/tristan-toye/Autoware-47-installation-Nvidia-Jetson-Orin-AGX/ros2_caret_ws/install/lib]
      dir 4 must precede it due to runtime library [librcl_yaml_param_parser.so]
    dir 7 is [/home/tristan-toye/Autoware-47-installation-Nvidia-Jetson-Orin-AGX/autoware/install/autoware_common_msgs/lib]
    dir 8 is [/home/tristan-toye/Autoware-47-installation-Nvidia-Jetson-Orin-AGX/autoware/install/autoware_interpolation/lib]
    dir 9 is [/home/tristan-toye/Autoware-47-installation-Nvidia-Jetson-Orin-AGX/autoware/install/autoware_vehicle_msgs/lib]
    dir 10 is [/home/tristan-toye/Autoware-47-installation-Nvidia-Jetson-Orin-AGX/autoware/install/autoware_motion_utils/lib]
    dir 11 is [/opt/ros/humble/lib/aarch64-linux-gnu]
    dir 12 is [/home/tristan-toye/Autoware-47-installation-Nvidia-Jetson-Orin-AGX/autoware/install/autoware_lanelet2_extension/lib]
    dir 13 is [/home/tristan-toye/Autoware-47-installation-Nvidia-Jetson-Orin-AGX/autoware/install/autoware_lanelet2_utils/lib]
    dir 14 is [/home/tristan-toye/Autoware-47-installation-Nvidia-Jetson-Orin-AGX/autoware/install/autoware_route_handler/lib]
    dir 15 is [/home/tristan-toye/Autoware-47-installation-Nvidia-Jetson-Orin-AGX/autoware/install/autoware_perception_msgs/lib]
    dir 16 is [/home/tristan-toye/Autoware-47-installation-Nvidia-Jetson-Orin-AGX/autoware/install/autoware_planning_msgs/lib]
    dir 17 is [/home/tristan-toye/Autoware-47-installation-Nvidia-Jetson-Orin-AGX/autoware/install/autoware_internal_debug_msgs/lib]
    dir 18 is [/home/tristan-toye/Autoware-47-installation-Nvidia-Jetson-Orin-AGX/autoware/install/autoware_internal_msgs/lib]
    dir 19 is [/home/tristan-toye/Autoware-47-installation-Nvidia-Jetson-Orin-AGX/autoware/install/autoware_utils_debug/lib]
    dir 20 is [/home/tristan-toye/Autoware-47-installation-Nvidia-Jetson-Orin-AGX/autoware/install/autoware_utils_diagnostics/lib]
    dir 21 is [/home/tristan-toye/Autoware-47-installation-Nvidia-Jetson-Orin-AGX/autoware/install/autoware_utils_logging/lib]
    dir 22 is [/home/tristan-toye/Autoware-47-installation-Nvidia-Jetson-Orin-AGX/autoware/install/autoware_utils_system/lib]
    dir 23 is [/home/tristan-toye/Autoware-47-installation-Nvidia-Jetson-Orin-AGX/autoware/install/autoware_internal_planning_msgs/lib]
    dir 24 is [/home/tristan-toye/Autoware-47-installation-Nvidia-Jetson-Orin-AGX/autoware/install/autoware_utils_math/lib]
    dir 25 is [/home/tristan-toye/Autoware-47-installation-Nvidia-Jetson-Orin-AGX/autoware/install/autoware_utils_geometry/lib]
    dir 26 is [/home/tristan-toye/Autoware-47-installation-Nvidia-Jetson-Orin-AGX/autoware/install/autoware_utils_visualization/lib]
    dir 27 is [/home/tristan-toye/Autoware-47-installation-Nvidia-Jetson-Orin-AGX/autoware/install/autoware_vehicle_info_utils/lib]

  Some of these libraries may not be found correctly.
Call Stack (most recent call first):
  CMakeLists.txt:7 (ament_auto_add_library)


CMake Warning at /opt/ros/humble/share/ament_cmake_auto/cmake/ament_auto_add_library.cmake:66 (add_library):
  Cannot generate a safe runtime search path for target
  autoware_mission_planner_component because there is a cycle in the
  constraint graph:

    dir 0 is [/home/tristan-toye/Autoware-47-installation-Nvidia-Jetson-Orin-AGX/autoware/build_instrumented/autoware_mission_planner/autoware_mission_planner]
    dir 1 is [/home/tristan-toye/Autoware-47-installation-Nvidia-Jetson-Orin-AGX/autoware/install/autoware_adapi_v1_msgs/lib]
    dir 2 is [/home/tristan-toye/Autoware-47-installation-Nvidia-Jetson-Orin-AGX/autoware/install/autoware_map_msgs/lib]
    dir 3 is [/home/tristan-toye/Autoware-47-installation-Nvidia-Jetson-Orin-AGX/autoware/install/autoware_control_msgs/lib]
    dir 4 is [/home/tristan-toye/Autoware-47-installation-Nvidia-Jetson-Orin-AGX/autoware/install/autoware_localization_msgs/lib]
    dir 5 is [/opt/ros/humble/lib]
      dir 7 must precede it due to runtime library [librcl.so]
    dir 6 is [/home/tristan-toye/Autoware-47-installation-Nvidia-Jetson-Orin-AGX/autoware/install/autoware_system_msgs/lib]
    dir 7 is [/home/tristan-toye/Autoware-47-installation-Nvidia-Jetson-Orin-AGX/ros2_caret_ws/install/lib]
      dir 5 must precede it due to runtime library [librcl_yaml_param_parser.so]
    dir 8 is [/home/tristan-toye/Autoware-47-installation-Nvidia-Jetson-Orin-AGX/autoware/install/autoware_common_msgs/lib]
    dir 9 is [/home/tristan-toye/Autoware-47-installation-Nvidia-Jetson-Orin-AGX/autoware/install/autoware_interpolation/lib]
    dir 10 is [/home/tristan-toye/Autoware-47-installation-Nvidia-Jetson-Orin-AGX/autoware/install/autoware_vehicle_msgs/lib]
    dir 11 is [/home/tristan-toye/Autoware-47-installation-Nvidia-Jetson-Orin-AGX/autoware/install/autoware_motion_utils/lib]
    dir 12 is [/opt/ros/humble/lib/aarch64-linux-gnu]
    dir 13 is [/home/tristan-toye/Autoware-47-installation-Nvidia-Jetson-Orin-AGX/autoware/install/autoware_lanelet2_extension/lib]
    dir 14 is [/home/tristan-toye/Autoware-47-installation-Nvidia-Jetson-Orin-AGX/autoware/install/autoware_lanelet2_utils/lib]
    dir 15 is [/home/tristan-toye/Autoware-47-installation-Nvidia-Jetson-Orin-AGX/autoware/install/autoware_route_handler/lib]
    dir 16 is [/home/tristan-toye/Autoware-47-installation-Nvidia-Jetson-Orin-AGX/autoware/install/autoware_perception_msgs/lib]
    dir 17 is [/home/tristan-toye/Autoware-47-installation-Nvidia-Jetson-Orin-AGX/autoware/install/autoware_planning_msgs/lib]
    dir 18 is [/home/tristan-toye/Autoware-47-installation-Nvidia-Jetson-Orin-AGX/autoware/install/autoware_internal_debug_msgs/lib]
    dir 19 is [/home/tristan-toye/Autoware-47-installation-Nvidia-Jetson-Orin-AGX/autoware/install/autoware_internal_msgs/lib]
    dir 20 is [/home/tristan-toye/Autoware-47-installation-Nvidia-Jetson-Orin-AGX/autoware/install/autoware_utils_debug/lib]
    dir 21 is [/home/tristan-toye/Autoware-47-installation-Nvidia-Jetson-Orin-AGX/autoware/install/autoware_utils_diagnostics/lib]
    dir 22 is [/home/tristan-toye/Autoware-47-installation-Nvidia-Jetson-Orin-AGX/autoware/install/autoware_utils_logging/lib]
    dir 23 is [/home/tristan-toye/Autoware-47-installation-Nvidia-Jetson-Orin-AGX/autoware/install/autoware_utils_system/lib]
    dir 24 is [/home/tristan-toye/Autoware-47-installation-Nvidia-Jetson-Orin-AGX/autoware/install/autoware_internal_planning_msgs/lib]
    dir 25 is [/home/tristan-toye/Autoware-47-installation-Nvidia-Jetson-Orin-AGX/autoware/install/autoware_utils_math/lib]
    dir 26 is [/home/tristan-toye/Autoware-47-installation-Nvidia-Jetson-Orin-AGX/autoware/install/autoware_utils_geometry/lib]
    dir 27 is [/home/tristan-toye/Autoware-47-installation-Nvidia-Jetson-Orin-AGX/autoware/install/autoware_utils_visualization/lib]
    dir 28 is [/home/tristan-toye/Autoware-47-installation-Nvidia-Jetson-Orin-AGX/autoware/install/autoware_vehicle_info_utils/lib]

  Some of these libraries may not be found correctly.
Call Stack (most recent call first):
  CMakeLists.txt:16 (ament_auto_add_library)


CMake Warning at /opt/ros/humble/share/ament_cmake_auto/cmake/ament_auto_add_library.cmake:66 (add_library):
  Cannot generate a safe runtime search path for target
  autoware_mission_planner_lanelet2_plugins because there is a cycle in the
  constraint graph:

    dir 0 is [/home/tristan-toye/Autoware-47-installation-Nvidia-Jetson-Orin-AGX/autoware/build_instrumented/autoware_mission_planner/autoware_mission_planner]
    dir 1 is [/home/tristan-toye/Autoware-47-installation-Nvidia-Jetson-Orin-AGX/autoware/install/autoware_control_msgs/lib]
    dir 2 is [/home/tristan-toye/Autoware-47-installation-Nvidia-Jetson-Orin-AGX/autoware/install/autoware_localization_msgs/lib]
    dir 3 is [/opt/ros/humble/lib]
      dir 5 must precede it due to runtime library [librcl.so]
    dir 4 is [/home/tristan-toye/Autoware-47-installation-Nvidia-Jetson-Orin-AGX/autoware/install/autoware_system_msgs/lib]
    dir 5 is [/home/tristan-toye/Autoware-47-installation-Nvidia-Jetson-Orin-AGX/ros2_caret_ws/install/lib]
      dir 3 must precede it due to runtime library [librcl_yaml_param_parser.so]
    dir 6 is [/home/tristan-toye/Autoware-47-installation-Nvidia-Jetson-Orin-AGX/autoware/install/autoware_adapi_v1_msgs/lib]
    dir 7 is [/home/tristan-toye/Autoware-47-installation-Nvidia-Jetson-Orin-AGX/autoware/install/autoware_common_msgs/lib]
    dir 8 is [/home/tristan-toye/Autoware-47-installation-Nvidia-Jetson-Orin-AGX/autoware/install/autoware_interpolation/lib]
    dir 9 is [/home/tristan-toye/Autoware-47-installation-Nvidia-Jetson-Orin-AGX/autoware/install/autoware_vehicle_msgs/lib]
    dir 10 is [/home/tristan-toye/Autoware-47-installation-Nvidia-Jetson-Orin-AGX/autoware/install/autoware_motion_utils/lib]
    dir 11 is [/home/tristan-toye/Autoware-47-installation-Nvidia-Jetson-Orin-AGX/autoware/install/autoware_lanelet2_extension/lib]
    dir 12 is [/home/tristan-toye/Autoware-47-installation-Nvidia-Jetson-Orin-AGX/autoware/install/autoware_lanelet2_utils/lib]
    dir 13 is [/home/tristan-toye/Autoware-47-installation-Nvidia-Jetson-Orin-AGX/autoware/install/autoware_map_msgs/lib]
    dir 14 is [/home/tristan-toye/Autoware-47-installation-Nvidia-Jetson-Orin-AGX/autoware/install/autoware_route_handler/lib]
    dir 15 is [/home/tristan-toye/Autoware-47-installation-Nvidia-Jetson-Orin-AGX/autoware/install/autoware_perception_msgs/lib]
    dir 16 is [/home/tristan-toye/Autoware-47-installation-Nvidia-Jetson-Orin-AGX/autoware/install/autoware_planning_msgs/lib]
    dir 17 is [/home/tristan-toye/Autoware-47-installation-Nvidia-Jetson-Orin-AGX/autoware/install/autoware_internal_debug_msgs/lib]
    dir 18 is [/home/tristan-toye/Autoware-47-installation-Nvidia-Jetson-Orin-AGX/autoware/install/autoware_internal_msgs/lib]
    dir 19 is [/home/tristan-toye/Autoware-47-installation-Nvidia-Jetson-Orin-AGX/autoware/install/autoware_utils_debug/lib]
    dir 20 is [/home/tristan-toye/Autoware-47-installation-Nvidia-Jetson-Orin-AGX/autoware/install/autoware_utils_diagnostics/lib]
    dir 21 is [/home/tristan-toye/Autoware-47-installation-Nvidia-Jetson-Orin-AGX/autoware/install/autoware_utils_logging/lib]
    dir 22 is [/home/tristan-toye/Autoware-47-installation-Nvidia-Jetson-Orin-AGX/autoware/install/autoware_utils_system/lib]
    dir 23 is [/home/tristan-toye/Autoware-47-installation-Nvidia-Jetson-Orin-AGX/autoware/install/autoware_internal_planning_msgs/lib]
    dir 24 is [/home/tristan-toye/Autoware-47-installation-Nvidia-Jetson-Orin-AGX/autoware/install/autoware_utils_math/lib]
    dir 25 is [/home/tristan-toye/Autoware-47-installation-Nvidia-Jetson-Orin-AGX/autoware/install/autoware_utils_geometry/lib]
    dir 26 is [/home/tristan-toye/Autoware-47-installation-Nvidia-Jetson-Orin-AGX/autoware/install/autoware_utils_visualization/lib]
    dir 27 is [/home/tristan-toye/Autoware-47-installation-Nvidia-Jetson-Orin-AGX/autoware/install/autoware_vehicle_info_utils/lib]
    dir 28 is [/opt/ros/humble/lib/aarch64-linux-gnu]

  Some of these libraries may not be found correctly.
Call Stack (most recent call first):
  CMakeLists.txt:27 (ament_auto_add_library)


CMake Warning at /opt/ros/humble/share/ament_cmake_gtest/cmake/ament_add_gtest_executable.cmake:50 (add_executable):
  Cannot generate a safe runtime search path for target
  test_autoware_mission_planner because there is a cycle in the constraint
  graph:

    dir 0 is [/home/tristan-toye/Autoware-47-installation-Nvidia-Jetson-Orin-AGX/autoware/build_instrumented/autoware_mission_planner/autoware_mission_planner]
    dir 1 is [/opt/ros/humble/lib]
      dir 10 must precede it due to runtime library [librclcpp.so]
    dir 2 is [/home/tristan-toye/Autoware-47-installation-Nvidia-Jetson-Orin-AGX/autoware/install/autoware_adapi_v1_msgs/lib]
    dir 3 is [/home/tristan-toye/Autoware-47-installation-Nvidia-Jetson-Orin-AGX/autoware/install/autoware_lanelet2_extension/lib]
    dir 4 is [/home/tristan-toye/Autoware-47-installation-Nvidia-Jetson-Orin-AGX/autoware/install/autoware_map_msgs/lib]
    dir 5 is [/home/tristan-toye/Autoware-47-installation-Nvidia-Jetson-Orin-AGX/autoware/install/autoware_perception_msgs/lib]
    dir 6 is [/home/tristan-toye/Autoware-47-installation-Nvidia-Jetson-Orin-AGX/autoware/install/autoware_planning_msgs/lib]
    dir 7 is [/home/tristan-toye/Autoware-47-installation-Nvidia-Jetson-Orin-AGX/autoware/install/autoware_internal_planning_msgs/lib]
    dir 8 is [/home/tristan-toye/Autoware-47-installation-Nvidia-Jetson-Orin-AGX/autoware/install/autoware_utils_math/lib]
    dir 9 is [/home/tristan-toye/Autoware-47-installation-Nvidia-Jetson-Orin-AGX/autoware/install/autoware_utils_geometry/lib]
    dir 10 is [/home/tristan-toye/Autoware-47-installation-Nvidia-Jetson-Orin-AGX/ros2_caret_ws/install/lib]
      dir 1 must precede it due to runtime library [librcl_yaml_param_parser.so]
    dir 11 is [/home/tristan-toye/Autoware-47-installation-Nvidia-Jetson-Orin-AGX/autoware/install/autoware_test_utils/lib]
    dir 12 is [/opt/ros/humble/lib/aarch64-linux-gnu]
    dir 13 is [/home/tristan-toye/Autoware-47-installation-Nvidia-Jetson-Orin-AGX/autoware/install/autoware_common_msgs/lib]
    dir 14 is [/home/tristan-toye/Autoware-47-installation-Nvidia-Jetson-Orin-AGX/autoware/install/autoware_control_msgs/lib]
    dir 15 is [/home/tristan-toye/Autoware-47-installation-Nvidia-Jetson-Orin-AGX/autoware/install/autoware_localization_msgs/lib]
    dir 16 is [/home/tristan-toye/Autoware-47-installation-Nvidia-Jetson-Orin-AGX/autoware/install/autoware_system_msgs/lib]
    dir 17 is [/home/tristan-toye/Autoware-47-installation-Nvidia-Jetson-Orin-AGX/autoware/install/autoware_interpolation/lib]
    dir 18 is [/home/tristan-toye/Autoware-47-installation-Nvidia-Jetson-Orin-AGX/autoware/install/autoware_vehicle_msgs/lib]
    dir 19 is [/home/tristan-toye/Autoware-47-installation-Nvidia-Jetson-Orin-AGX/autoware/install/autoware_motion_utils/lib]
    dir 20 is [/home/tristan-toye/Autoware-47-installation-Nvidia-Jetson-Orin-AGX/autoware/install/autoware_lanelet2_utils/lib]
    dir 21 is [/home/tristan-toye/Autoware-47-installation-Nvidia-Jetson-Orin-AGX/autoware/install/autoware_route_handler/lib]
    dir 22 is [/home/tristan-toye/Autoware-47-installation-Nvidia-Jetson-Orin-AGX/autoware/install/autoware_internal_debug_msgs/lib]
    dir 23 is [/home/tristan-toye/Autoware-47-installation-Nvidia-Jetson-Orin-AGX/autoware/install/autoware_internal_msgs/lib]
    dir 24 is [/home/tristan-toye/Autoware-47-installation-Nvidia-Jetson-Orin-AGX/autoware/install/autoware_utils_debug/lib]
    dir 25 is [/home/tristan-toye/Autoware-47-installation-Nvidia-Jetson-Orin-AGX/autoware/install/autoware_utils_diagnostics/lib]
    dir 26 is [/home/tristan-toye/Autoware-47-installation-Nvidia-Jetson-Orin-AGX/autoware/install/autoware_utils_logging/lib]
    dir 27 is [/home/tristan-toye/Autoware-47-installation-Nvidia-Jetson-Orin-AGX/autoware/install/autoware_utils_system/lib]
    dir 28 is [/home/tristan-toye/Autoware-47-installation-Nvidia-Jetson-Orin-AGX/autoware/install/autoware_utils_visualization/lib]
    dir 29 is [/home/tristan-toye/Autoware-47-installation-Nvidia-Jetson-Orin-AGX/autoware/install/autoware_vehicle_info_utils/lib]

  Some of these libraries may not be found correctly.
Call Stack (most recent call first):
  /opt/ros/humble/share/ament_cmake_gtest/cmake/ament_add_gtest_executable.cmake:37 (_ament_add_gtest_executable)
  /opt/ros/humble/share/ament_cmake_gtest/cmake/ament_add_gtest.cmake:68 (ament_add_gtest_executable)
  /opt/ros/humble/share/ament_cmake_ros/cmake/ament_add_ros_isolated_gtest.cmake:33 (ament_add_gtest)
  CMakeLists.txt:34 (ament_add_ros_isolated_gtest)


Found a loop without a preheader at /usr/lib/gcc/aarch64-linux-gnu/11/../../../../include/c++/11/bits/charconv.h:56:7 @[ /usr/lib/gcc/aarch64-linux-gnu/11/../../../../include/c++/11/bits/basic_string.h:6683:24 ]. Skipping.
Found a loop without an exit block at ros2_caret_ws/install/include/rclcpp/rclcpp/detail/qos_parameters.hpp:167:3. Skipping.
Found a loop without an exit block at ros2_caret_ws/install/include/rclcpp/rclcpp/detail/qos_parameters.hpp:167:3. Skipping.
Found a loop without a preheader at /usr/lib/gcc/aarch64-linux-gnu/11/../../../../include/c++/11/bits/stl_uninitialized.h:91:8 @[ /usr/lib/gcc/aarch64-linux-gnu/11/../../../../include/c++/11/bits/stl_uninitialized.h:148:14 @[ /usr/lib/gcc/aarch64-linux-gnu/11/../../../../include/c++/11/bits/stl_uninitialized.h:333:14 @[ /usr/lib/gcc/aarch64-linux-gnu/11/../../../../include/c++/11/bits/stl_vector.h:558:4 @[ /opt/ros/humble/include/rosidl_runtime_cpp/rosidl_runtime_cpp/bounded_vector.hpp:121:5 @[ /opt/ros/humble/include/rcl_interfaces/rcl_interfaces/msg/detail/parameter_descriptor__struct.hpp:39:8 ] ] ] ] ]. Skipping.
Found a loop without a preheader at /usr/lib/gcc/aarch64-linux-gnu/11/../../../../include/c++/11/bits/stl_uninitialized.h:91:8 @[ /usr/lib/gcc/aarch64-linux-gnu/11/../../../../include/c++/11/bits/stl_uninitialized.h:148:14 @[ /usr/lib/gcc/aarch64-linux-gnu/11/../../../../include/c++/11/bits/stl_uninitialized.h:333:14 @[ /usr/lib/gcc/aarch64-linux-gnu/11/../../../../include/c++/11/bits/stl_vector.h:558:4 @[ /opt/ros/humble/include/rosidl_runtime_cpp/rosidl_runtime_cpp/bounded_vector.hpp:121:5 @[ /opt/ros/humble/include/rcl_interfaces/rcl_interfaces/msg/detail/parameter_descriptor__struct.hpp:39:8 ] ] ] ] ]. Skipping.
Found a loop without a preheader at /usr/lib/gcc/aarch64-linux-gnu/11/../../../../include/c++/11/bits/stl_construct.h:162:4 @[ /usr/lib/gcc/aarch64-linux-gnu/11/../../../../include/c++/11/bits/stl_construct.h:195:7 @[ /usr/lib/gcc/aarch64-linux-gnu/11/../../../../include/c++/11/bits/alloc_traits.h:848:7 @[ /usr/lib/gcc/aarch64-linux-gnu/11/../../../../include/c++/11/bits/stl_vector.h:680:2 @[ /opt/ros/humble/include/rcl_interfaces/rcl_interfaces/msg/detail/parameter_value__struct.hpp:33:8 ] ] ] ]. Skipping.
Found a loop without a preheader at /usr/lib/gcc/aarch64-linux-gnu/11/../../../../include/c++/11/bits/stl_construct.h:162:4 @[ /usr/lib/gcc/aarch64-linux-gnu/11/../../../../include/c++/11/bits/stl_construct.h:195:7 ]. Skipping.
Found a loop without a preheader at /usr/lib/gcc/aarch64-linux-gnu/11/../../../../include/c++/11/bits/stl_uninitialized.h:91:8. Skipping.
Found a loop without an exit block at /usr/lib/gcc/aarch64-linux-gnu/11/../../../../include/c++/11/bits/shared_ptr_base.h:259:7 @[ /usr/lib/gcc/aarch64-linux-gnu/11/../../../../include/c++/11/bits/shared_ptr_base.h:872:39 @[ /usr/lib/gcc/aarch64-linux-gnu/11/../../../../include/c++/11/bits/shared_ptr_base.h:1178:4 @[ /usr/lib/gcc/aarch64-linux-gnu/11/../../../../include/c++/11/bits/shared_ptr.h:326:4 @[ /usr/lib/gcc/aarch64-linux-gnu/11/../../../../include/c++/11/bits/shared_ptr.h:808:16 @[ ros2_caret_ws/install/include/rclcpp/rclcpp/publisher.hpp:207:70 ] ] ] ] ]. Skipping.
Found a loop without a preheader at /usr/lib/gcc/aarch64-linux-gnu/11/../../../../include/c++/11/bits/hashtable.h:1837:7 @[ /usr/lib/gcc/aarch64-linux-gnu/11/../../../../include/c++/11/bits/hashtable.h:810:31 @[ /usr/lib/gcc/aarch64-linux-gnu/11/../../../../include/c++/11/bits/hashtable.h:1970:23 ] ]. Skipping.
Found a loop without a preheader at /usr/lib/gcc/aarch64-linux-gnu/11/../../../../include/c++/11/bits/hashtable.h:2386:7. Skipping.
Found a loop without a preheader at /usr/lib/gcc/aarch64-linux-gnu/11/../../../../include/c++/11/bits/hashtable.h:1837:7 @[ /usr/lib/gcc/aarch64-linux-gnu/11/../../../../include/c++/11/bits/hashtable.h:810:31 @[ /usr/lib/gcc/aarch64-linux-gnu/11/../../../../include/c++/11/bits/hashtable.h:1970:23 ] ]. Skipping.
Found a loop without a preheader at /usr/lib/gcc/aarch64-linux-gnu/11/../../../../include/c++/11/bits/hashtable.h:1837:7 @[ /usr/lib/gcc/aarch64-linux-gnu/11/../../../../include/c++/11/bits/hashtable.h:810:31 @[ /usr/lib/gcc/aarch64-linux-gnu/11/../../../../include/c++/11/bits/hashtable.h:1970:23 ] ]. Skipping.
Found a loop without a preheader at /usr/lib/gcc/aarch64-linux-gnu/11/../../../../include/c++/11/bits/hashtable.h:1837:7 @[ /usr/lib/gcc/aarch64-linux-gnu/11/../../../../include/c++/11/bits/hashtable.h:810:31 @[ /usr/lib/gcc/aarch64-linux-gnu/11/../../../../include/c++/11/bits/hashtable.h:1970:23 ] ]. Skipping.
Found a loop without an exit block at /usr/lib/gcc/aarch64-linux-gnu/11/../../../../include/c++/11/bits/hashtable.h:1837:7. Skipping.
Found a loop without a preheader at /usr/lib/gcc/aarch64-linux-gnu/11/../../../../include/c++/11/bits/hashtable.h:2386:7. Skipping.
Found a loop without a preheader at /usr/lib/gcc/aarch64-linux-gnu/11/../../../../include/c++/11/bits/stl_construct.h:162:4 @[ /usr/lib/gcc/aarch64-linux-gnu/11/../../../../include/c++/11/bits/stl_construct.h:195:7 @[ /usr/lib/gcc/aarch64-linux-gnu/11/../../../../include/c++/11/bits/alloc_traits.h:848:7 @[ /usr/lib/gcc/aarch64-linux-gnu/11/../../../../include/c++/11/bits/stl_vector.h:680:2 ] ] ]. Skipping.
Found a loop without a preheader at /usr/lib/gcc/aarch64-linux-gnu/11/../../../../include/c++/11/bits/stl_construct.h:162:4 @[ /usr/lib/gcc/aarch64-linux-gnu/11/../../../../include/c++/11/bits/stl_construct.h:195:7 @[ /usr/lib/gcc/aarch64-linux-gnu/11/../../../../include/c++/11/bits/alloc_traits.h:848:7 @[ /usr/lib/gcc/aarch64-linux-gnu/11/../../../../include/c++/11/bits/stl_vector.h:680:2 @[ ros2_caret_ws/install/include/rclcpp/rclcpp/topic_statistics/subscription_topic_statistics.hpp:98:3 ] ] ] ]. Skipping.
Found a loop without a preheader at ros2_caret_ws/install/include/rclcpp/rclcpp/topic_statistics/subscription_topic_statistics.hpp:112:5. Skipping.
Found a loop without an exit block at ros2_caret_ws/install/include/rclcpp/rclcpp/topic_statistics/subscription_topic_statistics.hpp:152:5. Skipping.
Found a loop without an exit block at ros2_caret_ws/install/include/rclcpp/rclcpp/topic_statistics/subscription_topic_statistics.hpp:137:7. Skipping.
Found a loop without a preheader at /usr/lib/gcc/aarch64-linux-gnu/11/../../../../include/c++/11/bits/stl_construct.h:162:4 @[ /usr/lib/gcc/aarch64-linux-gnu/11/../../../../include/c++/11/bits/stl_construct.h:195:7 @[ /usr/lib/gcc/aarch64-linux-gnu/11/../../../../include/c++/11/bits/alloc_traits.h:848:7 @[ /usr/lib/gcc/aarch64-linux-gnu/11/../../../../include/c++/11/bits/stl_vector.h:1796:6 @[ /usr/lib/gcc/aarch64-linux-gnu/11/../../../../include/c++/11/bits/stl_vector.h:1499:9 @[ ros2_caret_ws/install/include/rclcpp/rclcpp/topic_statistics/subscription_topic_statistics.hpp:208:41 ] ] ] ] ]. Skipping.
Found a loop without a preheader at ros2_caret_ws/install/include/rclcpp/rclcpp/topic_statistics/subscription_topic_statistics.hpp:204:7. Skipping.
Found a loop without a preheader at /usr/lib/gcc/aarch64-linux-gnu/11/../../../../include/c++/11/bits/stl_uninitialized.h:1031:7 @[ /usr/lib/gcc/aarch64-linux-gnu/11/../../../../include/c++/11/bits/stl_uninitialized.h:1046:14 @[ /usr/lib/gcc/aarch64-linux-gnu/11/../../../../include/c++/11/bits/stl_vector.h:456:9 @[ /usr/lib/gcc/aarch64-linux-gnu/11/../../../../include/c++/11/bits/stl_vector.h:469:9 @[ /usr/lib/gcc/aarch64-linux-gnu/11/../../../../include/c++/11/bits/vector.tcc:466:23 ] ] ] ]. Skipping.
Found a loop without a preheader at /usr/lib/gcc/aarch64-linux-gnu/11/../../../../include/c++/11/bits/stl_uninitialized.h:1031:7 @[ /usr/lib/gcc/aarch64-linux-gnu/11/../../../../include/c++/11/bits/stl_uninitialized.h:1046:14 @[ /usr/lib/gcc/aarch64-linux-gnu/11/../../../../include/c++/11/bits/stl_vector.h:456:9 @[ /usr/lib/gcc/aarch64-linux-gnu/11/../../../../include/c++/11/bits/stl_vector.h:469:9 @[ /usr/lib/gcc/aarch64-linux-gnu/11/../../../../include/c++/11/bits/vector.tcc:461:23 ] ] ] ]. Skipping.
Found a loop without a preheader at /usr/lib/gcc/aarch64-linux-gnu/11/../../../../include/c++/11/bits/stl_uninitialized.h:91:8 @[ /usr/lib/gcc/aarch64-linux-gnu/11/../../../../include/c++/11/bits/stl_uninitialized.h:148:14 @[ /usr/lib/gcc/aarch64-linux-gnu/11/../../../../include/c++/11/bits/stl_uninitialized.h:333:14 @[ /usr/lib/gcc/aarch64-linux-gnu/11/../../../../include/c++/11/bits/stl_vector.h:558:4 @[ /opt/ros/humble/include/statistics_msgs/statistics_msgs/msg/detail/metrics_message__struct.hpp:40:8 ] ] ] ]. Skipping.
Found a loop without a preheader at /usr/lib/gcc/aarch64-linux-gnu/11/../../../../include/c++/11/bits/stl_construct.h:162:4. Skipping.
Found a loop without an exit block at /usr/lib/gcc/aarch64-linux-gnu/11/../../../../include/c++/11/bits/shared_ptr_base.h:259:7 @[ /usr/lib/gcc/aarch64-linux-gnu/11/../../../../include/c++/11/bits/shared_ptr_base.h:883:28 @[ /usr/lib/gcc/aarch64-linux-gnu/11/../../../../include/c++/11/bits/shared_ptr_base.h:1353:9 @[ /usr/lib/gcc/aarch64-linux-gnu/11/../../../../include/c++/11/bits/shared_ptr.h:418:9 @[ /usr/lib/gcc/aarch64-linux-gnu/11/../../../../include/c++/11/bits/shared_ptr.h:750:16 @[ ros2_caret_ws/install/include/rclcpp/rclcpp/publisher.hpp:561:26 ] ] ] ] ]. Skipping.
Found a loop without an exit block at /usr/lib/gcc/aarch64-linux-gnu/11/../../../../include/c++/11/bits/shared_ptr_base.h:259:7 @[ /usr/lib/gcc/aarch64-linux-gnu/11/../../../../include/c++/11/bits/shared_ptr_base.h:883:28 @[ /usr/lib/gcc/aarch64-linux-gnu/11/../../../../include/c++/11/bits/shared_ptr_base.h:1353:9 @[ /usr/lib/gcc/aarch64-linux-gnu/11/../../../../include/c++/11/bits/shared_ptr.h:418:9 @[ /usr/lib/gcc/aarch64-linux-gnu/11/../../../../include/c++/11/bits/shared_ptr.h:750:16 @[ ros2_caret_ws/install/include/rclcpp/rclcpp/publisher.hpp:537:26 ] ] ] ] ]. Skipping.
Found a loop without a preheader at /usr/lib/gcc/aarch64-linux-gnu/11/../../../../include/c++/11/bits/hashtable.h:1837:7 @[ /usr/lib/gcc/aarch64-linux-gnu/11/../../../../include/c++/11/bits/hashtable.h:810:31 @[ /usr/lib/gcc/aarch64-linux-gnu/11/../../../../include/c++/11/bits/hashtable.h:1595:23 @[ /usr/lib/gcc/aarch64-linux-gnu/11/../../../../include/c++/11/bits/unordered_map.h:869:21 @[ ros2_caret_ws/install/include/rclcpp/rclcpp/experimental/intra_process_manager.hpp:260:38 ] ] ] ]. Skipping.
Found a loop without an exit block at /usr/lib/gcc/aarch64-linux-gnu/11/../../../../include/c++/11/shared_mutex:228:7 @[ /usr/lib/gcc/aarch64-linux-gnu/11/../../../../include/c++/11/shared_mutex:489:33 @[ /usr/lib/gcc/aarch64-linux-gnu/11/../../../../include/c++/11/shared_mutex:727:13 @[ ros2_caret_ws/install/include/rclcpp/rclcpp/experimental/intra_process_manager.hpp:258:47 ] ] ]. Skipping.
Found a loop without an exit block at ros2_caret_ws/install/include/rclcpp/rclcpp/experimental/intra_process_manager.hpp:363:5. Skipping.
Found a loop without an exit block at ros2_caret_ws/install/include/rclcpp/rclcpp/experimental/intra_process_manager.hpp:442:5. Skipping.
Found a loop without a preheader at /usr/lib/gcc/aarch64-linux-gnu/11/../../../../include/c++/11/bits/hashtable.h:1837:7 @[ /usr/lib/gcc/aarch64-linux-gnu/11/../../../../include/c++/11/bits/hashtable.h:810:31 @[ /usr/lib/gcc/aarch64-linux-gnu/11/../../../../include/c++/11/bits/hashtable.h:1595:23 @[ /usr/lib/gcc/aarch64-linux-gnu/11/../../../../include/c++/11/bits/unordered_map.h:869:21 @[ ros2_caret_ws/install/include/rclcpp/rclcpp/experimental/intra_process_manager.hpp:196:38 ] ] ] ]. Skipping.
Found a loop without an exit block at /usr/lib/gcc/aarch64-linux-gnu/11/../../../../include/c++/11/shared_mutex:228:7 @[ /usr/lib/gcc/aarch64-linux-gnu/11/../../../../include/c++/11/shared_mutex:489:33 @[ /usr/lib/gcc/aarch64-linux-gnu/11/../../../../include/c++/11/shared_mutex:727:13 @[ ros2_caret_ws/install/include/rclcpp/rclcpp/experimental/intra_process_manager.hpp:194:47 ] ] ]. Skipping.
Found a loop without an exit block at /usr/lib/gcc/aarch64-linux-gnu/11/../../../../include/c++/11/bits/shared_ptr_base.h:259:7 @[ /usr/lib/gcc/aarch64-linux-gnu/11/../../../../include/c++/11/bits/shared_ptr_base.h:883:28 @[ /usr/lib/gcc/aarch64-linux-gnu/11/../../../../include/c++/11/bits/shared_ptr_base.h:1353:9 @[ /usr/lib/gcc/aarch64-linux-gnu/11/../../../../include/c++/11/bits/shared_ptr.h:418:9 @[ /usr/lib/gcc/aarch64-linux-gnu/11/../../../../include/c++/11/bits/shared_ptr.h:750:16 @[ ros2_caret_ws/install/include/rclcpp/rclcpp/create_subscription.hpp:102:71 @[ ros2_caret_ws/install/include/rclcpp/rclcpp/timer.hpp:244:5 ] ] ] ] ] ]. Skipping.
Found a loop without a preheader at /usr/lib/gcc/aarch64-linux-gnu/11/../../../../include/c++/11/bits/hashtable.h:1837:7 @[ /usr/lib/gcc/aarch64-linux-gnu/11/../../../../include/c++/11/bits/hashtable.h:810:31 @[ /usr/lib/gcc/aarch64-linux-gnu/11/../../../../include/c++/11/bits/hashtable.h:1970:23 ] ]. Skipping.
Found a loop without a preheader at /usr/lib/gcc/aarch64-linux-gnu/11/../../../../include/c++/11/bits/hashtable.h:2386:7. Skipping.
Found a loop without a preheader at /usr/lib/gcc/aarch64-linux-gnu/11/../../../../include/c++/11/bits/hashtable.h:1837:7 @[ /usr/lib/gcc/aarch64-linux-gnu/11/../../../../include/c++/11/bits/hashtable.h:810:31 @[ /usr/lib/gcc/aarch64-linux-gnu/11/../../../../include/c++/11/bits/hashtable.h:1970:23 ] ]. Skipping.
Found a loop without a preheader at /usr/lib/gcc/aarch64-linux-gnu/11/../../../../include/c++/11/bits/hashtable.h:2386:7. Skipping.
Found a loop without a preheader at /usr/lib/gcc/aarch64-linux-gnu/11/../../../../include/c++/11/bits/hashtable.h:1837:7 @[ /usr/lib/gcc/aarch64-linux-gnu/11/../../../../include/c++/11/bits/hashtable.h:810:31 @[ /usr/lib/gcc/aarch64-linux-gnu/11/../../../../include/c++/11/bits/hashtable.h:1970:23 ] ]. Skipping.
Found a loop without a preheader at /usr/lib/gcc/aarch64-linux-gnu/11/../../../../include/c++/11/bits/hashtable.h:1837:7 @[ /usr/lib/gcc/aarch64-linux-gnu/11/../../../../include/c++/11/bits/hashtable.h:810:31 @[ /usr/lib/gcc/aarch64-linux-gnu/11/../../../../include/c++/11/bits/hashtable.h:1970:23 ] ]. Skipping.
Found a loop without a preheader at /usr/lib/gcc/aarch64-linux-gnu/11/../../../../include/c++/11/bits/hashtable.h:1837:7 @[ /usr/lib/gcc/aarch64-linux-gnu/11/../../../../include/c++/11/bits/hashtable.h:810:31 @[ /usr/lib/gcc/aarch64-linux-gnu/11/../../../../include/c++/11/bits/hashtable.h:1970:23 ] ]. Skipping.
Found a loop without a preheader at /usr/lib/gcc/aarch64-linux-gnu/11/../../../../include/c++/11/bits/hashtable.h:1837:7 @[ /usr/lib/gcc/aarch64-linux-gnu/11/../../../../include/c++/11/bits/hashtable.h:810:31 @[ /usr/lib/gcc/aarch64-linux-gnu/11/../../../../include/c++/11/bits/hashtable.h:1970:23 ] ]. Skipping.
Found a loop without a preheader at /usr/lib/gcc/aarch64-linux-gnu/11/../../../../include/c++/11/bits/hashtable.h:1837:7 @[ /usr/lib/gcc/aarch64-linux-gnu/11/../../../../include/c++/11/bits/hashtable.h:810:31 @[ /usr/lib/gcc/aarch64-linux-gnu/11/../../../../include/c++/11/bits/hashtable.h:1970:23 ] ]. Skipping.
Found a loop without a preheader at /usr/lib/gcc/aarch64-linux-gnu/11/../../../../include/c++/11/bits/hashtable.h:1837:7 @[ /usr/lib/gcc/aarch64-linux-gnu/11/../../../../include/c++/11/bits/hashtable.h:810:31 @[ /usr/lib/gcc/aarch64-linux-gnu/11/../../../../include/c++/11/bits/hashtable.h:1970:23 ] ]. Skipping.
Found a loop without a preheader at /usr/lib/gcc/aarch64-linux-gnu/11/../../../../include/c++/11/bits/hashtable.h:1837:7 @[ /usr/lib/gcc/aarch64-linux-gnu/11/../../../../include/c++/11/bits/hashtable.h:810:31 @[ /usr/lib/gcc/aarch64-linux-gnu/11/../../../../include/c++/11/bits/hashtable.h:1970:23 ] ]. Skipping.
Found a loop without a preheader at /usr/lib/gcc/aarch64-linux-gnu/11/../../../../include/c++/11/bits/hashtable.h:1837:7 @[ /usr/lib/gcc/aarch64-linux-gnu/11/../../../../include/c++/11/bits/hashtable.h:810:31 @[ /usr/lib/gcc/aarch64-linux-gnu/11/../../../../include/c++/11/bits/hashtable.h:1970:23 ] ]. Skipping.
Found a loop without a preheader at /usr/lib/gcc/aarch64-linux-gnu/11/../../../../include/c++/11/bits/stl_construct.h:162:4 @[ /usr/lib/gcc/aarch64-linux-gnu/11/../../../../include/c++/11/bits/stl_construct.h:195:7 @[ /usr/lib/gcc/aarch64-linux-gnu/11/../../../../include/c++/11/bits/alloc_traits.h:848:7 @[ /usr/lib/gcc/aarch64-linux-gnu/11/../../../../include/c++/11/bits/stl_vector.h:680:2 ] ] ]. Skipping.
Found a loop without a preheader at /usr/lib/gcc/aarch64-linux-gnu/11/../../../../include/c++/11/bits/stl_construct.h:162:4 @[ /usr/lib/gcc/aarch64-linux-gnu/11/../../../../include/c++/11/bits/stl_construct.h:195:7 @[ /usr/lib/gcc/aarch64-linux-gnu/11/../../../../include/c++/11/bits/alloc_traits.h:848:7 @[ /usr/lib/gcc/aarch64-linux-gnu/11/../../../../include/c++/11/bits/stl_vector.h:680:2 @[ ros2_caret_ws/install/include/rclcpp/rclcpp/experimental/buffers/ring_buffer_implementation.hpp:56:40 ] ] ] ]. Skipping.
Found a loop without a preheader at /usr/lib/gcc/aarch64-linux-gnu/11/../../../../include/c++/11/bits/stl_construct.h:162:4 @[ /usr/lib/gcc/aarch64-linux-gnu/11/../../../../include/c++/11/bits/stl_construct.h:195:7 @[ /usr/lib/gcc/aarch64-linux-gnu/11/../../../../include/c++/11/bits/alloc_traits.h:848:7 @[ /usr/lib/gcc/aarch64-linux-gnu/11/../../../../include/c++/11/bits/stl_vector.h:680:2 @[ ros2_caret_ws/install/include/rclcpp/rclcpp/experimental/buffers/ring_buffer_implementation.hpp:56:40 @[ ros2_caret_ws/install/include/rclcpp/rclcpp/experimental/buffers/ring_buffer_implementation.hpp:56:39 ] ] ] ] ]. Skipping.
Found a loop without a preheader at /usr/lib/gcc/aarch64-linux-gnu/11/../../../../include/c++/11/bits/stl_construct.h:162:4 @[ /usr/lib/gcc/aarch64-linux-gnu/11/../../../../include/c++/11/bits/stl_construct.h:195:7 @[ /usr/lib/gcc/aarch64-linux-gnu/11/../../../../include/c++/11/bits/alloc_traits.h:848:7 @[ /usr/lib/gcc/aarch64-linux-gnu/11/../../../../include/c++/11/bits/stl_vector.h:680:2 ] ] ]. Skipping.
Found a loop without a preheader at /usr/lib/gcc/aarch64-linux-gnu/11/../../../../include/c++/11/bits/stl_construct.h:162:4 @[ /usr/lib/gcc/aarch64-linux-gnu/11/../../../../include/c++/11/bits/stl_construct.h:195:7 ]. Skipping.
Found a loop without a preheader at /usr/lib/gcc/aarch64-linux-gnu/11/../../../../include/c++/11/bits/stl_construct.h:162:4 @[ /usr/lib/gcc/aarch64-linux-gnu/11/../../../../include/c++/11/bits/stl_construct.h:195:7 ]. Skipping.
Found a loop without a preheader at /usr/lib/gcc/aarch64-linux-gnu/11/../../../../include/c++/11/bits/stl_uninitialized.h:91:8. Skipping.
Found a loop without a preheader at /usr/lib/gcc/aarch64-linux-gnu/11/../../../../include/c++/11/bits/stl_uninitialized.h:91:8. Skipping.
Found a loop without a preheader at /usr/lib/gcc/aarch64-linux-gnu/11/../../../../include/c++/11/bits/stl_construct.h:162:4 @[ /usr/lib/gcc/aarch64-linux-gnu/11/../../../../include/c++/11/bits/stl_construct.h:195:7 @[ /usr/lib/gcc/aarch64-linux-gnu/11/../../../../include/c++/11/bits/alloc_traits.h:848:7 @[ /usr/lib/gcc/aarch64-linux-gnu/11/../../../../include/c++/11/bits/stl_vector.h:680:2 ] ] ]. Skipping.
Found a loop without a preheader at /usr/lib/gcc/aarch64-linux-gnu/11/../../../../include/c++/11/bits/stl_construct.h:162:4 @[ /usr/lib/gcc/aarch64-linux-gnu/11/../../../../include/c++/11/bits/stl_construct.h:195:7 @[ /usr/lib/gcc/aarch64-linux-gnu/11/../../../../include/c++/11/bits/alloc_traits.h:848:7 @[ /usr/lib/gcc/aarch64-linux-gnu/11/../../../../include/c++/11/bits/stl_vector.h:680:2 @[ ros2_caret_ws/install/include/rclcpp/rclcpp/experimental/buffers/ring_buffer_implementation.hpp:56:40 ] ] ] ]. Skipping.
Found a loop without a preheader at /usr/lib/gcc/aarch64-linux-gnu/11/../../../../include/c++/11/bits/stl_construct.h:162:4 @[ /usr/lib/gcc/aarch64-linux-gnu/11/../../../../include/c++/11/bits/stl_construct.h:195:7 @[ /usr/lib/gcc/aarch64-linux-gnu/11/../../../../include/c++/11/bits/alloc_traits.h:848:7 @[ /usr/lib/gcc/aarch64-linux-gnu/11/../../../../include/c++/11/bits/stl_vector.h:680:2 @[ ros2_caret_ws/install/include/rclcpp/rclcpp/subscription_content_filter_options.hpp:25:8 @[ ros2_caret_ws/install/include/rclcpp/rclcpp/subscription_options.hpp:39:8 ] ] ] ] ]. Skipping.
Found a loop without an exit block at /usr/lib/gcc/aarch64-linux-gnu/11/../../../../include/c++/11/bits/shared_ptr_base.h:259:7 @[ /usr/lib/gcc/aarch64-linux-gnu/11/../../../../include/c++/11/bits/shared_ptr_base.h:872:39 @[ /usr/lib/gcc/aarch64-linux-gnu/11/../../../../include/c++/11/bits/shared_ptr_base.h:1178:4 @[ /usr/lib/gcc/aarch64-linux-gnu/11/../../../../include/c++/11/bits/shared_ptr.h:326:4 @[ /usr/lib/gcc/aarch64-linux-gnu/11/../../../../include/c++/11/bits/shared_ptr.h:808:16 @[ ros2_caret_ws/install/include/rclcpp/rclcpp/publisher.hpp:207:70 ] ] ] ] ]. Skipping.
Found a loop without a preheader at /usr/lib/gcc/aarch64-linux-gnu/11/../../../../include/c++/11/bits/hashtable.h:1837:7 @[ /usr/lib/gcc/aarch64-linux-gnu/11/../../../../include/c++/11/bits/hashtable.h:810:31 @[ /usr/lib/gcc/aarch64-linux-gnu/11/../../../../include/c++/11/bits/hashtable.h:1970:23 ] ]. Skipping.
Found a loop without an exit block at /usr/lib/gcc/aarch64-linux-gnu/11/../../../../include/c++/11/bits/shared_ptr_base.h:259:7 @[ /usr/lib/gcc/aarch64-linux-gnu/11/../../../../include/c++/11/bits/shared_ptr_base.h:883:28 @[ /usr/lib/gcc/aarch64-linux-gnu/11/../../../../include/c++/11/bits/shared_ptr_base.h:1353:9 @[ /usr/lib/gcc/aarch64-linux-gnu/11/../../../../include/c++/11/bits/shared_ptr.h:418:9 @[ /usr/lib/gcc/aarch64-linux-gnu/11/../../../../include/c++/11/bits/shared_ptr.h:750:16 @[ ros2_caret_ws/install/include/rclcpp/rclcpp/publisher.hpp:561:26 ] ] ] ] ]. Skipping.
Found a loop without an exit block at /usr/lib/gcc/aarch64-linux-gnu/11/../../../../include/c++/11/bits/shared_ptr_base.h:259:7 @[ /usr/lib/gcc/aarch64-linux-gnu/11/../../../../include/c++/11/bits/shared_ptr_base.h:883:28 @[ /usr/lib/gcc/aarch64-linux-gnu/11/../../../../include/c++/11/bits/shared_ptr_base.h:1353:9 @[ /usr/lib/gcc/aarch64-linux-gnu/11/../../../../include/c++/11/bits/shared_ptr.h:418:9 @[ /usr/lib/gcc/aarch64-linux-gnu/11/../../../../include/c++/11/bits/shared_ptr.h:750:16 @[ ros2_caret_ws/install/include/rclcpp/rclcpp/publisher.hpp:537:26 ] ] ] ] ]. Skipping.
Found a loop without a preheader at /usr/lib/gcc/aarch64-linux-gnu/11/../../../../include/c++/11/bits/hashtable.h:1837:7 @[ /usr/lib/gcc/aarch64-linux-gnu/11/../../../../include/c++/11/bits/hashtable.h:810:31 @[ /usr/lib/gcc/aarch64-linux-gnu/11/../../../../include/c++/11/bits/hashtable.h:1595:23 @[ /usr/lib/gcc/aarch64-linux-gnu/11/../../../../include/c++/11/bits/unordered_map.h:869:21 @[ ros2_caret_ws/install/include/rclcpp/rclcpp/experimental/intra_process_manager.hpp:260:38 ] ] ] ]. Skipping.
Found a loop without an exit block at /usr/lib/gcc/aarch64-linux-gnu/11/../../../../include/c++/11/shared_mutex:228:7 @[ /usr/lib/gcc/aarch64-linux-gnu/11/../../../../include/c++/11/shared_mutex:489:33 @[ /usr/lib/gcc/aarch64-linux-gnu/11/../../../../include/c++/11/shared_mutex:727:13 @[ ros2_caret_ws/install/include/rclcpp/rclcpp/experimental/intra_process_manager.hpp:258:47 ] ] ]. Skipping.
Found a loop without an exit block at ros2_caret_ws/install/include/rclcpp/rclcpp/experimental/intra_process_manager.hpp:363:5. Skipping.
Found a loop without an exit block at ros2_caret_ws/install/include/rclcpp/rclcpp/experimental/intra_process_manager.hpp:442:5. Skipping.
Found a loop without a preheader at /usr/lib/gcc/aarch64-linux-gnu/11/../../../../include/c++/11/bits/hashtable.h:1837:7 @[ /usr/lib/gcc/aarch64-linux-gnu/11/../../../../include/c++/11/bits/hashtable.h:810:31 @[ /usr/lib/gcc/aarch64-linux-gnu/11/../../../../include/c++/11/bits/hashtable.h:1595:23 @[ /usr/lib/gcc/aarch64-linux-gnu/11/../../../../include/c++/11/bits/unordered_map.h:869:21 @[ ros2_caret_ws/install/include/rclcpp/rclcpp/experimental/intra_process_manager.hpp:196:38 ] ] ] ]. Skipping.
Found a loop without an exit block at /usr/lib/gcc/aarch64-linux-gnu/11/../../../../include/c++/11/shared_mutex:228:7 @[ /usr/lib/gcc/aarch64-linux-gnu/11/../../../../include/c++/11/shared_mutex:489:33 @[ /usr/lib/gcc/aarch64-linux-gnu/11/../../../../include/c++/11/shared_mutex:727:13 @[ ros2_caret_ws/install/include/rclcpp/rclcpp/experimental/intra_process_manager.hpp:194:47 ] ] ]. Skipping.
Found a loop without an exit block at /opt/ros/humble/src/gtest_vendor/./src/gtest.cc:4781:5. Skipping.
Found a loop without a preheader at /usr/lib/gcc/aarch64-linux-gnu/11/../../../../include/c++/11/bits/stl_construct.h:162:4 @[ /usr/lib/gcc/aarch64-linux-gnu/11/../../../../include/c++/11/bits/stl_construct.h:195:7 @[ /usr/lib/gcc/aarch64-linux-gnu/11/../../../../include/c++/11/bits/alloc_traits.h:848:7 @[ /usr/lib/gcc/aarch64-linux-gnu/11/../../../../include/c++/11/bits/stl_vector.h:680:2 ] ] ]. Skipping.
Found a loop without a preheader at /usr/lib/gcc/aarch64-linux-gnu/11/../../../../include/c++/11/bits/stl_construct.h:162:4 @[ /usr/lib/gcc/aarch64-linux-gnu/11/../../../../include/c++/11/bits/stl_construct.h:195:7 @[ /usr/lib/gcc/aarch64-linux-gnu/11/../../../../include/c++/11/bits/alloc_traits.h:848:7 @[ /usr/lib/gcc/aarch64-linux-gnu/11/../../../../include/c++/11/bits/stl_vector.h:680:2 @[ /opt/ros/humble/src/gtest_vendor/./src/gtest.cc:428:3 ] ] ] ]. Skipping.
Found a loop without an exit block at /opt/ros/humble/src/gtest_vendor/./src/gtest-filepath.cc:284:3. Skipping.
Found a loop without an exit block at /opt/ros/humble/src/gtest_vendor/./src/gtest.cc:485:3. Skipping.
Found a loop without a preheader at /opt/ros/humble/src/gtest_vendor/./src/gtest.cc:503:3. Skipping.
Found a loop without a preheader at /opt/ros/humble/src/gtest_vendor/./src/gtest.cc:503:3 @[ /opt/ros/humble/src/gtest_vendor/./src/gtest.cc:548:12 ]. Skipping.
Found a loop without a preheader at /opt/ros/humble/src/gtest_vendor/./src/gtest.cc:503:3 @[ /opt/ros/humble/src/gtest_vendor/./src/gtest.cc:547:11 ]. Skipping.
Found a loop without a preheader at /opt/ros/humble/src/gtest_vendor/./src/gtest.cc:665:5 @[ /opt/ros/humble/src/gtest_vendor/./src/gtest.cc:701:3 ]. Skipping.
Found a loop without a preheader at /opt/ros/humble/src/gtest_vendor/./src/gtest-internal-inl.h:284:3 @[ /opt/ros/humble/src/gtest_vendor/./src/gtest.cc:749:10 ]. Skipping.
Found a loop without a preheader at /opt/ros/humble/src/gtest_vendor/./src/gtest-internal-inl.h:284:3 @[ /opt/ros/humble/src/gtest_vendor/./src/gtest.cc:754:10 ]. Skipping.
Found a loop without a preheader at /opt/ros/humble/src/gtest_vendor/./src/gtest.cc:361:3 @[ /opt/ros/humble/src/gtest_vendor/./src/gtest.cc:770:10 ]. Skipping.
Found a loop without a preheader at /opt/ros/humble/src/gtest_vendor/./src/gtest-internal-inl.h:284:3 @[ /opt/ros/humble/src/gtest_vendor/./src/gtest.cc:2709:10 ]. Skipping.
Found a loop without an exit block at /opt/ros/humble/src/gtest_vendor/./src/gtest.cc:361:3 @[ /opt/ros/humble/src/gtest_vendor/./src/gtest.cc:775:10 ]. Skipping.
Found a loop without a preheader at /opt/ros/humble/src/gtest_vendor/./src/gtest-internal-inl.h:284:3 @[ /opt/ros/humble/src/gtest_vendor/./src/gtest.cc:2714:10 ]. Skipping.
Found a loop without an exit block at /opt/ros/humble/src/gtest_vendor/./src/gtest.cc:361:3 @[ /opt/ros/humble/src/gtest_vendor/./src/gtest.cc:780:10 ]. Skipping.
Found a loop without a preheader at /opt/ros/humble/src/gtest_vendor/./src/gtest-internal-inl.h:284:3 @[ /opt/ros/humble/src/gtest_vendor/./src/gtest.cc:2719:10 ]. Skipping.
Found a loop without a preheader at /opt/ros/humble/src/gtest_vendor/./src/gtest-internal-inl.h:284:3 @[ /opt/ros/humble/src/gtest_vendor/./src/gtest.cc:2724:10 ]. Skipping.
Found a loop without a preheader at /usr/lib/gcc/aarch64-linux-gnu/11/../../../../include/c++/11/bits/stl_construct.h:162:4 @[ /usr/lib/gcc/aarch64-linux-gnu/11/../../../../include/c++/11/bits/stl_construct.h:195:7 @[ /usr/lib/gcc/aarch64-linux-gnu/11/../../../../include/c++/11/bits/alloc_traits.h:848:7 @[ /usr/lib/gcc/aarch64-linux-gnu/11/../../../../include/c++/11/bits/stl_vector.h:680:2 @[ /opt/ros/humble/src/gtest_vendor/./src/gtest.cc:955:1 ] ] ] ]. Skipping.
Found a loop without an exit block at /opt/ros/humble/src/gtest_vendor/./src/gtest.cc:946:9. Skipping.
Found a loop without an exit block at /opt/ros/humble/src/gtest_vendor/./src/gtest.cc:926:3 @[ /opt/ros/humble/src/gtest_vendor/./src/gtest.cc:983:3 ]. Skipping.
Found a loop without a preheader at /opt/ros/humble/src/gtest_vendor/./src/gtest.cc:2000:3. Skipping.
Found a loop without a preheader at /usr/lib/gcc/aarch64-linux-gnu/11/../../../../include/c++/11/bits/stl_construct.h:162:4 @[ /usr/lib/gcc/aarch64-linux-gnu/11/../../../../include/c++/11/bits/stl_construct.h:195:7 @[ /usr/lib/gcc/aarch64-linux-gnu/11/../../../../include/c++/11/bits/alloc_traits.h:848:7 @[ /usr/lib/gcc/aarch64-linux-gnu/11/../../../../include/c++/11/bits/stl_vector.h:680:2 @[ /opt/ros/humble/src/gtest_vendor/./src/gtest.cc:1090:1 ] ] ] ]. Skipping.
Found a loop without a preheader at /usr/lib/gcc/aarch64-linux-gnu/11/../../../../include/c++/11/bits/stl_construct.h:162:4 @[ /usr/lib/gcc/aarch64-linux-gnu/11/../../../../include/c++/11/bits/stl_construct.h:195:7 @[ /usr/lib/gcc/aarch64-linux-gnu/11/../../../../include/c++/11/bits/alloc_traits.h:848:7 @[ /usr/lib/gcc/aarch64-linux-gnu/11/../../../../include/c++/11/bits/stl_vector.h:680:2 @[ /opt/ros/humble/src/gtest_vendor/./src/gtest.cc:1090:1 ] ] ] ]. Skipping.
Found a loop without an exit block at /opt/ros/humble/src/gtest_vendor/./src/gtest.cc:1082:3. Skipping.
Found a loop without a preheader at /usr/lib/gcc/aarch64-linux-gnu/11/../../../../include/c++/11/bits/stl_construct.h:162:4 @[ /usr/lib/gcc/aarch64-linux-gnu/11/../../../../include/c++/11/bits/stl_construct.h:195:7 @[ /usr/lib/gcc/aarch64-linux-gnu/11/../../../../include/c++/11/bits/alloc_traits.h:848:7 @[ /usr/lib/gcc/aarch64-linux-gnu/11/../../../../include/c++/11/bits/stl_vector.h:680:2 ] ] ]. Skipping.
Found a loop without a preheader at /usr/lib/gcc/aarch64-linux-gnu/11/../../../../include/c++/11/bits/stl_construct.h:162:4 @[ /usr/lib/gcc/aarch64-linux-gnu/11/../../../../include/c++/11/bits/stl_construct.h:195:7 @[ /usr/lib/gcc/aarch64-linux-gnu/11/../../../../include/c++/11/bits/alloc_traits.h:848:7 @[ /usr/lib/gcc/aarch64-linux-gnu/11/../../../../include/c++/11/bits/stl_vector.h:680:2 ] ] ]. Skipping.
Found a loop without an exit block at /opt/ros/humble/src/gtest_vendor/./src/gtest.cc:1120:5. Skipping.
Found a loop without an exit block at /opt/ros/humble/src/gtest_vendor/./src/gtest.cc:1117:5. Skipping.
Found a loop without an exit block at /opt/ros/humble/src/gtest_vendor/./src/gtest.cc:1217:3. Skipping.
Found a loop without a preheader at /usr/lib/gcc/aarch64-linux-gnu/11/../../../../include/c++/11/bits/list.tcc:71:7 @[ /usr/lib/gcc/aarch64-linux-gnu/11/../../../../include/c++/11/bits/stl_list.h:500:9 @[ /opt/ros/humble/src/gtest_vendor/./src/gtest.cc:1133:7 ] ]. Skipping.
Found a loop without a preheader at /usr/lib/gcc/aarch64-linux-gnu/11/../../../../include/c++/11/bits/list.tcc:71:7 @[ /usr/lib/gcc/aarch64-linux-gnu/11/../../../../include/c++/11/bits/stl_list.h:500:9 @[ /opt/ros/humble/src/gtest_vendor/./src/gtest.cc:1133:7 ] ]. Skipping.
Found a loop without a preheader at /usr/lib/gcc/aarch64-linux-gnu/11/../../../../include/c++/11/bits/list.tcc:71:7 @[ /usr/lib/gcc/aarch64-linux-gnu/11/../../../../include/c++/11/bits/stl_list.h:500:9 @[ /opt/ros/humble/src/gtest_vendor/./src/gtest.cc:1133:7 ] ]. Skipping.
Found a loop without a preheader at /usr/lib/gcc/aarch64-linux-gnu/11/../../../../include/c++/11/bits/stl_construct.h:162:4 @[ /usr/lib/gcc/aarch64-linux-gnu/11/../../../../include/c++/11/bits/stl_construct.h:195:7 @[ /usr/lib/gcc/aarch64-linux-gnu/11/../../../../include/c++/11/bits/alloc_traits.h:848:7 @[ /usr/lib/gcc/aarch64-linux-gnu/11/../../../../include/c++/11/bits/stl_vector.h:680:2 @[ /opt/ros/humble/src/gtest_vendor/./src/gtest.cc:1349:3 ] ] ] ]. Skipping.
Found a loop without a preheader at /usr/lib/gcc/aarch64-linux-gnu/11/../../../../include/c++/11/bits/stl_construct.h:162:4 @[ /usr/lib/gcc/aarch64-linux-gnu/11/../../../../include/c++/11/bits/stl_construct.h:195:7 @[ /usr/lib/gcc/aarch64-linux-gnu/11/../../../../include/c++/11/bits/alloc_traits.h:848:7 @[ /usr/lib/gcc/aarch64-linux-gnu/11/../../../../include/c++/11/bits/stl_vector.h:680:2 @[ /opt/ros/humble/src/gtest_vendor/./src/gtest.cc:1349:3 ] ] ] ]. Skipping.
Found a loop without an exit block at /opt/ros/humble/src/gtest_vendor/./src/gtest.cc:1288:3. Skipping.
Found a loop without an exit block at /opt/ros/humble/src/gtest_vendor/./src/gtest.cc:1836:3. Skipping.
Found a loop without a preheader at /usr/lib/gcc/aarch64-linux-gnu/11/../../../../include/c++/11/bits/stl_construct.h:162:4 @[ /usr/lib/gcc/aarch64-linux-gnu/11/../../../../include/c++/11/bits/stl_construct.h:195:7 @[ /usr/lib/gcc/aarch64-linux-gnu/11/../../../../include/c++/11/bits/alloc_traits.h:848:7 @[ /usr/lib/gcc/aarch64-linux-gnu/11/../../../../include/c++/11/bits/stl_vector.h:680:2 @[ /opt/ros/humble/src/gtest_vendor/./src/gtest.cc:2033:1 ] ] ] ]. Skipping.
Found a loop without a preheader at /usr/lib/gcc/aarch64-linux-gnu/11/../../../../include/c++/11/bits/stl_construct.h:162:4 @[ /usr/lib/gcc/aarch64-linux-gnu/11/../../../../include/c++/11/bits/stl_construct.h:195:7 @[ /usr/lib/gcc/aarch64-linux-gnu/11/../../../../include/c++/11/bits/alloc_traits.h:848:7 @[ /usr/lib/gcc/aarch64-linux-gnu/11/../../../../include/c++/11/bits/stl_vector.h:680:2 ] ] ]. Skipping.
Found a loop without a preheader at /usr/lib/gcc/aarch64-linux-gnu/11/../../../../include/c++/11/bits/stl_construct.h:162:4 @[ /usr/lib/gcc/aarch64-linux-gnu/11/../../../../include/c++/11/bits/stl_construct.h:195:7 @[ /usr/lib/gcc/aarch64-linux-gnu/11/../../../../include/c++/11/bits/alloc_traits.h:848:7 @[ /usr/lib/gcc/aarch64-linux-gnu/11/../../../../include/c++/11/bits/stl_vector.h:1796:6 @[ /usr/lib/gcc/aarch64-linux-gnu/11/../../../../include/c++/11/bits/stl_vector.h:1499:9 @[ /opt/ros/humble/src/gtest_vendor/./src/gtest.cc:2055:22 ] ] ] ] ]. Skipping.
Found a loop without a preheader at /usr/lib/gcc/aarch64-linux-gnu/11/../../../../include/c++/11/bits/stl_construct.h:162:4 @[ /usr/lib/gcc/aarch64-linux-gnu/11/../../../../include/c++/11/bits/stl_construct.h:195:7 @[ /usr/lib/gcc/aarch64-linux-gnu/11/../../../../include/c++/11/bits/alloc_traits.h:848:7 @[ /usr/lib/gcc/aarch64-linux-gnu/11/../../../../include/c++/11/bits/stl_vector.h:680:2 @[ /opt/ros/humble/src/gtest_vendor/./src/gtest.cc:2178:3 ] ] ] ]. Skipping.
Found a loop without an exit block at /opt/ros/humble/src/gtest_vendor/./src/gtest.cc:2149:3 @[ /opt/ros/humble/src/gtest_vendor/./src/gtest.cc:2167:30 @[ /opt/ros/humble/src/gtest_vendor/./src/gtest.cc:2178:10 ] ]. Skipping.
Found a loop without a preheader at /usr/lib/gcc/aarch64-linux-gnu/11/../../../../include/c++/11/bits/stl_construct.h:162:4 @[ /usr/lib/gcc/aarch64-linux-gnu/11/../../../../include/c++/11/bits/stl_construct.h:195:7 @[ /usr/lib/gcc/aarch64-linux-gnu/11/../../../../include/c++/11/bits/alloc_traits.h:848:7 @[ /usr/lib/gcc/aarch64-linux-gnu/11/../../../../include/c++/11/bits/stl_vector.h:1796:6 @[ /usr/lib/gcc/aarch64-linux-gnu/11/../../../../include/c++/11/bits/stl_vector.h:1499:9 @[ /opt/ros/humble/src/gtest_vendor/./src/gtest.cc:2185:20 ] ] ] ] ]. Skipping.
Found a loop without a preheader at /usr/lib/gcc/aarch64-linux-gnu/11/../../../../include/c++/11/bits/stl_construct.h:162:4 @[ /usr/lib/gcc/aarch64-linux-gnu/11/../../../../include/c++/11/bits/stl_construct.h:195:7 @[ /usr/lib/gcc/aarch64-linux-gnu/11/../../../../include/c++/11/bits/alloc_traits.h:848:7 @[ /usr/lib/gcc/aarch64-linux-gnu/11/../../../../include/c++/11/bits/stl_vector.h:1796:6 @[ /usr/lib/gcc/aarch64-linux-gnu/11/../../../../include/c++/11/bits/stl_vector.h:1499:9 @[ /opt/ros/humble/src/gtest_vendor/./src/gtest.cc:2184:22 ] ] ] ] ]. Skipping.
Found a loop without an exit block at /opt/ros/humble/src/gtest_vendor/./src/gtest.cc:2202:3 @[ /opt/ros/humble/src/gtest_vendor/./src/gtest.cc:2197:11 ]. Skipping.
Found a loop without an exit block at /opt/ros/humble/src/gtest_vendor/./src/gtest.cc:2202:3. Skipping.
Found a loop without an exit block at /opt/ros/humble/src/gtest_vendor/./src/gtest.cc:2202:3 @[ /opt/ros/humble/src/gtest_vendor/./src/gtest.cc:2197:11 @[ /opt/ros/humble/src/gtest_vendor/./src/gtest.cc:2533:62 ] ]. Skipping.
Found a loop without a preheader at /opt/ros/humble/src/gtest_vendor/include/gtest/internal/gtest-param-util.h:698:5 @[ /opt/ros/humble/src/gtest_vendor/./src/gtest.cc:2648:34 ]. Skipping.
Found a loop without a preheader at /usr/lib/gcc/aarch64-linux-gnu/11/../../../../include/c++/11/bits/stl_algo.h:3819:7 @[ /opt/ros/humble/src/gtest_vendor/./src/gtest-internal-inl.h:294:3 @[ /opt/ros/humble/src/gtest_vendor/./src/gtest.cc:2770:3 ] ]. Skipping.
Found a loop without a preheader at /usr/lib/gcc/aarch64-linux-gnu/11/../../../../include/c++/11/bits/stl_algo.h:3819:7 @[ /opt/ros/humble/src/gtest_vendor/./src/gtest-internal-inl.h:294:3 @[ /opt/ros/humble/src/gtest_vendor/./src/gtest.cc:2837:3 ] ]. Skipping.
Found a loop without an exit block at /opt/ros/humble/src/gtest_vendor/./src/gtest.cc:2202:3 @[ /opt/ros/humble/src/gtest_vendor/./src/gtest.cc:3245:27 ]. Skipping.
Found a loop without an exit block at /opt/ros/humble/src/gtest_vendor/./src/gtest.cc:2202:3 @[ /opt/ros/humble/src/gtest_vendor/./src/gtest.cc:2197:11 @[ /opt/ros/humble/src/gtest_vendor/./src/gtest.cc:3239:34 ] ]. Skipping.
Found a loop without an exit block at /opt/ros/humble/src/gtest_vendor/./src/gtest.cc:2202:3 @[ /opt/ros/humble/src/gtest_vendor/include/gtest/gtest.h:578:47 ]. Skipping.
Found a loop without an exit block at /opt/ros/humble/src/gtest_vendor/./src/gtest.cc:2202:3 @[ /opt/ros/humble/src/gtest_vendor/./src/gtest.cc:2197:11 @[ /opt/ros/humble/src/gtest_vendor/include/gtest/gtest.h:578:33 ] ]. Skipping.
Found a loop without a preheader at /opt/ros/humble/src/gtest_vendor/./src/gtest.cc:3295:3. Skipping.
Found a loop without an exit block at /opt/ros/humble/src/gtest_vendor/./src/gtest.cc:361:3 @[ /opt/ros/humble/src/gtest_vendor/./src/gtest.cc:780:10 @[ /opt/ros/humble/src/gtest_vendor/./src/gtest.cc:4672:58 @[ /opt/ros/humble/src/gtest_vendor/./src/gtest.cc:3290:43 ] ] ]. Skipping.
Found a loop without an exit block at /opt/ros/humble/src/gtest_vendor/./src/gtest.cc:361:3 @[ /opt/ros/humble/src/gtest_vendor/./src/gtest.cc:780:10 @[ /opt/ros/humble/src/gtest_vendor/./src/gtest.cc:4672:58 ] ]. Skipping.
Found a loop without a preheader at /opt/ros/humble/src/gtest_vendor/./src/gtest.cc:3320:3. Skipping.
Found a loop without an exit block at /opt/ros/humble/src/gtest_vendor/./src/gtest.cc:361:3 @[ /opt/ros/humble/src/gtest_vendor/./src/gtest.cc:780:10 @[ /opt/ros/humble/src/gtest_vendor/./src/gtest.cc:4672:58 @[ /opt/ros/humble/src/gtest_vendor/./src/gtest.cc:3360:45 ] ] ]. Skipping.
Found a loop without an exit block at /opt/ros/humble/src/gtest_vendor/./src/gtest.cc:361:3 @[ /opt/ros/humble/src/gtest_vendor/./src/gtest.cc:780:10 @[ /opt/ros/humble/src/gtest_vendor/./src/gtest.cc:4672:58 @[ /opt/ros/humble/src/gtest_vendor/./src/gtest.cc:3358:32 ] ] ]. Skipping.
Found a loop without a preheader at /opt/ros/humble/src/gtest_vendor/./src/gtest.cc:361:3 @[ /opt/ros/humble/src/gtest_vendor/./src/gtest.cc:770:10 @[ /opt/ros/humble/src/gtest_vendor/./src/gtest.cc:4663:18 @[ /opt/ros/humble/src/gtest_vendor/./src/gtest.cc:3349:45 ] ] ]. Skipping.
Found a loop without a preheader at /opt/ros/humble/src/gtest_vendor/./src/gtest.cc:361:3 @[ /opt/ros/humble/src/gtest_vendor/./src/gtest.cc:770:10 @[ /opt/ros/humble/src/gtest_vendor/./src/gtest.cc:4663:18 ] ]. Skipping.
Found a loop without a preheader at /usr/lib/gcc/aarch64-linux-gnu/11/../../../../include/c++/11/bits/stl_algo.h:3819:7 @[ /opt/ros/humble/src/gtest_vendor/./src/gtest-internal-inl.h:294:3 @[ /opt/ros/humble/src/gtest_vendor/./src/gtest.cc:3432:3 ] ]. Skipping.
Found a loop without an exit block at /opt/ros/humble/src/gtest_vendor/./src/gtest.cc:3440:3. Skipping.
Found a loop without a preheader at /opt/ros/humble/src/gtest_vendor/./src/gtest.cc:3471:1. Skipping.
Found a loop without a preheader at /opt/ros/humble/src/gtest_vendor/./src/gtest.cc:3472:1. Skipping.
Found a loop without a preheader at /opt/ros/humble/src/gtest_vendor/./src/gtest.cc:3475:1. Skipping.
Found a loop without a preheader at /opt/ros/humble/src/gtest_vendor/./src/gtest.cc:3477:1. Skipping.
Found a loop without a preheader at /opt/ros/humble/src/gtest_vendor/./src/gtest.cc:3478:1. Skipping.
Found a loop without a preheader at /opt/ros/humble/src/gtest_vendor/./src/gtest.cc:3479:1. Skipping.
Found a loop without a preheader at /opt/ros/humble/src/gtest_vendor/./src/gtest.cc:3480:1. Skipping.
Found a loop without a preheader at /opt/ros/humble/src/gtest_vendor/./src/gtest.cc:3497:5. Skipping.
Found a loop without a preheader at /opt/ros/humble/src/gtest_vendor/./src/gtest.cc:3916:3. Skipping.
Found a loop without an exit block at /opt/ros/humble/src/gtest_vendor/./src/gtest.cc:361:3 @[ /opt/ros/humble/src/gtest_vendor/./src/gtest.cc:780:10 @[ /opt/ros/humble/src/gtest_vendor/./src/gtest.cc:4672:58 @[ /opt/ros/humble/src/gtest_vendor/./src/gtest.cc:3896:51 ] ] ]. Skipping.
Found a loop without a preheader at /opt/ros/humble/src/gtest_vendor/./src/gtest.cc:3939:3. Skipping.
Found a loop without an exit block at /opt/ros/humble/src/gtest_vendor/./src/gtest.cc:3638:3. Skipping.
Found a loop without an exit block at /opt/ros/humble/src/gtest_vendor/./src/gtest.cc:3684:3. Skipping.
Found a loop without a preheader at /opt/ros/humble/src/gtest_vendor/./src/gtest.cc:3752:9. Skipping.
Found a loop without a preheader at /usr/lib/gcc/aarch64-linux-gnu/11/../../../../include/c++/11/bits/stl_construct.h:162:4 @[ /usr/lib/gcc/aarch64-linux-gnu/11/../../../../include/c++/11/bits/stl_construct.h:195:7 @[ /usr/lib/gcc/aarch64-linux-gnu/11/../../../../include/c++/11/bits/alloc_traits.h:848:7 @[ /usr/lib/gcc/aarch64-linux-gnu/11/../../../../include/c++/11/bits/stl_vector.h:680:2 @[ /opt/ros/humble/src/gtest_vendor/./src/gtest.cc:3779:1 ] ] ] ]. Skipping.
Found a loop without an exit block at /opt/ros/humble/src/gtest_vendor/./src/gtest.cc:3825:3. Skipping.
Found a loop without an exit block at /opt/ros/humble/src/gtest_vendor/./src/gtest.cc:2202:3 @[ /opt/ros/humble/src/gtest_vendor/./src/gtest.cc:2197:11 @[ /opt/ros/humble/src/gtest_vendor/./src/gtest.cc:3815:36 ] ]. Skipping.
Found a loop without an exit block at /opt/ros/humble/src/gtest_vendor/./src/gtest.cc:3968:3. Skipping.
Found a loop without an exit block at /opt/ros/humble/src/gtest_vendor/./src/gtest.cc:3878:3. Skipping.
Found a loop without a preheader at /opt/ros/humble/src/gtest_vendor/./src/gtest-internal-inl.h:284:3 @[ /opt/ros/humble/src/gtest_vendor/./src/gtest.cc:2724:10 @[ /opt/ros/humble/src/gtest_vendor/./src/gtest.cc:3868:39 ] ]. Skipping.
Found a loop without a preheader at /opt/ros/humble/src/gtest_vendor/./src/gtest-internal-inl.h:284:3 @[ /opt/ros/humble/src/gtest_vendor/./src/gtest.cc:2719:10 @[ /opt/ros/humble/src/gtest_vendor/./src/gtest.cc:3865:54 ] ]. Skipping.
Found a loop without an exit block at /opt/ros/humble/src/gtest_vendor/./src/gtest.cc:3950:3. Skipping.
Found a loop without a preheader at /opt/ros/humble/src/gtest_vendor/./src/gtest.cc:4301:3. Skipping.
Found a loop without an exit block at /opt/ros/humble/src/gtest_vendor/./src/gtest.cc:361:3 @[ /opt/ros/humble/src/gtest_vendor/./src/gtest.cc:780:10 @[ /opt/ros/humble/src/gtest_vendor/./src/gtest.cc:4672:58 @[ /opt/ros/humble/src/gtest_vendor/./src/gtest.cc:4278:60 ] ] ]. Skipping.
Found a loop without an exit block at /opt/ros/humble/src/gtest_vendor/./src/gtest.cc:4055:3. Skipping.
Found a loop without a preheader at /usr/lib/gcc/aarch64-linux-gnu/11/../../../../include/c++/11/bits/stl_construct.h:162:4 @[ /usr/lib/gcc/aarch64-linux-gnu/11/../../../../include/c++/11/bits/stl_construct.h:195:7 @[ /usr/lib/gcc/aarch64-linux-gnu/11/../../../../include/c++/11/bits/alloc_traits.h:848:7 @[ /usr/lib/gcc/aarch64-linux-gnu/11/../../../../include/c++/11/bits/stl_vector.h:680:2 @[ /opt/ros/humble/src/gtest_vendor/./src/gtest.cc:4138:1 ] ] ] ]. Skipping.
Found a loop without a preheader at /usr/lib/gcc/aarch64-linux-gnu/11/../../../../include/c++/11/bits/stl_construct.h:162:4 @[ /usr/lib/gcc/aarch64-linux-gnu/11/../../../../include/c++/11/bits/stl_construct.h:195:7 @[ /usr/lib/gcc/aarch64-linux-gnu/11/../../../../include/c++/11/bits/alloc_traits.h:848:7 @[ /usr/lib/gcc/aarch64-linux-gnu/11/../../../../include/c++/11/bits/stl_vector.h:680:2 @[ /opt/ros/humble/src/gtest_vendor/./src/gtest.cc:4158:1 ] ] ] ]. Skipping.
Found a loop without an exit block at /opt/ros/humble/src/gtest_vendor/./src/gtest.cc:4203:3. Skipping.
Found a loop without an exit block at /opt/ros/humble/src/gtest_vendor/./src/gtest.cc:2202:3 @[ /opt/ros/humble/src/gtest_vendor/./src/gtest.cc:2197:11 @[ /opt/ros/humble/src/gtest_vendor/./src/gtest.cc:4190:31 ] ]. Skipping.
Found a loop without an exit block at /opt/ros/humble/src/gtest_vendor/./src/gtest.cc:4345:3. Skipping.
Found a loop without an exit block at /opt/ros/humble/src/gtest_vendor/./src/gtest.cc:4256:3. Skipping.
Found a loop without a preheader at /opt/ros/humble/src/gtest_vendor/./src/gtest-internal-inl.h:284:3 @[ /opt/ros/humble/src/gtest_vendor/./src/gtest.cc:2724:10 @[ /opt/ros/humble/src/gtest_vendor/./src/gtest.cc:4240:30 ] ]. Skipping.
Found a loop without a preheader at /opt/ros/humble/src/gtest_vendor/./src/gtest-internal-inl.h:284:3 @[ /opt/ros/humble/src/gtest_vendor/./src/gtest.cc:2719:10 @[ /opt/ros/humble/src/gtest_vendor/./src/gtest.cc:4238:30 ] ]. Skipping.
Found a loop without a preheader at /opt/ros/humble/src/gtest_vendor/./src/gtest.cc:4329:3. Skipping.
Found a loop without an exit block at /opt/ros/humble/src/gtest_vendor/./src/gtest.cc:4365:3. Skipping.
Found a loop without a preheader at /opt/ros/humble/src/gtest_vendor/./src/gtest.cc:4401:3. Skipping.
Found a loop without an exit block at /opt/ros/humble/src/gtest_vendor/./src/gtest.cc:3440:3 @[ /opt/ros/humble/src/gtest_vendor/./src/gtest.cc:4554:21 ]. Skipping.
Found a loop without an exit block at /opt/ros/humble/src/gtest_vendor/./src/gtest.cc:3440:3 @[ /opt/ros/humble/src/gtest_vendor/./src/gtest.cc:4554:21 @[ /opt/ros/humble/src/gtest_vendor/./src/gtest.cc:4570:12 ] ]. Skipping.
Found a loop without an exit block at /opt/ros/humble/src/gtest_vendor/./src/gtest.cc:3440:3 @[ /opt/ros/humble/src/gtest_vendor/./src/gtest.cc:4554:21 @[ /opt/ros/humble/src/gtest_vendor/./src/gtest.cc:4585:12 ] ]. Skipping.
Found a loop without a preheader at /opt/ros/humble/src/gtest_vendor/./src/gtest-internal-inl.h:284:3 @[ /opt/ros/humble/src/gtest_vendor/./src/gtest.cc:749:10 @[ /opt/ros/humble/src/gtest_vendor/./src/gtest.cc:4626:18 ] ]. Skipping.
Found a loop without a preheader at /opt/ros/humble/src/gtest_vendor/./src/gtest-internal-inl.h:284:3 @[ /opt/ros/humble/src/gtest_vendor/./src/gtest.cc:754:10 @[ /opt/ros/humble/src/gtest_vendor/./src/gtest.cc:4631:18 ] ]. Skipping.
Found a loop without a preheader at /opt/ros/humble/src/gtest_vendor/./src/gtest-internal-inl.h:284:3 @[ /opt/ros/humble/src/gtest_vendor/./src/gtest.cc:749:10 @[ /opt/ros/humble/src/gtest_vendor/./src/gtest.cc:4648:18 ] ]. Skipping.
Found a loop without a preheader at /opt/ros/humble/src/gtest_vendor/./src/gtest-internal-inl.h:284:3 @[ /opt/ros/humble/src/gtest_vendor/./src/gtest.cc:754:10 @[ /opt/ros/humble/src/gtest_vendor/./src/gtest.cc:4651:18 ] ]. Skipping.
Found a loop without an exit block at /opt/ros/humble/src/gtest_vendor/./src/gtest.cc:2202:3 @[ /opt/ros/humble/src/gtest_vendor/./src/gtest-internal-inl.h:587:67 ]. Skipping.
Found a loop without a preheader at /opt/ros/humble/src/gtest_vendor/./src/gtest-internal-inl.h:284:3 @[ /opt/ros/humble/src/gtest_vendor/./src/gtest.cc:754:10 @[ /opt/ros/humble/src/gtest_vendor/./src/gtest-internal-inl.h:587:12 ] ]. Skipping.
Found a loop without an exit block at /opt/ros/humble/src/gtest_vendor/./src/gtest.cc:5293:3. Skipping.
Found a loop without an exit block at /opt/ros/humble/src/gtest_vendor/./src/gtest.cc:3440:3 @[ /opt/ros/humble/src/gtest_vendor/./src/gtest.cc:4554:21 @[ /opt/ros/humble/src/gtest_vendor/./src/gtest.cc:4570:12 @[ /opt/ros/humble/src/gtest_vendor/./src/gtest.cc:5025:16 ] ] ]. Skipping.
Found a loop without a preheader at /opt/ros/humble/src/gtest_vendor/include/gtest/internal/gtest-param-util.h:661:5. Skipping.
Found a loop without a preheader at /opt/ros/humble/src/gtest_vendor/include/gtest/internal/gtest-param-util.h:661:5 @[ /opt/ros/humble/src/gtest_vendor/./src/gtest.cc:5036:1 ]. Skipping.
Found a loop without a preheader at /usr/lib/gcc/aarch64-linux-gnu/11/../../../../include/c++/11/bits/stl_algo.h:3819:7 @[ /opt/ros/humble/src/gtest_vendor/./src/gtest-internal-inl.h:294:3 @[ /opt/ros/humble/src/gtest_vendor/./src/gtest.cc:5033:3 ] ]. Skipping.
Found a loop without a preheader at /usr/lib/gcc/aarch64-linux-gnu/11/../../../../include/c++/11/bits/stl_algo.h:3819:7 @[ /opt/ros/humble/src/gtest_vendor/./src/gtest-internal-inl.h:294:3 @[ /opt/ros/humble/src/gtest_vendor/./src/gtest.cc:5030:3 ] ]. Skipping.
Found a loop without an exit block at /opt/ros/humble/src/gtest_vendor/./src/gtest.cc:3440:3 @[ /opt/ros/humble/src/gtest_vendor/./src/gtest.cc:4554:21 @[ /opt/ros/humble/src/gtest_vendor/./src/gtest.cc:4585:12 @[ /opt/ros/humble/src/gtest_vendor/./src/gtest.cc:5074:18 ] ] ]. Skipping.
Found a loop without an exit block at /opt/ros/humble/src/gtest_vendor/./src/gtest.cc:3440:3 @[ /opt/ros/humble/src/gtest_vendor/./src/gtest.cc:4554:21 @[ /opt/ros/humble/src/gtest_vendor/./src/gtest.cc:4585:12 @[ /opt/ros/humble/src/gtest_vendor/./src/gtest.cc:5077:18 ] ] ]. Skipping.
Found a loop without a preheader at /opt/ros/humble/src/gtest_vendor/include/gtest/internal/gtest-param-util.h:698:5 @[ /opt/ros/humble/src/gtest_vendor/./src/gtest.cc:2648:34 @[ /opt/ros/humble/src/gtest_vendor/./src/gtest.cc:5126:5 ] ]. Skipping.
Found a loop without a preheader at /opt/ros/humble/src/gtest_vendor/./src/gtest.cc:503:3 @[ /opt/ros/humble/src/gtest_vendor/./src/gtest.cc:5197:7 ]. Skipping.
Found a loop without a preheader at /usr/lib/gcc/aarch64-linux-gnu/11/../../../../include/c++/11/bits/stl_construct.h:162:4 @[ /usr/lib/gcc/aarch64-linux-gnu/11/../../../../include/c++/11/bits/stl_construct.h:195:7 @[ /usr/lib/gcc/aarch64-linux-gnu/11/../../../../include/c++/11/bits/alloc_traits.h:848:7 @[ /usr/lib/gcc/aarch64-linux-gnu/11/../../../../include/c++/11/bits/stl_vector.h:680:2 @[ /opt/ros/humble/src/gtest_vendor/./src/gtest.cc:353:36 ] ] ] ]. Skipping.
Found a loop without an exit block at /opt/ros/humble/src/gtest_vendor/./src/gtest.cc:5504:3. Skipping.
Found a loop without a preheader at /opt/ros/humble/src/gtest_vendor/./src/gtest.cc:5570:3. Skipping.
Found a loop without a preheader at /opt/ros/humble/src/gtest_vendor/./src/gtest.cc:5668:3. Skipping.
Found a loop without an exit block at /opt/ros/humble/src/gtest_vendor/./src/gtest.cc:5997:3. Skipping.
Found a loop without an exit block at /opt/ros/humble/src/gtest_vendor/./src/gtest.cc:5997:3. Skipping.
Found a loop without an exit block at /opt/ros/humble/src/gtest_vendor/./src/gtest.cc:6079:3. Skipping.
Found a loop without a preheader at /usr/lib/gcc/aarch64-linux-gnu/11/../../../../include/c++/11/bits/stl_construct.h:162:4 @[ /usr/lib/gcc/aarch64-linux-gnu/11/../../../../include/c++/11/bits/stl_construct.h:195:7 @[ /usr/lib/gcc/aarch64-linux-gnu/11/../../../../include/c++/11/bits/alloc_traits.h:848:7 @[ /usr/lib/gcc/aarch64-linux-gnu/11/../../../../include/c++/11/bits/stl_vector.h:1796:6 @[ /usr/lib/gcc/aarch64-linux-gnu/11/../../../../include/c++/11/bits/stl_vector.h:1499:9 @[ /opt/ros/humble/src/gtest_vendor/./src/gtest.cc:6078:11 ] ] ] ] ]. Skipping.
Found a loop without an exit block at /opt/ros/humble/src/gtest_vendor/./src/gtest.cc:6079:3. Skipping.
Found a loop without a preheader at /usr/lib/gcc/aarch64-linux-gnu/11/../../../../include/c++/11/bits/stl_construct.h:162:4 @[ /usr/lib/gcc/aarch64-linux-gnu/11/../../../../include/c++/11/bits/stl_construct.h:195:7 @[ /usr/lib/gcc/aarch64-linux-gnu/11/../../../../include/c++/11/bits/alloc_traits.h:848:7 @[ /usr/lib/gcc/aarch64-linux-gnu/11/../../../../include/c++/11/bits/stl_vector.h:1796:6 @[ /usr/lib/gcc/aarch64-linux-gnu/11/../../../../include/c++/11/bits/stl_vector.h:1499:9 @[ /opt/ros/humble/src/gtest_vendor/./src/gtest.cc:6078:11 ] ] ] ] ]. Skipping.
Found a loop without an exit block at /opt/ros/humble/src/gtest_vendor/./src/gtest-death-test.cc:498:3. Skipping.
Found a loop without an exit block at /opt/ros/humble/src/gtest_vendor/./src/gtest-death-test.cc:351:3 @[ /opt/ros/humble/src/gtest_vendor/./src/gtest-death-test.cc:487:9 ]. Skipping.
Found a loop without an exit block at /opt/ros/humble/src/gtest_vendor/./src/gtest-death-test.cc:469:3. Skipping.
Found a loop without an exit block at /opt/ros/humble/src/gtest_vendor/./src/gtest-death-test.cc:518:3. Skipping.
Found a loop without an exit block at /opt/ros/humble/src/gtest_vendor/./src/gtest-death-test.cc:535:3. Skipping.
Found a loop without an exit block at /opt/ros/humble/src/gtest_vendor/./src/gtest-death-test.cc:1103:3. Skipping.
Found a loop without a preheader at /opt/ros/humble/src/gtest_vendor/./src/gtest-death-test.cc:1143:5. Skipping.
Found a loop without an exit block at /opt/ros/humble/src/gtest_vendor/./src/gtest-death-test.cc:1155:5. Skipping.
Found a loop without a preheader at /opt/ros/humble/src/gtest_vendor/./src/gtest-port.cc:107:3 @[ /opt/ros/humble/src/gtest_vendor/./src/gtest-port.cc:120:10 ]. Skipping.
Found a loop without a preheader at /opt/ros/humble/src/gtest_vendor/./src/gtest-death-test.cc:1196:5 @[ /opt/ros/humble/src/gtest_vendor/./src/gtest-death-test.cc:1457:1 ]. Skipping.
Found a loop without an exit block at /opt/ros/humble/src/gtest_vendor/./src/gtest-death-test.cc:1452:3. Skipping.
Found a loop without an exit block at /opt/ros/humble/src/gtest_vendor/./src/gtest-death-test.cc:1401:3 @[ /opt/ros/humble/src/gtest_vendor/./src/gtest-death-test.cc:1451:27 ]. Skipping.
Found a loop without an exit block at /opt/ros/humble/src/gtest_vendor/./src/gtest-death-test.cc:1358:3 @[ /opt/ros/humble/src/gtest_vendor/./src/gtest-death-test.cc:1451:27 ]. Skipping.
Found a loop without a preheader at /usr/lib/gcc/aarch64-linux-gnu/11/../../../../include/c++/11/bits/stl_construct.h:162:4 @[ /usr/lib/gcc/aarch64-linux-gnu/11/../../../../include/c++/11/bits/stl_construct.h:195:7 @[ /usr/lib/gcc/aarch64-linux-gnu/11/../../../../include/c++/11/bits/alloc_traits.h:848:7 @[ /usr/lib/gcc/aarch64-linux-gnu/11/../../../../include/c++/11/bits/stl_vector.h:680:2 @[ /opt/ros/humble/src/gtest_vendor/./src/gtest-death-test.cc:1440:3 ] ] ] ]. Skipping.
Found a loop without an exit block at /opt/ros/humble/src/gtest_vendor/./src/gtest-death-test.cc:1207:5. Skipping.
Found a loop without a preheader at /opt/ros/humble/src/gtest_vendor/./src/gtest-death-test.cc:1196:5. Skipping.
Found a loop without a preheader at /usr/lib/gcc/aarch64-linux-gnu/11/../../../../include/c++/11/bits/stl_construct.h:162:4 @[ /usr/lib/gcc/aarch64-linux-gnu/11/../../../../include/c++/11/bits/stl_construct.h:195:7 @[ /usr/lib/gcc/aarch64-linux-gnu/11/../../../../include/c++/11/bits/alloc_traits.h:848:7 @[ /usr/lib/gcc/aarch64-linux-gnu/11/../../../../include/c++/11/bits/stl_vector.h:680:2 @[ /opt/ros/humble/src/gtest_vendor/./src/gtest-death-test.cc:1647:1 ] ] ] ]. Skipping.
Found a loop without a preheader at /opt/ros/humble/src/gtest_vendor/./src/gtest-filepath.cc:358:3. Skipping.
Found a loop without a preheader at /usr/lib/gcc/aarch64-linux-gnu/11/../../../../include/c++/11/bits/stl_construct.h:162:4 @[ /usr/lib/gcc/aarch64-linux-gnu/11/../../../../include/c++/11/bits/stl_construct.h:195:7 @[ /usr/lib/gcc/aarch64-linux-gnu/11/../../../../include/c++/11/bits/alloc_traits.h:848:7 @[ /usr/lib/gcc/aarch64-linux-gnu/11/../../../../include/c++/11/bits/stl_vector.h:680:2 @[ /opt/ros/humble/src/gtest_vendor/./src/gtest-port.cc:1247:43 ] ] ] ]. Skipping.
Found a loop without a preheader at /usr/lib/gcc/aarch64-linux-gnu/11/../../../../include/c++/11/bits/stl_construct.h:162:4 @[ /usr/lib/gcc/aarch64-linux-gnu/11/../../../../include/c++/11/bits/stl_construct.h:195:7 @[ /usr/lib/gcc/aarch64-linux-gnu/11/../../../../include/c++/11/bits/alloc_traits.h:848:7 @[ /usr/lib/gcc/aarch64-linux-gnu/11/../../../../include/c++/11/bits/stl_vector.h:680:2 @[ /opt/ros/humble/src/gtest_vendor/./src/gtest-port.cc:1247:43 @[ /opt/ros/humble/src/gtest_vendor/./src/gtest-port.cc:1252:3 ] ] ] ] ]. Skipping.
Found a loop without a preheader at /usr/lib/gcc/aarch64-linux-gnu/11/../../../../include/c++/11/bits/stl_construct.h:162:4 @[ /usr/lib/gcc/aarch64-linux-gnu/11/../../../../include/c++/11/bits/stl_construct.h:195:7 @[ /usr/lib/gcc/aarch64-linux-gnu/11/../../../../include/c++/11/bits/alloc_traits.h:848:7 @[ /usr/lib/gcc/aarch64-linux-gnu/11/../../../../include/c++/11/bits/stl_vector.h:680:2 @[ /opt/ros/humble/src/gtest_vendor/./src/gtest-port.cc:1257:3 ] ] ] ]. Skipping.
Found a loop without a preheader at /opt/ros/humble/src/gtest_vendor/./src/gtest-port.cc:1279:3. Skipping.
Found a loop without a preheader at /opt/ros/humble/src/gtest_vendor/./src/gtest-printers.cc:273:3. Skipping.
Found a loop without a preheader at /opt/ros/humble/src/gtest_vendor/./src/gtest-printers.cc:273:3. Skipping.
Found a loop without a preheader at /opt/ros/humble/src/gtest_vendor/./src/gtest-printers.cc:388:9 @[ /opt/ros/humble/src/gtest_vendor/./src/gtest-printers.cc:419:7 @[ /opt/ros/humble/src/gtest_vendor/./src/gtest-printers.cc:429:7 ] ]. Skipping.
Found a loop without a preheader at /opt/ros/humble/src/gtest_vendor/./src/gtest-printers.cc:364:3 @[ /opt/ros/humble/src/gtest_vendor/./src/gtest-printers.cc:418:8 @[ /opt/ros/humble/src/gtest_vendor/./src/gtest-printers.cc:429:7 ] ]. Skipping.
Found a loop without a preheader at /usr/lib/gcc/aarch64-linux-gnu/11/../../../../include/c++/11/bits/stl_construct.h:162:4 @[ /usr/lib/gcc/aarch64-linux-gnu/11/../../../../include/c++/11/bits/stl_construct.h:195:7 @[ /usr/lib/gcc/aarch64-linux-gnu/11/../../../../include/c++/11/bits/alloc_traits.h:848:7 @[ /usr/lib/gcc/aarch64-linux-gnu/11/../../../../include/c++/11/bits/stl_vector.h:680:2 @[ /opt/ros/humble/src/gtest_vendor/./src/gtest-typed-test.cc:113:1 ] ] ] ]. Skipping.
Found a loop without a preheader at /opt/ros/humble/src/gtest_vendor/./src/gtest-typed-test.cc:96:3. Skipping.
Found a loop without an exit block at /opt/ros/humble/src/gtest_vendor/./src/gtest-typed-test.cc:70:3. Skipping.
Found a loop without an exit block at /opt/ros/humble/src/gtest_vendor/./src/gtest-typed-test.cc:51:3 @[ /opt/ros/humble/src/gtest_vendor/./src/gtest-typed-test.cc:65:39 ]. Skipping.
Found a loop without a preheader at /usr/lib/gcc/aarch64-linux-gnu/11/../../../../include/c++/11/bits/stl_tree.h:1887:7. Skipping.
Found a loop without a preheader at /usr/lib/gcc/aarch64-linux-gnu/11/../../../../include/c++/11/bits/stl_uninitialized.h:91:8. Skipping.
Found a loop without a preheader at /usr/lib/gcc/aarch64-linux-gnu/11/../../../../include/c++/11/bits/stl_construct.h:162:4 @[ /usr/lib/gcc/aarch64-linux-gnu/11/../../../../include/c++/11/bits/stl_construct.h:195:7 ]. Skipping.
Found a loop without a preheader at /opt/ros/humble/src/gtest_vendor/./src/gtest-internal-inl.h:284:3 @[ /opt/ros/humble/src/gtest_vendor/./src/gtest.cc:2719:10 @[ /opt/ros/humble/src/gtest_vendor/include/gtest/gtest.h:892:32 @[ /opt/ros/humble/src/gtest_vendor/include/gtest/gtest.h:889:33 @[ /opt/ros/humble/src/gtest_vendor/./src/gtest-internal-inl.h:1165:63 ] ] ] ]. Skipping.
Found a loop without an exit block at /opt/ros/humble/src/gtest_vendor/./src/gtest-death-test.cc:1248:3. Skipping.
Found a loop without a preheader at /opt/ros/humble/src/gtest_vendor/./src/gtest-printers.cc:67:3. Skipping.
Found a loop without a preheader at /usr/lib/gcc/aarch64-linux-gnu/11/../../../../include/c++/11/bits/stl_tree.h:1887:7. Skipping.
Found a loop without a preheader at /usr/lib/gcc/aarch64-linux-gnu/11/../../../../include/c++/11/bits/stl_uninitialized.h:91:8. Skipping.
Found a loop without a preheader at /usr/lib/gcc/aarch64-linux-gnu/11/../../../../include/c++/11/bits/stl_uninitialized.h:1031:7 @[ /usr/lib/gcc/aarch64-linux-gnu/11/../../../../include/c++/11/bits/stl_uninitialized.h:1046:14 @[ /usr/lib/gcc/aarch64-linux-gnu/11/../../../../include/c++/11/bits/stl_vector.h:456:9 @[ /usr/lib/gcc/aarch64-linux-gnu/11/../../../../include/c++/11/bits/stl_vector.h:469:9 @[ /usr/lib/gcc/aarch64-linux-gnu/11/../../../../include/c++/11/bits/vector.tcc:466:23 ] ] ] ]. Skipping.
Found a loop without a preheader at /usr/lib/gcc/aarch64-linux-gnu/11/../../../../include/c++/11/bits/stl_uninitialized.h:1031:7 @[ /usr/lib/gcc/aarch64-linux-gnu/11/../../../../include/c++/11/bits/stl_uninitialized.h:1046:14 @[ /usr/lib/gcc/aarch64-linux-gnu/11/../../../../include/c++/11/bits/stl_vector.h:456:9 @[ /usr/lib/gcc/aarch64-linux-gnu/11/../../../../include/c++/11/bits/stl_vector.h:469:9 @[ /usr/lib/gcc/aarch64-linux-gnu/11/../../../../include/c++/11/bits/vector.tcc:461:23 ] ] ] ]. Skipping.
Found a loop without an exit block at /usr/lib/gcc/aarch64-linux-gnu/11/../../../../include/c++/11/bits/stl_uninitialized.h:236:8. Skipping.
Found a loop without a preheader at /usr/lib/gcc/aarch64-linux-gnu/11/../../../../include/c++/11/bits/stl_construct.h:162:4 @[ /usr/lib/gcc/aarch64-linux-gnu/11/../../../../include/c++/11/bits/stl_construct.h:195:7 ]. Skipping.
Found a loop without an exit block at /usr/lib/gcc/aarch64-linux-gnu/11/../../../../include/c++/11/bits/stl_uninitialized.h:236:8. Skipping.
Found a loop without a preheader at /usr/lib/gcc/aarch64-linux-gnu/11/../../../../include/c++/11/bits/stl_construct.h:162:4 @[ /usr/lib/gcc/aarch64-linux-gnu/11/../../../../include/c++/11/bits/stl_construct.h:195:7 ]. Skipping.
Found a loop without a preheader at /usr/lib/gcc/aarch64-linux-gnu/11/../../../../include/c++/11/bits/stl_uninitialized.h:1031:7 @[ /usr/lib/gcc/aarch64-linux-gnu/11/../../../../include/c++/11/bits/stl_uninitialized.h:1046:14 @[ /usr/lib/gcc/aarch64-linux-gnu/11/../../../../include/c++/11/bits/stl_vector.h:456:9 @[ /usr/lib/gcc/aarch64-linux-gnu/11/../../../../include/c++/11/bits/stl_vector.h:469:9 @[ /usr/lib/gcc/aarch64-linux-gnu/11/../../../../include/c++/11/bits/vector.tcc:466:23 ] ] ] ]. Skipping.
Found a loop without a preheader at /usr/lib/gcc/aarch64-linux-gnu/11/../../../../include/c++/11/bits/stl_uninitialized.h:1031:7 @[ /usr/lib/gcc/aarch64-linux-gnu/11/../../../../include/c++/11/bits/stl_uninitialized.h:1046:14 @[ /usr/lib/gcc/aarch64-linux-gnu/11/../../../../include/c++/11/bits/stl_vector.h:456:9 @[ /usr/lib/gcc/aarch64-linux-gnu/11/../../../../include/c++/11/bits/stl_vector.h:469:9 @[ /usr/lib/gcc/aarch64-linux-gnu/11/../../../../include/c++/11/bits/vector.tcc:461:23 ] ] ] ]. Skipping.
Found a loop without a preheader at /usr/lib/gcc/aarch64-linux-gnu/11/../../../../include/c++/11/bits/stl_algobase.h:2067:7. Skipping.
Found a loop without a preheader at /usr/lib/gcc/aarch64-linux-gnu/11/../../../../include/c++/11/bits/stl_uninitialized.h:1031:7 @[ /usr/lib/gcc/aarch64-linux-gnu/11/../../../../include/c++/11/bits/stl_uninitialized.h:1046:14 @[ /usr/lib/gcc/aarch64-linux-gnu/11/../../../../include/c++/11/bits/stl_vector.h:456:9 @[ /usr/lib/gcc/aarch64-linux-gnu/11/../../../../include/c++/11/bits/stl_vector.h:469:9 @[ /usr/lib/gcc/aarch64-linux-gnu/11/../../../../include/c++/11/bits/vector.tcc:466:23 ] ] ] ]. Skipping.
Found a loop without a preheader at /usr/lib/gcc/aarch64-linux-gnu/11/../../../../include/c++/11/bits/stl_uninitialized.h:1031:7 @[ /usr/lib/gcc/aarch64-linux-gnu/11/../../../../include/c++/11/bits/stl_uninitialized.h:1046:14 @[ /usr/lib/gcc/aarch64-linux-gnu/11/../../../../include/c++/11/bits/stl_vector.h:456:9 @[ /usr/lib/gcc/aarch64-linux-gnu/11/../../../../include/c++/11/bits/stl_vector.h:469:9 @[ /usr/lib/gcc/aarch64-linux-gnu/11/../../../../include/c++/11/bits/vector.tcc:461:23 ] ] ] ]. Skipping.
Found a loop without an exit block at /usr/lib/gcc/aarch64-linux-gnu/11/../../../../include/c++/11/bits/stl_algobase.h:2067:7. Skipping.
Found a loop without a preheader at /usr/lib/gcc/aarch64-linux-gnu/11/../../../../include/c++/11/bits/stl_uninitialized.h:1031:7 @[ /usr/lib/gcc/aarch64-linux-gnu/11/../../../../include/c++/11/bits/stl_uninitialized.h:1046:14 @[ /usr/lib/gcc/aarch64-linux-gnu/11/../../../../include/c++/11/bits/stl_vector.h:456:9 @[ /usr/lib/gcc/aarch64-linux-gnu/11/../../../../include/c++/11/bits/stl_vector.h:469:9 @[ /usr/lib/gcc/aarch64-linux-gnu/11/../../../../include/c++/11/bits/vector.tcc:466:23 ] ] ] ]. Skipping.
Found a loop without a preheader at /usr/lib/gcc/aarch64-linux-gnu/11/../../../../include/c++/11/bits/stl_uninitialized.h:1031:7 @[ /usr/lib/gcc/aarch64-linux-gnu/11/../../../../include/c++/11/bits/stl_uninitialized.h:1046:14 @[ /usr/lib/gcc/aarch64-linux-gnu/11/../../../../include/c++/11/bits/stl_vector.h:456:9 @[ /usr/lib/gcc/aarch64-linux-gnu/11/../../../../include/c++/11/bits/stl_vector.h:469:9 @[ /usr/lib/gcc/aarch64-linux-gnu/11/../../../../include/c++/11/bits/vector.tcc:461:23 ] ] ] ]. Skipping.
Found a loop without a preheader at /usr/lib/gcc/aarch64-linux-gnu/11/../../../../include/c++/11/bits/stl_construct.h:162:4 @[ /usr/lib/gcc/aarch64-linux-gnu/11/../../../../include/c++/11/bits/stl_construct.h:195:7 @[ /usr/lib/gcc/aarch64-linux-gnu/11/../../../../include/c++/11/bits/alloc_traits.h:848:7 @[ /usr/lib/gcc/aarch64-linux-gnu/11/../../../../include/c++/11/bits/stl_vector.h:680:2 @[ /opt/ros/humble/src/gtest_vendor/include/gtest/internal/gtest-port.h:1764:9 ] ] ] ]. Skipping.
Found a loop without a preheader at /usr/lib/gcc/aarch64-linux-gnu/11/../../../../include/c++/11/bits/stl_construct.h:162:4 @[ /usr/lib/gcc/aarch64-linux-gnu/11/../../../../include/c++/11/bits/stl_construct.h:195:7 @[ /usr/lib/gcc/aarch64-linux-gnu/11/../../../../include/c++/11/bits/alloc_traits.h:848:7 @[ /usr/lib/gcc/aarch64-linux-gnu/11/../../../../include/c++/11/bits/stl_vector.h:680:2 @[ /opt/ros/humble/src/gtest_vendor/include/gtest/internal/gtest-port.h:1764:9 @[ /opt/ros/humble/src/gtest_vendor/include/gtest/internal/gtest-port.h:1764:9 ] ] ] ] ]. Skipping.
Found a loop without a preheader at /usr/lib/gcc/aarch64-linux-gnu/11/../../../../include/c++/11/bits/stl_algobase.h:2067:7. Skipping.
Found a loop without a preheader at /usr/lib/gcc/aarch64-linux-gnu/11/../../../../include/c++/11/bits/stl_construct.h:162:4 @[ /usr/lib/gcc/aarch64-linux-gnu/11/../../../../include/c++/11/bits/stl_construct.h:195:7 @[ /usr/lib/gcc/aarch64-linux-gnu/11/../../../../include/c++/11/bits/alloc_traits.h:848:7 @[ /usr/lib/gcc/aarch64-linux-gnu/11/../../../../include/c++/11/bits/stl_vector.h:680:2 @[ /opt/ros/humble/src/gtest_vendor/./src/gtest.cc:5989:1 ] ] ] ]. Skipping.
Found a loop without an exit block at /opt/ros/humble/src/gtest_vendor/./src/gtest.cc:5983:3. Skipping.
Found a loop without a preheader at /usr/lib/gcc/aarch64-linux-gnu/11/../../../../include/c++/11/bits/stl_construct.h:162:4 @[ /usr/lib/gcc/aarch64-linux-gnu/11/../../../../include/c++/11/bits/stl_construct.h:195:7 @[ /usr/lib/gcc/aarch64-linux-gnu/11/../../../../include/c++/11/bits/alloc_traits.h:848:7 @[ /usr/lib/gcc/aarch64-linux-gnu/11/../../../../include/c++/11/bits/stl_vector.h:680:2 @[ rclcpp_components/node_main_goal_pose_visualizer.cpp:75:1 ] ] ] ]. Skipping.
Found a loop without a preheader at /usr/lib/gcc/aarch64-linux-gnu/11/../../../../include/c++/11/bits/stl_construct.h:162:4 @[ /usr/lib/gcc/aarch64-linux-gnu/11/../../../../include/c++/11/bits/stl_construct.h:195:7 @[ /usr/lib/gcc/aarch64-linux-gnu/11/../../../../include/c++/11/bits/alloc_traits.h:848:7 @[ /usr/lib/gcc/aarch64-linux-gnu/11/../../../../include/c++/11/bits/stl_vector.h:680:2 @[ rclcpp_components/node_main_goal_pose_visualizer.cpp:75:1 ] ] ] ]. Skipping.
Found a loop without a preheader at /usr/lib/gcc/aarch64-linux-gnu/11/../../../../include/c++/11/bits/stl_construct.h:162:4 @[ /usr/lib/gcc/aarch64-linux-gnu/11/../../../../include/c++/11/bits/stl_construct.h:195:7 @[ /usr/lib/gcc/aarch64-linux-gnu/11/../../../../include/c++/11/bits/alloc_traits.h:848:7 @[ /usr/lib/gcc/aarch64-linux-gnu/11/../../../../include/c++/11/bits/stl_vector.h:1796:6 @[ /usr/lib/gcc/aarch64-linux-gnu/11/../../../../include/c++/11/bits/stl_vector.h:1499:9 @[ rclcpp_components/node_main_goal_pose_visualizer.cpp:70:17 ] ] ] ] ]. Skipping.
Found a loop without an exit block at rclcpp_components/node_main_goal_pose_visualizer.cpp:67:3. Skipping.
Found a loop without an exit block at rclcpp_components/node_main_goal_pose_visualizer.cpp:42:3. Skipping.
Found a loop without a preheader at /usr/lib/gcc/aarch64-linux-gnu/11/../../../../include/c++/11/bits/stl_construct.h:162:4 @[ /usr/lib/gcc/aarch64-linux-gnu/11/../../../../include/c++/11/bits/stl_construct.h:195:7 @[ /usr/lib/gcc/aarch64-linux-gnu/11/../../../../include/c++/11/bits/alloc_traits.h:848:7 @[ /usr/lib/gcc/aarch64-linux-gnu/11/../../../../include/c++/11/bits/stl_vector.h:680:2 ] ] ]. Skipping.
Found a loop without a preheader at /usr/lib/gcc/aarch64-linux-gnu/11/../../../../include/c++/11/bits/stl_construct.h:162:4 @[ /usr/lib/gcc/aarch64-linux-gnu/11/../../../../include/c++/11/bits/stl_construct.h:195:7 @[ /usr/lib/gcc/aarch64-linux-gnu/11/../../../../include/c++/11/bits/alloc_traits.h:848:7 @[ /usr/lib/gcc/aarch64-linux-gnu/11/../../../../include/c++/11/bits/stl_vector.h:680:2 ] ] ]. Skipping.
Found a loop without a preheader at /usr/lib/gcc/aarch64-linux-gnu/11/../../../../include/c++/11/bits/stl_construct.h:162:4 @[ /usr/lib/gcc/aarch64-linux-gnu/11/../../../../include/c++/11/bits/stl_construct.h:195:7 @[ /usr/lib/gcc/aarch64-linux-gnu/11/../../../../include/c++/11/bits/alloc_traits.h:848:7 @[ /usr/lib/gcc/aarch64-linux-gnu/11/../../../../include/c++/11/bits/stl_vector.h:680:2 @[ ros2_caret_ws/install/include/rclcpp/rclcpp/node_options.hpp:67:26 ] ] ] ]. Skipping.
Found a loop without a preheader at /usr/lib/gcc/aarch64-linux-gnu/11/../../../../include/c++/11/bits/stl_construct.h:162:4 @[ /usr/lib/gcc/aarch64-linux-gnu/11/../../../../include/c++/11/bits/stl_construct.h:195:7 @[ /usr/lib/gcc/aarch64-linux-gnu/11/../../../../include/c++/11/bits/alloc_traits.h:848:7 @[ /usr/lib/gcc/aarch64-linux-gnu/11/../../../../include/c++/11/bits/stl_vector.h:680:2 @[ ros2_caret_ws/install/include/rclcpp/rclcpp/node_options.hpp:67:26 ] ] ] ]. Skipping.
Found a loop without a preheader at /usr/lib/gcc/aarch64-linux-gnu/11/../../../../include/c++/11/bits/stl_construct.h:162:4 @[ /usr/lib/gcc/aarch64-linux-gnu/11/../../../../include/c++/11/bits/stl_construct.h:195:7 @[ /usr/lib/gcc/aarch64-linux-gnu/11/../../../../include/c++/11/bits/alloc_traits.h:848:7 @[ /usr/lib/gcc/aarch64-linux-gnu/11/../../../../include/c++/11/bits/stl_vector.h:680:2 @[ /opt/ros/humble/include/rcl_interfaces/rcl_interfaces/msg/detail/parameter_value__struct.hpp:33:8 ] ] ] ]. Skipping.
Found a loop without a preheader at /usr/lib/gcc/aarch64-linux-gnu/11/../../../../include/c++/11/bits/stl_construct.h:162:4 @[ /usr/lib/gcc/aarch64-linux-gnu/11/../../../../include/c++/11/bits/stl_construct.h:195:7 ]. Skipping.
Found a loop without a preheader at /usr/lib/gcc/aarch64-linux-gnu/11/../../../../include/c++/11/bits/stl_construct.h:162:4 @[ /usr/lib/gcc/aarch64-linux-gnu/11/../../../../include/c++/11/bits/stl_construct.h:195:7 @[ /usr/lib/gcc/aarch64-linux-gnu/11/../../../../include/c++/11/bits/alloc_traits.h:848:7 @[ /usr/lib/gcc/aarch64-linux-gnu/11/../../../../include/c++/11/bits/stl_vector.h:680:2 @[ /opt/ros/humble/include/class_loader/class_loader/class_loader_core.hpp:357:1 ] ] ] ]. Skipping.
Found a loop without an exit block at /opt/ros/humble/include/class_loader/class_loader/class_loader_core.hpp:344:3. Skipping.
Found a loop without a preheader at /usr/lib/gcc/aarch64-linux-gnu/11/../../../../include/c++/11/bits/stl_uninitialized.h:1031:7 @[ /usr/lib/gcc/aarch64-linux-gnu/11/../../../../include/c++/11/bits/stl_uninitialized.h:1046:14 @[ /usr/lib/gcc/aarch64-linux-gnu/11/../../../../include/c++/11/bits/stl_vector.h:456:9 @[ /usr/lib/gcc/aarch64-linux-gnu/11/../../../../include/c++/11/bits/stl_vector.h:469:9 @[ /usr/lib/gcc/aarch64-linux-gnu/11/../../../../include/c++/11/bits/vector.tcc:466:23 ] ] ] ]. Skipping.
Found a loop without a preheader at /usr/lib/gcc/aarch64-linux-gnu/11/../../../../include/c++/11/bits/stl_uninitialized.h:1031:7 @[ /usr/lib/gcc/aarch64-linux-gnu/11/../../../../include/c++/11/bits/stl_uninitialized.h:1046:14 @[ /usr/lib/gcc/aarch64-linux-gnu/11/../../../../include/c++/11/bits/stl_vector.h:456:9 @[ /usr/lib/gcc/aarch64-linux-gnu/11/../../../../include/c++/11/bits/stl_vector.h:469:9 @[ /usr/lib/gcc/aarch64-linux-gnu/11/../../../../include/c++/11/bits/vector.tcc:461:23 ] ] ] ]. Skipping.
Found a loop without a preheader at /usr/lib/gcc/aarch64-linux-gnu/11/../../../../include/c++/11/bits/stl_construct.h:162:4 @[ /usr/lib/gcc/aarch64-linux-gnu/11/../../../../include/c++/11/bits/stl_construct.h:195:7 @[ /usr/lib/gcc/aarch64-linux-gnu/11/../../../../include/c++/11/bits/alloc_traits.h:848:7 @[ /usr/lib/gcc/aarch64-linux-gnu/11/../../../../include/c++/11/bits/vector.tcc:793:3 ] ] ]. Skipping.
Found a loop without a preheader at /usr/lib/gcc/aarch64-linux-gnu/11/../../../../include/c++/11/bits/stl_uninitialized.h:91:8 @[ /usr/lib/gcc/aarch64-linux-gnu/11/../../../../include/c++/11/bits/stl_uninitialized.h:148:14 @[ /usr/lib/gcc/aarch64-linux-gnu/11/../../../../include/c++/11/bits/stl_uninitialized.h:333:14 @[ /usr/lib/gcc/aarch64-linux-gnu/11/../../../../include/c++/11/bits/stl_uninitialized.h:354:14 @[ /usr/lib/gcc/aarch64-linux-gnu/11/../../../../include/c++/11/bits/vector.tcc:782:11 ] ] ] ]. Skipping.
Found a loop without a preheader at /usr/lib/gcc/aarch64-linux-gnu/11/../../../../include/c++/11/bits/stl_construct.h:162:4 @[ /usr/lib/gcc/aarch64-linux-gnu/11/../../../../include/c++/11/bits/stl_construct.h:195:7 @[ /usr/lib/gcc/aarch64-linux-gnu/11/../../../../include/c++/11/bits/alloc_traits.h:848:7 @[ /usr/lib/gcc/aarch64-linux-gnu/11/../../../../include/c++/11/bits/vector.tcc:788:7 ] ] ]. Skipping.
Found a loop without a preheader at /usr/lib/gcc/aarch64-linux-gnu/11/../../../../include/c++/11/bits/stl_uninitialized.h:91:8 @[ /usr/lib/gcc/aarch64-linux-gnu/11/../../../../include/c++/11/bits/stl_uninitialized.h:148:14 @[ /usr/lib/gcc/aarch64-linux-gnu/11/../../../../include/c++/11/bits/stl_uninitialized.h:333:14 @[ /usr/lib/gcc/aarch64-linux-gnu/11/../../../../include/c++/11/bits/stl_uninitialized.h:354:14 @[ /usr/lib/gcc/aarch64-linux-gnu/11/../../../../include/c++/11/bits/vector.tcc:774:11 ] ] ] ]. Skipping.
Found a loop without a preheader at /usr/lib/gcc/aarch64-linux-gnu/11/../../../../include/c++/11/bits/stl_algobase.h:383:4 @[ /usr/lib/gcc/aarch64-linux-gnu/11/../../../../include/c++/11/bits/stl_algobase.h:494:14 @[ /usr/lib/gcc/aarch64-linux-gnu/11/../../../../include/c++/11/bits/stl_algobase.h:522:14 @[ /usr/lib/gcc/aarch64-linux-gnu/11/../../../../include/c++/11/bits/stl_algobase.h:530:3 @[ /usr/lib/gcc/aarch64-linux-gnu/11/../../../../include/c++/11/bits/stl_algobase.h:619:14 @[ /usr/lib/gcc/aarch64-linux-gnu/11/../../../../include/c++/11/bits/vector.tcc:744:7 ] ] ] ] ]. Skipping.
Found a loop without a preheader at /usr/lib/gcc/aarch64-linux-gnu/11/../../../../include/c++/11/bits/stl_algobase.h:718:4 @[ /usr/lib/gcc/aarch64-linux-gnu/11/../../../../include/c++/11/bits/stl_algobase.h:758:14 @[ /usr/lib/gcc/aarch64-linux-gnu/11/../../../../include/c++/11/bits/stl_algobase.h:769:14 @[ /usr/lib/gcc/aarch64-linux-gnu/11/../../../../include/c++/11/bits/stl_algobase.h:799:3 @[ /usr/lib/gcc/aarch64-linux-gnu/11/../../../../include/c++/11/bits/stl_algobase.h:894:14 @[ /usr/lib/gcc/aarch64-linux-gnu/11/../../../../include/c++/11/bits/vector.tcc:742:7 ] ] ] ] ]. Skipping.
Found a loop without a preheader at /usr/lib/gcc/aarch64-linux-gnu/11/../../../../include/c++/11/bits/stl_uninitialized.h:91:8 @[ /usr/lib/gcc/aarch64-linux-gnu/11/../../../../include/c++/11/bits/stl_uninitialized.h:148:14 @[ /usr/lib/gcc/aarch64-linux-gnu/11/../../../../include/c++/11/bits/stl_uninitialized.h:333:14 @[ /usr/lib/gcc/aarch64-linux-gnu/11/../../../../include/c++/11/bits/stl_uninitialized.h:341:14 @[ /usr/lib/gcc/aarch64-linux-gnu/11/../../../../include/c++/11/bits/vector.tcc:736:7 ] ] ] ]. Skipping.
Found a loop without a preheader at /usr/lib/gcc/aarch64-linux-gnu/11/../../../../include/c++/11/bits/stl_algobase.h:383:4 @[ /usr/lib/gcc/aarch64-linux-gnu/11/../../../../include/c++/11/bits/stl_algobase.h:494:14 @[ /usr/lib/gcc/aarch64-linux-gnu/11/../../../../include/c++/11/bits/stl_algobase.h:522:14 @[ /usr/lib/gcc/aarch64-linux-gnu/11/../../../../include/c++/11/bits/stl_algobase.h:530:3 @[ /usr/lib/gcc/aarch64-linux-gnu/11/../../../../include/c++/11/bits/stl_algobase.h:619:14 @[ /usr/lib/gcc/aarch64-linux-gnu/11/../../../../include/c++/11/bits/vector.tcc:762:7 ] ] ] ] ]. Skipping.
Found a loop without a preheader at /usr/lib/gcc/aarch64-linux-gnu/11/../../../../include/c++/11/bits/stl_uninitialized.h:91:8 @[ /usr/lib/gcc/aarch64-linux-gnu/11/../../../../include/c++/11/bits/stl_uninitialized.h:148:14 @[ /usr/lib/gcc/aarch64-linux-gnu/11/../../../../include/c++/11/bits/stl_uninitialized.h:333:14 @[ /usr/lib/gcc/aarch64-linux-gnu/11/../../../../include/c++/11/bits/stl_uninitialized.h:341:14 @[ /usr/lib/gcc/aarch64-linux-gnu/11/../../../../include/c++/11/bits/vector.tcc:756:7 ] ] ] ]. Skipping.
Found a loop without a preheader at /usr/lib/gcc/aarch64-linux-gnu/11/../../../../include/c++/11/bits/stl_uninitialized.h:91:8. Skipping.
Found a loop without a preheader at /usr/lib/gcc/aarch64-linux-gnu/11/../../../../include/c++/11/bits/stl_uninitialized.h:1031:7 @[ /usr/lib/gcc/aarch64-linux-gnu/11/../../../../include/c++/11/bits/stl_uninitialized.h:1046:14 @[ /usr/lib/gcc/aarch64-linux-gnu/11/../../../../include/c++/11/bits/stl_vector.h:456:9 @[ /usr/lib/gcc/aarch64-linux-gnu/11/../../../../include/c++/11/bits/stl_vector.h:469:9 @[ /usr/lib/gcc/aarch64-linux-gnu/11/../../../../include/c++/11/bits/vector.tcc:466:23 ] ] ] ]. Skipping.
Found a loop without a preheader at /usr/lib/gcc/aarch64-linux-gnu/11/../../../../include/c++/11/bits/stl_uninitialized.h:1031:7 @[ /usr/lib/gcc/aarch64-linux-gnu/11/../../../../include/c++/11/bits/stl_uninitialized.h:1046:14 @[ /usr/lib/gcc/aarch64-linux-gnu/11/../../../../include/c++/11/bits/stl_vector.h:456:9 @[ /usr/lib/gcc/aarch64-linux-gnu/11/../../../../include/c++/11/bits/stl_vector.h:469:9 @[ /usr/lib/gcc/aarch64-linux-gnu/11/../../../../include/c++/11/bits/vector.tcc:461:23 ] ] ] ]. Skipping.
Found a loop without a preheader at /usr/lib/gcc/aarch64-linux-gnu/11/../../../../include/c++/11/bits/stl_construct.h:162:4 @[ /usr/lib/gcc/aarch64-linux-gnu/11/../../../../include/c++/11/bits/stl_construct.h:195:7 @[ /usr/lib/gcc/aarch64-linux-gnu/11/../../../../include/c++/11/bits/alloc_traits.h:848:7 @[ /usr/lib/gcc/aarch64-linux-gnu/11/../../../../include/c++/11/bits/stl_vector.h:680:2 @[ rclcpp_components/node_main_mission_planner.cpp:75:1 ] ] ] ]. Skipping.
Found a loop without a preheader at /usr/lib/gcc/aarch64-linux-gnu/11/../../../../include/c++/11/bits/stl_construct.h:162:4 @[ /usr/lib/gcc/aarch64-linux-gnu/11/../../../../include/c++/11/bits/stl_construct.h:195:7 @[ /usr/lib/gcc/aarch64-linux-gnu/11/../../../../include/c++/11/bits/alloc_traits.h:848:7 @[ /usr/lib/gcc/aarch64-linux-gnu/11/../../../../include/c++/11/bits/stl_vector.h:680:2 @[ rclcpp_components/node_main_mission_planner.cpp:75:1 ] ] ] ]. Skipping.
Found a loop without a preheader at /usr/lib/gcc/aarch64-linux-gnu/11/../../../../include/c++/11/bits/stl_construct.h:162:4 @[ /usr/lib/gcc/aarch64-linux-gnu/11/../../../../include/c++/11/bits/stl_construct.h:195:7 @[ /usr/lib/gcc/aarch64-linux-gnu/11/../../../../include/c++/11/bits/alloc_traits.h:848:7 @[ /usr/lib/gcc/aarch64-linux-gnu/11/../../../../include/c++/11/bits/stl_vector.h:1796:6 @[ /usr/lib/gcc/aarch64-linux-gnu/11/../../../../include/c++/11/bits/stl_vector.h:1499:9 @[ rclcpp_components/node_main_mission_planner.cpp:70:17 ] ] ] ] ]. Skipping.
Found a loop without an exit block at rclcpp_components/node_main_mission_planner.cpp:67:3. Skipping.
Found a loop without an exit block at rclcpp_components/node_main_mission_planner.cpp:42:3. Skipping.
Found a loop without a preheader at /usr/lib/gcc/aarch64-linux-gnu/11/../../../../include/c++/11/bits/stl_construct.h:162:4 @[ /usr/lib/gcc/aarch64-linux-gnu/11/../../../../include/c++/11/bits/stl_construct.h:195:7 @[ /usr/lib/gcc/aarch64-linux-gnu/11/../../../../include/c++/11/bits/alloc_traits.h:848:7 @[ /usr/lib/gcc/aarch64-linux-gnu/11/../../../../include/c++/11/bits/stl_vector.h:680:2 ] ] ]. Skipping.
Found a loop without a preheader at /usr/lib/gcc/aarch64-linux-gnu/11/../../../../include/c++/11/bits/stl_construct.h:162:4 @[ /usr/lib/gcc/aarch64-linux-gnu/11/../../../../include/c++/11/bits/stl_construct.h:195:7 @[ /usr/lib/gcc/aarch64-linux-gnu/11/../../../../include/c++/11/bits/alloc_traits.h:848:7 @[ /usr/lib/gcc/aarch64-linux-gnu/11/../../../../include/c++/11/bits/stl_vector.h:680:2 ] ] ]. Skipping.
Found a loop without a preheader at /usr/lib/gcc/aarch64-linux-gnu/11/../../../../include/c++/11/bits/stl_construct.h:162:4 @[ /usr/lib/gcc/aarch64-linux-gnu/11/../../../../include/c++/11/bits/stl_construct.h:195:7 @[ /usr/lib/gcc/aarch64-linux-gnu/11/../../../../include/c++/11/bits/alloc_traits.h:848:7 @[ /usr/lib/gcc/aarch64-linux-gnu/11/../../../../include/c++/11/bits/stl_vector.h:680:2 @[ ros2_caret_ws/install/include/rclcpp/rclcpp/node_options.hpp:67:26 ] ] ] ]. Skipping.
Found a loop without a preheader at /usr/lib/gcc/aarch64-linux-gnu/11/../../../../include/c++/11/bits/stl_construct.h:162:4 @[ /usr/lib/gcc/aarch64-linux-gnu/11/../../../../include/c++/11/bits/stl_construct.h:195:7 @[ /usr/lib/gcc/aarch64-linux-gnu/11/../../../../include/c++/11/bits/alloc_traits.h:848:7 @[ /usr/lib/gcc/aarch64-linux-gnu/11/../../../../include/c++/11/bits/stl_vector.h:680:2 @[ ros2_caret_ws/install/include/rclcpp/rclcpp/node_options.hpp:67:26 ] ] ] ]. Skipping.
Found a loop without a preheader at /usr/lib/gcc/aarch64-linux-gnu/11/../../../../include/c++/11/bits/stl_construct.h:162:4 @[ /usr/lib/gcc/aarch64-linux-gnu/11/../../../../include/c++/11/bits/stl_construct.h:195:7 @[ /usr/lib/gcc/aarch64-linux-gnu/11/../../../../include/c++/11/bits/alloc_traits.h:848:7 @[ /usr/lib/gcc/aarch64-linux-gnu/11/../../../../include/c++/11/bits/stl_vector.h:680:2 @[ /opt/ros/humble/include/rcl_interfaces/rcl_interfaces/msg/detail/parameter_value__struct.hpp:33:8 ] ] ] ]. Skipping.
Found a loop without a preheader at /usr/lib/gcc/aarch64-linux-gnu/11/../../../../include/c++/11/bits/stl_construct.h:162:4 @[ /usr/lib/gcc/aarch64-linux-gnu/11/../../../../include/c++/11/bits/stl_construct.h:195:7 ]. Skipping.
Found a loop without a preheader at /usr/lib/gcc/aarch64-linux-gnu/11/../../../../include/c++/11/bits/stl_construct.h:162:4 @[ /usr/lib/gcc/aarch64-linux-gnu/11/../../../../include/c++/11/bits/stl_construct.h:195:7 @[ /usr/lib/gcc/aarch64-linux-gnu/11/../../../../include/c++/11/bits/alloc_traits.h:848:7 @[ /usr/lib/gcc/aarch64-linux-gnu/11/../../../../include/c++/11/bits/stl_vector.h:680:2 @[ /opt/ros/humble/include/class_loader/class_loader/class_loader_core.hpp:357:1 ] ] ] ]. Skipping.
Found a loop without an exit block at /opt/ros/humble/include/class_loader/class_loader/class_loader_core.hpp:344:3. Skipping.
Found a loop without a preheader at /usr/lib/gcc/aarch64-linux-gnu/11/../../../../include/c++/11/bits/stl_uninitialized.h:1031:7 @[ /usr/lib/gcc/aarch64-linux-gnu/11/../../../../include/c++/11/bits/stl_uninitialized.h:1046:14 @[ /usr/lib/gcc/aarch64-linux-gnu/11/../../../../include/c++/11/bits/stl_vector.h:456:9 @[ /usr/lib/gcc/aarch64-linux-gnu/11/../../../../include/c++/11/bits/stl_vector.h:469:9 @[ /usr/lib/gcc/aarch64-linux-gnu/11/../../../../include/c++/11/bits/vector.tcc:466:23 ] ] ] ]. Skipping.
Found a loop without a preheader at /usr/lib/gcc/aarch64-linux-gnu/11/../../../../include/c++/11/bits/stl_uninitialized.h:1031:7 @[ /usr/lib/gcc/aarch64-linux-gnu/11/../../../../include/c++/11/bits/stl_uninitialized.h:1046:14 @[ /usr/lib/gcc/aarch64-linux-gnu/11/../../../../include/c++/11/bits/stl_vector.h:456:9 @[ /usr/lib/gcc/aarch64-linux-gnu/11/../../../../include/c++/11/bits/stl_vector.h:469:9 @[ /usr/lib/gcc/aarch64-linux-gnu/11/../../../../include/c++/11/bits/vector.tcc:461:23 ] ] ] ]. Skipping.
Found a loop without a preheader at /usr/lib/gcc/aarch64-linux-gnu/11/../../../../include/c++/11/bits/stl_construct.h:162:4 @[ /usr/lib/gcc/aarch64-linux-gnu/11/../../../../include/c++/11/bits/stl_construct.h:195:7 @[ /usr/lib/gcc/aarch64-linux-gnu/11/../../../../include/c++/11/bits/alloc_traits.h:848:7 @[ /usr/lib/gcc/aarch64-linux-gnu/11/../../../../include/c++/11/bits/vector.tcc:793:3 ] ] ]. Skipping.
Found a loop without a preheader at /usr/lib/gcc/aarch64-linux-gnu/11/../../../../include/c++/11/bits/stl_uninitialized.h:91:8 @[ /usr/lib/gcc/aarch64-linux-gnu/11/../../../../include/c++/11/bits/stl_uninitialized.h:148:14 @[ /usr/lib/gcc/aarch64-linux-gnu/11/../../../../include/c++/11/bits/stl_uninitialized.h:333:14 @[ /usr/lib/gcc/aarch64-linux-gnu/11/../../../../include/c++/11/bits/stl_uninitialized.h:354:14 @[ /usr/lib/gcc/aarch64-linux-gnu/11/../../../../include/c++/11/bits/vector.tcc:782:11 ] ] ] ]. Skipping.
Found a loop without a preheader at /usr/lib/gcc/aarch64-linux-gnu/11/../../../../include/c++/11/bits/stl_construct.h:162:4 @[ /usr/lib/gcc/aarch64-linux-gnu/11/../../../../include/c++/11/bits/stl_construct.h:195:7 @[ /usr/lib/gcc/aarch64-linux-gnu/11/../../../../include/c++/11/bits/alloc_traits.h:848:7 @[ /usr/lib/gcc/aarch64-linux-gnu/11/../../../../include/c++/11/bits/vector.tcc:788:7 ] ] ]. Skipping.
Found a loop without a preheader at /usr/lib/gcc/aarch64-linux-gnu/11/../../../../include/c++/11/bits/stl_uninitialized.h:91:8 @[ /usr/lib/gcc/aarch64-linux-gnu/11/../../../../include/c++/11/bits/stl_uninitialized.h:148:14 @[ /usr/lib/gcc/aarch64-linux-gnu/11/../../../../include/c++/11/bits/stl_uninitialized.h:333:14 @[ /usr/lib/gcc/aarch64-linux-gnu/11/../../../../include/c++/11/bits/stl_uninitialized.h:354:14 @[ /usr/lib/gcc/aarch64-linux-gnu/11/../../../../include/c++/11/bits/vector.tcc:774:11 ] ] ] ]. Skipping.
Found a loop without a preheader at /usr/lib/gcc/aarch64-linux-gnu/11/../../../../include/c++/11/bits/stl_algobase.h:383:4 @[ /usr/lib/gcc/aarch64-linux-gnu/11/../../../../include/c++/11/bits/stl_algobase.h:494:14 @[ /usr/lib/gcc/aarch64-linux-gnu/11/../../../../include/c++/11/bits/stl_algobase.h:522:14 @[ /usr/lib/gcc/aarch64-linux-gnu/11/../../../../include/c++/11/bits/stl_algobase.h:530:3 @[ /usr/lib/gcc/aarch64-linux-gnu/11/../../../../include/c++/11/bits/stl_algobase.h:619:14 @[ /usr/lib/gcc/aarch64-linux-gnu/11/../../../../include/c++/11/bits/vector.tcc:744:7 ] ] ] ] ]. Skipping.
Found a loop without a preheader at /usr/lib/gcc/aarch64-linux-gnu/11/../../../../include/c++/11/bits/stl_algobase.h:718:4 @[ /usr/lib/gcc/aarch64-linux-gnu/11/../../../../include/c++/11/bits/stl_algobase.h:758:14 @[ /usr/lib/gcc/aarch64-linux-gnu/11/../../../../include/c++/11/bits/stl_algobase.h:769:14 @[ /usr/lib/gcc/aarch64-linux-gnu/11/../../../../include/c++/11/bits/stl_algobase.h:799:3 @[ /usr/lib/gcc/aarch64-linux-gnu/11/../../../../include/c++/11/bits/stl_algobase.h:894:14 @[ /usr/lib/gcc/aarch64-linux-gnu/11/../../../../include/c++/11/bits/vector.tcc:742:7 ] ] ] ] ]. Skipping.
Found a loop without a preheader at /usr/lib/gcc/aarch64-linux-gnu/11/../../../../include/c++/11/bits/stl_uninitialized.h:91:8 @[ /usr/lib/gcc/aarch64-linux-gnu/11/../../../../include/c++/11/bits/stl_uninitialized.h:148:14 @[ /usr/lib/gcc/aarch64-linux-gnu/11/../../../../include/c++/11/bits/stl_uninitialized.h:333:14 @[ /usr/lib/gcc/aarch64-linux-gnu/11/../../../../include/c++/11/bits/stl_uninitialized.h:341:14 @[ /usr/lib/gcc/aarch64-linux-gnu/11/../../../../include/c++/11/bits/vector.tcc:736:7 ] ] ] ]. Skipping.
Found a loop without a preheader at /usr/lib/gcc/aarch64-linux-gnu/11/../../../../include/c++/11/bits/stl_algobase.h:383:4 @[ /usr/lib/gcc/aarch64-linux-gnu/11/../../../../include/c++/11/bits/stl_algobase.h:494:14 @[ /usr/lib/gcc/aarch64-linux-gnu/11/../../../../include/c++/11/bits/stl_algobase.h:522:14 @[ /usr/lib/gcc/aarch64-linux-gnu/11/../../../../include/c++/11/bits/stl_algobase.h:530:3 @[ /usr/lib/gcc/aarch64-linux-gnu/11/../../../../include/c++/11/bits/stl_algobase.h:619:14 @[ /usr/lib/gcc/aarch64-linux-gnu/11/../../../../include/c++/11/bits/vector.tcc:762:7 ] ] ] ] ]. Skipping.
Found a loop without a preheader at /usr/lib/gcc/aarch64-linux-gnu/11/../../../../include/c++/11/bits/stl_uninitialized.h:91:8 @[ /usr/lib/gcc/aarch64-linux-gnu/11/../../../../include/c++/11/bits/stl_uninitialized.h:148:14 @[ /usr/lib/gcc/aarch64-linux-gnu/11/../../../../include/c++/11/bits/stl_uninitialized.h:333:14 @[ /usr/lib/gcc/aarch64-linux-gnu/11/../../../../include/c++/11/bits/stl_uninitialized.h:341:14 @[ /usr/lib/gcc/aarch64-linux-gnu/11/../../../../include/c++/11/bits/vector.tcc:756:7 ] ] ] ]. Skipping.
Found a loop without a preheader at /usr/lib/gcc/aarch64-linux-gnu/11/../../../../include/c++/11/bits/stl_uninitialized.h:91:8. Skipping.
Found a loop without a preheader at /usr/lib/gcc/aarch64-linux-gnu/11/../../../../include/c++/11/bits/stl_uninitialized.h:1031:7 @[ /usr/lib/gcc/aarch64-linux-gnu/11/../../../../include/c++/11/bits/stl_uninitialized.h:1046:14 @[ /usr/lib/gcc/aarch64-linux-gnu/11/../../../../include/c++/11/bits/stl_vector.h:456:9 @[ /usr/lib/gcc/aarch64-linux-gnu/11/../../../../include/c++/11/bits/stl_vector.h:469:9 @[ /usr/lib/gcc/aarch64-linux-gnu/11/../../../../include/c++/11/bits/vector.tcc:466:23 ] ] ] ]. Skipping.
Found a loop without a preheader at /usr/lib/gcc/aarch64-linux-gnu/11/../../../../include/c++/11/bits/stl_uninitialized.h:1031:7 @[ /usr/lib/gcc/aarch64-linux-gnu/11/../../../../include/c++/11/bits/stl_uninitialized.h:1046:14 @[ /usr/lib/gcc/aarch64-linux-gnu/11/../../../../include/c++/11/bits/stl_vector.h:456:9 @[ /usr/lib/gcc/aarch64-linux-gnu/11/../../../../include/c++/11/bits/stl_vector.h:469:9 @[ /usr/lib/gcc/aarch64-linux-gnu/11/../../../../include/c++/11/bits/vector.tcc:461:23 ] ] ] ]. Skipping.
Found a loop without a preheader at /usr/lib/gcc/aarch64-linux-gnu/11/../../../../include/c++/11/bits/stl_construct.h:162:4 @[ /usr/lib/gcc/aarch64-linux-gnu/11/../../../../include/c++/11/bits/stl_construct.h:195:7 @[ /usr/lib/gcc/aarch64-linux-gnu/11/../../../../include/c++/11/bits/alloc_traits.h:848:7 @[ /usr/lib/gcc/aarch64-linux-gnu/11/../../../../include/c++/11/bits/stl_vector.h:680:2 @[ src/core/autoware_core/planning/autoware_mission_planner/src/mission_planner/mission_planner.cpp:42:3 ] ] ] ]. Skipping.
Found a loop without a preheader at /usr/lib/gcc/aarch64-linux-gnu/11/../../../../include/c++/11/bits/stl_construct.h:162:4 @[ /usr/lib/gcc/aarch64-linux-gnu/11/../../../../include/c++/11/bits/stl_construct.h:195:7 @[ /usr/lib/gcc/aarch64-linux-gnu/11/../../../../include/c++/11/bits/alloc_traits.h:848:7 @[ /usr/lib/gcc/aarch64-linux-gnu/11/../../../../include/c++/11/bits/stl_vector.h:680:2 @[ /opt/ros/humble/include/pluginlib/pluginlib/./class_loader_imp.hpp:98:5 ] ] ] ]. Skipping.
Found a loop without a preheader at /usr/lib/gcc/aarch64-linux-gnu/11/../../../../include/c++/11/bits/stl_construct.h:162:4 @[ /usr/lib/gcc/aarch64-linux-gnu/11/../../../../include/c++/11/bits/stl_construct.h:195:7 @[ /usr/lib/gcc/aarch64-linux-gnu/11/../../../../include/c++/11/bits/alloc_traits.h:848:7 @[ /usr/lib/gcc/aarch64-linux-gnu/11/../../../../include/c++/11/bits/stl_vector.h:680:2 @[ /usr/lib/gcc/aarch64-linux-gnu/11/../../../../include/c++/11/bits/stl_vector.h:1821:7 @[ /usr/lib/gcc/aarch64-linux-gnu/11/../../../../include/c++/11/bits/stl_vector.h:714:2 @[ /opt/ros/humble/include/pluginlib/pluginlib/./class_loader_imp.hpp:98:23 ] ] ] ] ] ]. Skipping.
Found a loop without a preheader at /usr/lib/gcc/aarch64-linux-gnu/11/../../../../include/c++/11/bits/stl_construct.h:162:4 @[ /usr/lib/gcc/aarch64-linux-gnu/11/../../../../include/c++/11/bits/stl_construct.h:195:7 @[ /usr/lib/gcc/aarch64-linux-gnu/11/../../../../include/c++/11/bits/alloc_traits.h:848:7 @[ /usr/lib/gcc/aarch64-linux-gnu/11/../../../../include/c++/11/bits/stl_vector.h:680:2 ] ] ]. Skipping.
Found a loop without a preheader at /usr/lib/gcc/aarch64-linux-gnu/11/../../../../include/c++/11/bits/hashtable_policy.h:1912:7 @[ /usr/lib/gcc/aarch64-linux-gnu/11/../../../../include/c++/11/bits/hashtable.h:2320:13 @[ /usr/lib/gcc/aarch64-linux-gnu/11/../../../../include/c++/11/bits/hashtable.h:1532:7 @[ /usr/lib/gcc/aarch64-linux-gnu/11/../../../../include/c++/11/bits/unordered_map.h:102:11 @[ /opt/ros/humble/include/tf2_ros/tf2_ros/buffer.hpp:63:7 ] ] ] ]. Skipping.
Found a loop without a preheader at /usr/lib/gcc/aarch64-linux-gnu/11/../../../../include/c++/11/bits/stl_construct.h:162:4 @[ /usr/lib/gcc/aarch64-linux-gnu/11/../../../../include/c++/11/bits/stl_construct.h:195:7 @[ /usr/lib/gcc/aarch64-linux-gnu/11/../../../../include/c++/11/bits/alloc_traits.h:848:7 @[ /usr/lib/gcc/aarch64-linux-gnu/11/../../../../include/c++/11/bits/stl_vector.h:680:2 @[ /opt/ros/humble/include/pluginlib/pluginlib/./class_loader_imp.hpp:113:1 ] ] ] ]. Skipping.
Found a loop without an exit block at /opt/ros/humble/include/pluginlib/pluginlib/./class_loader_imp.hpp:234:5. Skipping.
Found a loop without a preheader at /opt/ros/humble/include/pluginlib/pluginlib/./class_loader_imp.hpp:278:3. Skipping.
Found a loop without an exit block at /opt/ros/humble/include/pluginlib/pluginlib/./class_loader_imp.hpp:528:3. Skipping.
Found a loop without a preheader at /usr/lib/gcc/aarch64-linux-gnu/11/../../../../include/c++/11/bits/list.tcc:71:7 @[ /usr/lib/gcc/aarch64-linux-gnu/11/../../../../include/c++/11/bits/stl_list.h:500:9 @[ /opt/ros/humble/include/pluginlib/pluginlib/./class_loader_imp.hpp:813:1 ] ]. Skipping.
Found a loop without an exit block at /opt/ros/humble/include/pluginlib/pluginlib/./class_loader_imp.hpp:806:3. Skipping.
Found a loop without a preheader at /usr/lib/gcc/aarch64-linux-gnu/11/../../../../include/c++/11/bits/stl_construct.h:162:4 @[ /usr/lib/gcc/aarch64-linux-gnu/11/../../../../include/c++/11/bits/stl_construct.h:195:7 @[ /usr/lib/gcc/aarch64-linux-gnu/11/../../../../include/c++/11/bits/alloc_traits.h:848:7 @[ /usr/lib/gcc/aarch64-linux-gnu/11/../../../../include/c++/11/bits/stl_vector.h:680:2 @[ /opt/ros/humble/include/pluginlib/pluginlib/./class_loader_imp.hpp:804:3 ] ] ] ]. Skipping.
Found a loop without a preheader at /usr/lib/gcc/aarch64-linux-gnu/11/../../../../include/c++/11/bits/stl_construct.h:162:4 @[ /usr/lib/gcc/aarch64-linux-gnu/11/../../../../include/c++/11/bits/stl_construct.h:195:7 @[ /usr/lib/gcc/aarch64-linux-gnu/11/../../../../include/c++/11/bits/alloc_traits.h:848:7 @[ /usr/lib/gcc/aarch64-linux-gnu/11/../../../../include/c++/11/bits/stl_vector.h:680:2 @[ /usr/lib/gcc/aarch64-linux-gnu/11/../../../../include/c++/11/bits/stl_vector.h:1821:7 @[ /usr/lib/gcc/aarch64-linux-gnu/11/../../../../include/c++/11/bits/stl_vector.h:714:2 @[ /opt/ros/humble/include/pluginlib/pluginlib/./class_loader_imp.hpp:804:21 ] ] ] ] ] ]. Skipping.
Found a loop without a preheader at /opt/ros/humble/include/pluginlib/pluginlib/./class_loader_imp.hpp:798:3. Skipping.
Found a loop without an exit block at /opt/ros/humble/include/pluginlib/pluginlib/./class_loader_imp.hpp:788:3. Skipping.
Found a loop without a preheader at /usr/lib/gcc/aarch64-linux-gnu/11/../../../../include/c++/11/bits/stl_construct.h:162:4 @[ /usr/lib/gcc/aarch64-linux-gnu/11/../../../../include/c++/11/bits/stl_construct.h:195:7 @[ /usr/lib/gcc/aarch64-linux-gnu/11/../../../../include/c++/11/bits/alloc_traits.h:848:7 @[ /usr/lib/gcc/aarch64-linux-gnu/11/../../../../include/c++/11/bits/stl_vector.h:680:2 @[ /opt/ros/humble/include/pluginlib/pluginlib/./class_loader_imp.hpp:556:1 ] ] ] ]. Skipping.
Found a loop without a preheader at /usr/lib/gcc/aarch64-linux-gnu/11/../../../../include/c++/11/bits/stl_construct.h:162:4 @[ /usr/lib/gcc/aarch64-linux-gnu/11/../../../../include/c++/11/bits/stl_construct.h:195:7 @[ /usr/lib/gcc/aarch64-linux-gnu/11/../../../../include/c++/11/bits/alloc_traits.h:848:7 @[ /usr/lib/gcc/aarch64-linux-gnu/11/../../../../include/c++/11/bits/stl_vector.h:680:2 @[ /opt/ros/humble/include/pluginlib/pluginlib/./class_loader_imp.hpp:503:1 ] ] ] ]. Skipping.
Found a loop without an exit block at /opt/ros/humble/include/pluginlib/pluginlib/./class_loader_imp.hpp:491:3. Skipping.
Found a loop without a preheader at /usr/lib/gcc/aarch64-linux-gnu/11/../../../../include/c++/11/bits/stl_uninitialized.h:91:8. Skipping.
Found a loop without a preheader at /usr/lib/gcc/aarch64-linux-gnu/11/../../../../include/c++/11/bits/stl_construct.h:162:4 @[ /usr/lib/gcc/aarch64-linux-gnu/11/../../../../include/c++/11/bits/stl_construct.h:195:7 ]. Skipping.
Found a loop without a preheader at /usr/lib/gcc/aarch64-linux-gnu/11/../../../../include/c++/11/bits/stl_uninitialized.h:1031:7 @[ /usr/lib/gcc/aarch64-linux-gnu/11/../../../../include/c++/11/bits/stl_uninitialized.h:1046:14 @[ /usr/lib/gcc/aarch64-linux-gnu/11/../../../../include/c++/11/bits/stl_vector.h:456:9 @[ /usr/lib/gcc/aarch64-linux-gnu/11/../../../../include/c++/11/bits/stl_vector.h:469:9 @[ /usr/lib/gcc/aarch64-linux-gnu/11/../../../../include/c++/11/bits/vector.tcc:466:23 ] ] ] ]. Skipping.
Found a loop without a preheader at /usr/lib/gcc/aarch64-linux-gnu/11/../../../../include/c++/11/bits/stl_uninitialized.h:1031:7 @[ /usr/lib/gcc/aarch64-linux-gnu/11/../../../../include/c++/11/bits/stl_uninitialized.h:1046:14 @[ /usr/lib/gcc/aarch64-linux-gnu/11/../../../../include/c++/11/bits/stl_vector.h:456:9 @[ /usr/lib/gcc/aarch64-linux-gnu/11/../../../../include/c++/11/bits/stl_vector.h:469:9 @[ /usr/lib/gcc/aarch64-linux-gnu/11/../../../../include/c++/11/bits/vector.tcc:461:23 ] ] ] ]. Skipping.
Found a loop without a preheader at /usr/lib/gcc/aarch64-linux-gnu/11/../../../../include/c++/11/bits/stl_tree.h:1887:7. Skipping.
Found a loop without an exit block at /opt/ros/humble/include/pluginlib/pluginlib/./class_loader_imp.hpp:703:3. Skipping.
Found a loop without a preheader at /usr/lib/gcc/aarch64-linux-gnu/11/../../../../include/c++/11/bits/stl_construct.h:162:4 @[ /usr/lib/gcc/aarch64-linux-gnu/11/../../../../include/c++/11/bits/stl_construct.h:195:7 @[ /usr/lib/gcc/aarch64-linux-gnu/11/../../../../include/c++/11/bits/alloc_traits.h:848:7 @[ /usr/lib/gcc/aarch64-linux-gnu/11/../../../../include/c++/11/bits/stl_vector.h:680:2 @[ /opt/ros/humble/include/rcpputils/rcpputils/filesystem_helper.hpp:76:7 @[ /opt/ros/humble/include/pluginlib/pluginlib/./class_loader_imp.hpp:595:1 ] ] ] ] ]. Skipping.
Found a loop without a preheader at /usr/lib/gcc/aarch64-linux-gnu/11/../../../../include/c++/11/bits/stl_construct.h:162:4 @[ /usr/lib/gcc/aarch64-linux-gnu/11/../../../../include/c++/11/bits/stl_construct.h:195:7 @[ /usr/lib/gcc/aarch64-linux-gnu/11/../../../../include/c++/11/bits/alloc_traits.h:848:7 @[ /usr/lib/gcc/aarch64-linux-gnu/11/../../../../include/c++/11/bits/stl_vector.h:680:2 @[ /opt/ros/humble/include/rcpputils/rcpputils/filesystem_helper.hpp:76:7 @[ /opt/ros/humble/include/pluginlib/pluginlib/./class_loader_imp.hpp:595:1 ] ] ] ] ]. Skipping.
Found a loop without a preheader at /usr/lib/gcc/aarch64-linux-gnu/11/../../../../include/c++/11/bits/stl_construct.h:162:4 @[ /usr/lib/gcc/aarch64-linux-gnu/11/../../../../include/c++/11/bits/stl_construct.h:195:7 @[ /usr/lib/gcc/aarch64-linux-gnu/11/../../../../include/c++/11/bits/alloc_traits.h:848:7 @[ /usr/lib/gcc/aarch64-linux-gnu/11/../../../../include/c++/11/bits/stl_vector.h:680:2 @[ /opt/ros/humble/include/rcpputils/rcpputils/filesystem_helper.hpp:76:7 @[ /opt/ros/humble/include/pluginlib/pluginlib/./class_loader_imp.hpp:579:39 ] ] ] ] ]. Skipping.
Found a loop without an exit block at /opt/ros/humble/include/pluginlib/pluginlib/./class_loader_imp.hpp:577:3. Skipping.
Found a loop without a preheader at /usr/lib/gcc/aarch64-linux-gnu/11/../../../../include/c++/11/bits/stl_construct.h:162:4 @[ /usr/lib/gcc/aarch64-linux-gnu/11/../../../../include/c++/11/bits/stl_construct.h:195:7 @[ /usr/lib/gcc/aarch64-linux-gnu/11/../../../../include/c++/11/bits/alloc_traits.h:848:7 @[ /usr/lib/gcc/aarch64-linux-gnu/11/../../../../include/c++/11/bits/stl_vector.h:680:2 @[ /opt/ros/humble/include/rcpputils/rcpputils/filesystem_helper.hpp:76:7 ] ] ] ]. Skipping.
Found a loop without a preheader at /usr/lib/gcc/aarch64-linux-gnu/11/../../../../include/c++/11/bits/stl_construct.h:162:4 @[ /usr/lib/gcc/aarch64-linux-gnu/11/../../../../include/c++/11/bits/stl_construct.h:195:7 @[ /usr/lib/gcc/aarch64-linux-gnu/11/../../../../include/c++/11/bits/alloc_traits.h:848:7 @[ /usr/lib/gcc/aarch64-linux-gnu/11/../../../../include/c++/11/bits/vector.tcc:228:8 ] ] ]. Skipping.
Found a loop without a preheader at /usr/lib/gcc/aarch64-linux-gnu/11/../../../../include/c++/11/bits/stl_algobase.h:383:4 @[ /usr/lib/gcc/aarch64-linux-gnu/11/../../../../include/c++/11/bits/stl_algobase.h:494:14 @[ /usr/lib/gcc/aarch64-linux-gnu/11/../../../../include/c++/11/bits/stl_algobase.h:522:14 @[ /usr/lib/gcc/aarch64-linux-gnu/11/../../../../include/c++/11/bits/stl_algobase.h:530:3 @[ /usr/lib/gcc/aarch64-linux-gnu/11/../../../../include/c++/11/bits/stl_algobase.h:619:14 @[ /usr/lib/gcc/aarch64-linux-gnu/11/../../../../include/c++/11/bits/vector.tcc:243:8 ] ] ] ] ]. Skipping.
Found a loop without a preheader at /usr/lib/gcc/aarch64-linux-gnu/11/../../../../include/c++/11/bits/stl_construct.h:162:4 @[ /usr/lib/gcc/aarch64-linux-gnu/11/../../../../include/c++/11/bits/stl_construct.h:195:7 @[ /usr/lib/gcc/aarch64-linux-gnu/11/../../../../include/c++/11/bits/alloc_traits.h:848:7 @[ /usr/lib/gcc/aarch64-linux-gnu/11/../../../../include/c++/11/bits/vector.tcc:238:8 ] ] ]. Skipping.
Found a loop without a preheader at /usr/lib/gcc/aarch64-linux-gnu/11/../../../../include/c++/11/bits/stl_algobase.h:383:4 @[ /usr/lib/gcc/aarch64-linux-gnu/11/../../../../include/c++/11/bits/stl_algobase.h:494:14 @[ /usr/lib/gcc/aarch64-linux-gnu/11/../../../../include/c++/11/bits/stl_algobase.h:522:14 @[ /usr/lib/gcc/aarch64-linux-gnu/11/../../../../include/c++/11/bits/stl_algobase.h:530:3 @[ /usr/lib/gcc/aarch64-linux-gnu/11/../../../../include/c++/11/bits/stl_algobase.h:619:14 @[ /usr/lib/gcc/aarch64-linux-gnu/11/../../../../include/c++/11/bits/vector.tcc:238:22 ] ] ] ] ]. Skipping.
Found a loop without a preheader at /usr/lib/gcc/aarch64-linux-gnu/11/../../../../include/c++/11/bits/stl_uninitialized.h:91:8. Skipping.
Found a loop without a preheader at /usr/lib/gcc/aarch64-linux-gnu/11/../../../../include/c++/11/bits/stl_tree.h:1887:7. Skipping.
Found a loop without a preheader at /usr/lib/gcc/aarch64-linux-gnu/11/../../../../include/c++/11/bits/stl_uninitialized.h:1031:7 @[ /usr/lib/gcc/aarch64-linux-gnu/11/../../../../include/c++/11/bits/stl_uninitialized.h:1046:14 @[ /usr/lib/gcc/aarch64-linux-gnu/11/../../../../include/c++/11/bits/stl_vector.h:456:9 @[ /usr/lib/gcc/aarch64-linux-gnu/11/../../../../include/c++/11/bits/stl_vector.h:469:9 @[ /usr/lib/gcc/aarch64-linux-gnu/11/../../../../include/c++/11/bits/vector.tcc:466:23 ] ] ] ]. Skipping.
Found a loop without a preheader at /usr/lib/gcc/aarch64-linux-gnu/11/../../../../include/c++/11/bits/stl_uninitialized.h:1031:7 @[ /usr/lib/gcc/aarch64-linux-gnu/11/../../../../include/c++/11/bits/stl_uninitialized.h:1046:14 @[ /usr/lib/gcc/aarch64-linux-gnu/11/../../../../include/c++/11/bits/stl_vector.h:456:9 @[ /usr/lib/gcc/aarch64-linux-gnu/11/../../../../include/c++/11/bits/stl_vector.h:469:9 @[ /usr/lib/gcc/aarch64-linux-gnu/11/../../../../include/c++/11/bits/vector.tcc:461:23 ] ] ] ]. Skipping.
Found a loop without a preheader at /usr/lib/gcc/aarch64-linux-gnu/11/../../../../include/c++/11/bits/list.tcc:71:7 @[ /usr/lib/gcc/aarch64-linux-gnu/11/../../../../include/c++/11/bits/stl_list.h:500:9 ]. Skipping.
Found a loop without an exit block at /usr/lib/gcc/aarch64-linux-gnu/11/../../../../include/c++/11/bits/stl_algobase.h:2067:7. Skipping.
Found a loop without a preheader at /usr/lib/gcc/aarch64-linux-gnu/11/../../../../include/c++/11/bits/stl_tree.h:1936:7 @[ /usr/lib/gcc/aarch64-linux-gnu/11/../../../../include/c++/11/bits/stl_tree.h:1985:9 ]. Skipping.
Found a loop without a preheader at /usr/lib/gcc/aarch64-linux-gnu/11/../../../../include/c++/11/bits/stl_tree.h:1904:7 @[ /usr/lib/gcc/aarch64-linux-gnu/11/../../../../include/c++/11/bits/stl_tree.h:1984:16 ]. Skipping.
Found a loop without an exit block at /usr/lib/gcc/aarch64-linux-gnu/11/../../../../include/c++/11/bits/stl_tree.h:1971:7. Skipping.
Found a loop without a preheader at /usr/lib/gcc/aarch64-linux-gnu/11/../../../../include/c++/11/bits/stl_uninitialized.h:91:8 @[ /usr/lib/gcc/aarch64-linux-gnu/11/../../../../include/c++/11/bits/stl_uninitialized.h:148:14 @[ /usr/lib/gcc/aarch64-linux-gnu/11/../../../../include/c++/11/bits/stl_uninitialized.h:333:14 @[ /usr/lib/gcc/aarch64-linux-gnu/11/../../../../include/c++/11/bits/stl_vector.h:558:4 @[ /usr/lib/gcc/aarch64-linux-gnu/11/../../../../include/c++/11/bits/regex.h:1766:7 @[ /usr/lib/gcc/aarch64-linux-gnu/11/../../../../include/c++/11/bits/regex.h:2704:7 @[ /usr/lib/gcc/aarch64-linux-gnu/11/../../../../include/c++/11/bits/regex.h:2906:9 ] ] ] ] ] ]. Skipping.
Found a loop without a preheader at /usr/lib/gcc/aarch64-linux-gnu/11/../../../../include/c++/11/bits/regex_automaton.tcc:180:7 @[ /usr/lib/gcc/aarch64-linux-gnu/11/../../../../include/c++/11/bits/regex_compiler.tcc:83:15 ]. Skipping.
Found a loop without a preheader at /usr/lib/gcc/aarch64-linux-gnu/11/../../../../include/c++/11/bits/stl_deque.h:678:7 @[ /usr/lib/gcc/aarch64-linux-gnu/11/../../../../include/c++/11/bits/stl_deque.h:601:4 @[ /usr/lib/gcc/aarch64-linux-gnu/11/../../../../include/c++/11/bits/stl_deque.h:1007:65 @[ /usr/lib/gcc/aarch64-linux-gnu/11/../../../../include/c++/11/bits/stl_stack.h:99:11 @[ /usr/lib/gcc/aarch64-linux-gnu/11/../../../../include/c++/11/bits/regex_compiler.h:57:11 ] ] ] ]. Skipping.
Found a loop without an exit block at /usr/lib/gcc/aarch64-linux-gnu/11/../../../../include/c++/11/bits/regex_compiler.tcc:92:7. Skipping.
Found a loop without a preheader at /usr/lib/gcc/aarch64-linux-gnu/11/../../../../include/c++/11/bits/stl_deque.h:678:7 @[ /usr/lib/gcc/aarch64-linux-gnu/11/../../../../include/c++/11/bits/stl_deque.h:601:4 @[ /usr/lib/gcc/aarch64-linux-gnu/11/../../../../include/c++/11/bits/stl_deque.h:1007:65 @[ /usr/lib/gcc/aarch64-linux-gnu/11/../../../../include/c++/11/bits/stl_stack.h:99:11 ] ] ]. Skipping.
Found a loop without an exit block at /usr/lib/gcc/aarch64-linux-gnu/11/../../../../include/c++/11/bits/regex_scanner.tcc:382:4. Skipping.
Found a loop without an exit block at /usr/lib/gcc/aarch64-linux-gnu/11/../../../../include/c++/11/bits/regex_scanner.tcc:367:4. Skipping.
Found a loop without a preheader at /usr/lib/gcc/aarch64-linux-gnu/11/../../../../include/c++/11/bits/regex_scanner.h:118:7 @[ /usr/lib/gcc/aarch64-linux-gnu/11/../../../../include/c++/11/bits/regex_scanner.tcc:327:20 ]. Skipping.
Found a loop without a preheader at /usr/lib/gcc/aarch64-linux-gnu/11/../../../../include/c++/11/bits/regex_scanner.h:118:7 @[ /usr/lib/gcc/aarch64-linux-gnu/11/../../../../include/c++/11/bits/regex_scanner.tcc:444:20 ]. Skipping.
Found a loop without a preheader at /usr/lib/gcc/aarch64-linux-gnu/11/../../../../include/c++/11/bits/regex_scanner.tcc:192:4. Skipping.
Found a loop without an exit block at /usr/lib/gcc/aarch64-linux-gnu/11/../../../../include/c++/11/bits/regex_scanner.tcc:288:4. Skipping.
Found a loop without a preheader at /usr/lib/gcc/aarch64-linux-gnu/11/../../../../include/c++/11/bits/regex_scanner.tcc:481:7. Skipping.
Found a loop without a preheader at /usr/lib/gcc/aarch64-linux-gnu/11/../../../../include/c++/11/bits/stl_construct.h:162:4 @[ /usr/lib/gcc/aarch64-linux-gnu/11/../../../../include/c++/11/bits/stl_construct.h:195:7 @[ /usr/lib/gcc/aarch64-linux-gnu/11/../../../../include/c++/11/bits/alloc_traits.h:848:7 @[ /usr/lib/gcc/aarch64-linux-gnu/11/../../../../include/c++/11/bits/stl_vector.h:680:2 @[ /usr/lib/gcc/aarch64-linux-gnu/11/../../../../include/c++/11/bits/regex_automaton.h:220:12 @[ /usr/lib/gcc/aarch64-linux-gnu/11/../../../../include/c++/11/ext/new_allocator.h:168:10 ] ] ] ] ]. Skipping.
Found a loop without a preheader at /usr/lib/gcc/aarch64-linux-gnu/11/../../../../include/c++/11/bits/stl_deque.h:678:7 @[ /usr/lib/gcc/aarch64-linux-gnu/11/../../../../include/c++/11/bits/stl_deque.h:667:4 ]. Skipping.
Found a loop without a preheader at /usr/lib/gcc/aarch64-linux-gnu/11/../../../../include/c++/11/bits/stl_deque.h:662:4. Skipping.
Found a loop without a preheader at /usr/lib/gcc/aarch64-linux-gnu/11/../../../../include/c++/11/bits/stl_uninitialized.h:1031:7 @[ /usr/lib/gcc/aarch64-linux-gnu/11/../../../../include/c++/11/bits/stl_uninitialized.h:1046:14 @[ /usr/lib/gcc/aarch64-linux-gnu/11/../../../../include/c++/11/bits/stl_vector.h:456:9 @[ /usr/lib/gcc/aarch64-linux-gnu/11/../../../../include/c++/11/bits/stl_vector.h:469:9 @[ /usr/lib/gcc/aarch64-linux-gnu/11/../../../../include/c++/11/bits/vector.tcc:466:23 ] ] ] ]. Skipping.
Found a loop without a preheader at /usr/lib/gcc/aarch64-linux-gnu/11/../../../../include/c++/11/bits/stl_uninitialized.h:1031:7 @[ /usr/lib/gcc/aarch64-linux-gnu/11/../../../../include/c++/11/bits/stl_uninitialized.h:1046:14 @[ /usr/lib/gcc/aarch64-linux-gnu/11/../../../../include/c++/11/bits/stl_vector.h:456:9 @[ /usr/lib/gcc/aarch64-linux-gnu/11/../../../../include/c++/11/bits/stl_vector.h:469:9 @[ /usr/lib/gcc/aarch64-linux-gnu/11/../../../../include/c++/11/bits/vector.tcc:461:23 ] ] ] ]. Skipping.
Found a loop without a preheader at /usr/lib/gcc/aarch64-linux-gnu/11/../../../../include/c++/11/bits/regex_compiler.tcc:135:4 @[ /usr/lib/gcc/aarch64-linux-gnu/11/../../../../include/c++/11/bits/regex_compiler.tcc:115:17 ]. Skipping.
Found a loop without a preheader at /usr/lib/gcc/aarch64-linux-gnu/11/../../../../include/c++/11/bits/stl_deque.h:678:7 @[ /usr/lib/gcc/aarch64-linux-gnu/11/../../../../include/c++/11/bits/stl_deque.h:601:4 @[ /usr/lib/gcc/aarch64-linux-gnu/11/../../../../include/c++/11/bits/stl_deque.h:1007:65 @[ /usr/lib/gcc/aarch64-linux-gnu/11/../../../../include/c++/11/bits/stl_stack.h:99:11 @[ /usr/lib/gcc/aarch64-linux-gnu/11/../../../../include/c++/11/bits/regex_compiler.tcc:282:6 ] ] ] ]. Skipping.
Found a loop without an exit block at /usr/lib/gcc/aarch64-linux-gnu/11/../../../../include/c++/11/bits/regex_compiler.tcc:267:8. Skipping.
Found a loop without a preheader at /usr/lib/gcc/aarch64-linux-gnu/11/../../../../include/c++/11/bits/regex_automaton.tcc:165:7. Skipping.
Found a loop without an exit block at /usr/lib/gcc/aarch64-linux-gnu/11/../../../../include/c++/11/bits/regex_compiler.tcc:592:7. Skipping.
Found a loop without a preheader at /usr/lib/gcc/aarch64-linux-gnu/11/../../../../include/c++/11/bits/stl_construct.h:162:4 @[ /usr/lib/gcc/aarch64-linux-gnu/11/../../../../include/c++/11/bits/stl_construct.h:195:7 @[ /usr/lib/gcc/aarch64-linux-gnu/11/../../../../include/c++/11/bits/alloc_traits.h:848:7 @[ /usr/lib/gcc/aarch64-linux-gnu/11/../../../../include/c++/11/bits/stl_vector.h:680:2 @[ /usr/lib/gcc/aarch64-linux-gnu/11/../../../../include/c++/11/bits/regex_compiler.h:49:12 @[ /usr/lib/gcc/aarch64-linux-gnu/11/../../../../include/c++/11/bits/regex_compiler.tcc:412:5 ] ] ] ] ]. Skipping.
Found a loop without a preheader at /usr/lib/gcc/aarch64-linux-gnu/11/../../../../include/c++/11/bits/stl_construct.h:162:4 @[ /usr/lib/gcc/aarch64-linux-gnu/11/../../../../include/c++/11/bits/stl_construct.h:195:7 @[ /usr/lib/gcc/aarch64-linux-gnu/11/../../../../include/c++/11/bits/alloc_traits.h:848:7 @[ /usr/lib/gcc/aarch64-linux-gnu/11/../../../../include/c++/11/bits/stl_vector.h:680:2 @[ /usr/lib/gcc/aarch64-linux-gnu/11/../../../../include/c++/11/bits/regex_compiler.h:49:12 @[ /usr/lib/gcc/aarch64-linux-gnu/11/../../../../include/c++/11/bits/regex_compiler.tcc:412:5 ] ] ] ] ]. Skipping.
Found a loop without a preheader at /usr/lib/gcc/aarch64-linux-gnu/11/../../../../include/c++/11/bits/stl_algo.h:930:7 @[ /usr/lib/gcc/aarch64-linux-gnu/11/../../../../include/c++/11/bits/stl_algo.h:962:14 @[ /usr/lib/gcc/aarch64-linux-gnu/11/../../../../include/c++/11/bits/regex_compiler.h:512:15 ] ]. Skipping.
Found a loop without a preheader at /usr/lib/gcc/aarch64-linux-gnu/11/../../../../include/c++/11/bits/stl_algo.h:907:7 @[ /usr/lib/gcc/aarch64-linux-gnu/11/../../../../include/c++/11/bits/stl_algo.h:923:17 @[ /usr/lib/gcc/aarch64-linux-gnu/11/../../../../include/c++/11/bits/stl_algo.h:962:14 @[ /usr/lib/gcc/aarch64-linux-gnu/11/../../../../include/c++/11/bits/regex_compiler.h:512:15 ] ] ]. Skipping.
Found a loop without a preheader at /usr/lib/gcc/aarch64-linux-gnu/11/../../../../include/c++/11/bits/stl_algo.h:1846:7 @[ /usr/lib/gcc/aarch64-linux-gnu/11/../../../../include/c++/11/bits/stl_algo.h:1867:4 @[ /usr/lib/gcc/aarch64-linux-gnu/11/../../../../include/c++/11/bits/stl_algo.h:1957:4 @[ /usr/lib/gcc/aarch64-linux-gnu/11/../../../../include/c++/11/bits/stl_algo.h:4842:7 @[ /usr/lib/gcc/aarch64-linux-gnu/11/../../../../include/c++/11/bits/regex_compiler.h:511:2 ] ] ] ]. Skipping.
Found a loop without a preheader at /usr/lib/gcc/aarch64-linux-gnu/11/../../../../include/c++/11/bits/stl_algo.h:1824:7 @[ /usr/lib/gcc/aarch64-linux-gnu/11/../../../../include/c++/11/bits/stl_algo.h:1871:2 @[ /usr/lib/gcc/aarch64-linux-gnu/11/../../../../include/c++/11/bits/stl_algo.h:1957:4 @[ /usr/lib/gcc/aarch64-linux-gnu/11/../../../../include/c++/11/bits/stl_algo.h:4842:7 @[ /usr/lib/gcc/aarch64-linux-gnu/11/../../../../include/c++/11/bits/regex_compiler.h:511:2 ] ] ] ]. Skipping.
Found a loop without a preheader at /usr/lib/gcc/aarch64-linux-gnu/11/../../../../include/c++/11/bits/stl_construct.h:162:4 @[ /usr/lib/gcc/aarch64-linux-gnu/11/../../../../include/c++/11/bits/stl_construct.h:195:7 @[ /usr/lib/gcc/aarch64-linux-gnu/11/../../../../include/c++/11/bits/alloc_traits.h:848:7 @[ /usr/lib/gcc/aarch64-linux-gnu/11/../../../../include/c++/11/bits/stl_vector.h:680:2 @[ /usr/lib/gcc/aarch64-linux-gnu/11/../../../../include/c++/11/bits/regex_compiler.h:49:12 ] ] ] ]. Skipping.
Found a loop without an exit block at /usr/lib/gcc/aarch64-linux-gnu/11/../../../../include/c++/11/bits/regex.tcc:307:7. Skipping.
Found a loop without an exit block at /usr/lib/gcc/aarch64-linux-gnu/11/../../../../include/c++/11/bits/stl_algo.h:1929:7. Skipping.
Found a loop without a preheader at /usr/lib/gcc/aarch64-linux-gnu/11/../../../../include/c++/11/bits/regex_compiler.tcc:620:2. Skipping.
Found a loop without a preheader at /usr/lib/gcc/aarch64-linux-gnu/11/../../../../include/c++/11/bits/regex_compiler.tcc:611:2. Skipping.
Found a loop without a preheader at /usr/lib/gcc/aarch64-linux-gnu/11/../../../../include/c++/11/bits/stl_algobase.h:1459:7 @[ /usr/lib/gcc/aarch64-linux-gnu/11/../../../../include/c++/11/bits/stl_algo.h:2253:4 @[ /usr/lib/gcc/aarch64-linux-gnu/11/../../../../include/c++/11/bits/regex_compiler.tcc:607:6 ] ]. Skipping.
Found a loop without an exit block at /usr/lib/gcc/aarch64-linux-gnu/11/../../../../include/c++/11/bits/stl_algobase.h:2067:7. Skipping.
Found a loop without a preheader at /usr/lib/gcc/aarch64-linux-gnu/11/../../../../include/c++/11/bits/stl_construct.h:162:4 @[ /usr/lib/gcc/aarch64-linux-gnu/11/../../../../include/c++/11/bits/stl_construct.h:195:7 @[ /usr/lib/gcc/aarch64-linux-gnu/11/../../../../include/c++/11/bits/alloc_traits.h:848:7 @[ /usr/lib/gcc/aarch64-linux-gnu/11/../../../../include/c++/11/bits/stl_vector.h:680:2 @[ /usr/lib/gcc/aarch64-linux-gnu/11/../../../../include/c++/11/bits/regex_compiler.h:49:12 @[ /usr/lib/gcc/aarch64-linux-gnu/11/../../../../include/c++/11/bits/std_function.h:175:4 ] ] ] ] ]. Skipping.
Found a loop without a preheader at /usr/lib/gcc/aarch64-linux-gnu/11/../../../../include/c++/11/bits/stl_algo.h:930:7 @[ /usr/lib/gcc/aarch64-linux-gnu/11/../../../../include/c++/11/bits/stl_algo.h:962:14 @[ /usr/lib/gcc/aarch64-linux-gnu/11/../../../../include/c++/11/bits/regex_compiler.h:512:15 ] ]. Skipping.
Found a loop without a preheader at /usr/lib/gcc/aarch64-linux-gnu/11/../../../../include/c++/11/bits/stl_algo.h:907:7 @[ /usr/lib/gcc/aarch64-linux-gnu/11/../../../../include/c++/11/bits/stl_algo.h:923:17 @[ /usr/lib/gcc/aarch64-linux-gnu/11/../../../../include/c++/11/bits/stl_algo.h:962:14 @[ /usr/lib/gcc/aarch64-linux-gnu/11/../../../../include/c++/11/bits/regex_compiler.h:512:15 ] ] ]. Skipping.
Found a loop without a preheader at /usr/lib/gcc/aarch64-linux-gnu/11/../../../../include/c++/11/bits/stl_algo.h:1846:7 @[ /usr/lib/gcc/aarch64-linux-gnu/11/../../../../include/c++/11/bits/stl_algo.h:1867:4 @[ /usr/lib/gcc/aarch64-linux-gnu/11/../../../../include/c++/11/bits/stl_algo.h:1957:4 @[ /usr/lib/gcc/aarch64-linux-gnu/11/../../../../include/c++/11/bits/stl_algo.h:4842:7 @[ /usr/lib/gcc/aarch64-linux-gnu/11/../../../../include/c++/11/bits/regex_compiler.h:511:2 ] ] ] ]. Skipping.
Found a loop without a preheader at /usr/lib/gcc/aarch64-linux-gnu/11/../../../../include/c++/11/bits/stl_algo.h:1824:7 @[ /usr/lib/gcc/aarch64-linux-gnu/11/../../../../include/c++/11/bits/stl_algo.h:1871:2 @[ /usr/lib/gcc/aarch64-linux-gnu/11/../../../../include/c++/11/bits/stl_algo.h:1957:4 @[ /usr/lib/gcc/aarch64-linux-gnu/11/../../../../include/c++/11/bits/stl_algo.h:4842:7 @[ /usr/lib/gcc/aarch64-linux-gnu/11/../../../../include/c++/11/bits/regex_compiler.h:511:2 ] ] ] ]. Skipping.
Found a loop without a preheader at /usr/lib/gcc/aarch64-linux-gnu/11/../../../../include/c++/11/bits/stl_construct.h:162:4 @[ /usr/lib/gcc/aarch64-linux-gnu/11/../../../../include/c++/11/bits/stl_construct.h:195:7 @[ /usr/lib/gcc/aarch64-linux-gnu/11/../../../../include/c++/11/bits/alloc_traits.h:848:7 @[ /usr/lib/gcc/aarch64-linux-gnu/11/../../../../include/c++/11/bits/stl_vector.h:680:2 @[ /usr/lib/gcc/aarch64-linux-gnu/11/../../../../include/c++/11/bits/regex_compiler.h:49:12 ] ] ] ]. Skipping.
Found a loop without a preheader at /usr/lib/gcc/aarch64-linux-gnu/11/../../../../include/c++/11/bits/stl_construct.h:162:4 @[ /usr/lib/gcc/aarch64-linux-gnu/11/../../../../include/c++/11/bits/stl_construct.h:195:7 @[ /usr/lib/gcc/aarch64-linux-gnu/11/../../../../include/c++/11/bits/alloc_traits.h:848:7 @[ /usr/lib/gcc/aarch64-linux-gnu/11/../../../../include/c++/11/bits/stl_vector.h:680:2 @[ /usr/lib/gcc/aarch64-linux-gnu/11/../../../../include/c++/11/bits/regex_compiler.h:49:12 ] ] ] ]. Skipping.
Found a loop without a preheader at /usr/lib/gcc/aarch64-linux-gnu/11/../../../../include/c++/11/bits/stl_construct.h:162:4 @[ /usr/lib/gcc/aarch64-linux-gnu/11/../../../../include/c++/11/bits/stl_construct.h:195:7 @[ /usr/lib/gcc/aarch64-linux-gnu/11/../../../../include/c++/11/bits/alloc_traits.h:848:7 @[ /usr/lib/gcc/aarch64-linux-gnu/11/../../../../include/c++/11/bits/stl_vector.h:680:2 ] ] ]. Skipping.
Found a loop without a preheader at /usr/lib/gcc/aarch64-linux-gnu/11/../../../../include/c++/11/bits/stl_construct.h:162:4 @[ /usr/lib/gcc/aarch64-linux-gnu/11/../../../../include/c++/11/bits/stl_construct.h:195:7 ]. Skipping.
Found a loop without a preheader at /usr/lib/gcc/aarch64-linux-gnu/11/../../../../include/c++/11/bits/regex_compiler.tcc:620:2. Skipping.
Found a loop without an exit block at /usr/lib/gcc/aarch64-linux-gnu/11/../../../../include/c++/11/bits/regex_compiler.tcc:611:2. Skipping.
Found a loop without a preheader at /usr/lib/gcc/aarch64-linux-gnu/11/../../../../include/c++/11/bits/stl_algobase.h:1459:7 @[ /usr/lib/gcc/aarch64-linux-gnu/11/../../../../include/c++/11/bits/stl_algo.h:2253:4 @[ /usr/lib/gcc/aarch64-linux-gnu/11/../../../../include/c++/11/bits/regex_compiler.tcc:607:6 ] ]. Skipping.
Found a loop without a preheader at /usr/lib/gcc/aarch64-linux-gnu/11/../../../../include/c++/11/bits/stl_uninitialized.h:91:8 @[ /usr/lib/gcc/aarch64-linux-gnu/11/../../../../include/c++/11/bits/stl_uninitialized.h:148:14 @[ /usr/lib/gcc/aarch64-linux-gnu/11/../../../../include/c++/11/bits/stl_uninitialized.h:333:14 @[ /usr/lib/gcc/aarch64-linux-gnu/11/../../../../include/c++/11/bits/stl_vector.h:558:4 ] ] ]. Skipping.
Found a loop without a preheader at /usr/lib/gcc/aarch64-linux-gnu/11/../../../../include/c++/11/bits/stl_algo.h:930:7 @[ /usr/lib/gcc/aarch64-linux-gnu/11/../../../../include/c++/11/bits/stl_algo.h:962:14 @[ /usr/lib/gcc/aarch64-linux-gnu/11/../../../../include/c++/11/bits/regex_compiler.h:512:15 ] ]. Skipping.
Found a loop without a preheader at /usr/lib/gcc/aarch64-linux-gnu/11/../../../../include/c++/11/bits/stl_algo.h:907:7 @[ /usr/lib/gcc/aarch64-linux-gnu/11/../../../../include/c++/11/bits/stl_algo.h:923:17 @[ /usr/lib/gcc/aarch64-linux-gnu/11/../../../../include/c++/11/bits/stl_algo.h:962:14 @[ /usr/lib/gcc/aarch64-linux-gnu/11/../../../../include/c++/11/bits/regex_compiler.h:512:15 ] ] ]. Skipping.
Found a loop without a preheader at /usr/lib/gcc/aarch64-linux-gnu/11/../../../../include/c++/11/bits/stl_algo.h:1846:7 @[ /usr/lib/gcc/aarch64-linux-gnu/11/../../../../include/c++/11/bits/stl_algo.h:1867:4 @[ /usr/lib/gcc/aarch64-linux-gnu/11/../../../../include/c++/11/bits/stl_algo.h:1957:4 @[ /usr/lib/gcc/aarch64-linux-gnu/11/../../../../include/c++/11/bits/stl_algo.h:4842:7 @[ /usr/lib/gcc/aarch64-linux-gnu/11/../../../../include/c++/11/bits/regex_compiler.h:511:2 ] ] ] ]. Skipping.
Found a loop without a preheader at /usr/lib/gcc/aarch64-linux-gnu/11/../../../../include/c++/11/bits/stl_algo.h:1824:7 @[ /usr/lib/gcc/aarch64-linux-gnu/11/../../../../include/c++/11/bits/stl_algo.h:1871:2 @[ /usr/lib/gcc/aarch64-linux-gnu/11/../../../../include/c++/11/bits/stl_algo.h:1957:4 @[ /usr/lib/gcc/aarch64-linux-gnu/11/../../../../include/c++/11/bits/stl_algo.h:4842:7 @[ /usr/lib/gcc/aarch64-linux-gnu/11/../../../../include/c++/11/bits/regex_compiler.h:511:2 ] ] ] ]. Skipping.
Found a loop without a preheader at /usr/lib/gcc/aarch64-linux-gnu/11/../../../../include/c++/11/bits/stl_construct.h:162:4 @[ /usr/lib/gcc/aarch64-linux-gnu/11/../../../../include/c++/11/bits/stl_construct.h:195:7 @[ /usr/lib/gcc/aarch64-linux-gnu/11/../../../../include/c++/11/bits/alloc_traits.h:848:7 @[ /usr/lib/gcc/aarch64-linux-gnu/11/../../../../include/c++/11/bits/stl_vector.h:680:2 @[ /usr/lib/gcc/aarch64-linux-gnu/11/../../../../include/c++/11/bits/regex_compiler.h:49:12 ] ] ] ]. Skipping.
Found a loop without a preheader at /usr/lib/gcc/aarch64-linux-gnu/11/../../../../include/c++/11/bits/regex_compiler.tcc:620:2. Skipping.
Found a loop without a preheader at /usr/lib/gcc/aarch64-linux-gnu/11/../../../../include/c++/11/bits/regex_compiler.tcc:611:2. Skipping.
Found a loop without a preheader at /usr/lib/gcc/aarch64-linux-gnu/11/../../../../include/c++/11/bits/stl_algobase.h:1459:7 @[ /usr/lib/gcc/aarch64-linux-gnu/11/../../../../include/c++/11/bits/stl_algo.h:2253:4 @[ /usr/lib/gcc/aarch64-linux-gnu/11/../../../../include/c++/11/bits/regex_compiler.tcc:607:6 ] ]. Skipping.
Found a loop without a preheader at /usr/lib/gcc/aarch64-linux-gnu/11/../../../../include/c++/11/bits/stl_construct.h:162:4 @[ /usr/lib/gcc/aarch64-linux-gnu/11/../../../../include/c++/11/bits/stl_construct.h:195:7 @[ /usr/lib/gcc/aarch64-linux-gnu/11/../../../../include/c++/11/bits/alloc_traits.h:848:7 @[ /usr/lib/gcc/aarch64-linux-gnu/11/../../../../include/c++/11/bits/stl_vector.h:680:2 @[ /usr/lib/gcc/aarch64-linux-gnu/11/../../../../include/c++/11/bits/regex_compiler.h:49:12 @[ /usr/lib/gcc/aarch64-linux-gnu/11/../../../../include/c++/11/bits/std_function.h:175:4 ] ] ] ] ]. Skipping.
Found a loop without a preheader at /usr/lib/gcc/aarch64-linux-gnu/11/../../../../include/c++/11/bits/stl_algo.h:930:7 @[ /usr/lib/gcc/aarch64-linux-gnu/11/../../../../include/c++/11/bits/stl_algo.h:962:14 @[ /usr/lib/gcc/aarch64-linux-gnu/11/../../../../include/c++/11/bits/regex_compiler.h:512:15 ] ]. Skipping.
Found a loop without a preheader at /usr/lib/gcc/aarch64-linux-gnu/11/../../../../include/c++/11/bits/stl_algo.h:907:7 @[ /usr/lib/gcc/aarch64-linux-gnu/11/../../../../include/c++/11/bits/stl_algo.h:923:17 @[ /usr/lib/gcc/aarch64-linux-gnu/11/../../../../include/c++/11/bits/stl_algo.h:962:14 @[ /usr/lib/gcc/aarch64-linux-gnu/11/../../../../include/c++/11/bits/regex_compiler.h:512:15 ] ] ]. Skipping.
Found a loop without a preheader at /usr/lib/gcc/aarch64-linux-gnu/11/../../../../include/c++/11/bits/stl_algo.h:1846:7 @[ /usr/lib/gcc/aarch64-linux-gnu/11/../../../../include/c++/11/bits/stl_algo.h:1867:4 @[ /usr/lib/gcc/aarch64-linux-gnu/11/../../../../include/c++/11/bits/stl_algo.h:1957:4 @[ /usr/lib/gcc/aarch64-linux-gnu/11/../../../../include/c++/11/bits/stl_algo.h:4842:7 @[ /usr/lib/gcc/aarch64-linux-gnu/11/../../../../include/c++/11/bits/regex_compiler.h:511:2 ] ] ] ]. Skipping.
Found a loop without a preheader at /usr/lib/gcc/aarch64-linux-gnu/11/../../../../include/c++/11/bits/stl_algo.h:1824:7 @[ /usr/lib/gcc/aarch64-linux-gnu/11/../../../../include/c++/11/bits/stl_algo.h:1871:2 @[ /usr/lib/gcc/aarch64-linux-gnu/11/../../../../include/c++/11/bits/stl_algo.h:1957:4 @[ /usr/lib/gcc/aarch64-linux-gnu/11/../../../../include/c++/11/bits/stl_algo.h:4842:7 @[ /usr/lib/gcc/aarch64-linux-gnu/11/../../../../include/c++/11/bits/regex_compiler.h:511:2 ] ] ] ]. Skipping.
Found a loop without a preheader at /usr/lib/gcc/aarch64-linux-gnu/11/../../../../include/c++/11/bits/stl_construct.h:162:4 @[ /usr/lib/gcc/aarch64-linux-gnu/11/../../../../include/c++/11/bits/stl_construct.h:195:7 @[ /usr/lib/gcc/aarch64-linux-gnu/11/../../../../include/c++/11/bits/alloc_traits.h:848:7 @[ /usr/lib/gcc/aarch64-linux-gnu/11/../../../../include/c++/11/bits/stl_vector.h:680:2 @[ /usr/lib/gcc/aarch64-linux-gnu/11/../../../../include/c++/11/bits/regex_compiler.h:49:12 ] ] ] ]. Skipping.
Found a loop without a preheader at /usr/lib/gcc/aarch64-linux-gnu/11/../../../../include/c++/11/bits/stl_construct.h:162:4 @[ /usr/lib/gcc/aarch64-linux-gnu/11/../../../../include/c++/11/bits/stl_construct.h:195:7 @[ /usr/lib/gcc/aarch64-linux-gnu/11/../../../../include/c++/11/bits/alloc_traits.h:848:7 @[ /usr/lib/gcc/aarch64-linux-gnu/11/../../../../include/c++/11/bits/stl_vector.h:680:2 @[ /usr/lib/gcc/aarch64-linux-gnu/11/../../../../include/c++/11/bits/regex_compiler.h:49:12 ] ] ] ]. Skipping.
Found a loop without a preheader at /usr/lib/gcc/aarch64-linux-gnu/11/../../../../include/c++/11/bits/regex_compiler.tcc:620:2. Skipping.
Found a loop without a preheader at /usr/lib/gcc/aarch64-linux-gnu/11/../../../../include/c++/11/bits/regex_compiler.tcc:611:2. Skipping.
Found a loop without a preheader at /usr/lib/gcc/aarch64-linux-gnu/11/../../../../include/c++/11/bits/stl_algobase.h:1459:7 @[ /usr/lib/gcc/aarch64-linux-gnu/11/../../../../include/c++/11/bits/stl_algo.h:2253:4 @[ /usr/lib/gcc/aarch64-linux-gnu/11/../../../../include/c++/11/bits/regex_compiler.tcc:607:6 ] ]. Skipping.
Found a loop without a preheader at /usr/lib/gcc/aarch64-linux-gnu/11/../../../../include/c++/11/bits/stl_construct.h:162:4 @[ /usr/lib/gcc/aarch64-linux-gnu/11/../../../../include/c++/11/bits/stl_construct.h:195:7 @[ /usr/lib/gcc/aarch64-linux-gnu/11/../../../../include/c++/11/bits/alloc_traits.h:848:7 @[ /usr/lib/gcc/aarch64-linux-gnu/11/../../../../include/c++/11/bits/stl_vector.h:680:2 @[ /usr/lib/gcc/aarch64-linux-gnu/11/../../../../include/c++/11/bits/regex_compiler.h:49:12 @[ /usr/lib/gcc/aarch64-linux-gnu/11/../../../../include/c++/11/bits/regex_compiler.tcc:435:5 ] ] ] ] ]. Skipping.
Found a loop without an exit block at /usr/lib/gcc/aarch64-linux-gnu/11/../../../../include/c++/11/bits/regex_compiler.tcc:427:7. Skipping.
Found a loop without an exit block at /usr/lib/gcc/aarch64-linux-gnu/11/../../../../include/c++/11/bits/regex_compiler.tcc:427:7. Skipping.
Found a loop without a preheader at /usr/lib/gcc/aarch64-linux-gnu/11/../../../../include/c++/11/bits/stl_construct.h:162:4 @[ /usr/lib/gcc/aarch64-linux-gnu/11/../../../../include/c++/11/bits/stl_construct.h:195:7 @[ /usr/lib/gcc/aarch64-linux-gnu/11/../../../../include/c++/11/bits/alloc_traits.h:848:7 @[ /usr/lib/gcc/aarch64-linux-gnu/11/../../../../include/c++/11/bits/stl_vector.h:680:2 @[ /usr/lib/gcc/aarch64-linux-gnu/11/../../../../include/c++/11/bits/regex_compiler.h:49:12 @[ /usr/lib/gcc/aarch64-linux-gnu/11/../../../../include/c++/11/bits/regex_compiler.tcc:435:5 ] ] ] ] ]. Skipping.
Found a loop without an exit block at /usr/lib/gcc/aarch64-linux-gnu/11/../../../../include/c++/11/bits/regex_compiler.tcc:427:7. Skipping.
Found a loop without an exit block at /usr/lib/gcc/aarch64-linux-gnu/11/../../../../include/c++/11/bits/regex_compiler.tcc:427:7. Skipping.
Found a loop without an exit block at /usr/lib/gcc/aarch64-linux-gnu/11/../../../../include/c++/11/bits/regex.tcc:266:7. Skipping.
Found a loop without an exit block at /usr/lib/gcc/aarch64-linux-gnu/11/../../../../include/c++/11/bits/regex.tcc:263:7. Skipping.
Found a loop without a preheader at /usr/lib/gcc/aarch64-linux-gnu/11/../../../../include/c++/11/bits/stl_uninitialized.h:1031:7 @[ /usr/lib/gcc/aarch64-linux-gnu/11/../../../../include/c++/11/bits/stl_uninitialized.h:1046:14 @[ /usr/lib/gcc/aarch64-linux-gnu/11/../../../../include/c++/11/bits/stl_vector.h:456:9 @[ /usr/lib/gcc/aarch64-linux-gnu/11/../../../../include/c++/11/bits/stl_vector.h:469:9 @[ /usr/lib/gcc/aarch64-linux-gnu/11/../../../../include/c++/11/bits/vector.tcc:466:23 ] ] ] ]. Skipping.
Found a loop without a preheader at /usr/lib/gcc/aarch64-linux-gnu/11/../../../../include/c++/11/bits/stl_uninitialized.h:1031:7 @[ /usr/lib/gcc/aarch64-linux-gnu/11/../../../../include/c++/11/bits/stl_uninitialized.h:1046:14 @[ /usr/lib/gcc/aarch64-linux-gnu/11/../../../../include/c++/11/bits/stl_vector.h:456:9 @[ /usr/lib/gcc/aarch64-linux-gnu/11/../../../../include/c++/11/bits/stl_vector.h:469:9 @[ /usr/lib/gcc/aarch64-linux-gnu/11/../../../../include/c++/11/bits/vector.tcc:461:23 ] ] ] ]. Skipping.
Found a loop without a preheader at /usr/lib/gcc/aarch64-linux-gnu/11/../../../../include/c++/11/bits/stl_deque.h:678:7 @[ /usr/lib/gcc/aarch64-linux-gnu/11/../../../../include/c++/11/bits/stl_deque.h:601:4 @[ /usr/lib/gcc/aarch64-linux-gnu/11/../../../../include/c++/11/bits/stl_deque.h:1007:65 @[ /usr/lib/gcc/aarch64-linux-gnu/11/../../../../include/c++/11/bits/stl_stack.h:99:11 @[ /usr/lib/gcc/aarch64-linux-gnu/11/../../../../include/c++/11/bits/regex_automaton.tcc:228:5 ] ] ] ]. Skipping.
Found a loop without a preheader at /usr/lib/gcc/aarch64-linux-gnu/11/../../../../include/c++/11/bits/regex_automaton.tcc:218:7. Skipping.
Found a loop without an exit block at /usr/lib/gcc/aarch64-linux-gnu/11/../../../../include/c++/11/bits/regex_automaton.tcc:200:7. Skipping.
Found a loop without a preheader at /usr/lib/gcc/aarch64-linux-gnu/11/../../../../include/c++/11/bits/stl_deque.h:678:7 @[ /usr/lib/gcc/aarch64-linux-gnu/11/../../../../include/c++/11/bits/stl_deque.h:601:4 @[ /usr/lib/gcc/aarch64-linux-gnu/11/../../../../include/c++/11/bits/stl_deque.h:1007:65 @[ /usr/lib/gcc/aarch64-linux-gnu/11/../../../../include/c++/11/bits/stl_stack.h:99:11 ] ] ]. Skipping.
Found a loop without a preheader at /usr/lib/gcc/aarch64-linux-gnu/11/../../../../include/c++/11/bits/stl_tree.h:2068:7 @[ /usr/lib/gcc/aarch64-linux-gnu/11/../../../../include/c++/11/bits/stl_tree.h:2193:13 ]. Skipping.
Found a loop without a preheader at /usr/lib/gcc/aarch64-linux-gnu/11/../../../../include/c++/11/bits/stl_tree.h:2068:7 @[ /usr/lib/gcc/aarch64-linux-gnu/11/../../../../include/c++/11/bits/stl_tree.h:2209:13 ]. Skipping.
Found a loop without a preheader at /usr/lib/gcc/aarch64-linux-gnu/11/../../../../include/c++/11/bits/stl_tree.h:1887:7. Skipping.
Found a loop without a preheader at /usr/lib/gcc/aarch64-linux-gnu/11/../../../../include/c++/11/bits/stl_deque.h:678:7 @[ /usr/lib/gcc/aarch64-linux-gnu/11/../../../../include/c++/11/bits/stl_deque.h:667:4 ]. Skipping.
Found a loop without a preheader at /usr/lib/gcc/aarch64-linux-gnu/11/../../../../include/c++/11/bits/stl_deque.h:662:4. Skipping.
Found a loop without a preheader at /usr/lib/gcc/aarch64-linux-gnu/11/../../../../include/c++/11/bits/regex.tcc:649:7. Skipping.
Found a loop without a preheader at /usr/lib/gcc/aarch64-linux-gnu/11/../../../../include/c++/11/bits/regex.tcc:86:4. Skipping.
Found a loop without a preheader at /usr/lib/gcc/aarch64-linux-gnu/11/../../../../include/c++/11/bits/stl_construct.h:162:4 @[ /usr/lib/gcc/aarch64-linux-gnu/11/../../../../include/c++/11/bits/stl_construct.h:195:7 @[ /usr/lib/gcc/aarch64-linux-gnu/11/../../../../include/c++/11/bits/alloc_traits.h:848:7 @[ /usr/lib/gcc/aarch64-linux-gnu/11/../../../../include/c++/11/bits/stl_vector.h:680:2 @[ /usr/lib/gcc/aarch64-linux-gnu/11/../../../../include/c++/11/bits/regex_executor.h:236:9 @[ /usr/lib/gcc/aarch64-linux-gnu/11/../../../../include/c++/11/bits/regex.h:59:11 @[ /usr/lib/gcc/aarch64-linux-gnu/11/../../../../include/c++/11/bits/regex.tcc:74:2 ] ] ] ] ] ]. Skipping.
Found a loop without an exit block at /usr/lib/gcc/aarch64-linux-gnu/11/../../../../include/c++/11/bits/regex_executor.tcc:47:7 @[ /usr/lib/gcc/aarch64-linux-gnu/11/../../../../include/c++/11/bits/regex.tcc:73:25 ]. Skipping.
Found a loop without a preheader at /usr/lib/gcc/aarch64-linux-gnu/11/../../../../include/c++/11/bits/stl_construct.h:162:4 @[ /usr/lib/gcc/aarch64-linux-gnu/11/../../../../include/c++/11/bits/stl_construct.h:195:7 @[ /usr/lib/gcc/aarch64-linux-gnu/11/../../../../include/c++/11/bits/alloc_traits.h:848:7 @[ /usr/lib/gcc/aarch64-linux-gnu/11/../../../../include/c++/11/bits/stl_vector.h:680:2 @[ /usr/lib/gcc/aarch64-linux-gnu/11/../../../../include/c++/11/bits/regex_executor.h:236:9 @[ /usr/lib/gcc/aarch64-linux-gnu/11/../../../../include/c++/11/bits/regex.h:59:11 ] ] ] ] ]. Skipping.
Found a loop without an exit block at /usr/lib/gcc/aarch64-linux-gnu/11/../../../../include/c++/11/bits/regex_executor.tcc:47:7. Skipping.
Found a loop without a preheader at /usr/lib/gcc/aarch64-linux-gnu/11/../../../../include/c++/11/bits/stl_uninitialized.h:236:8 @[ /usr/lib/gcc/aarch64-linux-gnu/11/../../../../include/c++/11/bits/stl_uninitialized.h:296:14 @[ /usr/lib/gcc/aarch64-linux-gnu/11/../../../../include/c++/11/bits/stl_uninitialized.h:410:14 @[ /usr/lib/gcc/aarch64-linux-gnu/11/../../../../include/c++/11/bits/vector.tcc:271:6 ] ] ]. Skipping.
Found a loop without a preheader at /usr/lib/gcc/aarch64-linux-gnu/11/../../../../include/c++/11/bits/stl_construct.h:162:4 @[ /usr/lib/gcc/aarch64-linux-gnu/11/../../../../include/c++/11/bits/stl_construct.h:195:7 @[ /usr/lib/gcc/aarch64-linux-gnu/11/../../../../include/c++/11/bits/alloc_traits.h:848:7 @[ /usr/lib/gcc/aarch64-linux-gnu/11/../../../../include/c++/11/bits/stl_vector.h:680:2 ] ] ]. Skipping.
Found a loop without a preheader at /usr/lib/gcc/aarch64-linux-gnu/11/../../../../include/c++/11/bits/stl_construct.h:162:4 @[ /usr/lib/gcc/aarch64-linux-gnu/11/../../../../include/c++/11/bits/stl_construct.h:195:7 @[ /usr/lib/gcc/aarch64-linux-gnu/11/../../../../include/c++/11/bits/alloc_traits.h:848:7 @[ /usr/lib/gcc/aarch64-linux-gnu/11/../../../../include/c++/11/bits/stl_vector.h:1796:6 @[ /usr/lib/gcc/aarch64-linux-gnu/11/../../../../include/c++/11/bits/stl_vector.h:1499:9 @[ /usr/lib/gcc/aarch64-linux-gnu/11/../../../../include/c++/11/bits/regex_executor.tcc:140:32 ] ] ] ] ]. Skipping.
Found a loop without an exit block at /usr/lib/gcc/aarch64-linux-gnu/11/../../../../include/c++/11/bits/regex_executor.tcc:120:7. Skipping.
Found a loop without a preheader at /usr/lib/gcc/aarch64-linux-gnu/11/../../../../include/c++/11/bits/stl_uninitialized.h:91:8 @[ /usr/lib/gcc/aarch64-linux-gnu/11/../../../../include/c++/11/bits/stl_uninitialized.h:148:14 @[ /usr/lib/gcc/aarch64-linux-gnu/11/../../../../include/c++/11/bits/stl_uninitialized.h:333:14 @[ /usr/lib/gcc/aarch64-linux-gnu/11/../../../../include/c++/11/bits/stl_vector.h:558:4 @[ /usr/lib/gcc/aarch64-linux-gnu/11/../../../../include/c++/11/bits/stl_pair.h:323:41 @[ /usr/lib/gcc/aarch64-linux-gnu/11/../../../../include/c++/11/ext/new_allocator.h:162:23 @[ /usr/lib/gcc/aarch64-linux-gnu/11/../../../../include/c++/11/bits/alloc_traits.h:516:8 @[ /usr/lib/gcc/aarch64-linux-gnu/11/../../../../include/c++/11/bits/vector.tcc:115:6 @[ /usr/lib/gcc/aarch64-linux-gnu/11/../../../../include/c++/11/bits/regex_executor.h:255:21 @[ /usr/lib/gcc/aarch64-linux-gnu/11/../../../../include/c++/11/bits/regex_executor.tcc:118:17 ] ] ] ] ] ] ] ] ]. Skipping.
Found a loop without an exit block at /usr/lib/gcc/aarch64-linux-gnu/11/../../../../include/c++/11/bits/regex_executor.h:248:10 @[ /usr/lib/gcc/aarch64-linux-gnu/11/../../../../include/c++/11/bits/regex_executor.tcc:509:21 ]. Skipping.
Found a loop without a preheader at /usr/lib/gcc/aarch64-linux-gnu/11/../../../../include/c++/11/bits/stl_uninitialized.h:1031:7 @[ /usr/lib/gcc/aarch64-linux-gnu/11/../../../../include/c++/11/bits/stl_uninitialized.h:1046:14 @[ /usr/lib/gcc/aarch64-linux-gnu/11/../../../../include/c++/11/bits/stl_vector.h:456:9 @[ /usr/lib/gcc/aarch64-linux-gnu/11/../../../../include/c++/11/bits/stl_vector.h:469:9 @[ /usr/lib/gcc/aarch64-linux-gnu/11/../../../../include/c++/11/bits/vector.tcc:466:23 ] ] ] ]. Skipping.
Found a loop without a preheader at /usr/lib/gcc/aarch64-linux-gnu/11/../../../../include/c++/11/bits/stl_uninitialized.h:1031:7 @[ /usr/lib/gcc/aarch64-linux-gnu/11/../../../../include/c++/11/bits/stl_uninitialized.h:1046:14 @[ /usr/lib/gcc/aarch64-linux-gnu/11/../../../../include/c++/11/bits/stl_vector.h:456:9 @[ /usr/lib/gcc/aarch64-linux-gnu/11/../../../../include/c++/11/bits/stl_vector.h:469:9 @[ /usr/lib/gcc/aarch64-linux-gnu/11/../../../../include/c++/11/bits/vector.tcc:461:23 ] ] ] ]. Skipping.
Found a loop without a preheader at /usr/lib/gcc/aarch64-linux-gnu/11/../../../../include/c++/11/bits/stl_uninitialized.h:91:8 @[ /usr/lib/gcc/aarch64-linux-gnu/11/../../../../include/c++/11/bits/stl_uninitialized.h:148:14 @[ /usr/lib/gcc/aarch64-linux-gnu/11/../../../../include/c++/11/bits/stl_uninitialized.h:333:14 @[ /usr/lib/gcc/aarch64-linux-gnu/11/../../../../include/c++/11/bits/stl_vector.h:558:4 @[ /usr/lib/gcc/aarch64-linux-gnu/11/../../../../include/c++/11/bits/stl_pair.h:323:41 @[ /usr/lib/gcc/aarch64-linux-gnu/11/../../../../include/c++/11/ext/new_allocator.h:162:23 @[ /usr/lib/gcc/aarch64-linux-gnu/11/../../../../include/c++/11/bits/alloc_traits.h:516:8 @[ /usr/lib/gcc/aarch64-linux-gnu/11/../../../../include/c++/11/bits/vector.tcc:449:4 ] ] ] ] ] ] ]. Skipping.
Found a loop without a preheader at /usr/lib/gcc/aarch64-linux-gnu/11/../../../../include/c++/11/bits/stl_uninitialized.h:91:8 @[ /usr/lib/gcc/aarch64-linux-gnu/11/../../../../include/c++/11/bits/stl_uninitialized.h:148:14 @[ /usr/lib/gcc/aarch64-linux-gnu/11/../../../../include/c++/11/bits/stl_uninitialized.h:333:14 @[ /usr/lib/gcc/aarch64-linux-gnu/11/../../../../include/c++/11/bits/stl_vector.h:558:4 @[ /usr/lib/gcc/aarch64-linux-gnu/11/../../../../include/c++/11/bits/stl_pair.h:323:41 @[ /usr/lib/gcc/aarch64-linux-gnu/11/../../../../include/c++/11/ext/new_allocator.h:162:23 @[ /usr/lib/gcc/aarch64-linux-gnu/11/../../../../include/c++/11/bits/alloc_traits.h:516:8 @[ /usr/lib/gcc/aarch64-linux-gnu/11/../../../../include/c++/11/bits/vector.tcc:115:6 @[ /usr/lib/gcc/aarch64-linux-gnu/11/../../../../include/c++/11/bits/regex_executor.h:255:21 @[ /usr/lib/gcc/aarch64-linux-gnu/11/../../../../include/c++/11/bits/regex_executor.tcc:335:14 ] ] ] ] ] ] ] ] ]. Skipping.
Found a loop without an exit block at /usr/lib/gcc/aarch64-linux-gnu/11/../../../../include/c++/11/bits/regex_executor.tcc:402:7. Skipping.
Found a loop without a preheader at /usr/lib/gcc/aarch64-linux-gnu/11/../../../../include/c++/11/bits/stl_construct.h:162:4 @[ /usr/lib/gcc/aarch64-linux-gnu/11/../../../../include/c++/11/bits/stl_construct.h:195:7 @[ /usr/lib/gcc/aarch64-linux-gnu/11/../../../../include/c++/11/bits/alloc_traits.h:848:7 @[ /usr/lib/gcc/aarch64-linux-gnu/11/../../../../include/c++/11/bits/stl_vector.h:680:2 @[ /usr/lib/gcc/aarch64-linux-gnu/11/../../../../include/c++/11/bits/regex_executor.h:236:9 @[ /usr/lib/gcc/aarch64-linux-gnu/11/../../../../include/c++/11/bits/regex.h:59:11 @[ /usr/lib/gcc/aarch64-linux-gnu/11/../../../../include/c++/11/bits/regex_executor.tcc:164:5 ] ] ] ] ] ]. Skipping.
Found a loop without a preheader at /usr/lib/gcc/aarch64-linux-gnu/11/../../../../include/c++/11/bits/regex_executor.tcc:158:4. Skipping.
Found a loop without a preheader at /usr/lib/gcc/aarch64-linux-gnu/11/../../../../include/c++/11/bits/stl_uninitialized.h:91:8 @[ /usr/lib/gcc/aarch64-linux-gnu/11/../../../../include/c++/11/bits/stl_uninitialized.h:148:14 @[ /usr/lib/gcc/aarch64-linux-gnu/11/../../../../include/c++/11/bits/stl_uninitialized.h:333:14 @[ /usr/lib/gcc/aarch64-linux-gnu/11/../../../../include/c++/11/bits/stl_vector.h:558:4 @[ /usr/lib/gcc/aarch64-linux-gnu/11/../../../../include/c++/11/bits/regex_executor.tcc:153:19 ] ] ] ]. Skipping.
Found a loop without a preheader at /usr/lib/gcc/aarch64-linux-gnu/11/../../../../include/c++/11/bits/stl_uninitialized.h:91:8 @[ /usr/lib/gcc/aarch64-linux-gnu/11/../../../../include/c++/11/bits/stl_uninitialized.h:148:14 @[ /usr/lib/gcc/aarch64-linux-gnu/11/../../../../include/c++/11/bits/stl_uninitialized.h:333:14 @[ /usr/lib/gcc/aarch64-linux-gnu/11/../../../../include/c++/11/bits/vector.tcc:245:8 ] ] ]. Skipping.
Found a loop without an exit block at /usr/lib/gcc/aarch64-linux-gnu/11/../../../../include/c++/11/bits/regex_executor.tcc:512:7. Skipping.
Found a loop without an exit block at /usr/lib/gcc/aarch64-linux-gnu/11/../../../../include/c++/11/bits/regex_executor.tcc:402:7. Skipping.
Found a loop without a preheader at /usr/lib/gcc/aarch64-linux-gnu/11/../../../../include/c++/11/bits/regex_executor.tcc:158:4. Skipping.
Found a loop without a preheader at /usr/lib/gcc/aarch64-linux-gnu/11/../../../../include/c++/11/bits/stl_uninitialized.h:91:8 @[ /usr/lib/gcc/aarch64-linux-gnu/11/../../../../include/c++/11/bits/stl_uninitialized.h:148:14 @[ /usr/lib/gcc/aarch64-linux-gnu/11/../../../../include/c++/11/bits/stl_uninitialized.h:333:14 @[ /usr/lib/gcc/aarch64-linux-gnu/11/../../../../include/c++/11/bits/stl_vector.h:558:4 @[ /usr/lib/gcc/aarch64-linux-gnu/11/../../../../include/c++/11/bits/regex_executor.tcc:153:19 ] ] ] ]. Skipping.
Found a loop without a preheader at /usr/lib/gcc/aarch64-linux-gnu/11/../../../../include/c++/11/bits/stl_iterator_base_funcs.h:87:7 @[ /usr/lib/gcc/aarch64-linux-gnu/11/../../../../include/c++/11/bits/stl_iterator_base_funcs.h:141:14 ]. Skipping.
Found a loop without a preheader at /usr/lib/gcc/aarch64-linux-gnu/11/../../../../include/c++/11/bits/stl_uninitialized.h:91:8 @[ /usr/lib/gcc/aarch64-linux-gnu/11/../../../../include/c++/11/bits/stl_uninitialized.h:148:14 @[ /usr/lib/gcc/aarch64-linux-gnu/11/../../../../include/c++/11/bits/stl_uninitialized.h:333:14 @[ /usr/lib/gcc/aarch64-linux-gnu/11/../../../../include/c++/11/bits/stl_vector.h:558:4 @[ /usr/lib/gcc/aarch64-linux-gnu/11/../../../../include/c++/11/bits/regex.h:1766:7 @[ /usr/lib/gcc/aarch64-linux-gnu/11/../../../../include/c++/11/bits/regex.h:2704:7 @[ /usr/lib/gcc/aarch64-linux-gnu/11/../../../../include/c++/11/bits/regex.tcc:614:26 ] ] ] ] ] ]. Skipping.
Found a loop without an exit block at /usr/lib/gcc/aarch64-linux-gnu/11/../../../../include/c++/11/bits/stl_uninitialized.h:91:8. Skipping.
Found a loop without a preheader at /usr/lib/gcc/aarch64-linux-gnu/11/../../../../include/c++/11/bits/stl_construct.h:162:4 @[ /usr/lib/gcc/aarch64-linux-gnu/11/../../../../include/c++/11/bits/stl_construct.h:195:7 @[ /usr/lib/gcc/aarch64-linux-gnu/11/../../../../include/c++/11/bits/alloc_traits.h:848:7 @[ /usr/lib/gcc/aarch64-linux-gnu/11/../../../../include/c++/11/bits/stl_vector.h:680:2 @[ /opt/ros/humble/include/class_loader/class_loader/multi_library_class_loader.hpp:239:3 ] ] ] ]. Skipping.
Found a loop without an exit block at /opt/ros/humble/include/class_loader/class_loader/multi_library_class_loader.hpp:259:5. Skipping.
Found a loop without a preheader at /usr/lib/gcc/aarch64-linux-gnu/11/../../../../include/c++/11/bits/stl_construct.h:162:4 @[ /usr/lib/gcc/aarch64-linux-gnu/11/../../../../include/c++/11/bits/stl_construct.h:195:7 @[ /usr/lib/gcc/aarch64-linux-gnu/11/../../../../include/c++/11/bits/alloc_traits.h:848:7 @[ /usr/lib/gcc/aarch64-linux-gnu/11/../../../../include/c++/11/bits/stl_vector.h:680:2 @[ /opt/ros/humble/include/class_loader/class_loader/class_loader_core.hpp:357:1 ] ] ] ]. Skipping.
Found a loop without an exit block at /opt/ros/humble/include/class_loader/class_loader/class_loader_core.hpp:344:3. Skipping.
Found a loop without a preheader at /usr/lib/gcc/aarch64-linux-gnu/11/../../../../include/c++/11/bits/stl_construct.h:162:4 @[ /usr/lib/gcc/aarch64-linux-gnu/11/../../../../include/c++/11/bits/stl_construct.h:195:7 @[ /usr/lib/gcc/aarch64-linux-gnu/11/../../../../include/c++/11/bits/alloc_traits.h:848:7 @[ /usr/lib/gcc/aarch64-linux-gnu/11/../../../../include/c++/11/bits/vector.tcc:793:3 ] ] ]. Skipping.
Found a loop without a preheader at /usr/lib/gcc/aarch64-linux-gnu/11/../../../../include/c++/11/bits/stl_uninitialized.h:91:8 @[ /usr/lib/gcc/aarch64-linux-gnu/11/../../../../include/c++/11/bits/stl_uninitialized.h:148:14 @[ /usr/lib/gcc/aarch64-linux-gnu/11/../../../../include/c++/11/bits/stl_uninitialized.h:333:14 @[ /usr/lib/gcc/aarch64-linux-gnu/11/../../../../include/c++/11/bits/stl_uninitialized.h:354:14 @[ /usr/lib/gcc/aarch64-linux-gnu/11/../../../../include/c++/11/bits/vector.tcc:782:11 ] ] ] ]. Skipping.
Found a loop without a preheader at /usr/lib/gcc/aarch64-linux-gnu/11/../../../../include/c++/11/bits/stl_construct.h:162:4 @[ /usr/lib/gcc/aarch64-linux-gnu/11/../../../../include/c++/11/bits/stl_construct.h:195:7 @[ /usr/lib/gcc/aarch64-linux-gnu/11/../../../../include/c++/11/bits/alloc_traits.h:848:7 @[ /usr/lib/gcc/aarch64-linux-gnu/11/../../../../include/c++/11/bits/vector.tcc:788:7 ] ] ]. Skipping.
Found a loop without a preheader at /usr/lib/gcc/aarch64-linux-gnu/11/../../../../include/c++/11/bits/stl_uninitialized.h:91:8 @[ /usr/lib/gcc/aarch64-linux-gnu/11/../../../../include/c++/11/bits/stl_uninitialized.h:148:14 @[ /usr/lib/gcc/aarch64-linux-gnu/11/../../../../include/c++/11/bits/stl_uninitialized.h:333:14 @[ /usr/lib/gcc/aarch64-linux-gnu/11/../../../../include/c++/11/bits/stl_uninitialized.h:354:14 @[ /usr/lib/gcc/aarch64-linux-gnu/11/../../../../include/c++/11/bits/vector.tcc:774:11 ] ] ] ]. Skipping.
Found a loop without a preheader at /usr/lib/gcc/aarch64-linux-gnu/11/../../../../include/c++/11/bits/stl_algobase.h:383:4 @[ /usr/lib/gcc/aarch64-linux-gnu/11/../../../../include/c++/11/bits/stl_algobase.h:494:14 @[ /usr/lib/gcc/aarch64-linux-gnu/11/../../../../include/c++/11/bits/stl_algobase.h:522:14 @[ /usr/lib/gcc/aarch64-linux-gnu/11/../../../../include/c++/11/bits/stl_algobase.h:530:3 @[ /usr/lib/gcc/aarch64-linux-gnu/11/../../../../include/c++/11/bits/stl_algobase.h:619:14 @[ /usr/lib/gcc/aarch64-linux-gnu/11/../../../../include/c++/11/bits/vector.tcc:744:7 ] ] ] ] ]. Skipping.
Found a loop without a preheader at /usr/lib/gcc/aarch64-linux-gnu/11/../../../../include/c++/11/bits/stl_algobase.h:718:4 @[ /usr/lib/gcc/aarch64-linux-gnu/11/../../../../include/c++/11/bits/stl_algobase.h:758:14 @[ /usr/lib/gcc/aarch64-linux-gnu/11/../../../../include/c++/11/bits/stl_algobase.h:769:14 @[ /usr/lib/gcc/aarch64-linux-gnu/11/../../../../include/c++/11/bits/stl_algobase.h:799:3 @[ /usr/lib/gcc/aarch64-linux-gnu/11/../../../../include/c++/11/bits/stl_algobase.h:894:14 @[ /usr/lib/gcc/aarch64-linux-gnu/11/../../../../include/c++/11/bits/vector.tcc:742:7 ] ] ] ] ]. Skipping.
Found a loop without a preheader at /usr/lib/gcc/aarch64-linux-gnu/11/../../../../include/c++/11/bits/stl_uninitialized.h:91:8 @[ /usr/lib/gcc/aarch64-linux-gnu/11/../../../../include/c++/11/bits/stl_uninitialized.h:148:14 @[ /usr/lib/gcc/aarch64-linux-gnu/11/../../../../include/c++/11/bits/stl_uninitialized.h:333:14 @[ /usr/lib/gcc/aarch64-linux-gnu/11/../../../../include/c++/11/bits/stl_uninitialized.h:341:14 @[ /usr/lib/gcc/aarch64-linux-gnu/11/../../../../include/c++/11/bits/vector.tcc:736:7 ] ] ] ]. Skipping.
Found a loop without a preheader at /usr/lib/gcc/aarch64-linux-gnu/11/../../../../include/c++/11/bits/stl_algobase.h:383:4 @[ /usr/lib/gcc/aarch64-linux-gnu/11/../../../../include/c++/11/bits/stl_algobase.h:494:14 @[ /usr/lib/gcc/aarch64-linux-gnu/11/../../../../include/c++/11/bits/stl_algobase.h:522:14 @[ /usr/lib/gcc/aarch64-linux-gnu/11/../../../../include/c++/11/bits/stl_algobase.h:530:3 @[ /usr/lib/gcc/aarch64-linux-gnu/11/../../../../include/c++/11/bits/stl_algobase.h:619:14 @[ /usr/lib/gcc/aarch64-linux-gnu/11/../../../../include/c++/11/bits/vector.tcc:762:7 ] ] ] ] ]. Skipping.
Found a loop without a preheader at /usr/lib/gcc/aarch64-linux-gnu/11/../../../../include/c++/11/bits/stl_uninitialized.h:91:8 @[ /usr/lib/gcc/aarch64-linux-gnu/11/../../../../include/c++/11/bits/stl_uninitialized.h:148:14 @[ /usr/lib/gcc/aarch64-linux-gnu/11/../../../../include/c++/11/bits/stl_uninitialized.h:333:14 @[ /usr/lib/gcc/aarch64-linux-gnu/11/../../../../include/c++/11/bits/stl_uninitialized.h:341:14 @[ /usr/lib/gcc/aarch64-linux-gnu/11/../../../../include/c++/11/bits/vector.tcc:756:7 ] ] ] ]. Skipping.
Found a loop without a preheader at /usr/lib/gcc/aarch64-linux-gnu/11/../../../../include/c++/11/bits/stl_uninitialized.h:91:8. Skipping.
Found a loop without a preheader at /usr/lib/gcc/aarch64-linux-gnu/11/../../../../include/c++/11/bits/stl_construct.h:162:4 @[ /usr/lib/gcc/aarch64-linux-gnu/11/../../../../include/c++/11/bits/stl_construct.h:195:7 @[ /usr/lib/gcc/aarch64-linux-gnu/11/../../../../include/c++/11/bits/alloc_traits.h:848:7 @[ /usr/lib/gcc/aarch64-linux-gnu/11/../../../../include/c++/11/bits/stl_vector.h:680:2 @[ /opt/ros/humble/include/pluginlib/pluginlib/./class_loader_imp.hpp:547:1 ] ] ] ]. Skipping.
Found a loop without an exit block at /opt/ros/humble/include/pluginlib/pluginlib/./class_loader_imp.hpp:541:3. Skipping.
Found a loop without a preheader at /usr/lib/gcc/aarch64-linux-gnu/11/../../../../include/c++/11/bits/basic_string.h:239:6 @[ /usr/lib/gcc/aarch64-linux-gnu/11/../../../../include/c++/11/bits/basic_string.h:672:9 @[ /opt/ros/humble/include/pluginlib/pluginlib/./class_loader_imp.hpp:371:47 ] ]. Skipping.
Found a loop without a preheader at /usr/lib/gcc/aarch64-linux-gnu/11/../../../../include/c++/11/bits/stl_construct.h:162:4 @[ /usr/lib/gcc/aarch64-linux-gnu/11/../../../../include/c++/11/bits/stl_construct.h:195:7 @[ /usr/lib/gcc/aarch64-linux-gnu/11/../../../../include/c++/11/bits/alloc_traits.h:848:7 @[ /usr/lib/gcc/aarch64-linux-gnu/11/../../../../include/c++/11/bits/stl_vector.h:680:2 @[ /opt/ros/humble/include/pluginlib/pluginlib/./class_loader_imp.hpp:431:1 ] ] ] ]. Skipping.
Found a loop without a preheader at /opt/ros/humble/include/pluginlib/pluginlib/./class_loader_imp.hpp:423:3. Skipping.
Found a loop without a preheader at /usr/lib/gcc/aarch64-linux-gnu/11/../../../../include/c++/11/bits/stl_construct.h:162:4 @[ /usr/lib/gcc/aarch64-linux-gnu/11/../../../../include/c++/11/bits/stl_construct.h:195:7 @[ /usr/lib/gcc/aarch64-linux-gnu/11/../../../../include/c++/11/bits/alloc_traits.h:848:7 @[ /usr/lib/gcc/aarch64-linux-gnu/11/../../../../include/c++/11/bits/stl_vector.h:680:2 @[ /opt/ros/humble/include/pluginlib/pluginlib/./class_loader_imp.hpp:419:3 ] ] ] ]. Skipping.
Found a loop without a preheader at /usr/lib/gcc/aarch64-linux-gnu/11/../../../../include/c++/11/bits/stl_construct.h:162:4 @[ /usr/lib/gcc/aarch64-linux-gnu/11/../../../../include/c++/11/bits/stl_construct.h:195:7 @[ /usr/lib/gcc/aarch64-linux-gnu/11/../../../../include/c++/11/bits/alloc_traits.h:848:7 @[ /usr/lib/gcc/aarch64-linux-gnu/11/../../../../include/c++/11/bits/stl_vector.h:680:2 @[ /opt/ros/humble/include/pluginlib/pluginlib/./class_loader_imp.hpp:419:3 ] ] ] ]. Skipping.
Found a loop without an exit block at /opt/ros/humble/include/pluginlib/pluginlib/./class_loader_imp.hpp:411:5. Skipping.
Found a loop without a preheader at /usr/lib/gcc/aarch64-linux-gnu/11/../../../../include/c++/11/bits/basic_string.h:239:6 @[ /usr/lib/gcc/aarch64-linux-gnu/11/../../../../include/c++/11/bits/basic_string.h:672:9 @[ /opt/ros/humble/include/pluginlib/pluginlib/./class_loader_imp.hpp:404:65 ] ]. Skipping.
Found a loop without a preheader at /usr/lib/gcc/aarch64-linux-gnu/11/../../../../include/c++/11/bits/basic_string.h:239:6 @[ /usr/lib/gcc/aarch64-linux-gnu/11/../../../../include/c++/11/bits/basic_string.h:672:9 @[ /opt/ros/humble/include/pluginlib/pluginlib/./class_loader_imp.hpp:398:59 ] ]. Skipping.
Found a loop without a preheader at /usr/lib/gcc/aarch64-linux-gnu/11/../../../../include/c++/11/bits/stl_uninitialized.h:91:8. Skipping.
Found a loop without a preheader at /usr/lib/gcc/aarch64-linux-gnu/11/../../../../include/c++/11/bits/stl_construct.h:162:4 @[ /usr/lib/gcc/aarch64-linux-gnu/11/../../../../include/c++/11/bits/stl_construct.h:195:7 @[ /usr/lib/gcc/aarch64-linux-gnu/11/../../../../include/c++/11/bits/alloc_traits.h:848:7 @[ /usr/lib/gcc/aarch64-linux-gnu/11/../../../../include/c++/11/bits/stl_vector.h:680:2 @[ /opt/ros/humble/include/rcl_interfaces/rcl_interfaces/msg/detail/parameter_value__struct.hpp:33:8 ] ] ] ]. Skipping.
Found a loop without a preheader at /opt/ros/humble/include/class_loader/class_loader/multi_library_class_loader.hpp:335:5. Skipping.
Found a loop without a preheader at /usr/lib/gcc/aarch64-linux-gnu/11/../../../../include/c++/11/bits/stl_construct.h:162:4 @[ /usr/lib/gcc/aarch64-linux-gnu/11/../../../../include/c++/11/bits/stl_construct.h:195:7 @[ /usr/lib/gcc/aarch64-linux-gnu/11/../../../../include/c++/11/bits/alloc_traits.h:848:7 @[ /usr/lib/gcc/aarch64-linux-gnu/11/../../../../include/c++/11/bits/stl_vector.h:680:2 @[ /opt/ros/humble/include/class_loader/class_loader/class_loader.hpp:188:3 ] ] ] ]. Skipping.
Found a loop without a preheader at /usr/lib/gcc/aarch64-linux-gnu/11/../../../../include/c++/11/bits/charconv.h:56:7 @[ /usr/lib/gcc/aarch64-linux-gnu/11/../../../../include/c++/11/bits/basic_string.h:6683:24 ]. Skipping.
Found a loop without an exit block at ros2_caret_ws/install/include/rclcpp/rclcpp/detail/qos_parameters.hpp:167:3. Skipping.
Found a loop without an exit block at ros2_caret_ws/install/include/rclcpp/rclcpp/detail/qos_parameters.hpp:167:3. Skipping.
Found a loop without a preheader at /usr/lib/gcc/aarch64-linux-gnu/11/../../../../include/c++/11/bits/stl_uninitialized.h:91:8 @[ /usr/lib/gcc/aarch64-linux-gnu/11/../../../../include/c++/11/bits/stl_uninitialized.h:148:14 @[ /usr/lib/gcc/aarch64-linux-gnu/11/../../../../include/c++/11/bits/stl_uninitialized.h:333:14 @[ /usr/lib/gcc/aarch64-linux-gnu/11/../../../../include/c++/11/bits/stl_vector.h:558:4 @[ /opt/ros/humble/include/rosidl_runtime_cpp/rosidl_runtime_cpp/bounded_vector.hpp:121:5 @[ /opt/ros/humble/include/rcl_interfaces/rcl_interfaces/msg/detail/parameter_descriptor__struct.hpp:39:8 ] ] ] ] ]. Skipping.
Found a loop without a preheader at /usr/lib/gcc/aarch64-linux-gnu/11/../../../../include/c++/11/bits/stl_uninitialized.h:91:8 @[ /usr/lib/gcc/aarch64-linux-gnu/11/../../../../include/c++/11/bits/stl_uninitialized.h:148:14 @[ /usr/lib/gcc/aarch64-linux-gnu/11/../../../../include/c++/11/bits/stl_uninitialized.h:333:14 @[ /usr/lib/gcc/aarch64-linux-gnu/11/../../../../include/c++/11/bits/stl_vector.h:558:4 @[ /opt/ros/humble/include/rosidl_runtime_cpp/rosidl_runtime_cpp/bounded_vector.hpp:121:5 @[ /opt/ros/humble/include/rcl_interfaces/rcl_interfaces/msg/detail/parameter_descriptor__struct.hpp:39:8 ] ] ] ] ]. Skipping.
Found a loop without an exit block at /usr/lib/gcc/aarch64-linux-gnu/11/../../../../include/c++/11/bits/shared_ptr_base.h:259:7 @[ /usr/lib/gcc/aarch64-linux-gnu/11/../../../../include/c++/11/bits/shared_ptr_base.h:872:39 @[ /usr/lib/gcc/aarch64-linux-gnu/11/../../../../include/c++/11/bits/shared_ptr_base.h:1178:4 @[ /usr/lib/gcc/aarch64-linux-gnu/11/../../../../include/c++/11/bits/shared_ptr.h:326:4 @[ /usr/lib/gcc/aarch64-linux-gnu/11/../../../../include/c++/11/bits/shared_ptr.h:808:16 @[ ros2_caret_ws/install/include/rclcpp/rclcpp/publisher.hpp:207:70 ] ] ] ] ]. Skipping.
Found a loop without a preheader at /usr/lib/gcc/aarch64-linux-gnu/11/../../../../include/c++/11/bits/hashtable.h:1837:7 @[ /usr/lib/gcc/aarch64-linux-gnu/11/../../../../include/c++/11/bits/hashtable.h:810:31 @[ /usr/lib/gcc/aarch64-linux-gnu/11/../../../../include/c++/11/bits/hashtable.h:1970:23 ] ]. Skipping.
Found a loop without a preheader at /usr/lib/gcc/aarch64-linux-gnu/11/../../../../include/c++/11/bits/hashtable.h:2386:7. Skipping.
Found a loop without a preheader at /usr/lib/gcc/aarch64-linux-gnu/11/../../../../include/c++/11/bits/hashtable.h:1837:7 @[ /usr/lib/gcc/aarch64-linux-gnu/11/../../../../include/c++/11/bits/hashtable.h:810:31 @[ /usr/lib/gcc/aarch64-linux-gnu/11/../../../../include/c++/11/bits/hashtable.h:1970:23 ] ]. Skipping.
Found a loop without a preheader at /usr/lib/gcc/aarch64-linux-gnu/11/../../../../include/c++/11/bits/hashtable.h:1837:7 @[ /usr/lib/gcc/aarch64-linux-gnu/11/../../../../include/c++/11/bits/hashtable.h:810:31 @[ /usr/lib/gcc/aarch64-linux-gnu/11/../../../../include/c++/11/bits/hashtable.h:1970:23 ] ]. Skipping.
Found a loop without a preheader at /usr/lib/gcc/aarch64-linux-gnu/11/../../../../include/c++/11/bits/hashtable.h:1837:7 @[ /usr/lib/gcc/aarch64-linux-gnu/11/../../../../include/c++/11/bits/hashtable.h:810:31 @[ /usr/lib/gcc/aarch64-linux-gnu/11/../../../../include/c++/11/bits/hashtable.h:1970:23 ] ]. Skipping.
Found a loop without an exit block at /usr/lib/gcc/aarch64-linux-gnu/11/../../../../include/c++/11/bits/hashtable.h:1837:7. Skipping.
Found a loop without a preheader at /usr/lib/gcc/aarch64-linux-gnu/11/../../../../include/c++/11/bits/hashtable.h:2386:7. Skipping.
Found a loop without a preheader at /usr/lib/gcc/aarch64-linux-gnu/11/../../../../include/c++/11/bits/stl_construct.h:162:4 @[ /usr/lib/gcc/aarch64-linux-gnu/11/../../../../include/c++/11/bits/stl_construct.h:195:7 @[ /usr/lib/gcc/aarch64-linux-gnu/11/../../../../include/c++/11/bits/alloc_traits.h:848:7 @[ /usr/lib/gcc/aarch64-linux-gnu/11/../../../../include/c++/11/bits/stl_vector.h:680:2 ] ] ]. Skipping.
Found a loop without a preheader at /usr/lib/gcc/aarch64-linux-gnu/11/../../../../include/c++/11/bits/stl_construct.h:162:4 @[ /usr/lib/gcc/aarch64-linux-gnu/11/../../../../include/c++/11/bits/stl_construct.h:195:7 @[ /usr/lib/gcc/aarch64-linux-gnu/11/../../../../include/c++/11/bits/alloc_traits.h:848:7 @[ /usr/lib/gcc/aarch64-linux-gnu/11/../../../../include/c++/11/bits/stl_vector.h:680:2 @[ ros2_caret_ws/install/include/rclcpp/rclcpp/topic_statistics/subscription_topic_statistics.hpp:98:3 ] ] ] ]. Skipping.
Found a loop without a preheader at ros2_caret_ws/install/include/rclcpp/rclcpp/topic_statistics/subscription_topic_statistics.hpp:112:5. Skipping.
Found a loop without an exit block at ros2_caret_ws/install/include/rclcpp/rclcpp/topic_statistics/subscription_topic_statistics.hpp:152:5. Skipping.
Found a loop without an exit block at ros2_caret_ws/install/include/rclcpp/rclcpp/topic_statistics/subscription_topic_statistics.hpp:137:7. Skipping.
Found a loop without a preheader at /usr/lib/gcc/aarch64-linux-gnu/11/../../../../include/c++/11/bits/stl_construct.h:162:4 @[ /usr/lib/gcc/aarch64-linux-gnu/11/../../../../include/c++/11/bits/stl_construct.h:195:7 @[ /usr/lib/gcc/aarch64-linux-gnu/11/../../../../include/c++/11/bits/alloc_traits.h:848:7 @[ /usr/lib/gcc/aarch64-linux-gnu/11/../../../../include/c++/11/bits/stl_vector.h:1796:6 @[ /usr/lib/gcc/aarch64-linux-gnu/11/../../../../include/c++/11/bits/stl_vector.h:1499:9 @[ ros2_caret_ws/install/include/rclcpp/rclcpp/topic_statistics/subscription_topic_statistics.hpp:208:41 ] ] ] ] ]. Skipping.
Found a loop without a preheader at ros2_caret_ws/install/include/rclcpp/rclcpp/topic_statistics/subscription_topic_statistics.hpp:204:7. Skipping.
Found a loop without a preheader at /usr/lib/gcc/aarch64-linux-gnu/11/../../../../include/c++/11/bits/stl_uninitialized.h:1031:7 @[ /usr/lib/gcc/aarch64-linux-gnu/11/../../../../include/c++/11/bits/stl_uninitialized.h:1046:14 @[ /usr/lib/gcc/aarch64-linux-gnu/11/../../../../include/c++/11/bits/stl_vector.h:456:9 @[ /usr/lib/gcc/aarch64-linux-gnu/11/../../../../include/c++/11/bits/stl_vector.h:469:9 @[ /usr/lib/gcc/aarch64-linux-gnu/11/../../../../include/c++/11/bits/vector.tcc:466:23 ] ] ] ]. Skipping.
Found a loop without a preheader at /usr/lib/gcc/aarch64-linux-gnu/11/../../../../include/c++/11/bits/stl_uninitialized.h:1031:7 @[ /usr/lib/gcc/aarch64-linux-gnu/11/../../../../include/c++/11/bits/stl_uninitialized.h:1046:14 @[ /usr/lib/gcc/aarch64-linux-gnu/11/../../../../include/c++/11/bits/stl_vector.h:456:9 @[ /usr/lib/gcc/aarch64-linux-gnu/11/../../../../include/c++/11/bits/stl_vector.h:469:9 @[ /usr/lib/gcc/aarch64-linux-gnu/11/../../../../include/c++/11/bits/vector.tcc:461:23 ] ] ] ]. Skipping.
Found a loop without a preheader at /usr/lib/gcc/aarch64-linux-gnu/11/../../../../include/c++/11/bits/stl_uninitialized.h:91:8 @[ /usr/lib/gcc/aarch64-linux-gnu/11/../../../../include/c++/11/bits/stl_uninitialized.h:148:14 @[ /usr/lib/gcc/aarch64-linux-gnu/11/../../../../include/c++/11/bits/stl_uninitialized.h:333:14 @[ /usr/lib/gcc/aarch64-linux-gnu/11/../../../../include/c++/11/bits/stl_vector.h:558:4 @[ /opt/ros/humble/include/statistics_msgs/statistics_msgs/msg/detail/metrics_message__struct.hpp:40:8 ] ] ] ]. Skipping.
Found a loop without a preheader at /usr/lib/gcc/aarch64-linux-gnu/11/../../../../include/c++/11/bits/stl_construct.h:162:4. Skipping.
Found a loop without an exit block at /usr/lib/gcc/aarch64-linux-gnu/11/../../../../include/c++/11/bits/shared_ptr_base.h:259:7 @[ /usr/lib/gcc/aarch64-linux-gnu/11/../../../../include/c++/11/bits/shared_ptr_base.h:883:28 @[ /usr/lib/gcc/aarch64-linux-gnu/11/../../../../include/c++/11/bits/shared_ptr_base.h:1353:9 @[ /usr/lib/gcc/aarch64-linux-gnu/11/../../../../include/c++/11/bits/shared_ptr.h:418:9 @[ /usr/lib/gcc/aarch64-linux-gnu/11/../../../../include/c++/11/bits/shared_ptr.h:750:16 @[ ros2_caret_ws/install/include/rclcpp/rclcpp/publisher.hpp:561:26 ] ] ] ] ]. Skipping.
Found a loop without an exit block at /usr/lib/gcc/aarch64-linux-gnu/11/../../../../include/c++/11/bits/shared_ptr_base.h:259:7 @[ /usr/lib/gcc/aarch64-linux-gnu/11/../../../../include/c++/11/bits/shared_ptr_base.h:883:28 @[ /usr/lib/gcc/aarch64-linux-gnu/11/../../../../include/c++/11/bits/shared_ptr_base.h:1353:9 @[ /usr/lib/gcc/aarch64-linux-gnu/11/../../../../include/c++/11/bits/shared_ptr.h:418:9 @[ /usr/lib/gcc/aarch64-linux-gnu/11/../../../../include/c++/11/bits/shared_ptr.h:750:16 @[ ros2_caret_ws/install/include/rclcpp/rclcpp/publisher.hpp:537:26 ] ] ] ] ]. Skipping.
Found a loop without a preheader at /usr/lib/gcc/aarch64-linux-gnu/11/../../../../include/c++/11/bits/hashtable.h:1837:7 @[ /usr/lib/gcc/aarch64-linux-gnu/11/../../../../include/c++/11/bits/hashtable.h:810:31 @[ /usr/lib/gcc/aarch64-linux-gnu/11/../../../../include/c++/11/bits/hashtable.h:1595:23 @[ /usr/lib/gcc/aarch64-linux-gnu/11/../../../../include/c++/11/bits/unordered_map.h:869:21 @[ ros2_caret_ws/install/include/rclcpp/rclcpp/experimental/intra_process_manager.hpp:260:38 ] ] ] ]. Skipping.
Found a loop without an exit block at /usr/lib/gcc/aarch64-linux-gnu/11/../../../../include/c++/11/shared_mutex:228:7 @[ /usr/lib/gcc/aarch64-linux-gnu/11/../../../../include/c++/11/shared_mutex:489:33 @[ /usr/lib/gcc/aarch64-linux-gnu/11/../../../../include/c++/11/shared_mutex:727:13 @[ ros2_caret_ws/install/include/rclcpp/rclcpp/experimental/intra_process_manager.hpp:258:47 ] ] ]. Skipping.
Found a loop without an exit block at ros2_caret_ws/install/include/rclcpp/rclcpp/experimental/intra_process_manager.hpp:363:5. Skipping.
Found a loop without an exit block at ros2_caret_ws/install/include/rclcpp/rclcpp/experimental/intra_process_manager.hpp:442:5. Skipping.
Found a loop without a preheader at /usr/lib/gcc/aarch64-linux-gnu/11/../../../../include/c++/11/bits/hashtable.h:1837:7 @[ /usr/lib/gcc/aarch64-linux-gnu/11/../../../../include/c++/11/bits/hashtable.h:810:31 @[ /usr/lib/gcc/aarch64-linux-gnu/11/../../../../include/c++/11/bits/hashtable.h:1595:23 @[ /usr/lib/gcc/aarch64-linux-gnu/11/../../../../include/c++/11/bits/unordered_map.h:869:21 @[ ros2_caret_ws/install/include/rclcpp/rclcpp/experimental/intra_process_manager.hpp:196:38 ] ] ] ]. Skipping.
Found a loop without an exit block at /usr/lib/gcc/aarch64-linux-gnu/11/../../../../include/c++/11/shared_mutex:228:7 @[ /usr/lib/gcc/aarch64-linux-gnu/11/../../../../include/c++/11/shared_mutex:489:33 @[ /usr/lib/gcc/aarch64-linux-gnu/11/../../../../include/c++/11/shared_mutex:727:13 @[ ros2_caret_ws/install/include/rclcpp/rclcpp/experimental/intra_process_manager.hpp:194:47 ] ] ]. Skipping.
Found a loop without an exit block at /usr/lib/gcc/aarch64-linux-gnu/11/../../../../include/c++/11/bits/shared_ptr_base.h:259:7 @[ /usr/lib/gcc/aarch64-linux-gnu/11/../../../../include/c++/11/bits/shared_ptr_base.h:883:28 @[ /usr/lib/gcc/aarch64-linux-gnu/11/../../../../include/c++/11/bits/shared_ptr_base.h:1353:9 @[ /usr/lib/gcc/aarch64-linux-gnu/11/../../../../include/c++/11/bits/shared_ptr.h:418:9 @[ /usr/lib/gcc/aarch64-linux-gnu/11/../../../../include/c++/11/bits/shared_ptr.h:750:16 @[ ros2_caret_ws/install/include/rclcpp/rclcpp/create_subscription.hpp:102:71 @[ ros2_caret_ws/install/include/rclcpp/rclcpp/timer.hpp:244:5 ] ] ] ] ] ]. Skipping.
Found a loop without a preheader at /usr/lib/gcc/aarch64-linux-gnu/11/../../../../include/c++/11/bits/hashtable.h:1837:7 @[ /usr/lib/gcc/aarch64-linux-gnu/11/../../../../include/c++/11/bits/hashtable.h:810:31 @[ /usr/lib/gcc/aarch64-linux-gnu/11/../../../../include/c++/11/bits/hashtable.h:1970:23 ] ]. Skipping.
Found a loop without a preheader at /usr/lib/gcc/aarch64-linux-gnu/11/../../../../include/c++/11/bits/hashtable.h:2386:7. Skipping.
Found a loop without a preheader at /usr/lib/gcc/aarch64-linux-gnu/11/../../../../include/c++/11/bits/hashtable.h:1837:7 @[ /usr/lib/gcc/aarch64-linux-gnu/11/../../../../include/c++/11/bits/hashtable.h:810:31 @[ /usr/lib/gcc/aarch64-linux-gnu/11/../../../../include/c++/11/bits/hashtable.h:1970:23 ] ]. Skipping.
Found a loop without a preheader at /usr/lib/gcc/aarch64-linux-gnu/11/../../../../include/c++/11/bits/hashtable.h:2386:7. Skipping.
Found a loop without a preheader at /usr/lib/gcc/aarch64-linux-gnu/11/../../../../include/c++/11/bits/hashtable.h:1837:7 @[ /usr/lib/gcc/aarch64-linux-gnu/11/../../../../include/c++/11/bits/hashtable.h:810:31 @[ /usr/lib/gcc/aarch64-linux-gnu/11/../../../../include/c++/11/bits/hashtable.h:1970:23 ] ]. Skipping.
Found a loop without a preheader at /usr/lib/gcc/aarch64-linux-gnu/11/../../../../include/c++/11/bits/hashtable.h:1837:7 @[ /usr/lib/gcc/aarch64-linux-gnu/11/../../../../include/c++/11/bits/hashtable.h:810:31 @[ /usr/lib/gcc/aarch64-linux-gnu/11/../../../../include/c++/11/bits/hashtable.h:1970:23 ] ]. Skipping.
Found a loop without a preheader at /usr/lib/gcc/aarch64-linux-gnu/11/../../../../include/c++/11/bits/hashtable.h:1837:7 @[ /usr/lib/gcc/aarch64-linux-gnu/11/../../../../include/c++/11/bits/hashtable.h:810:31 @[ /usr/lib/gcc/aarch64-linux-gnu/11/../../../../include/c++/11/bits/hashtable.h:1970:23 ] ]. Skipping.
Found a loop without a preheader at /usr/lib/gcc/aarch64-linux-gnu/11/../../../../include/c++/11/bits/hashtable.h:1837:7 @[ /usr/lib/gcc/aarch64-linux-gnu/11/../../../../include/c++/11/bits/hashtable.h:810:31 @[ /usr/lib/gcc/aarch64-linux-gnu/11/../../../../include/c++/11/bits/hashtable.h:1970:23 ] ]. Skipping.
Found a loop without a preheader at /usr/lib/gcc/aarch64-linux-gnu/11/../../../../include/c++/11/bits/hashtable.h:1837:7 @[ /usr/lib/gcc/aarch64-linux-gnu/11/../../../../include/c++/11/bits/hashtable.h:810:31 @[ /usr/lib/gcc/aarch64-linux-gnu/11/../../../../include/c++/11/bits/hashtable.h:1970:23 ] ]. Skipping.
Found a loop without a preheader at /usr/lib/gcc/aarch64-linux-gnu/11/../../../../include/c++/11/bits/hashtable.h:1837:7 @[ /usr/lib/gcc/aarch64-linux-gnu/11/../../../../include/c++/11/bits/hashtable.h:810:31 @[ /usr/lib/gcc/aarch64-linux-gnu/11/../../../../include/c++/11/bits/hashtable.h:1970:23 ] ]. Skipping.
Found a loop without a preheader at /usr/lib/gcc/aarch64-linux-gnu/11/../../../../include/c++/11/bits/hashtable.h:1837:7 @[ /usr/lib/gcc/aarch64-linux-gnu/11/../../../../include/c++/11/bits/hashtable.h:810:31 @[ /usr/lib/gcc/aarch64-linux-gnu/11/../../../../include/c++/11/bits/hashtable.h:1970:23 ] ]. Skipping.
Found a loop without a preheader at /usr/lib/gcc/aarch64-linux-gnu/11/../../../../include/c++/11/bits/hashtable.h:1837:7 @[ /usr/lib/gcc/aarch64-linux-gnu/11/../../../../include/c++/11/bits/hashtable.h:810:31 @[ /usr/lib/gcc/aarch64-linux-gnu/11/../../../../include/c++/11/bits/hashtable.h:1970:23 ] ]. Skipping.
Found a loop without a preheader at /usr/lib/gcc/aarch64-linux-gnu/11/../../../../include/c++/11/bits/stl_construct.h:162:4 @[ /usr/lib/gcc/aarch64-linux-gnu/11/../../../../include/c++/11/bits/stl_construct.h:195:7 @[ /usr/lib/gcc/aarch64-linux-gnu/11/../../../../include/c++/11/bits/alloc_traits.h:848:7 @[ /usr/lib/gcc/aarch64-linux-gnu/11/../../../../include/c++/11/bits/stl_vector.h:680:2 ] ] ]. Skipping.
Found a loop without a preheader at /usr/lib/gcc/aarch64-linux-gnu/11/../../../../include/c++/11/bits/stl_construct.h:162:4 @[ /usr/lib/gcc/aarch64-linux-gnu/11/../../../../include/c++/11/bits/stl_construct.h:195:7 @[ /usr/lib/gcc/aarch64-linux-gnu/11/../../../../include/c++/11/bits/alloc_traits.h:848:7 @[ /usr/lib/gcc/aarch64-linux-gnu/11/../../../../include/c++/11/bits/stl_vector.h:680:2 @[ ros2_caret_ws/install/include/rclcpp/rclcpp/experimental/buffers/ring_buffer_implementation.hpp:56:40 ] ] ] ]. Skipping.
Found a loop without a preheader at /usr/lib/gcc/aarch64-linux-gnu/11/../../../../include/c++/11/bits/stl_construct.h:162:4 @[ /usr/lib/gcc/aarch64-linux-gnu/11/../../../../include/c++/11/bits/stl_construct.h:195:7 @[ /usr/lib/gcc/aarch64-linux-gnu/11/../../../../include/c++/11/bits/alloc_traits.h:848:7 @[ /usr/lib/gcc/aarch64-linux-gnu/11/../../../../include/c++/11/bits/stl_vector.h:680:2 @[ ros2_caret_ws/install/include/rclcpp/rclcpp/experimental/buffers/ring_buffer_implementation.hpp:56:40 @[ ros2_caret_ws/install/include/rclcpp/rclcpp/experimental/buffers/ring_buffer_implementation.hpp:56:39 ] ] ] ] ]. Skipping.
Found a loop without a preheader at /usr/lib/gcc/aarch64-linux-gnu/11/../../../../include/c++/11/bits/stl_construct.h:162:4 @[ /usr/lib/gcc/aarch64-linux-gnu/11/../../../../include/c++/11/bits/stl_construct.h:195:7 @[ /usr/lib/gcc/aarch64-linux-gnu/11/../../../../include/c++/11/bits/alloc_traits.h:848:7 @[ /usr/lib/gcc/aarch64-linux-gnu/11/../../../../include/c++/11/bits/stl_vector.h:680:2 ] ] ]. Skipping.
Found a loop without a preheader at /usr/lib/gcc/aarch64-linux-gnu/11/../../../../include/c++/11/bits/stl_construct.h:162:4 @[ /usr/lib/gcc/aarch64-linux-gnu/11/../../../../include/c++/11/bits/stl_construct.h:195:7 @[ /usr/lib/gcc/aarch64-linux-gnu/11/../../../../include/c++/11/bits/alloc_traits.h:848:7 @[ /usr/lib/gcc/aarch64-linux-gnu/11/../../../../include/c++/11/bits/stl_vector.h:680:2 @[ ros2_caret_ws/install/include/rclcpp/rclcpp/subscription_content_filter_options.hpp:25:8 @[ ros2_caret_ws/install/include/rclcpp/rclcpp/subscription_options.hpp:39:8 ] ] ] ] ]. Skipping.
Found a loop without a preheader at /usr/lib/gcc/aarch64-linux-gnu/11/../../../../include/c++/11/bits/stl_construct.h:162:4 @[ /usr/lib/gcc/aarch64-linux-gnu/11/../../../../include/c++/11/bits/stl_construct.h:195:7 @[ /usr/lib/gcc/aarch64-linux-gnu/11/../../../../include/c++/11/bits/alloc_traits.h:848:7 @[ /usr/lib/gcc/aarch64-linux-gnu/11/../../../../include/c++/11/bits/stl_vector.h:680:2 ] ] ]. Skipping.
Found a loop without a preheader at /usr/lib/gcc/aarch64-linux-gnu/11/../../../../include/c++/11/bits/stl_construct.h:162:4 @[ /usr/lib/gcc/aarch64-linux-gnu/11/../../../../include/c++/11/bits/stl_construct.h:195:7 @[ /usr/lib/gcc/aarch64-linux-gnu/11/../../../../include/c++/11/bits/alloc_traits.h:848:7 @[ /usr/lib/gcc/aarch64-linux-gnu/11/../../../../include/c++/11/bits/stl_vector.h:680:2 @[ ros2_caret_ws/install/include/rclcpp/rclcpp/topic_statistics/subscription_topic_statistics.hpp:98:3 ] ] ] ]. Skipping.
Found a loop without a preheader at ros2_caret_ws/install/include/rclcpp/rclcpp/topic_statistics/subscription_topic_statistics.hpp:112:5. Skipping.
Found a loop without an exit block at ros2_caret_ws/install/include/rclcpp/rclcpp/topic_statistics/subscription_topic_statistics.hpp:152:5. Skipping.
Found a loop without an exit block at ros2_caret_ws/install/include/rclcpp/rclcpp/topic_statistics/subscription_topic_statistics.hpp:137:7. Skipping.
Found a loop without a preheader at /usr/lib/gcc/aarch64-linux-gnu/11/../../../../include/c++/11/bits/stl_construct.h:162:4 @[ /usr/lib/gcc/aarch64-linux-gnu/11/../../../../include/c++/11/bits/stl_construct.h:195:7 @[ /usr/lib/gcc/aarch64-linux-gnu/11/../../../../include/c++/11/bits/alloc_traits.h:848:7 @[ /usr/lib/gcc/aarch64-linux-gnu/11/../../../../include/c++/11/bits/stl_vector.h:1796:6 @[ /usr/lib/gcc/aarch64-linux-gnu/11/../../../../include/c++/11/bits/stl_vector.h:1499:9 @[ ros2_caret_ws/install/include/rclcpp/rclcpp/topic_statistics/subscription_topic_statistics.hpp:208:41 ] ] ] ] ]. Skipping.
Found a loop without a preheader at ros2_caret_ws/install/include/rclcpp/rclcpp/topic_statistics/subscription_topic_statistics.hpp:204:7. Skipping.
Found a loop without an exit block at /usr/lib/gcc/aarch64-linux-gnu/11/../../../../include/c++/11/bits/shared_ptr_base.h:259:7 @[ /usr/lib/gcc/aarch64-linux-gnu/11/../../../../include/c++/11/bits/shared_ptr_base.h:883:28 @[ /usr/lib/gcc/aarch64-linux-gnu/11/../../../../include/c++/11/bits/shared_ptr_base.h:1353:9 @[ /usr/lib/gcc/aarch64-linux-gnu/11/../../../../include/c++/11/bits/shared_ptr.h:418:9 @[ /usr/lib/gcc/aarch64-linux-gnu/11/../../../../include/c++/11/bits/shared_ptr.h:750:16 @[ ros2_caret_ws/install/include/rclcpp/rclcpp/create_subscription.hpp:102:71 @[ ros2_caret_ws/install/include/rclcpp/rclcpp/timer.hpp:244:5 ] ] ] ] ] ]. Skipping.
Found a loop without a preheader at /usr/lib/gcc/aarch64-linux-gnu/11/../../../../include/c++/11/bits/hashtable.h:1837:7 @[ /usr/lib/gcc/aarch64-linux-gnu/11/../../../../include/c++/11/bits/hashtable.h:810:31 @[ /usr/lib/gcc/aarch64-linux-gnu/11/../../../../include/c++/11/bits/hashtable.h:1970:23 ] ]. Skipping.
Found a loop without a preheader at /usr/lib/gcc/aarch64-linux-gnu/11/../../../../include/c++/11/bits/hashtable.h:1837:7 @[ /usr/lib/gcc/aarch64-linux-gnu/11/../../../../include/c++/11/bits/hashtable.h:810:31 @[ /usr/lib/gcc/aarch64-linux-gnu/11/../../../../include/c++/11/bits/hashtable.h:1970:23 ] ]. Skipping.
Found a loop without a preheader at /usr/lib/gcc/aarch64-linux-gnu/11/../../../../include/c++/11/bits/stl_construct.h:162:4 @[ /usr/lib/gcc/aarch64-linux-gnu/11/../../../../include/c++/11/bits/stl_construct.h:195:7 @[ /usr/lib/gcc/aarch64-linux-gnu/11/../../../../include/c++/11/bits/alloc_traits.h:848:7 @[ /usr/lib/gcc/aarch64-linux-gnu/11/../../../../include/c++/11/bits/stl_vector.h:680:2 ] ] ]. Skipping.
Found a loop without a preheader at /usr/lib/gcc/aarch64-linux-gnu/11/../../../../include/c++/11/bits/stl_construct.h:162:4 @[ /usr/lib/gcc/aarch64-linux-gnu/11/../../../../include/c++/11/bits/stl_construct.h:195:7 @[ /usr/lib/gcc/aarch64-linux-gnu/11/../../../../include/c++/11/bits/alloc_traits.h:848:7 @[ /usr/lib/gcc/aarch64-linux-gnu/11/../../../../include/c++/11/bits/stl_vector.h:680:2 @[ ros2_caret_ws/install/include/rclcpp/rclcpp/experimental/buffers/ring_buffer_implementation.hpp:56:40 ] ] ] ]. Skipping.
Found a loop without a preheader at /usr/lib/gcc/aarch64-linux-gnu/11/../../../../include/c++/11/bits/stl_construct.h:162:4 @[ /usr/lib/gcc/aarch64-linux-gnu/11/../../../../include/c++/11/bits/stl_construct.h:195:7 @[ /usr/lib/gcc/aarch64-linux-gnu/11/../../../../include/c++/11/bits/alloc_traits.h:848:7 @[ /usr/lib/gcc/aarch64-linux-gnu/11/../../../../include/c++/11/bits/stl_vector.h:680:2 @[ ros2_caret_ws/install/include/rclcpp/rclcpp/experimental/buffers/ring_buffer_implementation.hpp:56:40 @[ ros2_caret_ws/install/include/rclcpp/rclcpp/experimental/buffers/ring_buffer_implementation.hpp:56:39 ] ] ] ] ]. Skipping.
Found a loop without a preheader at /usr/lib/gcc/aarch64-linux-gnu/11/../../../../include/c++/11/bits/stl_construct.h:162:4 @[ /usr/lib/gcc/aarch64-linux-gnu/11/../../../../include/c++/11/bits/stl_construct.h:195:7 @[ /usr/lib/gcc/aarch64-linux-gnu/11/../../../../include/c++/11/bits/alloc_traits.h:848:7 @[ /usr/lib/gcc/aarch64-linux-gnu/11/../../../../include/c++/11/bits/stl_vector.h:680:2 ] ] ]. Skipping.
Found a loop without a preheader at /usr/lib/gcc/aarch64-linux-gnu/11/../../../../include/c++/11/bits/stl_construct.h:162:4 @[ /usr/lib/gcc/aarch64-linux-gnu/11/../../../../include/c++/11/bits/stl_construct.h:195:7 @[ /usr/lib/gcc/aarch64-linux-gnu/11/../../../../include/c++/11/bits/alloc_traits.h:848:7 @[ /usr/lib/gcc/aarch64-linux-gnu/11/../../../../include/c++/11/bits/stl_vector.h:680:2 @[ ros2_caret_ws/install/include/rclcpp/rclcpp/experimental/buffers/ring_buffer_implementation.hpp:56:40 ] ] ] ]. Skipping.
Found a loop without a preheader at /usr/lib/gcc/aarch64-linux-gnu/11/../../../../include/c++/11/bits/stl_construct.h:162:4 @[ /usr/lib/gcc/aarch64-linux-gnu/11/../../../../include/c++/11/bits/stl_construct.h:195:7 @[ /usr/lib/gcc/aarch64-linux-gnu/11/../../../../include/c++/11/bits/alloc_traits.h:848:7 @[ /usr/lib/gcc/aarch64-linux-gnu/11/../../../../include/c++/11/bits/stl_vector.h:680:2 @[ ros2_caret_ws/install/include/rclcpp/rclcpp/experimental/buffers/ring_buffer_implementation.hpp:56:40 @[ ros2_caret_ws/install/include/rclcpp/rclcpp/experimental/buffers/ring_buffer_implementation.hpp:56:39 ] ] ] ] ]. Skipping.
Found a loop without a preheader at /usr/lib/gcc/aarch64-linux-gnu/11/../../../../include/c++/11/bits/stl_construct.h:162:4 @[ /usr/lib/gcc/aarch64-linux-gnu/11/../../../../include/c++/11/bits/stl_construct.h:195:7 @[ /usr/lib/gcc/aarch64-linux-gnu/11/../../../../include/c++/11/bits/alloc_traits.h:848:7 @[ /usr/lib/gcc/aarch64-linux-gnu/11/../../../../include/c++/11/bits/stl_vector.h:680:2 ] ] ]. Skipping.
Found a loop without a preheader at /usr/lib/gcc/aarch64-linux-gnu/11/../../../../include/c++/11/bits/stl_construct.h:162:4 @[ /usr/lib/gcc/aarch64-linux-gnu/11/../../../../include/c++/11/bits/stl_construct.h:195:7 @[ /usr/lib/gcc/aarch64-linux-gnu/11/../../../../include/c++/11/bits/alloc_traits.h:848:7 @[ /usr/lib/gcc/aarch64-linux-gnu/11/../../../../include/c++/11/bits/stl_vector.h:680:2 @[ ros2_caret_ws/install/include/rclcpp/rclcpp/topic_statistics/subscription_topic_statistics.hpp:98:3 ] ] ] ]. Skipping.
Found a loop without a preheader at ros2_caret_ws/install/include/rclcpp/rclcpp/topic_statistics/subscription_topic_statistics.hpp:112:5. Skipping.
Found a loop without an exit block at ros2_caret_ws/install/include/rclcpp/rclcpp/topic_statistics/subscription_topic_statistics.hpp:152:5. Skipping.
Found a loop without an exit block at ros2_caret_ws/install/include/rclcpp/rclcpp/topic_statistics/subscription_topic_statistics.hpp:137:7. Skipping.
Found a loop without a preheader at /usr/lib/gcc/aarch64-linux-gnu/11/../../../../include/c++/11/bits/stl_construct.h:162:4 @[ /usr/lib/gcc/aarch64-linux-gnu/11/../../../../include/c++/11/bits/stl_construct.h:195:7 @[ /usr/lib/gcc/aarch64-linux-gnu/11/../../../../include/c++/11/bits/alloc_traits.h:848:7 @[ /usr/lib/gcc/aarch64-linux-gnu/11/../../../../include/c++/11/bits/stl_vector.h:1796:6 @[ /usr/lib/gcc/aarch64-linux-gnu/11/../../../../include/c++/11/bits/stl_vector.h:1499:9 @[ ros2_caret_ws/install/include/rclcpp/rclcpp/topic_statistics/subscription_topic_statistics.hpp:208:41 ] ] ] ] ]. Skipping.
Found a loop without a preheader at ros2_caret_ws/install/include/rclcpp/rclcpp/topic_statistics/subscription_topic_statistics.hpp:204:7. Skipping.
Found a loop without an exit block at /usr/lib/gcc/aarch64-linux-gnu/11/../../../../include/c++/11/bits/shared_ptr_base.h:259:7 @[ /usr/lib/gcc/aarch64-linux-gnu/11/../../../../include/c++/11/bits/shared_ptr_base.h:883:28 @[ /usr/lib/gcc/aarch64-linux-gnu/11/../../../../include/c++/11/bits/shared_ptr_base.h:1353:9 @[ /usr/lib/gcc/aarch64-linux-gnu/11/../../../../include/c++/11/bits/shared_ptr.h:418:9 @[ /usr/lib/gcc/aarch64-linux-gnu/11/../../../../include/c++/11/bits/shared_ptr.h:750:16 @[ ros2_caret_ws/install/include/rclcpp/rclcpp/create_subscription.hpp:102:71 @[ ros2_caret_ws/install/include/rclcpp/rclcpp/timer.hpp:244:5 ] ] ] ] ] ]. Skipping.
Found a loop without a preheader at /usr/lib/gcc/aarch64-linux-gnu/11/../../../../include/c++/11/bits/hashtable.h:1837:7 @[ /usr/lib/gcc/aarch64-linux-gnu/11/../../../../include/c++/11/bits/hashtable.h:810:31 @[ /usr/lib/gcc/aarch64-linux-gnu/11/../../../../include/c++/11/bits/hashtable.h:1970:23 ] ]. Skipping.
Found a loop without a preheader at /usr/lib/gcc/aarch64-linux-gnu/11/../../../../include/c++/11/bits/hashtable.h:1837:7 @[ /usr/lib/gcc/aarch64-linux-gnu/11/../../../../include/c++/11/bits/hashtable.h:810:31 @[ /usr/lib/gcc/aarch64-linux-gnu/11/../../../../include/c++/11/bits/hashtable.h:1970:23 ] ]. Skipping.
Found a loop without a preheader at /usr/lib/gcc/aarch64-linux-gnu/11/../../../../include/c++/11/bits/stl_construct.h:162:4 @[ /usr/lib/gcc/aarch64-linux-gnu/11/../../../../include/c++/11/bits/stl_construct.h:195:7 @[ /usr/lib/gcc/aarch64-linux-gnu/11/../../../../include/c++/11/bits/alloc_traits.h:848:7 @[ /usr/lib/gcc/aarch64-linux-gnu/11/../../../../include/c++/11/bits/stl_vector.h:680:2 ] ] ]. Skipping.
Found a loop without a preheader at /usr/lib/gcc/aarch64-linux-gnu/11/../../../../include/c++/11/bits/stl_construct.h:162:4 @[ /usr/lib/gcc/aarch64-linux-gnu/11/../../../../include/c++/11/bits/stl_construct.h:195:7 @[ /usr/lib/gcc/aarch64-linux-gnu/11/../../../../include/c++/11/bits/alloc_traits.h:848:7 @[ /usr/lib/gcc/aarch64-linux-gnu/11/../../../../include/c++/11/bits/stl_vector.h:680:2 @[ ros2_caret_ws/install/include/rclcpp/rclcpp/experimental/buffers/ring_buffer_implementation.hpp:56:40 ] ] ] ]. Skipping.
Found a loop without a preheader at /usr/lib/gcc/aarch64-linux-gnu/11/../../../../include/c++/11/bits/stl_construct.h:162:4 @[ /usr/lib/gcc/aarch64-linux-gnu/11/../../../../include/c++/11/bits/stl_construct.h:195:7 @[ /usr/lib/gcc/aarch64-linux-gnu/11/../../../../include/c++/11/bits/alloc_traits.h:848:7 @[ /usr/lib/gcc/aarch64-linux-gnu/11/../../../../include/c++/11/bits/stl_vector.h:680:2 @[ ros2_caret_ws/install/include/rclcpp/rclcpp/experimental/buffers/ring_buffer_implementation.hpp:56:40 @[ ros2_caret_ws/install/include/rclcpp/rclcpp/experimental/buffers/ring_buffer_implementation.hpp:56:39 ] ] ] ] ]. Skipping.
Found a loop without a preheader at /usr/lib/gcc/aarch64-linux-gnu/11/../../../../include/c++/11/bits/stl_construct.h:162:4 @[ /usr/lib/gcc/aarch64-linux-gnu/11/../../../../include/c++/11/bits/stl_construct.h:195:7 @[ /usr/lib/gcc/aarch64-linux-gnu/11/../../../../include/c++/11/bits/alloc_traits.h:848:7 @[ /usr/lib/gcc/aarch64-linux-gnu/11/../../../../include/c++/11/bits/stl_vector.h:680:2 ] ] ]. Skipping.
Found a loop without a preheader at /usr/lib/gcc/aarch64-linux-gnu/11/../../../../include/c++/11/bits/stl_construct.h:162:4 @[ /usr/lib/gcc/aarch64-linux-gnu/11/../../../../include/c++/11/bits/stl_construct.h:195:7 @[ /usr/lib/gcc/aarch64-linux-gnu/11/../../../../include/c++/11/bits/alloc_traits.h:848:7 @[ /usr/lib/gcc/aarch64-linux-gnu/11/../../../../include/c++/11/bits/stl_vector.h:680:2 @[ ros2_caret_ws/install/include/rclcpp/rclcpp/experimental/buffers/ring_buffer_implementation.hpp:56:40 ] ] ] ]. Skipping.
Found a loop without a preheader at /usr/lib/gcc/aarch64-linux-gnu/11/../../../../include/c++/11/bits/stl_construct.h:162:4 @[ /usr/lib/gcc/aarch64-linux-gnu/11/../../../../include/c++/11/bits/stl_construct.h:195:7 @[ /usr/lib/gcc/aarch64-linux-gnu/11/../../../../include/c++/11/bits/alloc_traits.h:848:7 @[ /usr/lib/gcc/aarch64-linux-gnu/11/../../../../include/c++/11/bits/stl_vector.h:680:2 @[ ros2_caret_ws/install/include/rclcpp/rclcpp/experimental/buffers/ring_buffer_implementation.hpp:56:40 @[ ros2_caret_ws/install/include/rclcpp/rclcpp/experimental/buffers/ring_buffer_implementation.hpp:56:39 ] ] ] ] ]. Skipping.
Found a loop without an exit block at /usr/lib/gcc/aarch64-linux-gnu/11/../../../../include/c++/11/bits/shared_ptr_base.h:259:7 @[ /usr/lib/gcc/aarch64-linux-gnu/11/../../../../include/c++/11/bits/shared_ptr_base.h:872:39 @[ /usr/lib/gcc/aarch64-linux-gnu/11/../../../../include/c++/11/bits/shared_ptr_base.h:1178:4 @[ /usr/lib/gcc/aarch64-linux-gnu/11/../../../../include/c++/11/bits/shared_ptr.h:326:4 @[ /usr/lib/gcc/aarch64-linux-gnu/11/../../../../include/c++/11/bits/shared_ptr.h:808:16 @[ ros2_caret_ws/install/include/rclcpp/rclcpp/publisher.hpp:207:70 ] ] ] ] ]. Skipping.
Found a loop without a preheader at /usr/lib/gcc/aarch64-linux-gnu/11/../../../../include/c++/11/bits/hashtable.h:1837:7 @[ /usr/lib/gcc/aarch64-linux-gnu/11/../../../../include/c++/11/bits/hashtable.h:810:31 @[ /usr/lib/gcc/aarch64-linux-gnu/11/../../../../include/c++/11/bits/hashtable.h:1970:23 ] ]. Skipping.
Found a loop without an exit block at /usr/lib/gcc/aarch64-linux-gnu/11/../../../../include/c++/11/bits/shared_ptr_base.h:259:7 @[ /usr/lib/gcc/aarch64-linux-gnu/11/../../../../include/c++/11/bits/shared_ptr_base.h:872:39 @[ /usr/lib/gcc/aarch64-linux-gnu/11/../../../../include/c++/11/bits/shared_ptr_base.h:1178:4 @[ /usr/lib/gcc/aarch64-linux-gnu/11/../../../../include/c++/11/bits/shared_ptr.h:326:4 @[ /usr/lib/gcc/aarch64-linux-gnu/11/../../../../include/c++/11/bits/shared_ptr.h:808:16 @[ ros2_caret_ws/install/include/rclcpp/rclcpp/service.hpp:473:50 ] ] ] ] ]. Skipping.
Found a loop without a preheader at /usr/lib/gcc/aarch64-linux-gnu/11/../../../../include/c++/11/bits/hashtable_policy.h:1912:7 @[ /usr/lib/gcc/aarch64-linux-gnu/11/../../../../include/c++/11/bits/hashtable.h:2320:13 @[ /usr/lib/gcc/aarch64-linux-gnu/11/../../../../include/c++/11/bits/hashtable.h:1532:7 @[ /usr/lib/gcc/aarch64-linux-gnu/11/../../../../include/c++/11/bits/unordered_map.h:102:11 @[ install/autoware_utils_system/include/autoware_utils_system/stop_watch.hpp:27:7 @[ src/core/autoware_core/planning/autoware_mission_planner/src/mission_planner/service_utils.hpp:68:3 ] ] ] ] ]. Skipping.
Found a loop without a preheader at /usr/lib/gcc/aarch64-linux-gnu/11/../../../../include/c++/11/bits/hashtable_policy.h:1912:7 @[ /usr/lib/gcc/aarch64-linux-gnu/11/../../../../include/c++/11/bits/hashtable.h:2320:13 @[ /usr/lib/gcc/aarch64-linux-gnu/11/../../../../include/c++/11/bits/hashtable.h:1532:7 @[ /usr/lib/gcc/aarch64-linux-gnu/11/../../../../include/c++/11/bits/unordered_map.h:102:11 @[ install/autoware_utils_system/include/autoware_utils_system/stop_watch.hpp:27:7 @[ src/core/autoware_core/planning/autoware_mission_planner/src/mission_planner/service_utils.hpp:67:5 ] ] ] ] ]. Skipping.
Found a loop without a preheader at /usr/lib/gcc/aarch64-linux-gnu/11/../../../../include/c++/11/bits/hashtable_policy.h:1912:7 @[ /usr/lib/gcc/aarch64-linux-gnu/11/../../../../include/c++/11/bits/hashtable.h:2320:13 @[ /usr/lib/gcc/aarch64-linux-gnu/11/../../../../include/c++/11/bits/hashtable.h:1532:7 @[ /usr/lib/gcc/aarch64-linux-gnu/11/../../../../include/c++/11/bits/unordered_map.h:102:11 @[ install/autoware_utils_system/include/autoware_utils_system/stop_watch.hpp:27:7 ] ] ] ]. Skipping.
Found a loop without a preheader at /usr/lib/gcc/aarch64-linux-gnu/11/../../../../include/c++/11/bits/hashtable_policy.h:1912:7 @[ /usr/lib/gcc/aarch64-linux-gnu/11/../../../../include/c++/11/bits/hashtable.h:2320:13 @[ /usr/lib/gcc/aarch64-linux-gnu/11/../../../../include/c++/11/bits/hashtable.h:1532:7 @[ /usr/lib/gcc/aarch64-linux-gnu/11/../../../../include/c++/11/bits/unordered_map.h:102:11 ] ] ]. Skipping.
Found a loop without an exit block at /usr/lib/gcc/aarch64-linux-gnu/11/../../../../include/c++/11/bits/hashtable.h:1837:7 @[ /usr/lib/gcc/aarch64-linux-gnu/11/../../../../include/c++/11/bits/hashtable.h:810:31 @[ /usr/lib/gcc/aarch64-linux-gnu/11/../../../../include/c++/11/bits/hashtable_policy.h:704:30 ] ]. Skipping.
Found a loop without a preheader at /usr/lib/gcc/aarch64-linux-gnu/11/../../../../include/c++/11/bits/hashtable.h:2386:7. Skipping.
Found a loop without a preheader at /usr/lib/gcc/aarch64-linux-gnu/11/../../../../include/c++/11/bits/hashtable_policy.h:1912:7 @[ /usr/lib/gcc/aarch64-linux-gnu/11/../../../../include/c++/11/bits/hashtable.h:2320:13 ]. Skipping.
Found a loop without a preheader at /usr/lib/gcc/aarch64-linux-gnu/11/../../../../include/c++/11/bits/hashtable.h:1312:6. Skipping.
Found a loop without an exit block at /usr/lib/gcc/aarch64-linux-gnu/11/../../../../include/c++/11/bits/shared_ptr_base.h:259:7 @[ /usr/lib/gcc/aarch64-linux-gnu/11/../../../../include/c++/11/bits/shared_ptr_base.h:872:39 @[ /usr/lib/gcc/aarch64-linux-gnu/11/../../../../include/c++/11/bits/shared_ptr_base.h:1178:4 @[ /usr/lib/gcc/aarch64-linux-gnu/11/../../../../include/c++/11/bits/shared_ptr.h:326:4 @[ /usr/lib/gcc/aarch64-linux-gnu/11/../../../../include/c++/11/bits/shared_ptr.h:808:16 @[ ros2_caret_ws/install/include/rclcpp/rclcpp/service.hpp:473:50 ] ] ] ] ]. Skipping.
Found a loop without a preheader at /usr/lib/gcc/aarch64-linux-gnu/11/../../../../include/c++/11/bits/stl_construct.h:162:4 @[ /usr/lib/gcc/aarch64-linux-gnu/11/../../../../include/c++/11/bits/stl_construct.h:195:7 @[ /usr/lib/gcc/aarch64-linux-gnu/11/../../../../include/c++/11/bits/alloc_traits.h:848:7 @[ /usr/lib/gcc/aarch64-linux-gnu/11/../../../../include/c++/11/bits/stl_vector.h:680:2 ] ] ]. Skipping.
Found a loop without a preheader at /usr/lib/gcc/aarch64-linux-gnu/11/../../../../include/c++/11/bits/stl_construct.h:162:4 @[ /usr/lib/gcc/aarch64-linux-gnu/11/../../../../include/c++/11/bits/stl_construct.h:195:7 ]. Skipping.
Found a loop without a preheader at /usr/lib/gcc/aarch64-linux-gnu/11/../../../../include/c++/11/bits/stl_construct.h:162:4 @[ /usr/lib/gcc/aarch64-linux-gnu/11/../../../../include/c++/11/bits/stl_construct.h:195:7 @[ /usr/lib/gcc/aarch64-linux-gnu/11/../../../../include/c++/11/bits/alloc_traits.h:848:7 @[ /usr/lib/gcc/aarch64-linux-gnu/11/../../../../include/c++/11/bits/stl_vector.h:680:2 ] ] ]. Skipping.
Found a loop without a preheader at /usr/lib/gcc/aarch64-linux-gnu/11/../../../../include/c++/11/bits/stl_construct.h:162:4 @[ /usr/lib/gcc/aarch64-linux-gnu/11/../../../../include/c++/11/bits/stl_construct.h:195:7 ]. Skipping.
Found a loop without a preheader at /usr/lib/gcc/aarch64-linux-gnu/11/../../../../include/c++/11/bits/hashtable_policy.h:1912:7 @[ /usr/lib/gcc/aarch64-linux-gnu/11/../../../../include/c++/11/bits/hashtable.h:2320:13 @[ /usr/lib/gcc/aarch64-linux-gnu/11/../../../../include/c++/11/bits/hashtable.h:1532:7 @[ /usr/lib/gcc/aarch64-linux-gnu/11/../../../../include/c++/11/bits/unordered_map.h:102:11 @[ install/autoware_utils_system/include/autoware_utils_system/stop_watch.hpp:27:7 @[ src/core/autoware_core/planning/autoware_mission_planner/src/mission_planner/service_utils.hpp:68:3 ] ] ] ] ]. Skipping.
Found a loop without a preheader at /usr/lib/gcc/aarch64-linux-gnu/11/../../../../include/c++/11/bits/hashtable_policy.h:1912:7 @[ /usr/lib/gcc/aarch64-linux-gnu/11/../../../../include/c++/11/bits/hashtable.h:2320:13 @[ /usr/lib/gcc/aarch64-linux-gnu/11/../../../../include/c++/11/bits/hashtable.h:1532:7 @[ /usr/lib/gcc/aarch64-linux-gnu/11/../../../../include/c++/11/bits/unordered_map.h:102:11 @[ install/autoware_utils_system/include/autoware_utils_system/stop_watch.hpp:27:7 @[ src/core/autoware_core/planning/autoware_mission_planner/src/mission_planner/service_utils.hpp:67:5 ] ] ] ] ]. Skipping.
Found a loop without an exit block at /usr/lib/gcc/aarch64-linux-gnu/11/../../../../include/c++/11/bits/shared_ptr_base.h:259:7 @[ /usr/lib/gcc/aarch64-linux-gnu/11/../../../../include/c++/11/bits/shared_ptr_base.h:872:39 @[ /usr/lib/gcc/aarch64-linux-gnu/11/../../../../include/c++/11/bits/shared_ptr_base.h:1178:4 @[ /usr/lib/gcc/aarch64-linux-gnu/11/../../../../include/c++/11/bits/shared_ptr.h:326:4 @[ /usr/lib/gcc/aarch64-linux-gnu/11/../../../../include/c++/11/bits/shared_ptr.h:808:16 @[ ros2_caret_ws/install/include/rclcpp/rclcpp/service.hpp:473:50 ] ] ] ] ]. Skipping.
Found a loop without a preheader at /usr/lib/gcc/aarch64-linux-gnu/11/../../../../include/c++/11/bits/hashtable_policy.h:1912:7 @[ /usr/lib/gcc/aarch64-linux-gnu/11/../../../../include/c++/11/bits/hashtable.h:2320:13 @[ /usr/lib/gcc/aarch64-linux-gnu/11/../../../../include/c++/11/bits/hashtable.h:1532:7 @[ /usr/lib/gcc/aarch64-linux-gnu/11/../../../../include/c++/11/bits/unordered_map.h:102:11 @[ install/autoware_utils_system/include/autoware_utils_system/stop_watch.hpp:27:7 @[ src/core/autoware_core/planning/autoware_mission_planner/src/mission_planner/service_utils.hpp:68:3 ] ] ] ] ]. Skipping.
Found a loop without a preheader at /usr/lib/gcc/aarch64-linux-gnu/11/../../../../include/c++/11/bits/hashtable_policy.h:1912:7 @[ /usr/lib/gcc/aarch64-linux-gnu/11/../../../../include/c++/11/bits/hashtable.h:2320:13 @[ /usr/lib/gcc/aarch64-linux-gnu/11/../../../../include/c++/11/bits/hashtable.h:1532:7 @[ /usr/lib/gcc/aarch64-linux-gnu/11/../../../../include/c++/11/bits/unordered_map.h:102:11 @[ install/autoware_utils_system/include/autoware_utils_system/stop_watch.hpp:27:7 @[ src/core/autoware_core/planning/autoware_mission_planner/src/mission_planner/service_utils.hpp:67:5 ] ] ] ] ]. Skipping.
Found a loop without an exit block at /usr/lib/gcc/aarch64-linux-gnu/11/../../../../include/c++/11/bits/shared_ptr_base.h:259:7 @[ /usr/lib/gcc/aarch64-linux-gnu/11/../../../../include/c++/11/bits/shared_ptr_base.h:872:39 @[ /usr/lib/gcc/aarch64-linux-gnu/11/../../../../include/c++/11/bits/shared_ptr_base.h:1178:4 @[ /usr/lib/gcc/aarch64-linux-gnu/11/../../../../include/c++/11/bits/shared_ptr.h:326:4 @[ /usr/lib/gcc/aarch64-linux-gnu/11/../../../../include/c++/11/bits/shared_ptr.h:808:16 @[ ros2_caret_ws/install/include/rclcpp/rclcpp/publisher.hpp:207:70 ] ] ] ] ]. Skipping.
Found a loop without a preheader at /usr/lib/gcc/aarch64-linux-gnu/11/../../../../include/c++/11/bits/hashtable.h:1837:7 @[ /usr/lib/gcc/aarch64-linux-gnu/11/../../../../include/c++/11/bits/hashtable.h:810:31 @[ /usr/lib/gcc/aarch64-linux-gnu/11/../../../../include/c++/11/bits/hashtable.h:1970:23 ] ]. Skipping.
Found a loop without an exit block at /usr/lib/gcc/aarch64-linux-gnu/11/../../../../include/c++/11/bits/shared_ptr_base.h:259:7 @[ /usr/lib/gcc/aarch64-linux-gnu/11/../../../../include/c++/11/bits/shared_ptr_base.h:872:39 @[ /usr/lib/gcc/aarch64-linux-gnu/11/../../../../include/c++/11/bits/shared_ptr_base.h:1178:4 @[ /usr/lib/gcc/aarch64-linux-gnu/11/../../../../include/c++/11/bits/shared_ptr.h:326:4 @[ /usr/lib/gcc/aarch64-linux-gnu/11/../../../../include/c++/11/bits/shared_ptr.h:808:16 @[ ros2_caret_ws/install/include/rclcpp/rclcpp/publisher.hpp:207:70 ] ] ] ] ]. Skipping.
Found a loop without a preheader at /usr/lib/gcc/aarch64-linux-gnu/11/../../../../include/c++/11/bits/hashtable.h:1837:7 @[ /usr/lib/gcc/aarch64-linux-gnu/11/../../../../include/c++/11/bits/hashtable.h:810:31 @[ /usr/lib/gcc/aarch64-linux-gnu/11/../../../../include/c++/11/bits/hashtable.h:1970:23 ] ]. Skipping.
Found a loop without an exit block at /usr/lib/gcc/aarch64-linux-gnu/11/../../../../include/c++/11/bits/shared_ptr_base.h:259:7 @[ /usr/lib/gcc/aarch64-linux-gnu/11/../../../../include/c++/11/bits/shared_ptr_base.h:872:39 @[ /usr/lib/gcc/aarch64-linux-gnu/11/../../../../include/c++/11/bits/shared_ptr_base.h:1178:4 @[ /usr/lib/gcc/aarch64-linux-gnu/11/../../../../include/c++/11/bits/shared_ptr.h:326:4 @[ /usr/lib/gcc/aarch64-linux-gnu/11/../../../../include/c++/11/bits/shared_ptr.h:808:16 @[ ros2_caret_ws/install/include/rclcpp/rclcpp/publisher.hpp:207:70 ] ] ] ] ]. Skipping.
Found a loop without a preheader at /usr/lib/gcc/aarch64-linux-gnu/11/../../../../include/c++/11/bits/hashtable.h:1837:7 @[ /usr/lib/gcc/aarch64-linux-gnu/11/../../../../include/c++/11/bits/hashtable.h:810:31 @[ /usr/lib/gcc/aarch64-linux-gnu/11/../../../../include/c++/11/bits/hashtable.h:1970:23 ] ]. Skipping.
Found a loop without a preheader at /usr/lib/gcc/aarch64-linux-gnu/11/../../../../include/c++/11/bits/stl_deque.h:678:7 @[ /usr/lib/gcc/aarch64-linux-gnu/11/../../../../include/c++/11/bits/stl_deque.h:601:4 @[ /usr/lib/gcc/aarch64-linux-gnu/11/../../../../include/c++/11/bits/stl_deque.h:1007:65 ] ]. Skipping.
Found a loop without a preheader at /usr/lib/gcc/aarch64-linux-gnu/11/../../../../include/c++/11/bits/stl_construct.h:162:4 @[ /usr/lib/gcc/aarch64-linux-gnu/11/../../../../include/c++/11/bits/stl_construct.h:195:7 @[ /usr/lib/gcc/aarch64-linux-gnu/11/../../../../include/c++/11/bits/alloc_traits.h:848:7 @[ /usr/lib/gcc/aarch64-linux-gnu/11/../../../../include/c++/11/bits/deque.tcc:875:3 ] ] ]. Skipping.
Found a loop without a preheader at /usr/lib/gcc/aarch64-linux-gnu/11/../../../../include/c++/11/bits/stl_construct.h:162:4 @[ /usr/lib/gcc/aarch64-linux-gnu/11/../../../../include/c++/11/bits/stl_construct.h:195:7 @[ /usr/lib/gcc/aarch64-linux-gnu/11/../../../../include/c++/11/bits/alloc_traits.h:848:7 @[ /usr/lib/gcc/aarch64-linux-gnu/11/../../../../include/c++/11/bits/deque.tcc:871:5 ] ] ]. Skipping.
Found a loop without a preheader at /usr/lib/gcc/aarch64-linux-gnu/11/../../../../include/c++/11/bits/stl_construct.h:162:4 @[ /usr/lib/gcc/aarch64-linux-gnu/11/../../../../include/c++/11/bits/stl_construct.h:195:7 @[ /usr/lib/gcc/aarch64-linux-gnu/11/../../../../include/c++/11/bits/alloc_traits.h:848:7 @[ /usr/lib/gcc/aarch64-linux-gnu/11/../../../../include/c++/11/bits/deque.tcc:869:5 ] ] ]. Skipping.
Found a loop without a preheader at /usr/lib/gcc/aarch64-linux-gnu/11/../../../../include/c++/11/bits/deque.tcc:862:8. Skipping.
Found a loop without an exit block at /usr/lib/gcc/aarch64-linux-gnu/11/../../../../include/c++/11/bits/hashtable.h:1837:7 @[ /usr/lib/gcc/aarch64-linux-gnu/11/../../../../include/c++/11/bits/hashtable.h:810:31 @[ /usr/lib/gcc/aarch64-linux-gnu/11/../../../../include/c++/11/bits/hashtable.h:1595:23 @[ /usr/lib/gcc/aarch64-linux-gnu/11/../../../../include/c++/11/bits/hashtable_policy.h:756:25 @[ /usr/lib/gcc/aarch64-linux-gnu/11/../../../../include/c++/11/bits/unordered_map.h:997:21 @[ install/autoware_utils_system/include/autoware_utils_system/stop_watch.hpp:38:35 @[ install/autoware_utils_system/include/autoware_utils_system/stop_watch.hpp:51:68 ] ] ] ] ] ]. Skipping.
Found a loop without an exit block at /usr/lib/gcc/aarch64-linux-gnu/11/../../../../include/c++/11/bits/shared_ptr_base.h:259:7 @[ /usr/lib/gcc/aarch64-linux-gnu/11/../../../../include/c++/11/bits/shared_ptr_base.h:883:28 @[ /usr/lib/gcc/aarch64-linux-gnu/11/../../../../include/c++/11/bits/shared_ptr_base.h:1353:9 @[ /usr/lib/gcc/aarch64-linux-gnu/11/../../../../include/c++/11/bits/shared_ptr.h:418:9 @[ /usr/lib/gcc/aarch64-linux-gnu/11/../../../../include/c++/11/bits/shared_ptr.h:750:16 @[ ros2_caret_ws/install/include/rclcpp/rclcpp/publisher.hpp:561:26 ] ] ] ] ]. Skipping.
Found a loop without an exit block at /usr/lib/gcc/aarch64-linux-gnu/11/../../../../include/c++/11/bits/shared_ptr_base.h:259:7 @[ /usr/lib/gcc/aarch64-linux-gnu/11/../../../../include/c++/11/bits/shared_ptr_base.h:883:28 @[ /usr/lib/gcc/aarch64-linux-gnu/11/../../../../include/c++/11/bits/shared_ptr_base.h:1353:9 @[ /usr/lib/gcc/aarch64-linux-gnu/11/../../../../include/c++/11/bits/shared_ptr.h:418:9 @[ /usr/lib/gcc/aarch64-linux-gnu/11/../../../../include/c++/11/bits/shared_ptr.h:750:16 @[ ros2_caret_ws/install/include/rclcpp/rclcpp/publisher.hpp:537:26 ] ] ] ] ]. Skipping.
Found a loop without a preheader at /usr/lib/gcc/aarch64-linux-gnu/11/../../../../include/c++/11/bits/hashtable.h:1837:7 @[ /usr/lib/gcc/aarch64-linux-gnu/11/../../../../include/c++/11/bits/hashtable.h:810:31 @[ /usr/lib/gcc/aarch64-linux-gnu/11/../../../../include/c++/11/bits/hashtable.h:1595:23 @[ /usr/lib/gcc/aarch64-linux-gnu/11/../../../../include/c++/11/bits/unordered_map.h:869:21 @[ ros2_caret_ws/install/include/rclcpp/rclcpp/experimental/intra_process_manager.hpp:260:38 ] ] ] ]. Skipping.
Found a loop without an exit block at /usr/lib/gcc/aarch64-linux-gnu/11/../../../../include/c++/11/shared_mutex:228:7 @[ /usr/lib/gcc/aarch64-linux-gnu/11/../../../../include/c++/11/shared_mutex:489:33 @[ /usr/lib/gcc/aarch64-linux-gnu/11/../../../../include/c++/11/shared_mutex:727:13 @[ ros2_caret_ws/install/include/rclcpp/rclcpp/experimental/intra_process_manager.hpp:258:47 ] ] ]. Skipping.
Found a loop without an exit block at ros2_caret_ws/install/include/rclcpp/rclcpp/experimental/intra_process_manager.hpp:363:5. Skipping.
Found a loop without an exit block at ros2_caret_ws/install/include/rclcpp/rclcpp/experimental/intra_process_manager.hpp:442:5. Skipping.
Found a loop without a preheader at /usr/lib/gcc/aarch64-linux-gnu/11/../../../../include/c++/11/bits/hashtable.h:1837:7 @[ /usr/lib/gcc/aarch64-linux-gnu/11/../../../../include/c++/11/bits/hashtable.h:810:31 @[ /usr/lib/gcc/aarch64-linux-gnu/11/../../../../include/c++/11/bits/hashtable.h:1595:23 @[ /usr/lib/gcc/aarch64-linux-gnu/11/../../../../include/c++/11/bits/unordered_map.h:869:21 @[ ros2_caret_ws/install/include/rclcpp/rclcpp/experimental/intra_process_manager.hpp:196:38 ] ] ] ]. Skipping.
Found a loop without an exit block at /usr/lib/gcc/aarch64-linux-gnu/11/../../../../include/c++/11/shared_mutex:228:7 @[ /usr/lib/gcc/aarch64-linux-gnu/11/../../../../include/c++/11/shared_mutex:489:33 @[ /usr/lib/gcc/aarch64-linux-gnu/11/../../../../include/c++/11/shared_mutex:727:13 @[ ros2_caret_ws/install/include/rclcpp/rclcpp/experimental/intra_process_manager.hpp:194:47 ] ] ]. Skipping.
Found a loop without a preheader at /usr/lib/gcc/aarch64-linux-gnu/11/../../../../include/c++/11/bits/hashtable_policy.h:1912:7 @[ /usr/lib/gcc/aarch64-linux-gnu/11/../../../../include/c++/11/bits/hashtable.h:2320:13 @[ /usr/lib/gcc/aarch64-linux-gnu/11/../../../../include/c++/11/bits/hashtable.h:1532:7 ] ]. Skipping.
Found a loop without a preheader at /usr/lib/gcc/aarch64-linux-gnu/11/../../../../include/c++/11/bits/hashtable_policy.h:1912:7 @[ /usr/lib/gcc/aarch64-linux-gnu/11/../../../../include/c++/11/bits/hashtable.h:2320:13 @[ /usr/lib/gcc/aarch64-linux-gnu/11/../../../../include/c++/11/bits/hashtable.h:1532:7 ] ]. Skipping.
Found a loop without a preheader at /usr/lib/gcc/aarch64-linux-gnu/11/../../../../include/c++/11/bits/hashtable_policy.h:1912:7 @[ /usr/lib/gcc/aarch64-linux-gnu/11/../../../../include/c++/11/bits/hashtable.h:2320:13 @[ /usr/lib/gcc/aarch64-linux-gnu/11/../../../../include/c++/11/bits/hashtable.h:1532:7 ] ]. Skipping.
Found a loop without a preheader at /usr/lib/gcc/aarch64-linux-gnu/11/../../../../include/c++/11/bits/hashtable_policy.h:1912:7 @[ /usr/lib/gcc/aarch64-linux-gnu/11/../../../../include/c++/11/bits/hashtable.h:2320:13 @[ /usr/lib/gcc/aarch64-linux-gnu/11/../../../../include/c++/11/bits/hashtable.h:1532:7 ] ]. Skipping.
Found a loop without a preheader at /usr/lib/gcc/aarch64-linux-gnu/11/../../../../include/c++/11/bits/hashtable_policy.h:1912:7 @[ /usr/lib/gcc/aarch64-linux-gnu/11/../../../../include/c++/11/bits/hashtable.h:2320:13 @[ /usr/lib/gcc/aarch64-linux-gnu/11/../../../../include/c++/11/bits/hashtable.h:1532:7 ] ]. Skipping.
Found a loop without a preheader at /usr/lib/gcc/aarch64-linux-gnu/11/../../../../include/c++/11/bits/hashtable_policy.h:1912:7 @[ /usr/lib/gcc/aarch64-linux-gnu/11/../../../../include/c++/11/bits/hashtable.h:2320:13 @[ /usr/lib/gcc/aarch64-linux-gnu/11/../../../../include/c++/11/bits/hashtable.h:1532:7 ] ]. Skipping.
Found a loop without an exit block at /usr/lib/gcc/aarch64-linux-gnu/11/../../../../include/c++/11/bits/shared_ptr_base.h:259:7 @[ /usr/lib/gcc/aarch64-linux-gnu/11/../../../../include/c++/11/bits/shared_ptr_base.h:883:28 @[ /usr/lib/gcc/aarch64-linux-gnu/11/../../../../include/c++/11/bits/shared_ptr_base.h:1353:9 @[ /usr/lib/gcc/aarch64-linux-gnu/11/../../../../include/c++/11/bits/shared_ptr.h:418:9 @[ /usr/lib/gcc/aarch64-linux-gnu/11/../../../../include/c++/11/bits/shared_ptr.h:750:16 @[ ros2_caret_ws/install/include/rclcpp/rclcpp/publisher.hpp:561:26 ] ] ] ] ]. Skipping.
Found a loop without an exit block at /usr/lib/gcc/aarch64-linux-gnu/11/../../../../include/c++/11/bits/shared_ptr_base.h:259:7 @[ /usr/lib/gcc/aarch64-linux-gnu/11/../../../../include/c++/11/bits/shared_ptr_base.h:883:28 @[ /usr/lib/gcc/aarch64-linux-gnu/11/../../../../include/c++/11/bits/shared_ptr_base.h:1353:9 @[ /usr/lib/gcc/aarch64-linux-gnu/11/../../../../include/c++/11/bits/shared_ptr.h:418:9 @[ /usr/lib/gcc/aarch64-linux-gnu/11/../../../../include/c++/11/bits/shared_ptr.h:750:16 @[ ros2_caret_ws/install/include/rclcpp/rclcpp/publisher.hpp:537:26 ] ] ] ] ]. Skipping.
Found a loop without a preheader at /usr/lib/gcc/aarch64-linux-gnu/11/../../../../include/c++/11/bits/hashtable.h:1837:7 @[ /usr/lib/gcc/aarch64-linux-gnu/11/../../../../include/c++/11/bits/hashtable.h:810:31 @[ /usr/lib/gcc/aarch64-linux-gnu/11/../../../../include/c++/11/bits/hashtable.h:1595:23 @[ /usr/lib/gcc/aarch64-linux-gnu/11/../../../../include/c++/11/bits/unordered_map.h:869:21 @[ ros2_caret_ws/install/include/rclcpp/rclcpp/experimental/intra_process_manager.hpp:260:38 ] ] ] ]. Skipping.
Found a loop without an exit block at /usr/lib/gcc/aarch64-linux-gnu/11/../../../../include/c++/11/shared_mutex:228:7 @[ /usr/lib/gcc/aarch64-linux-gnu/11/../../../../include/c++/11/shared_mutex:489:33 @[ /usr/lib/gcc/aarch64-linux-gnu/11/../../../../include/c++/11/shared_mutex:727:13 @[ ros2_caret_ws/install/include/rclcpp/rclcpp/experimental/intra_process_manager.hpp:258:47 ] ] ]. Skipping.
Found a loop without an exit block at ros2_caret_ws/install/include/rclcpp/rclcpp/experimental/intra_process_manager.hpp:363:5. Skipping.
Found a loop without an exit block at ros2_caret_ws/install/include/rclcpp/rclcpp/experimental/intra_process_manager.hpp:442:5. Skipping.
Found a loop without a preheader at /usr/lib/gcc/aarch64-linux-gnu/11/../../../../include/c++/11/bits/hashtable.h:1837:7 @[ /usr/lib/gcc/aarch64-linux-gnu/11/../../../../include/c++/11/bits/hashtable.h:810:31 @[ /usr/lib/gcc/aarch64-linux-gnu/11/../../../../include/c++/11/bits/hashtable.h:1595:23 @[ /usr/lib/gcc/aarch64-linux-gnu/11/../../../../include/c++/11/bits/unordered_map.h:869:21 @[ ros2_caret_ws/install/include/rclcpp/rclcpp/experimental/intra_process_manager.hpp:196:38 ] ] ] ]. Skipping.
Found a loop without an exit block at /usr/lib/gcc/aarch64-linux-gnu/11/../../../../include/c++/11/shared_mutex:228:7 @[ /usr/lib/gcc/aarch64-linux-gnu/11/../../../../include/c++/11/shared_mutex:489:33 @[ /usr/lib/gcc/aarch64-linux-gnu/11/../../../../include/c++/11/shared_mutex:727:13 @[ ros2_caret_ws/install/include/rclcpp/rclcpp/experimental/intra_process_manager.hpp:194:47 ] ] ]. Skipping.
Found a loop without an exit block at src/core/autoware_core/planning/autoware_mission_planner/src/mission_planner/mission_planner.cpp:563:3. Skipping.
Found a loop without an exit block at src/core/autoware_core/planning/autoware_mission_planner/src/mission_planner/mission_planner.cpp:545:3. Skipping.
Found a loop without an exit block at src/core/autoware_core/planning/autoware_mission_planner/src/mission_planner/mission_planner.cpp:501:5. Skipping.
Found a loop without an exit block at src/core/autoware_core/planning/autoware_mission_planner/src/mission_planner/mission_planner.cpp:524:5. Skipping.
Found a loop without an exit block at src/core/autoware_core/planning/autoware_mission_planner/src/mission_planner/mission_planner.cpp:462:3. Skipping.
Found a loop without a preheader at /usr/lib/gcc/aarch64-linux-gnu/11/../../../../include/c++/11/bits/stl_construct.h:162:4 @[ /usr/lib/gcc/aarch64-linux-gnu/11/../../../../include/c++/11/bits/stl_construct.h:195:7 @[ /usr/lib/gcc/aarch64-linux-gnu/11/../../../../include/c++/11/bits/alloc_traits.h:848:7 @[ /usr/lib/gcc/aarch64-linux-gnu/11/../../../../include/c++/11/bits/stl_vector.h:680:2 @[ /opt/ros/humble/include/visualization_msgs/visualization_msgs/msg/detail/marker_array__struct.hpp:37:8 @[ src/core/autoware_core/planning/autoware_mission_planner/src/mission_planner/mission_planner.cpp:327:3 ] ] ] ] ]. Skipping.
Found a loop without a preheader at /usr/lib/gcc/aarch64-linux-gnu/11/../../../../include/c++/11/bits/stl_construct.h:162:4 @[ /usr/lib/gcc/aarch64-linux-gnu/11/../../../../include/c++/11/bits/stl_construct.h:195:7 @[ /usr/lib/gcc/aarch64-linux-gnu/11/../../../../include/c++/11/bits/alloc_traits.h:848:7 @[ /usr/lib/gcc/aarch64-linux-gnu/11/../../../../include/c++/11/bits/stl_vector.h:680:2 @[ /opt/ros/humble/include/visualization_msgs/visualization_msgs/msg/detail/marker_array__struct.hpp:37:8 @[ /usr/lib/gcc/aarch64-linux-gnu/11/../../../../include/c++/11/bits/unique_ptr.h:85:2 @[ /usr/lib/gcc/aarch64-linux-gnu/11/../../../../include/c++/11/bits/unique_ptr.h:361:4 @[ ros2_caret_ws/install/include/rclcpp/rclcpp/publisher.hpp:308:5 ] ] ] ] ] ] ]. Skipping.
Found a loop without a preheader at /usr/lib/gcc/aarch64-linux-gnu/11/../../../../include/c++/11/bits/stl_construct.h:162:4 @[ /usr/lib/gcc/aarch64-linux-gnu/11/../../../../include/c++/11/bits/stl_construct.h:195:7 @[ /usr/lib/gcc/aarch64-linux-gnu/11/../../../../include/c++/11/bits/alloc_traits.h:848:7 @[ /usr/lib/gcc/aarch64-linux-gnu/11/../../../../include/c++/11/bits/stl_vector.h:680:2 @[ /opt/ros/humble/include/visualization_msgs/visualization_msgs/msg/detail/marker_array__struct.hpp:37:8 ] ] ] ]. Skipping.
Found a loop without a preheader at /usr/lib/gcc/aarch64-linux-gnu/11/../../../../include/c++/11/bits/stl_uninitialized.h:91:8. Skipping.
Found a loop without a preheader at /usr/lib/gcc/aarch64-linux-gnu/11/../../../../include/c++/11/bits/stl_uninitialized.h:91:8. Skipping.
Found a loop without an exit block at /usr/lib/gcc/aarch64-linux-gnu/11/../../../../include/c++/11/bits/shared_ptr_base.h:259:7 @[ /usr/lib/gcc/aarch64-linux-gnu/11/../../../../include/c++/11/bits/shared_ptr_base.h:883:28 @[ /usr/lib/gcc/aarch64-linux-gnu/11/../../../../include/c++/11/bits/shared_ptr_base.h:1353:9 @[ /usr/lib/gcc/aarch64-linux-gnu/11/../../../../include/c++/11/bits/shared_ptr.h:418:9 @[ /usr/lib/gcc/aarch64-linux-gnu/11/../../../../include/c++/11/bits/shared_ptr.h:750:16 @[ ros2_caret_ws/install/include/rclcpp/rclcpp/publisher.hpp:561:26 ] ] ] ] ]. Skipping.
Found a loop without an exit block at /usr/lib/gcc/aarch64-linux-gnu/11/../../../../include/c++/11/bits/shared_ptr_base.h:259:7 @[ /usr/lib/gcc/aarch64-linux-gnu/11/../../../../include/c++/11/bits/shared_ptr_base.h:883:28 @[ /usr/lib/gcc/aarch64-linux-gnu/11/../../../../include/c++/11/bits/shared_ptr_base.h:1353:9 @[ /usr/lib/gcc/aarch64-linux-gnu/11/../../../../include/c++/11/bits/shared_ptr.h:418:9 @[ /usr/lib/gcc/aarch64-linux-gnu/11/../../../../include/c++/11/bits/shared_ptr.h:750:16 @[ ros2_caret_ws/install/include/rclcpp/rclcpp/publisher.hpp:537:26 ] ] ] ] ]. Skipping.
Found a loop without a preheader at /usr/lib/gcc/aarch64-linux-gnu/11/../../../../include/c++/11/bits/hashtable.h:1837:7 @[ /usr/lib/gcc/aarch64-linux-gnu/11/../../../../include/c++/11/bits/hashtable.h:810:31 @[ /usr/lib/gcc/aarch64-linux-gnu/11/../../../../include/c++/11/bits/hashtable.h:1595:23 @[ /usr/lib/gcc/aarch64-linux-gnu/11/../../../../include/c++/11/bits/unordered_map.h:869:21 @[ ros2_caret_ws/install/include/rclcpp/rclcpp/experimental/intra_process_manager.hpp:260:38 ] ] ] ]. Skipping.
Found a loop without an exit block at /usr/lib/gcc/aarch64-linux-gnu/11/../../../../include/c++/11/shared_mutex:228:7 @[ /usr/lib/gcc/aarch64-linux-gnu/11/../../../../include/c++/11/shared_mutex:489:33 @[ /usr/lib/gcc/aarch64-linux-gnu/11/../../../../include/c++/11/shared_mutex:727:13 @[ ros2_caret_ws/install/include/rclcpp/rclcpp/experimental/intra_process_manager.hpp:258:47 ] ] ]. Skipping.
Found a loop without an exit block at ros2_caret_ws/install/include/rclcpp/rclcpp/experimental/intra_process_manager.hpp:363:5. Skipping.
Found a loop without an exit block at ros2_caret_ws/install/include/rclcpp/rclcpp/experimental/intra_process_manager.hpp:442:5. Skipping.
Found a loop without a preheader at /usr/lib/gcc/aarch64-linux-gnu/11/../../../../include/c++/11/bits/hashtable.h:1837:7 @[ /usr/lib/gcc/aarch64-linux-gnu/11/../../../../include/c++/11/bits/hashtable.h:810:31 @[ /usr/lib/gcc/aarch64-linux-gnu/11/../../../../include/c++/11/bits/hashtable.h:1595:23 @[ /usr/lib/gcc/aarch64-linux-gnu/11/../../../../include/c++/11/bits/unordered_map.h:869:21 @[ ros2_caret_ws/install/include/rclcpp/rclcpp/experimental/intra_process_manager.hpp:196:38 ] ] ] ]. Skipping.
Found a loop without an exit block at /usr/lib/gcc/aarch64-linux-gnu/11/../../../../include/c++/11/shared_mutex:228:7 @[ /usr/lib/gcc/aarch64-linux-gnu/11/../../../../include/c++/11/shared_mutex:489:33 @[ /usr/lib/gcc/aarch64-linux-gnu/11/../../../../include/c++/11/shared_mutex:727:13 @[ ros2_caret_ws/install/include/rclcpp/rclcpp/experimental/intra_process_manager.hpp:194:47 ] ] ]. Skipping.
Found a loop without a preheader at /usr/lib/gcc/aarch64-linux-gnu/11/../../../../include/c++/11/bits/stl_construct.h:162:4 @[ /usr/lib/gcc/aarch64-linux-gnu/11/../../../../include/c++/11/bits/stl_construct.h:195:7 @[ /usr/lib/gcc/aarch64-linux-gnu/11/../../../../include/c++/11/bits/alloc_traits.h:848:7 @[ /usr/lib/gcc/aarch64-linux-gnu/11/../../../../include/c++/11/bits/stl_vector.h:680:2 @[ /opt/ros/humble/include/visualization_msgs/visualization_msgs/msg/detail/marker_array__struct.hpp:37:8 @[ /usr/lib/gcc/aarch64-linux-gnu/11/../../../../include/c++/11/bits/unique_ptr.h:85:2 @[ /usr/lib/gcc/aarch64-linux-gnu/11/../../../../include/c++/11/bits/unique_ptr.h:361:4 @[ ros2_caret_ws/install/include/rclcpp/rclcpp/publisher.hpp:273:9 ] ] ] ] ] ] ]. Skipping.
Found a loop without a preheader at /usr/lib/gcc/aarch64-linux-gnu/11/../../../../include/c++/11/bits/stl_construct.h:162:4 @[ /usr/lib/gcc/aarch64-linux-gnu/11/../../../../include/c++/11/bits/stl_construct.h:195:7 @[ /usr/lib/gcc/aarch64-linux-gnu/11/../../../../include/c++/11/bits/alloc_traits.h:848:7 @[ /usr/lib/gcc/aarch64-linux-gnu/11/../../../../include/c++/11/bits/stl_vector.h:680:2 @[ /opt/ros/humble/include/visualization_msgs/visualization_msgs/msg/detail/marker_array__struct.hpp:37:8 @[ /usr/lib/gcc/aarch64-linux-gnu/11/../../../../include/c++/11/bits/unique_ptr.h:85:2 @[ /usr/lib/gcc/aarch64-linux-gnu/11/../../../../include/c++/11/bits/unique_ptr.h:361:4 @[ ros2_caret_ws/install/include/rclcpp/rclcpp/publisher.hpp:276:7 ] ] ] ] ] ] ]. Skipping.
Found a loop without a preheader at /usr/lib/gcc/aarch64-linux-gnu/11/../../../../include/c++/11/bits/stl_construct.h:162:4 @[ /usr/lib/gcc/aarch64-linux-gnu/11/../../../../include/c++/11/bits/stl_construct.h:195:7 @[ /usr/lib/gcc/aarch64-linux-gnu/11/../../../../include/c++/11/bits/alloc_traits.h:848:7 @[ /usr/lib/gcc/aarch64-linux-gnu/11/../../../../include/c++/11/bits/stl_vector.h:680:2 @[ /opt/ros/humble/include/visualization_msgs/visualization_msgs/msg/detail/marker_array__struct.hpp:37:8 @[ /usr/lib/gcc/aarch64-linux-gnu/11/../../../../include/c++/11/bits/unique_ptr.h:85:2 @[ /usr/lib/gcc/aarch64-linux-gnu/11/../../../../include/c++/11/bits/unique_ptr.h:361:4 ] ] ] ] ] ]. Skipping.
Found a loop without a preheader at /usr/lib/gcc/aarch64-linux-gnu/11/../../../../include/c++/11/bits/stl_construct.h:162:4 @[ /usr/lib/gcc/aarch64-linux-gnu/11/../../../../include/c++/11/bits/stl_construct.h:195:7 @[ /usr/lib/gcc/aarch64-linux-gnu/11/../../../../include/c++/11/bits/stl_uninitialized.h:97:8 @[ /usr/lib/gcc/aarch64-linux-gnu/11/../../../../include/c++/11/bits/stl_uninitialized.h:148:14 @[ /usr/lib/gcc/aarch64-linux-gnu/11/../../../../include/c++/11/bits/stl_uninitialized.h:333:14 @[ /usr/lib/gcc/aarch64-linux-gnu/11/../../../../include/c++/11/bits/stl_vector.h:558:4 ] ] ] ] ]. Skipping.
Found a loop without a preheader at /usr/lib/gcc/aarch64-linux-gnu/11/../../../../include/c++/11/bits/stl_uninitialized.h:91:8 @[ /usr/lib/gcc/aarch64-linux-gnu/11/../../../../include/c++/11/bits/stl_uninitialized.h:148:14 @[ /usr/lib/gcc/aarch64-linux-gnu/11/../../../../include/c++/11/bits/stl_uninitialized.h:333:14 @[ /usr/lib/gcc/aarch64-linux-gnu/11/../../../../include/c++/11/bits/stl_vector.h:558:4 ] ] ]. Skipping.
Found a loop without a preheader at /usr/lib/gcc/aarch64-linux-gnu/11/../../../../include/c++/11/bits/stl_uninitialized.h:91:8 @[ /usr/lib/gcc/aarch64-linux-gnu/11/../../../../include/c++/11/bits/stl_uninitialized.h:148:14 @[ /usr/lib/gcc/aarch64-linux-gnu/11/../../../../include/c++/11/bits/stl_uninitialized.h:333:14 @[ /usr/lib/gcc/aarch64-linux-gnu/11/../../../../include/c++/11/bits/stl_vector.h:558:4 @[ /opt/ros/humble/include/visualization_msgs/visualization_msgs/msg/detail/marker__struct.hpp:54:8 ] ] ] ]. Skipping.
Found a loop without a preheader at /usr/lib/gcc/aarch64-linux-gnu/11/../../../../include/c++/11/bits/stl_uninitialized.h:91:8 @[ /usr/lib/gcc/aarch64-linux-gnu/11/../../../../include/c++/11/bits/stl_uninitialized.h:148:14 @[ /usr/lib/gcc/aarch64-linux-gnu/11/../../../../include/c++/11/bits/stl_uninitialized.h:333:14 @[ /usr/lib/gcc/aarch64-linux-gnu/11/../../../../include/c++/11/bits/stl_vector.h:558:4 @[ /opt/ros/humble/include/visualization_msgs/visualization_msgs/msg/detail/marker__struct.hpp:54:8 ] ] ] ]. Skipping.
Found a loop without a preheader at /usr/lib/gcc/aarch64-linux-gnu/11/../../../../include/c++/11/bits/stl_construct.h:162:4 @[ /usr/lib/gcc/aarch64-linux-gnu/11/../../../../include/c++/11/bits/stl_construct.h:195:7 @[ /usr/lib/gcc/aarch64-linux-gnu/11/../../../../include/c++/11/bits/alloc_traits.h:848:7 @[ /usr/lib/gcc/aarch64-linux-gnu/11/../../../../include/c++/11/bits/stl_vector.h:680:2 @[ /opt/ros/humble/include/visualization_msgs/visualization_msgs/msg/detail/marker_array__struct.hpp:37:8 @[ /usr/lib/gcc/aarch64-linux-gnu/11/../../../../include/c++/11/bits/unique_ptr.h:85:2 @[ /usr/lib/gcc/aarch64-linux-gnu/11/../../../../include/c++/11/bits/unique_ptr.h:361:4 @[ ros2_caret_ws/install/include/rclcpp/rclcpp/publisher.hpp:574:5 ] ] ] ] ] ] ]. Skipping.
Found a loop without an exit block at /usr/lib/gcc/aarch64-linux-gnu/11/../../../../include/c++/11/bits/shared_ptr_base.h:259:7 @[ /usr/lib/gcc/aarch64-linux-gnu/11/../../../../include/c++/11/bits/shared_ptr_base.h:883:28 @[ /usr/lib/gcc/aarch64-linux-gnu/11/../../../../include/c++/11/bits/shared_ptr_base.h:1353:9 @[ /usr/lib/gcc/aarch64-linux-gnu/11/../../../../include/c++/11/bits/shared_ptr.h:418:9 @[ /usr/lib/gcc/aarch64-linux-gnu/11/../../../../include/c++/11/bits/shared_ptr.h:750:16 @[ ros2_caret_ws/install/include/rclcpp/rclcpp/publisher.hpp:561:26 ] ] ] ] ]. Skipping.
Found a loop without a preheader at /usr/lib/gcc/aarch64-linux-gnu/11/../../../../include/c++/11/bits/stl_construct.h:162:4 @[ /usr/lib/gcc/aarch64-linux-gnu/11/../../../../include/c++/11/bits/stl_construct.h:195:7 @[ /usr/lib/gcc/aarch64-linux-gnu/11/../../../../include/c++/11/bits/alloc_traits.h:848:7 @[ /usr/lib/gcc/aarch64-linux-gnu/11/../../../../include/c++/11/bits/stl_vector.h:680:2 @[ /opt/ros/humble/include/visualization_msgs/visualization_msgs/msg/detail/marker_array__struct.hpp:37:8 @[ /usr/lib/gcc/aarch64-linux-gnu/11/../../../../include/c++/11/bits/unique_ptr.h:85:2 @[ /usr/lib/gcc/aarch64-linux-gnu/11/../../../../include/c++/11/bits/unique_ptr.h:361:4 @[ ros2_caret_ws/install/include/rclcpp/rclcpp/publisher.hpp:551:5 ] ] ] ] ] ] ]. Skipping.
Found a loop without an exit block at /usr/lib/gcc/aarch64-linux-gnu/11/../../../../include/c++/11/bits/shared_ptr_base.h:259:7 @[ /usr/lib/gcc/aarch64-linux-gnu/11/../../../../include/c++/11/bits/shared_ptr_base.h:883:28 @[ /usr/lib/gcc/aarch64-linux-gnu/11/../../../../include/c++/11/bits/shared_ptr_base.h:1353:9 @[ /usr/lib/gcc/aarch64-linux-gnu/11/../../../../include/c++/11/bits/shared_ptr.h:418:9 @[ /usr/lib/gcc/aarch64-linux-gnu/11/../../../../include/c++/11/bits/shared_ptr.h:750:16 @[ ros2_caret_ws/install/include/rclcpp/rclcpp/publisher.hpp:537:26 ] ] ] ] ]. Skipping.
Found a loop without a preheader at /usr/lib/gcc/aarch64-linux-gnu/11/../../../../include/c++/11/bits/stl_construct.h:162:4 @[ /usr/lib/gcc/aarch64-linux-gnu/11/../../../../include/c++/11/bits/stl_construct.h:195:7 @[ /usr/lib/gcc/aarch64-linux-gnu/11/../../../../include/c++/11/bits/alloc_traits.h:848:7 @[ /usr/lib/gcc/aarch64-linux-gnu/11/../../../../include/c++/11/bits/stl_vector.h:680:2 @[ /opt/ros/humble/include/visualization_msgs/visualization_msgs/msg/detail/marker_array__struct.hpp:37:8 @[ /usr/lib/gcc/aarch64-linux-gnu/11/../../../../include/c++/11/bits/unique_ptr.h:85:2 @[ /usr/lib/gcc/aarch64-linux-gnu/11/../../../../include/c++/11/bits/unique_ptr.h:361:4 @[ ros2_caret_ws/install/include/rclcpp/rclcpp/experimental/intra_process_manager.hpp:290:9 ] ] ] ] ] ] ]. Skipping.
Found a loop without a preheader at /usr/lib/gcc/aarch64-linux-gnu/11/../../../../include/c++/11/bits/hashtable.h:1837:7 @[ /usr/lib/gcc/aarch64-linux-gnu/11/../../../../include/c++/11/bits/hashtable.h:810:31 @[ /usr/lib/gcc/aarch64-linux-gnu/11/../../../../include/c++/11/bits/hashtable.h:1595:23 @[ /usr/lib/gcc/aarch64-linux-gnu/11/../../../../include/c++/11/bits/unordered_map.h:869:21 @[ ros2_caret_ws/install/include/rclcpp/rclcpp/experimental/intra_process_manager.hpp:260:38 ] ] ] ]. Skipping.
Found a loop without an exit block at /usr/lib/gcc/aarch64-linux-gnu/11/../../../../include/c++/11/shared_mutex:228:7 @[ /usr/lib/gcc/aarch64-linux-gnu/11/../../../../include/c++/11/shared_mutex:489:33 @[ /usr/lib/gcc/aarch64-linux-gnu/11/../../../../include/c++/11/shared_mutex:727:13 @[ ros2_caret_ws/install/include/rclcpp/rclcpp/experimental/intra_process_manager.hpp:258:47 ] ] ]. Skipping.
Found a loop without an exit block at ros2_caret_ws/install/include/rclcpp/rclcpp/experimental/intra_process_manager.hpp:363:5. Skipping.
Found a loop without an exit block at ros2_caret_ws/install/include/rclcpp/rclcpp/experimental/intra_process_manager.hpp:442:5. Skipping.
Found a loop without a preheader at /usr/lib/gcc/aarch64-linux-gnu/11/../../../../include/c++/11/bits/stl_construct.h:162:4 @[ /usr/lib/gcc/aarch64-linux-gnu/11/../../../../include/c++/11/bits/stl_construct.h:195:7 @[ /usr/lib/gcc/aarch64-linux-gnu/11/../../../../include/c++/11/bits/alloc_traits.h:848:7 @[ /usr/lib/gcc/aarch64-linux-gnu/11/../../../../include/c++/11/bits/stl_vector.h:680:2 @[ /opt/ros/humble/include/visualization_msgs/visualization_msgs/msg/detail/marker_array__struct.hpp:37:8 @[ /usr/lib/gcc/aarch64-linux-gnu/11/../../../../include/c++/11/bits/unique_ptr.h:85:2 @[ /usr/lib/gcc/aarch64-linux-gnu/11/../../../../include/c++/11/bits/shared_ptr_base.h:442:9 ] ] ] ] ] ]. Skipping.
Found a loop without a preheader at /usr/lib/gcc/aarch64-linux-gnu/11/../../../../include/c++/11/bits/stl_construct.h:162:4 @[ /usr/lib/gcc/aarch64-linux-gnu/11/../../../../include/c++/11/bits/stl_construct.h:195:7 @[ /usr/lib/gcc/aarch64-linux-gnu/11/../../../../include/c++/11/bits/alloc_traits.h:848:7 @[ /usr/lib/gcc/aarch64-linux-gnu/11/../../../../include/c++/11/bits/stl_vector.h:680:2 @[ /opt/ros/humble/include/visualization_msgs/visualization_msgs/msg/detail/marker_array__struct.hpp:37:8 @[ /usr/lib/gcc/aarch64-linux-gnu/11/../../../../include/c++/11/ext/new_allocator.h:168:10 @[ /usr/lib/gcc/aarch64-linux-gnu/11/../../../../include/c++/11/bits/alloc_traits.h:535:8 @[ /usr/lib/gcc/aarch64-linux-gnu/11/../../../../include/c++/11/bits/shared_ptr_base.h:528:2 ] ] ] ] ] ] ]. Skipping.
Found a loop without a preheader at /usr/lib/gcc/aarch64-linux-gnu/11/../../../../include/c++/11/bits/stl_construct.h:162:4 @[ /usr/lib/gcc/aarch64-linux-gnu/11/../../../../include/c++/11/bits/stl_construct.h:195:7 @[ /usr/lib/gcc/aarch64-linux-gnu/11/../../../../include/c++/11/bits/alloc_traits.h:848:7 @[ /usr/lib/gcc/aarch64-linux-gnu/11/../../../../include/c++/11/bits/stl_vector.h:680:2 @[ /opt/ros/humble/include/visualization_msgs/visualization_msgs/msg/detail/marker_array__struct.hpp:37:8 @[ /usr/lib/gcc/aarch64-linux-gnu/11/../../../../include/c++/11/bits/unique_ptr.h:85:2 @[ /usr/lib/gcc/aarch64-linux-gnu/11/../../../../include/c++/11/bits/unique_ptr.h:361:4 @[ ros2_caret_ws/install/include/rclcpp/rclcpp/experimental/subscription_intra_process_buffer.hpp:155:5 ] ] ] ] ] ] ]. Skipping.
Found a loop without a preheader at /usr/lib/gcc/aarch64-linux-gnu/11/../../../../include/c++/11/bits/stl_construct.h:162:4 @[ /usr/lib/gcc/aarch64-linux-gnu/11/../../../../include/c++/11/bits/stl_construct.h:195:7 @[ /usr/lib/gcc/aarch64-linux-gnu/11/../../../../include/c++/11/bits/alloc_traits.h:848:7 @[ /usr/lib/gcc/aarch64-linux-gnu/11/../../../../include/c++/11/bits/stl_vector.h:680:2 @[ /opt/ros/humble/include/visualization_msgs/visualization_msgs/msg/detail/marker_array__struct.hpp:37:8 @[ /usr/lib/gcc/aarch64-linux-gnu/11/../../../../include/c++/11/bits/unique_ptr.h:85:2 @[ /usr/lib/gcc/aarch64-linux-gnu/11/../../../../include/c++/11/bits/unique_ptr.h:361:4 @[ ros2_caret_ws/install/include/rclcpp/rclcpp/experimental/intra_process_manager.hpp:224:7 ] ] ] ] ] ] ]. Skipping.
Found a loop without a preheader at /usr/lib/gcc/aarch64-linux-gnu/11/../../../../include/c++/11/bits/stl_construct.h:162:4 @[ /usr/lib/gcc/aarch64-linux-gnu/11/../../../../include/c++/11/bits/stl_construct.h:195:7 @[ /usr/lib/gcc/aarch64-linux-gnu/11/../../../../include/c++/11/bits/alloc_traits.h:848:7 @[ /usr/lib/gcc/aarch64-linux-gnu/11/../../../../include/c++/11/bits/stl_vector.h:680:2 @[ /opt/ros/humble/include/visualization_msgs/visualization_msgs/msg/detail/marker_array__struct.hpp:37:8 @[ /usr/lib/gcc/aarch64-linux-gnu/11/../../../../include/c++/11/bits/unique_ptr.h:85:2 @[ /usr/lib/gcc/aarch64-linux-gnu/11/../../../../include/c++/11/bits/unique_ptr.h:361:4 @[ ros2_caret_ws/install/include/rclcpp/rclcpp/experimental/intra_process_manager.hpp:238:7 ] ] ] ] ] ] ]. Skipping.
Found a loop without a preheader at /usr/lib/gcc/aarch64-linux-gnu/11/../../../../include/c++/11/bits/hashtable.h:1837:7 @[ /usr/lib/gcc/aarch64-linux-gnu/11/../../../../include/c++/11/bits/hashtable.h:810:31 @[ /usr/lib/gcc/aarch64-linux-gnu/11/../../../../include/c++/11/bits/hashtable.h:1595:23 @[ /usr/lib/gcc/aarch64-linux-gnu/11/../../../../include/c++/11/bits/unordered_map.h:869:21 @[ ros2_caret_ws/install/include/rclcpp/rclcpp/experimental/intra_process_manager.hpp:196:38 ] ] ] ]. Skipping.
Found a loop without an exit block at /usr/lib/gcc/aarch64-linux-gnu/11/../../../../include/c++/11/shared_mutex:228:7 @[ /usr/lib/gcc/aarch64-linux-gnu/11/../../../../include/c++/11/shared_mutex:489:33 @[ /usr/lib/gcc/aarch64-linux-gnu/11/../../../../include/c++/11/shared_mutex:727:13 @[ ros2_caret_ws/install/include/rclcpp/rclcpp/experimental/intra_process_manager.hpp:194:47 ] ] ]. Skipping.
Found a loop without a preheader at /usr/lib/gcc/aarch64-linux-gnu/11/../../../../include/c++/11/bits/stl_uninitialized.h:1031:7 @[ /usr/lib/gcc/aarch64-linux-gnu/11/../../../../include/c++/11/bits/stl_uninitialized.h:1046:14 @[ /usr/lib/gcc/aarch64-linux-gnu/11/../../../../include/c++/11/bits/stl_vector.h:456:9 @[ /usr/lib/gcc/aarch64-linux-gnu/11/../../../../include/c++/11/bits/stl_vector.h:469:9 @[ /usr/lib/gcc/aarch64-linux-gnu/11/../../../../include/c++/11/bits/vector.tcc:461:23 @[ /usr/lib/gcc/aarch64-linux-gnu/11/../../../../include/c++/11/bits/vector.tcc:121:4 @[ /usr/lib/gcc/aarch64-linux-gnu/11/../../../../include/c++/11/bits/stl_vector.h:1204:9 @[ src/core/autoware_core/planning/autoware_mission_planner/src/mission_planner/mission_planner.cpp:385:10 ] ] ] ] ] ] ]. Skipping.
Found a loop without a preheader at src/core/autoware_core/planning/autoware_mission_planner/src/mission_planner/mission_planner.cpp:382:3. Skipping.
Found a loop without a preheader at /usr/lib/gcc/aarch64-linux-gnu/11/../../../../include/c++/11/bits/stl_construct.h:162:4 @[ /usr/lib/gcc/aarch64-linux-gnu/11/../../../../include/c++/11/bits/stl_construct.h:195:7 @[ /usr/lib/gcc/aarch64-linux-gnu/11/../../../../include/c++/11/bits/alloc_traits.h:848:7 @[ /usr/lib/gcc/aarch64-linux-gnu/11/../../../../include/c++/11/bits/vector.tcc:228:8 ] ] ]. Skipping.
Found a loop without a preheader at /usr/lib/gcc/aarch64-linux-gnu/11/../../../../include/c++/11/bits/stl_algobase.h:383:4 @[ /usr/lib/gcc/aarch64-linux-gnu/11/../../../../include/c++/11/bits/stl_algobase.h:494:14 @[ /usr/lib/gcc/aarch64-linux-gnu/11/../../../../include/c++/11/bits/stl_algobase.h:522:14 @[ /usr/lib/gcc/aarch64-linux-gnu/11/../../../../include/c++/11/bits/stl_algobase.h:530:3 @[ /usr/lib/gcc/aarch64-linux-gnu/11/../../../../include/c++/11/bits/stl_algobase.h:619:14 @[ /usr/lib/gcc/aarch64-linux-gnu/11/../../../../include/c++/11/bits/vector.tcc:243:8 ] ] ] ] ]. Skipping.
Found a loop without a preheader at /usr/lib/gcc/aarch64-linux-gnu/11/../../../../include/c++/11/bits/stl_construct.h:162:4 @[ /usr/lib/gcc/aarch64-linux-gnu/11/../../../../include/c++/11/bits/stl_construct.h:195:7 @[ /usr/lib/gcc/aarch64-linux-gnu/11/../../../../include/c++/11/bits/alloc_traits.h:848:7 @[ /usr/lib/gcc/aarch64-linux-gnu/11/../../../../include/c++/11/bits/vector.tcc:238:8 ] ] ]. Skipping.
Found a loop without a preheader at /usr/lib/gcc/aarch64-linux-gnu/11/../../../../include/c++/11/bits/stl_algobase.h:383:4 @[ /usr/lib/gcc/aarch64-linux-gnu/11/../../../../include/c++/11/bits/stl_algobase.h:494:14 @[ /usr/lib/gcc/aarch64-linux-gnu/11/../../../../include/c++/11/bits/stl_algobase.h:522:14 @[ /usr/lib/gcc/aarch64-linux-gnu/11/../../../../include/c++/11/bits/stl_algobase.h:530:3 @[ /usr/lib/gcc/aarch64-linux-gnu/11/../../../../include/c++/11/bits/stl_algobase.h:619:14 @[ /usr/lib/gcc/aarch64-linux-gnu/11/../../../../include/c++/11/bits/vector.tcc:238:22 ] ] ] ] ]. Skipping.
Found a loop without a preheader at /usr/lib/gcc/aarch64-linux-gnu/11/../../../../include/c++/11/bits/stl_construct.h:162:4 @[ /usr/lib/gcc/aarch64-linux-gnu/11/../../../../include/c++/11/bits/stl_construct.h:195:7 @[ /usr/lib/gcc/aarch64-linux-gnu/11/../../../../include/c++/11/bits/alloc_traits.h:848:7 @[ /usr/lib/gcc/aarch64-linux-gnu/11/../../../../include/c++/11/bits/vector.tcc:228:8 ] ] ]. Skipping.
Found a loop without a preheader at /usr/lib/gcc/aarch64-linux-gnu/11/../../../../include/c++/11/bits/stl_construct.h:162:4 @[ /usr/lib/gcc/aarch64-linux-gnu/11/../../../../include/c++/11/bits/stl_construct.h:195:7 @[ /usr/lib/gcc/aarch64-linux-gnu/11/../../../../include/c++/11/bits/alloc_traits.h:848:7 @[ /usr/lib/gcc/aarch64-linux-gnu/11/../../../../include/c++/11/bits/vector.tcc:238:8 ] ] ]. Skipping.
Found a loop without a preheader at /usr/lib/gcc/aarch64-linux-gnu/11/../../../../include/c++/11/bits/stl_uninitialized.h:91:8. Skipping.
Found a loop without a preheader at /usr/lib/gcc/aarch64-linux-gnu/11/../../../../include/c++/11/bits/stl_uninitialized.h:91:8. Skipping.
Found a loop without an exit block at src/core/autoware_core/planning/autoware_mission_planner/src/mission_planner/mission_planner.cpp:441:7 @[ /usr/lib/gcc/aarch64-linux-gnu/11/../../../../include/c++/11/bits/invoke.h:61:14 @[ /usr/lib/gcc/aarch64-linux-gnu/11/../../../../include/c++/11/bits/invoke.h:96:14 @[ /usr/lib/gcc/aarch64-linux-gnu/11/../../../../include/c++/11/functional:97:14 ] ] ]. Skipping.
Found a loop without a preheader at /usr/lib/gcc/aarch64-linux-gnu/11/../../../../include/c++/11/bits/stl_algobase.h:2067:7 @[ /usr/lib/gcc/aarch64-linux-gnu/11/../../../../include/c++/11/bits/stl_algobase.h:2114:14 @[ /usr/lib/gcc/aarch64-linux-gnu/11/../../../../include/c++/11/bits/stl_algo.h:3910:14 @[ /usr/lib/gcc/aarch64-linux-gnu/11/../../../../include/c++/11/bits/stl_algo.h:471:24 @[ /usr/lib/gcc/aarch64-linux-gnu/11/../../../../include/c++/11/bits/stl_algo.h:490:15 ] ] ] ]. Skipping.
Found a loop without a preheader at /usr/lib/gcc/aarch64-linux-gnu/11/../../../../include/c++/11/bits/stl_construct.h:162:4 @[ /usr/lib/gcc/aarch64-linux-gnu/11/../../../../include/c++/11/bits/stl_construct.h:195:7 @[ /usr/lib/gcc/aarch64-linux-gnu/11/../../../../include/c++/11/bits/alloc_traits.h:848:7 @[ /usr/lib/gcc/aarch64-linux-gnu/11/../../../../include/c++/11/bits/stl_vector.h:680:2 ] ] ]. Skipping.
Found a loop without a preheader at /usr/lib/gcc/aarch64-linux-gnu/11/../../../../include/c++/11/bits/stl_uninitialized.h:1031:7 @[ /usr/lib/gcc/aarch64-linux-gnu/11/../../../../include/c++/11/bits/stl_uninitialized.h:1046:14 @[ /usr/lib/gcc/aarch64-linux-gnu/11/../../../../include/c++/11/bits/stl_vector.h:456:9 @[ /usr/lib/gcc/aarch64-linux-gnu/11/../../../../include/c++/11/bits/stl_vector.h:469:9 @[ /usr/lib/gcc/aarch64-linux-gnu/11/../../../../include/c++/11/bits/vector.tcc:466:23 ] ] ] ]. Skipping.
Found a loop without a preheader at /usr/lib/gcc/aarch64-linux-gnu/11/../../../../include/c++/11/bits/stl_uninitialized.h:1031:7 @[ /usr/lib/gcc/aarch64-linux-gnu/11/../../../../include/c++/11/bits/stl_uninitialized.h:1046:14 @[ /usr/lib/gcc/aarch64-linux-gnu/11/../../../../include/c++/11/bits/stl_vector.h:456:9 @[ /usr/lib/gcc/aarch64-linux-gnu/11/../../../../include/c++/11/bits/stl_vector.h:469:9 @[ /usr/lib/gcc/aarch64-linux-gnu/11/../../../../include/c++/11/bits/vector.tcc:461:23 ] ] ] ]. Skipping.
Found a loop without a preheader at /usr/lib/gcc/aarch64-linux-gnu/11/../../../../include/c++/11/bits/stl_construct.h:162:4 @[ /usr/lib/gcc/aarch64-linux-gnu/11/../../../../include/c++/11/bits/stl_construct.h:195:7 @[ /usr/lib/gcc/aarch64-linux-gnu/11/../../../../include/c++/11/bits/alloc_traits.h:848:7 @[ /usr/lib/gcc/aarch64-linux-gnu/11/../../../../include/c++/11/bits/stl_vector.h:680:2 @[ /usr/lib/gcc/aarch64-linux-gnu/11/../../../../include/c++/11/ext/new_allocator.h:162:4 ] ] ] ]. Skipping.
Found a loop without a preheader at /usr/lib/gcc/aarch64-linux-gnu/11/../../../../include/c++/11/bits/stl_construct.h:162:4 @[ /usr/lib/gcc/aarch64-linux-gnu/11/../../../../include/c++/11/bits/stl_construct.h:195:7 @[ /usr/lib/gcc/aarch64-linux-gnu/11/../../../../include/c++/11/bits/alloc_traits.h:848:7 @[ /usr/lib/gcc/aarch64-linux-gnu/11/../../../../include/c++/11/bits/stl_vector.h:680:2 ] ] ]. Skipping.
Found a loop without an exit block at /opt/ros/humble/include/lanelet2_core/utility/HybridMap.h:41:3. Skipping.
Found a loop without a preheader at /usr/lib/gcc/aarch64-linux-gnu/11/../../../../include/c++/11/bits/stl_tree.h:1860:6. Skipping.
Found a loop without a preheader at /usr/lib/gcc/aarch64-linux-gnu/11/../../../../include/c++/11/bits/stl_tree.h:1887:7. Skipping.
Found a loop without a preheader at /usr/lib/gcc/aarch64-linux-gnu/11/../../../../include/c++/11/bits/stl_construct.h:162:4 @[ /usr/lib/gcc/aarch64-linux-gnu/11/../../../../include/c++/11/bits/stl_construct.h:195:7 @[ /usr/lib/gcc/aarch64-linux-gnu/11/../../../../include/c++/11/bits/alloc_traits.h:848:7 @[ /usr/lib/gcc/aarch64-linux-gnu/11/../../../../include/c++/11/bits/stl_vector.h:680:2 @[ /opt/ros/humble/include/lanelet2_core/primitives/Lanelet.h:22:7 ] ] ] ]. Skipping.
Found a loop without a preheader at /usr/lib/gcc/aarch64-linux-gnu/11/../../../../include/c++/11/bits/stl_construct.h:162:4 @[ /usr/lib/gcc/aarch64-linux-gnu/11/../../../../include/c++/11/bits/stl_construct.h:195:7 @[ /usr/lib/gcc/aarch64-linux-gnu/11/../../../../include/c++/11/bits/alloc_traits.h:848:7 @[ /usr/lib/gcc/aarch64-linux-gnu/11/../../../../include/c++/11/bits/stl_vector.h:680:2 @[ /opt/ros/humble/include/lanelet2_core/primitives/LineString.h:529:3 ] ] ] ]. Skipping.
Found a loop without a preheader at /usr/lib/gcc/aarch64-linux-gnu/11/../../../../include/c++/11/bits/stl_construct.h:162:4 @[ /usr/lib/gcc/aarch64-linux-gnu/11/../../../../include/c++/11/bits/stl_construct.h:195:7 @[ /usr/lib/gcc/aarch64-linux-gnu/11/../../../../include/c++/11/bits/alloc_traits.h:848:7 @[ /usr/lib/gcc/aarch64-linux-gnu/11/../../../../include/c++/11/bits/stl_vector.h:680:2 ] ] ]. Skipping.
Found a loop without a preheader at /usr/lib/gcc/aarch64-linux-gnu/11/../../../../include/c++/11/bits/stl_construct.h:162:4 @[ /usr/lib/gcc/aarch64-linux-gnu/11/../../../../include/c++/11/bits/stl_construct.h:195:7 @[ /usr/lib/gcc/aarch64-linux-gnu/11/../../../../include/c++/11/bits/alloc_traits.h:848:7 @[ /usr/lib/gcc/aarch64-linux-gnu/11/../../../../include/c++/11/bits/stl_vector.h:680:2 @[ /usr/lib/gcc/aarch64-linux-gnu/11/../../../../include/c++/11/ext/new_allocator.h:162:4 ] ] ] ]. Skipping.
Found a loop without a preheader at /usr/lib/gcc/aarch64-linux-gnu/11/../../../../include/c++/11/bits/stl_tree.h:114:7 @[ /usr/lib/gcc/aarch64-linux-gnu/11/../../../../include/c++/11/bits/stl_tree.h:800:16 @[ /usr/lib/gcc/aarch64-linux-gnu/11/../../../../include/c++/11/bits/stl_tree.h:891:20 @[ /usr/lib/gcc/aarch64-linux-gnu/11/../../../../include/c++/11/bits/stl_tree.h:901:9 @[ /usr/lib/gcc/aarch64-linux-gnu/11/../../../../include/c++/11/bits/stl_tree.h:939:16 @[ /usr/lib/gcc/aarch64-linux-gnu/11/../../../../include/c++/11/bits/stl_map.h:207:7 @[ /opt/ros/humble/include/lanelet2_core/utility/HybridMap.h:94:37 @[ /usr/lib/gcc/aarch64-linux-gnu/11/../../../../include/c++/11/ext/new_allocator.h:162:27 ] ] ] ] ] ] ]. Skipping.
Found a loop without a preheader at /usr/lib/gcc/aarch64-linux-gnu/11/../../../../include/c++/11/bits/stl_construct.h:162:4 @[ /usr/lib/gcc/aarch64-linux-gnu/11/../../../../include/c++/11/bits/stl_construct.h:195:7 @[ /usr/lib/gcc/aarch64-linux-gnu/11/../../../../include/c++/11/bits/alloc_traits.h:848:7 @[ /usr/lib/gcc/aarch64-linux-gnu/11/../../../../include/c++/11/bits/stl_vector.h:680:2 @[ /opt/ros/humble/include/lanelet2_core/primitives/LineString.h:139:7 ] ] ] ]. Skipping.
Found a loop without an exit block at /opt/ros/humble/include/lanelet2_core/geometry/GeometryHelper.h:42:5. Skipping.
Found a loop without an exit block at /usr/lib/gcc/aarch64-linux-gnu/11/../../../../include/c++/11/bits/stl_algobase.h:2067:7. Skipping.
Found a loop without a preheader at /usr/lib/gcc/aarch64-linux-gnu/11/../../../../include/c++/11/bits/stl_construct.h:162:4 @[ /usr/lib/gcc/aarch64-linux-gnu/11/../../../../include/c++/11/bits/stl_construct.h:195:7 @[ /usr/lib/gcc/aarch64-linux-gnu/11/../../../../include/c++/11/bits/alloc_traits.h:848:7 @[ /usr/lib/gcc/aarch64-linux-gnu/11/../../../../include/c++/11/bits/stl_vector.h:680:2 @[ src/core/autoware_core/planning/autoware_mission_planner/src/lanelet2_plugins/default_planner.cpp:390:1 ] ] ] ]. Skipping.
Found a loop without a preheader at /usr/lib/gcc/aarch64-linux-gnu/11/../../../../include/c++/11/bits/stl_construct.h:162:4 @[ /usr/lib/gcc/aarch64-linux-gnu/11/../../../../include/c++/11/bits/stl_construct.h:195:7 @[ /usr/lib/gcc/aarch64-linux-gnu/11/../../../../include/c++/11/bits/alloc_traits.h:848:7 @[ /usr/lib/gcc/aarch64-linux-gnu/11/../../../../include/c++/11/bits/stl_vector.h:680:2 @[ src/core/autoware_core/planning/autoware_mission_planner/src/lanelet2_plugins/default_planner.cpp:367:5 ] ] ] ]. Skipping.
Found a loop without a preheader at /usr/lib/gcc/aarch64-linux-gnu/11/../../../../include/c++/11/bits/stl_construct.h:162:4 @[ /usr/lib/gcc/aarch64-linux-gnu/11/../../../../include/c++/11/bits/stl_construct.h:195:7 @[ /usr/lib/gcc/aarch64-linux-gnu/11/../../../../include/c++/11/bits/alloc_traits.h:848:7 @[ /usr/lib/gcc/aarch64-linux-gnu/11/../../../../include/c++/11/bits/stl_vector.h:680:2 @[ src/core/autoware_core/planning/autoware_mission_planner/src/lanelet2_plugins/default_planner.cpp:390:1 ] ] ] ]. Skipping.
Found a loop without an exit block at src/core/autoware_core/planning/autoware_mission_planner/src/lanelet2_plugins/default_planner.cpp:347:3. Skipping.
Found a loop without an exit block at src/core/autoware_core/planning/autoware_mission_planner/src/lanelet2_plugins/default_planner.cpp:336:3. Skipping.
Found a loop without a preheader at /usr/lib/gcc/aarch64-linux-gnu/11/../../../../include/c++/11/bits/stl_construct.h:162:4 @[ /usr/lib/gcc/aarch64-linux-gnu/11/../../../../include/c++/11/bits/stl_construct.h:195:7 @[ /usr/lib/gcc/aarch64-linux-gnu/11/../../../../include/c++/11/bits/alloc_traits.h:848:7 @[ /usr/lib/gcc/aarch64-linux-gnu/11/../../../../include/c++/11/bits/stl_vector.h:680:2 @[ src/core/autoware_core/planning/autoware_mission_planner/src/lanelet2_plugins/default_planner.cpp:161:1 ] ] ] ]. Skipping.
Found a loop without a preheader at /usr/lib/gcc/aarch64-linux-gnu/11/../../../../include/c++/11/bits/stl_construct.h:162:4 @[ /usr/lib/gcc/aarch64-linux-gnu/11/../../../../include/c++/11/bits/stl_construct.h:195:7 @[ /usr/lib/gcc/aarch64-linux-gnu/11/../../../../include/c++/11/bits/alloc_traits.h:848:7 @[ /usr/lib/gcc/aarch64-linux-gnu/11/../../../../include/c++/11/bits/stl_vector.h:680:2 @[ src/core/autoware_core/planning/autoware_mission_planner/src/lanelet2_plugins/default_planner.cpp:161:1 ] ] ] ]. Skipping.
Found a loop without a preheader at /usr/lib/gcc/aarch64-linux-gnu/11/../../../../include/c++/11/bits/stl_construct.h:162:4 @[ /usr/lib/gcc/aarch64-linux-gnu/11/../../../../include/c++/11/bits/stl_construct.h:195:7 @[ /usr/lib/gcc/aarch64-linux-gnu/11/../../../../include/c++/11/bits/alloc_traits.h:848:7 @[ /usr/lib/gcc/aarch64-linux-gnu/11/../../../../include/c++/11/bits/stl_vector.h:680:2 @[ src/core/autoware_core/planning/autoware_mission_planner/src/lanelet2_plugins/default_planner.cpp:161:1 ] ] ] ]. Skipping.
Found a loop without a preheader at /usr/lib/gcc/aarch64-linux-gnu/11/../../../../include/c++/11/bits/stl_construct.h:162:4 @[ /usr/lib/gcc/aarch64-linux-gnu/11/../../../../include/c++/11/bits/stl_construct.h:195:7 @[ /usr/lib/gcc/aarch64-linux-gnu/11/../../../../include/c++/11/bits/alloc_traits.h:848:7 @[ /usr/lib/gcc/aarch64-linux-gnu/11/../../../../include/c++/11/bits/stl_vector.h:680:2 @[ /opt/ros/humble/include/visualization_msgs/visualization_msgs/msg/detail/marker_array__struct.hpp:37:8 @[ src/core/autoware_core/planning/autoware_mission_planner/src/lanelet2_plugins/default_planner.cpp:156:3 ] ] ] ] ]. Skipping.
Found a loop without a preheader at /usr/lib/gcc/aarch64-linux-gnu/11/../../../../include/c++/11/bits/stl_construct.h:162:4 @[ /usr/lib/gcc/aarch64-linux-gnu/11/../../../../include/c++/11/bits/stl_construct.h:195:7 @[ /usr/lib/gcc/aarch64-linux-gnu/11/../../../../include/c++/11/bits/alloc_traits.h:848:7 @[ /usr/lib/gcc/aarch64-linux-gnu/11/../../../../include/c++/11/bits/stl_vector.h:680:2 @[ /opt/ros/humble/include/visualization_msgs/visualization_msgs/msg/detail/marker_array__struct.hpp:37:8 @[ src/core/autoware_core/planning/autoware_mission_planner/src/lanelet2_plugins/default_planner.cpp:153:3 ] ] ] ] ]. Skipping.
Found a loop without a preheader at /usr/lib/gcc/aarch64-linux-gnu/11/../../../../include/c++/11/bits/stl_construct.h:162:4 @[ /usr/lib/gcc/aarch64-linux-gnu/11/../../../../include/c++/11/bits/stl_construct.h:195:7 @[ /usr/lib/gcc/aarch64-linux-gnu/11/../../../../include/c++/11/bits/alloc_traits.h:848:7 @[ /usr/lib/gcc/aarch64-linux-gnu/11/../../../../include/c++/11/bits/stl_vector.h:680:2 @[ /opt/ros/humble/include/visualization_msgs/visualization_msgs/msg/detail/marker_array__struct.hpp:37:8 @[ src/core/autoware_core/planning/autoware_mission_planner/src/lanelet2_plugins/default_planner.cpp:150:3 ] ] ] ] ]. Skipping.
Found a loop without a preheader at /usr/lib/gcc/aarch64-linux-gnu/11/../../../../include/c++/11/bits/stl_construct.h:162:4 @[ /usr/lib/gcc/aarch64-linux-gnu/11/../../../../include/c++/11/bits/stl_construct.h:195:7 @[ /usr/lib/gcc/aarch64-linux-gnu/11/../../../../include/c++/11/bits/alloc_traits.h:848:7 @[ /usr/lib/gcc/aarch64-linux-gnu/11/../../../../include/c++/11/bits/stl_vector.h:680:2 @[ /opt/ros/humble/include/visualization_msgs/visualization_msgs/msg/detail/marker_array__struct.hpp:37:8 @[ src/core/autoware_core/planning/autoware_mission_planner/src/lanelet2_plugins/default_planner.cpp:147:3 ] ] ] ] ]. Skipping.
Found a loop without an exit block at src/core/autoware_core/planning/autoware_mission_planner/src/lanelet2_plugins/default_planner.cpp:125:3. Skipping.
Found a loop without an exit block at ros2_caret_ws/install/include/rclcpp/rclcpp/detail/qos_parameters.hpp:167:3. Skipping.
Found a loop without a preheader at /usr/lib/gcc/aarch64-linux-gnu/11/../../../../include/c++/11/bits/stl_uninitialized.h:91:8 @[ /usr/lib/gcc/aarch64-linux-gnu/11/../../../../include/c++/11/bits/stl_uninitialized.h:148:14 @[ /usr/lib/gcc/aarch64-linux-gnu/11/../../../../include/c++/11/bits/stl_uninitialized.h:333:14 @[ /usr/lib/gcc/aarch64-linux-gnu/11/../../../../include/c++/11/bits/stl_vector.h:558:4 @[ /opt/ros/humble/include/rosidl_runtime_cpp/rosidl_runtime_cpp/bounded_vector.hpp:121:5 @[ /opt/ros/humble/include/rcl_interfaces/rcl_interfaces/msg/detail/parameter_descriptor__struct.hpp:39:8 ] ] ] ] ]. Skipping.
Found a loop without a preheader at /usr/lib/gcc/aarch64-linux-gnu/11/../../../../include/c++/11/bits/stl_uninitialized.h:91:8 @[ /usr/lib/gcc/aarch64-linux-gnu/11/../../../../include/c++/11/bits/stl_uninitialized.h:148:14 @[ /usr/lib/gcc/aarch64-linux-gnu/11/../../../../include/c++/11/bits/stl_uninitialized.h:333:14 @[ /usr/lib/gcc/aarch64-linux-gnu/11/../../../../include/c++/11/bits/stl_vector.h:558:4 @[ /opt/ros/humble/include/rosidl_runtime_cpp/rosidl_runtime_cpp/bounded_vector.hpp:121:5 @[ /opt/ros/humble/include/rcl_interfaces/rcl_interfaces/msg/detail/parameter_descriptor__struct.hpp:39:8 ] ] ] ] ]. Skipping.
Found a loop without a preheader at /usr/lib/gcc/aarch64-linux-gnu/11/../../../../include/c++/11/bits/stl_construct.h:162:4 @[ /usr/lib/gcc/aarch64-linux-gnu/11/../../../../include/c++/11/bits/stl_construct.h:195:7 @[ /usr/lib/gcc/aarch64-linux-gnu/11/../../../../include/c++/11/bits/alloc_traits.h:848:7 @[ /usr/lib/gcc/aarch64-linux-gnu/11/../../../../include/c++/11/bits/stl_vector.h:680:2 @[ /opt/ros/humble/include/rcl_interfaces/rcl_interfaces/msg/detail/parameter_value__struct.hpp:33:8 ] ] ] ]. Skipping.
Found a loop without a preheader at /usr/lib/gcc/aarch64-linux-gnu/11/../../../../include/c++/11/bits/stl_construct.h:162:4 @[ /usr/lib/gcc/aarch64-linux-gnu/11/../../../../include/c++/11/bits/stl_construct.h:195:7 ]. Skipping.
Found a loop without a preheader at /usr/lib/gcc/aarch64-linux-gnu/11/../../../../include/c++/11/bits/stl_uninitialized.h:91:8. Skipping.
Found a loop without an exit block at /usr/lib/gcc/aarch64-linux-gnu/11/../../../../include/c++/11/bits/shared_ptr_base.h:259:7 @[ /usr/lib/gcc/aarch64-linux-gnu/11/../../../../include/c++/11/bits/shared_ptr_base.h:872:39 @[ /usr/lib/gcc/aarch64-linux-gnu/11/../../../../include/c++/11/bits/shared_ptr_base.h:1178:4 @[ /usr/lib/gcc/aarch64-linux-gnu/11/../../../../include/c++/11/bits/shared_ptr.h:326:4 @[ /usr/lib/gcc/aarch64-linux-gnu/11/../../../../include/c++/11/bits/shared_ptr.h:808:16 @[ ros2_caret_ws/install/include/rclcpp/rclcpp/publisher.hpp:207:70 ] ] ] ] ]. Skipping.
Found a loop without a preheader at /usr/lib/gcc/aarch64-linux-gnu/11/../../../../include/c++/11/bits/hashtable.h:1837:7 @[ /usr/lib/gcc/aarch64-linux-gnu/11/../../../../include/c++/11/bits/hashtable.h:810:31 @[ /usr/lib/gcc/aarch64-linux-gnu/11/../../../../include/c++/11/bits/hashtable.h:1970:23 ] ]. Skipping.
Found a loop without a preheader at /usr/lib/gcc/aarch64-linux-gnu/11/../../../../include/c++/11/bits/hashtable.h:2386:7. Skipping.
Found a loop without a preheader at /usr/lib/gcc/aarch64-linux-gnu/11/../../../../include/c++/11/bits/hashtable.h:1837:7 @[ /usr/lib/gcc/aarch64-linux-gnu/11/../../../../include/c++/11/bits/hashtable.h:810:31 @[ /usr/lib/gcc/aarch64-linux-gnu/11/../../../../include/c++/11/bits/hashtable.h:1970:23 ] ]. Skipping.
Found a loop without a preheader at /usr/lib/gcc/aarch64-linux-gnu/11/../../../../include/c++/11/bits/hashtable.h:1837:7 @[ /usr/lib/gcc/aarch64-linux-gnu/11/../../../../include/c++/11/bits/hashtable.h:810:31 @[ /usr/lib/gcc/aarch64-linux-gnu/11/../../../../include/c++/11/bits/hashtable.h:1970:23 ] ]. Skipping.
Found a loop without a preheader at /usr/lib/gcc/aarch64-linux-gnu/11/../../../../include/c++/11/bits/hashtable.h:1837:7 @[ /usr/lib/gcc/aarch64-linux-gnu/11/../../../../include/c++/11/bits/hashtable.h:810:31 @[ /usr/lib/gcc/aarch64-linux-gnu/11/../../../../include/c++/11/bits/hashtable.h:1970:23 ] ]. Skipping.
Found a loop without an exit block at /usr/lib/gcc/aarch64-linux-gnu/11/../../../../include/c++/11/bits/hashtable.h:1837:7. Skipping.
Found a loop without a preheader at /usr/lib/gcc/aarch64-linux-gnu/11/../../../../include/c++/11/bits/hashtable.h:2386:7. Skipping.
Found a loop without a preheader at /usr/lib/gcc/aarch64-linux-gnu/11/../../../../include/c++/11/bits/charconv.h:56:7 @[ /usr/lib/gcc/aarch64-linux-gnu/11/../../../../include/c++/11/bits/basic_string.h:6683:24 ]. Skipping.
Found a loop without an exit block at ros2_caret_ws/install/include/rclcpp/rclcpp/detail/qos_parameters.hpp:167:3. Skipping.
Found a loop without an exit block at /usr/lib/gcc/aarch64-linux-gnu/11/../../../../include/c++/11/bits/shared_ptr_base.h:259:7 @[ /usr/lib/gcc/aarch64-linux-gnu/11/../../../../include/c++/11/bits/shared_ptr_base.h:872:39 @[ /usr/lib/gcc/aarch64-linux-gnu/11/../../../../include/c++/11/bits/shared_ptr_base.h:1178:4 @[ /usr/lib/gcc/aarch64-linux-gnu/11/../../../../include/c++/11/bits/shared_ptr.h:326:4 @[ /usr/lib/gcc/aarch64-linux-gnu/11/../../../../include/c++/11/bits/shared_ptr.h:808:16 @[ ros2_caret_ws/install/include/rclcpp/rclcpp/publisher.hpp:207:70 ] ] ] ] ]. Skipping.
Found a loop without a preheader at /usr/lib/gcc/aarch64-linux-gnu/11/../../../../include/c++/11/bits/hashtable.h:1837:7 @[ /usr/lib/gcc/aarch64-linux-gnu/11/../../../../include/c++/11/bits/hashtable.h:810:31 @[ /usr/lib/gcc/aarch64-linux-gnu/11/../../../../include/c++/11/bits/hashtable.h:1970:23 ] ]. Skipping.
Found a loop without a preheader at /usr/lib/gcc/aarch64-linux-gnu/11/../../../../include/c++/11/bits/stl_construct.h:162:4 @[ /usr/lib/gcc/aarch64-linux-gnu/11/../../../../include/c++/11/bits/stl_construct.h:195:7 @[ /usr/lib/gcc/aarch64-linux-gnu/11/../../../../include/c++/11/bits/alloc_traits.h:848:7 @[ /usr/lib/gcc/aarch64-linux-gnu/11/../../../../include/c++/11/bits/stl_vector.h:680:2 ] ] ]. Skipping.
Found a loop without a preheader at /usr/lib/gcc/aarch64-linux-gnu/11/../../../../include/c++/11/bits/stl_construct.h:162:4 @[ /usr/lib/gcc/aarch64-linux-gnu/11/../../../../include/c++/11/bits/stl_construct.h:195:7 @[ /usr/lib/gcc/aarch64-linux-gnu/11/../../../../include/c++/11/bits/alloc_traits.h:848:7 @[ /usr/lib/gcc/aarch64-linux-gnu/11/../../../../include/c++/11/bits/stl_vector.h:680:2 @[ ros2_caret_ws/install/include/rclcpp/rclcpp/topic_statistics/subscription_topic_statistics.hpp:98:3 ] ] ] ]. Skipping.
Found a loop without a preheader at ros2_caret_ws/install/include/rclcpp/rclcpp/topic_statistics/subscription_topic_statistics.hpp:112:5. Skipping.
Found a loop without an exit block at ros2_caret_ws/install/include/rclcpp/rclcpp/topic_statistics/subscription_topic_statistics.hpp:152:5. Skipping.
Found a loop without an exit block at ros2_caret_ws/install/include/rclcpp/rclcpp/topic_statistics/subscription_topic_statistics.hpp:137:7. Skipping.
Found a loop without a preheader at /usr/lib/gcc/aarch64-linux-gnu/11/../../../../include/c++/11/bits/stl_construct.h:162:4 @[ /usr/lib/gcc/aarch64-linux-gnu/11/../../../../include/c++/11/bits/stl_construct.h:195:7 @[ /usr/lib/gcc/aarch64-linux-gnu/11/../../../../include/c++/11/bits/alloc_traits.h:848:7 @[ /usr/lib/gcc/aarch64-linux-gnu/11/../../../../include/c++/11/bits/stl_vector.h:1796:6 @[ /usr/lib/gcc/aarch64-linux-gnu/11/../../../../include/c++/11/bits/stl_vector.h:1499:9 @[ ros2_caret_ws/install/include/rclcpp/rclcpp/topic_statistics/subscription_topic_statistics.hpp:208:41 ] ] ] ] ]. Skipping.
Found a loop without a preheader at ros2_caret_ws/install/include/rclcpp/rclcpp/topic_statistics/subscription_topic_statistics.hpp:204:7. Skipping.
Found a loop without a preheader at /usr/lib/gcc/aarch64-linux-gnu/11/../../../../include/c++/11/bits/stl_uninitialized.h:1031:7 @[ /usr/lib/gcc/aarch64-linux-gnu/11/../../../../include/c++/11/bits/stl_uninitialized.h:1046:14 @[ /usr/lib/gcc/aarch64-linux-gnu/11/../../../../include/c++/11/bits/stl_vector.h:456:9 @[ /usr/lib/gcc/aarch64-linux-gnu/11/../../../../include/c++/11/bits/stl_vector.h:469:9 @[ /usr/lib/gcc/aarch64-linux-gnu/11/../../../../include/c++/11/bits/vector.tcc:466:23 ] ] ] ]. Skipping.
Found a loop without a preheader at /usr/lib/gcc/aarch64-linux-gnu/11/../../../../include/c++/11/bits/stl_uninitialized.h:1031:7 @[ /usr/lib/gcc/aarch64-linux-gnu/11/../../../../include/c++/11/bits/stl_uninitialized.h:1046:14 @[ /usr/lib/gcc/aarch64-linux-gnu/11/../../../../include/c++/11/bits/stl_vector.h:456:9 @[ /usr/lib/gcc/aarch64-linux-gnu/11/../../../../include/c++/11/bits/stl_vector.h:469:9 @[ /usr/lib/gcc/aarch64-linux-gnu/11/../../../../include/c++/11/bits/vector.tcc:461:23 ] ] ] ]. Skipping.
Found a loop without a preheader at /usr/lib/gcc/aarch64-linux-gnu/11/../../../../include/c++/11/bits/stl_uninitialized.h:91:8 @[ /usr/lib/gcc/aarch64-linux-gnu/11/../../../../include/c++/11/bits/stl_uninitialized.h:148:14 @[ /usr/lib/gcc/aarch64-linux-gnu/11/../../../../include/c++/11/bits/stl_uninitialized.h:333:14 @[ /usr/lib/gcc/aarch64-linux-gnu/11/../../../../include/c++/11/bits/stl_vector.h:558:4 @[ /opt/ros/humble/include/statistics_msgs/statistics_msgs/msg/detail/metrics_message__struct.hpp:40:8 ] ] ] ]. Skipping.
Found a loop without a preheader at /usr/lib/gcc/aarch64-linux-gnu/11/../../../../include/c++/11/bits/stl_construct.h:162:4. Skipping.
Found a loop without an exit block at /usr/lib/gcc/aarch64-linux-gnu/11/../../../../include/c++/11/bits/shared_ptr_base.h:259:7 @[ /usr/lib/gcc/aarch64-linux-gnu/11/../../../../include/c++/11/bits/shared_ptr_base.h:883:28 @[ /usr/lib/gcc/aarch64-linux-gnu/11/../../../../include/c++/11/bits/shared_ptr_base.h:1353:9 @[ /usr/lib/gcc/aarch64-linux-gnu/11/../../../../include/c++/11/bits/shared_ptr.h:418:9 @[ /usr/lib/gcc/aarch64-linux-gnu/11/../../../../include/c++/11/bits/shared_ptr.h:750:16 @[ ros2_caret_ws/install/include/rclcpp/rclcpp/publisher.hpp:561:26 ] ] ] ] ]. Skipping.
Found a loop without an exit block at /usr/lib/gcc/aarch64-linux-gnu/11/../../../../include/c++/11/bits/shared_ptr_base.h:259:7 @[ /usr/lib/gcc/aarch64-linux-gnu/11/../../../../include/c++/11/bits/shared_ptr_base.h:883:28 @[ /usr/lib/gcc/aarch64-linux-gnu/11/../../../../include/c++/11/bits/shared_ptr_base.h:1353:9 @[ /usr/lib/gcc/aarch64-linux-gnu/11/../../../../include/c++/11/bits/shared_ptr.h:418:9 @[ /usr/lib/gcc/aarch64-linux-gnu/11/../../../../include/c++/11/bits/shared_ptr.h:750:16 @[ ros2_caret_ws/install/include/rclcpp/rclcpp/publisher.hpp:537:26 ] ] ] ] ]. Skipping.
Found a loop without a preheader at /usr/lib/gcc/aarch64-linux-gnu/11/../../../../include/c++/11/bits/hashtable.h:1837:7 @[ /usr/lib/gcc/aarch64-linux-gnu/11/../../../../include/c++/11/bits/hashtable.h:810:31 @[ /usr/lib/gcc/aarch64-linux-gnu/11/../../../../include/c++/11/bits/hashtable.h:1595:23 @[ /usr/lib/gcc/aarch64-linux-gnu/11/../../../../include/c++/11/bits/unordered_map.h:869:21 @[ ros2_caret_ws/install/include/rclcpp/rclcpp/experimental/intra_process_manager.hpp:260:38 ] ] ] ]. Skipping.
Found a loop without an exit block at /usr/lib/gcc/aarch64-linux-gnu/11/../../../../include/c++/11/shared_mutex:228:7 @[ /usr/lib/gcc/aarch64-linux-gnu/11/../../../../include/c++/11/shared_mutex:489:33 @[ /usr/lib/gcc/aarch64-linux-gnu/11/../../../../include/c++/11/shared_mutex:727:13 @[ ros2_caret_ws/install/include/rclcpp/rclcpp/experimental/intra_process_manager.hpp:258:47 ] ] ]. Skipping.
Found a loop without an exit block at ros2_caret_ws/install/include/rclcpp/rclcpp/experimental/intra_process_manager.hpp:363:5. Skipping.
Found a loop without an exit block at ros2_caret_ws/install/include/rclcpp/rclcpp/experimental/intra_process_manager.hpp:442:5. Skipping.
Found a loop without a preheader at /usr/lib/gcc/aarch64-linux-gnu/11/../../../../include/c++/11/bits/hashtable.h:1837:7 @[ /usr/lib/gcc/aarch64-linux-gnu/11/../../../../include/c++/11/bits/hashtable.h:810:31 @[ /usr/lib/gcc/aarch64-linux-gnu/11/../../../../include/c++/11/bits/hashtable.h:1595:23 @[ /usr/lib/gcc/aarch64-linux-gnu/11/../../../../include/c++/11/bits/unordered_map.h:869:21 @[ ros2_caret_ws/install/include/rclcpp/rclcpp/experimental/intra_process_manager.hpp:196:38 ] ] ] ]. Skipping.
Found a loop without an exit block at /usr/lib/gcc/aarch64-linux-gnu/11/../../../../include/c++/11/shared_mutex:228:7 @[ /usr/lib/gcc/aarch64-linux-gnu/11/../../../../include/c++/11/shared_mutex:489:33 @[ /usr/lib/gcc/aarch64-linux-gnu/11/../../../../include/c++/11/shared_mutex:727:13 @[ ros2_caret_ws/install/include/rclcpp/rclcpp/experimental/intra_process_manager.hpp:194:47 ] ] ]. Skipping.
Found a loop without an exit block at /usr/lib/gcc/aarch64-linux-gnu/11/../../../../include/c++/11/bits/shared_ptr_base.h:259:7 @[ /usr/lib/gcc/aarch64-linux-gnu/11/../../../../include/c++/11/bits/shared_ptr_base.h:883:28 @[ /usr/lib/gcc/aarch64-linux-gnu/11/../../../../include/c++/11/bits/shared_ptr_base.h:1353:9 @[ /usr/lib/gcc/aarch64-linux-gnu/11/../../../../include/c++/11/bits/shared_ptr.h:418:9 @[ /usr/lib/gcc/aarch64-linux-gnu/11/../../../../include/c++/11/bits/shared_ptr.h:750:16 @[ ros2_caret_ws/install/include/rclcpp/rclcpp/create_subscription.hpp:102:71 @[ ros2_caret_ws/install/include/rclcpp/rclcpp/timer.hpp:244:5 ] ] ] ] ] ]. Skipping.
Found a loop without a preheader at /usr/lib/gcc/aarch64-linux-gnu/11/../../../../include/c++/11/bits/hashtable.h:1837:7 @[ /usr/lib/gcc/aarch64-linux-gnu/11/../../../../include/c++/11/bits/hashtable.h:810:31 @[ /usr/lib/gcc/aarch64-linux-gnu/11/../../../../include/c++/11/bits/hashtable.h:1970:23 ] ]. Skipping.
Found a loop without a preheader at /usr/lib/gcc/aarch64-linux-gnu/11/../../../../include/c++/11/bits/hashtable.h:2386:7. Skipping.
Found a loop without a preheader at /usr/lib/gcc/aarch64-linux-gnu/11/../../../../include/c++/11/bits/hashtable.h:1837:7 @[ /usr/lib/gcc/aarch64-linux-gnu/11/../../../../include/c++/11/bits/hashtable.h:810:31 @[ /usr/lib/gcc/aarch64-linux-gnu/11/../../../../include/c++/11/bits/hashtable.h:1970:23 ] ]. Skipping.
Found a loop without a preheader at /usr/lib/gcc/aarch64-linux-gnu/11/../../../../include/c++/11/bits/hashtable.h:2386:7. Skipping.
Found a loop without a preheader at /usr/lib/gcc/aarch64-linux-gnu/11/../../../../include/c++/11/bits/hashtable.h:1837:7 @[ /usr/lib/gcc/aarch64-linux-gnu/11/../../../../include/c++/11/bits/hashtable.h:810:31 @[ /usr/lib/gcc/aarch64-linux-gnu/11/../../../../include/c++/11/bits/hashtable.h:1970:23 ] ]. Skipping.
Found a loop without a preheader at /usr/lib/gcc/aarch64-linux-gnu/11/../../../../include/c++/11/bits/hashtable.h:1837:7 @[ /usr/lib/gcc/aarch64-linux-gnu/11/../../../../include/c++/11/bits/hashtable.h:810:31 @[ /usr/lib/gcc/aarch64-linux-gnu/11/../../../../include/c++/11/bits/hashtable.h:1970:23 ] ]. Skipping.
Found a loop without a preheader at /usr/lib/gcc/aarch64-linux-gnu/11/../../../../include/c++/11/bits/hashtable.h:1837:7 @[ /usr/lib/gcc/aarch64-linux-gnu/11/../../../../include/c++/11/bits/hashtable.h:810:31 @[ /usr/lib/gcc/aarch64-linux-gnu/11/../../../../include/c++/11/bits/hashtable.h:1970:23 ] ]. Skipping.
Found a loop without a preheader at /usr/lib/gcc/aarch64-linux-gnu/11/../../../../include/c++/11/bits/hashtable.h:1837:7 @[ /usr/lib/gcc/aarch64-linux-gnu/11/../../../../include/c++/11/bits/hashtable.h:810:31 @[ /usr/lib/gcc/aarch64-linux-gnu/11/../../../../include/c++/11/bits/hashtable.h:1970:23 ] ]. Skipping.
Found a loop without a preheader at /usr/lib/gcc/aarch64-linux-gnu/11/../../../../include/c++/11/bits/hashtable.h:1837:7 @[ /usr/lib/gcc/aarch64-linux-gnu/11/../../../../include/c++/11/bits/hashtable.h:810:31 @[ /usr/lib/gcc/aarch64-linux-gnu/11/../../../../include/c++/11/bits/hashtable.h:1970:23 ] ]. Skipping.
Found a loop without a preheader at /usr/lib/gcc/aarch64-linux-gnu/11/../../../../include/c++/11/bits/hashtable.h:1837:7 @[ /usr/lib/gcc/aarch64-linux-gnu/11/../../../../include/c++/11/bits/hashtable.h:810:31 @[ /usr/lib/gcc/aarch64-linux-gnu/11/../../../../include/c++/11/bits/hashtable.h:1970:23 ] ]. Skipping.
Found a loop without a preheader at /usr/lib/gcc/aarch64-linux-gnu/11/../../../../include/c++/11/bits/hashtable.h:1837:7 @[ /usr/lib/gcc/aarch64-linux-gnu/11/../../../../include/c++/11/bits/hashtable.h:810:31 @[ /usr/lib/gcc/aarch64-linux-gnu/11/../../../../include/c++/11/bits/hashtable.h:1970:23 ] ]. Skipping.
Found a loop without a preheader at /usr/lib/gcc/aarch64-linux-gnu/11/../../../../include/c++/11/bits/hashtable.h:1837:7 @[ /usr/lib/gcc/aarch64-linux-gnu/11/../../../../include/c++/11/bits/hashtable.h:810:31 @[ /usr/lib/gcc/aarch64-linux-gnu/11/../../../../include/c++/11/bits/hashtable.h:1970:23 ] ]. Skipping.
Found a loop without a preheader at /usr/lib/gcc/aarch64-linux-gnu/11/../../../../include/c++/11/bits/stl_construct.h:162:4 @[ /usr/lib/gcc/aarch64-linux-gnu/11/../../../../include/c++/11/bits/stl_construct.h:195:7 @[ /usr/lib/gcc/aarch64-linux-gnu/11/../../../../include/c++/11/bits/alloc_traits.h:848:7 @[ /usr/lib/gcc/aarch64-linux-gnu/11/../../../../include/c++/11/bits/stl_vector.h:680:2 ] ] ]. Skipping.
Found a loop without a preheader at /usr/lib/gcc/aarch64-linux-gnu/11/../../../../include/c++/11/bits/stl_construct.h:162:4 @[ /usr/lib/gcc/aarch64-linux-gnu/11/../../../../include/c++/11/bits/stl_construct.h:195:7 @[ /usr/lib/gcc/aarch64-linux-gnu/11/../../../../include/c++/11/bits/alloc_traits.h:848:7 @[ /usr/lib/gcc/aarch64-linux-gnu/11/../../../../include/c++/11/bits/stl_vector.h:680:2 @[ ros2_caret_ws/install/include/rclcpp/rclcpp/experimental/buffers/ring_buffer_implementation.hpp:56:40 ] ] ] ]. Skipping.
Found a loop without a preheader at /usr/lib/gcc/aarch64-linux-gnu/11/../../../../include/c++/11/bits/stl_construct.h:162:4 @[ /usr/lib/gcc/aarch64-linux-gnu/11/../../../../include/c++/11/bits/stl_construct.h:195:7 @[ /usr/lib/gcc/aarch64-linux-gnu/11/../../../../include/c++/11/bits/alloc_traits.h:848:7 @[ /usr/lib/gcc/aarch64-linux-gnu/11/../../../../include/c++/11/bits/stl_vector.h:680:2 @[ ros2_caret_ws/install/include/rclcpp/rclcpp/experimental/buffers/ring_buffer_implementation.hpp:56:40 @[ ros2_caret_ws/install/include/rclcpp/rclcpp/experimental/buffers/ring_buffer_implementation.hpp:56:39 ] ] ] ] ]. Skipping.
Found a loop without a preheader at /usr/lib/gcc/aarch64-linux-gnu/11/../../../../include/c++/11/bits/stl_construct.h:162:4 @[ /usr/lib/gcc/aarch64-linux-gnu/11/../../../../include/c++/11/bits/stl_construct.h:195:7 @[ /usr/lib/gcc/aarch64-linux-gnu/11/../../../../include/c++/11/bits/alloc_traits.h:848:7 @[ /usr/lib/gcc/aarch64-linux-gnu/11/../../../../include/c++/11/bits/stl_vector.h:680:2 ] ] ]. Skipping.
Found a loop without a preheader at /usr/lib/gcc/aarch64-linux-gnu/11/../../../../include/c++/11/bits/stl_construct.h:162:4 @[ /usr/lib/gcc/aarch64-linux-gnu/11/../../../../include/c++/11/bits/stl_construct.h:195:7 @[ /usr/lib/gcc/aarch64-linux-gnu/11/../../../../include/c++/11/bits/alloc_traits.h:848:7 @[ /usr/lib/gcc/aarch64-linux-gnu/11/../../../../include/c++/11/bits/stl_vector.h:680:2 @[ ros2_caret_ws/install/include/rclcpp/rclcpp/experimental/buffers/ring_buffer_implementation.hpp:56:40 ] ] ] ]. Skipping.
Found a loop without a preheader at /usr/lib/gcc/aarch64-linux-gnu/11/../../../../include/c++/11/bits/stl_construct.h:162:4 @[ /usr/lib/gcc/aarch64-linux-gnu/11/../../../../include/c++/11/bits/stl_construct.h:195:7 @[ /usr/lib/gcc/aarch64-linux-gnu/11/../../../../include/c++/11/bits/alloc_traits.h:848:7 @[ /usr/lib/gcc/aarch64-linux-gnu/11/../../../../include/c++/11/bits/stl_vector.h:680:2 @[ ros2_caret_ws/install/include/rclcpp/rclcpp/experimental/buffers/ring_buffer_implementation.hpp:56:40 @[ ros2_caret_ws/install/include/rclcpp/rclcpp/experimental/buffers/ring_buffer_implementation.hpp:56:39 ] ] ] ] ]. Skipping.
Found a loop without a preheader at /usr/lib/gcc/aarch64-linux-gnu/11/../../../../include/c++/11/bits/stl_construct.h:162:4 @[ /usr/lib/gcc/aarch64-linux-gnu/11/../../../../include/c++/11/bits/stl_construct.h:195:7 @[ /usr/lib/gcc/aarch64-linux-gnu/11/../../../../include/c++/11/bits/alloc_traits.h:848:7 @[ /usr/lib/gcc/aarch64-linux-gnu/11/../../../../include/c++/11/bits/stl_vector.h:680:2 @[ ros2_caret_ws/install/include/rclcpp/rclcpp/subscription_content_filter_options.hpp:25:8 @[ ros2_caret_ws/install/include/rclcpp/rclcpp/subscription_options.hpp:39:8 ] ] ] ] ]. Skipping.
Found a loop without a preheader at /usr/lib/gcc/aarch64-linux-gnu/11/../../../../include/c++/11/bits/stl_construct.h:162:4 @[ /usr/lib/gcc/aarch64-linux-gnu/11/../../../../include/c++/11/bits/stl_construct.h:195:7 @[ /usr/lib/gcc/aarch64-linux-gnu/11/../../../../include/c++/11/bits/alloc_traits.h:848:7 @[ /usr/lib/gcc/aarch64-linux-gnu/11/../../../../include/c++/11/bits/stl_vector.h:680:2 @[ /opt/ros/humble/include/visualization_msgs/visualization_msgs/msg/detail/marker_array__struct.hpp:37:8 ] ] ] ]. Skipping.
Found a loop without a preheader at /usr/lib/gcc/aarch64-linux-gnu/11/../../../../include/c++/11/bits/stl_construct.h:162:4 @[ /usr/lib/gcc/aarch64-linux-gnu/11/../../../../include/c++/11/bits/stl_construct.h:195:7 @[ /usr/lib/gcc/aarch64-linux-gnu/11/../../../../include/c++/11/bits/alloc_traits.h:848:7 @[ /usr/lib/gcc/aarch64-linux-gnu/11/../../../../include/c++/11/bits/stl_vector.h:680:2 ] ] ]. Skipping.
Found a loop without a preheader at /usr/lib/gcc/aarch64-linux-gnu/11/../../../../include/c++/11/bits/stl_uninitialized.h:1031:7 @[ /usr/lib/gcc/aarch64-linux-gnu/11/../../../../include/c++/11/bits/stl_uninitialized.h:1046:14 @[ /usr/lib/gcc/aarch64-linux-gnu/11/../../../../include/c++/11/bits/stl_vector.h:456:9 @[ /usr/lib/gcc/aarch64-linux-gnu/11/../../../../include/c++/11/bits/stl_vector.h:469:9 @[ /usr/lib/gcc/aarch64-linux-gnu/11/../../../../include/c++/11/bits/vector.tcc:466:23 ] ] ] ]. Skipping.
Found a loop without a preheader at /usr/lib/gcc/aarch64-linux-gnu/11/../../../../include/c++/11/bits/stl_uninitialized.h:1031:7 @[ /usr/lib/gcc/aarch64-linux-gnu/11/../../../../include/c++/11/bits/stl_uninitialized.h:1046:14 @[ /usr/lib/gcc/aarch64-linux-gnu/11/../../../../include/c++/11/bits/stl_vector.h:456:9 @[ /usr/lib/gcc/aarch64-linux-gnu/11/../../../../include/c++/11/bits/stl_vector.h:469:9 @[ /usr/lib/gcc/aarch64-linux-gnu/11/../../../../include/c++/11/bits/vector.tcc:461:23 ] ] ] ]. Skipping.
Found a loop without a preheader at /usr/lib/gcc/aarch64-linux-gnu/11/../../../../include/c++/11/bits/stl_uninitialized.h:1031:7 @[ /usr/lib/gcc/aarch64-linux-gnu/11/../../../../include/c++/11/bits/stl_uninitialized.h:1046:14 @[ /usr/lib/gcc/aarch64-linux-gnu/11/../../../../include/c++/11/bits/stl_vector.h:456:9 @[ /usr/lib/gcc/aarch64-linux-gnu/11/../../../../include/c++/11/bits/stl_vector.h:469:9 @[ /usr/lib/gcc/aarch64-linux-gnu/11/../../../../include/c++/11/bits/vector.tcc:461:23 @[ /usr/lib/gcc/aarch64-linux-gnu/11/../../../../include/c++/11/bits/stl_vector.h:1198:4 @[ src/core/autoware_core/planning/autoware_mission_planner/src/lanelet2_plugins/default_planner.cpp:185:17 ] ] ] ] ] ]. Skipping.
Found a loop without a preheader at /usr/lib/gcc/aarch64-linux-gnu/11/../../../../include/c++/11/bits/stl_uninitialized.h:1031:7 @[ /usr/lib/gcc/aarch64-linux-gnu/11/../../../../include/c++/11/bits/stl_uninitialized.h:1046:14 @[ /usr/lib/gcc/aarch64-linux-gnu/11/../../../../include/c++/11/bits/stl_vector.h:456:9 @[ /usr/lib/gcc/aarch64-linux-gnu/11/../../../../include/c++/11/bits/stl_vector.h:469:9 @[ /usr/lib/gcc/aarch64-linux-gnu/11/../../../../include/c++/11/bits/vector.tcc:461:23 @[ /usr/lib/gcc/aarch64-linux-gnu/11/../../../../include/c++/11/bits/vector.tcc:121:4 @[ /usr/lib/gcc/aarch64-linux-gnu/11/../../../../include/c++/11/bits/stl_vector.h:1204:9 @[ src/core/autoware_core/planning/autoware_mission_planner/src/lanelet2_plugins/default_planner.cpp:183:17 ] ] ] ] ] ] ]. Skipping.
Found a loop without a preheader at /usr/lib/gcc/aarch64-linux-gnu/11/../../../../include/c++/11/bits/stl_uninitialized.h:1031:7 @[ /usr/lib/gcc/aarch64-linux-gnu/11/../../../../include/c++/11/bits/stl_uninitialized.h:1046:14 @[ /usr/lib/gcc/aarch64-linux-gnu/11/../../../../include/c++/11/bits/stl_vector.h:456:9 @[ /usr/lib/gcc/aarch64-linux-gnu/11/../../../../include/c++/11/bits/stl_vector.h:469:9 @[ /usr/lib/gcc/aarch64-linux-gnu/11/../../../../include/c++/11/bits/vector.tcc:461:23 @[ /usr/lib/gcc/aarch64-linux-gnu/11/../../../../include/c++/11/bits/vector.tcc:121:4 @[ /usr/lib/gcc/aarch64-linux-gnu/11/../../../../include/c++/11/bits/stl_vector.h:1204:9 @[ src/core/autoware_core/planning/autoware_mission_planner/src/lanelet2_plugins/default_planner.cpp:181:17 ] ] ] ] ] ] ]. Skipping.
Found a loop without a preheader at /usr/lib/gcc/aarch64-linux-gnu/11/../../../../include/c++/11/bits/stl_uninitialized.h:1031:7 @[ /usr/lib/gcc/aarch64-linux-gnu/11/../../../../include/c++/11/bits/stl_uninitialized.h:1046:14 @[ /usr/lib/gcc/aarch64-linux-gnu/11/../../../../include/c++/11/bits/stl_vector.h:456:9 @[ /usr/lib/gcc/aarch64-linux-gnu/11/../../../../include/c++/11/bits/stl_vector.h:469:9 @[ /usr/lib/gcc/aarch64-linux-gnu/11/../../../../include/c++/11/bits/vector.tcc:461:23 @[ /usr/lib/gcc/aarch64-linux-gnu/11/../../../../include/c++/11/bits/vector.tcc:121:4 @[ /usr/lib/gcc/aarch64-linux-gnu/11/../../../../include/c++/11/bits/stl_vector.h:1204:9 @[ src/core/autoware_core/planning/autoware_mission_planner/src/lanelet2_plugins/default_planner.cpp:179:17 ] ] ] ] ] ] ]. Skipping.
Found a loop without a preheader at /usr/lib/gcc/aarch64-linux-gnu/11/../../../../include/c++/11/bits/stl_uninitialized.h:1031:7 @[ /usr/lib/gcc/aarch64-linux-gnu/11/../../../../include/c++/11/bits/stl_uninitialized.h:1046:14 @[ /usr/lib/gcc/aarch64-linux-gnu/11/../../../../include/c++/11/bits/stl_vector.h:456:9 @[ /usr/lib/gcc/aarch64-linux-gnu/11/../../../../include/c++/11/bits/stl_vector.h:469:9 @[ /usr/lib/gcc/aarch64-linux-gnu/11/../../../../include/c++/11/bits/vector.tcc:461:23 @[ /usr/lib/gcc/aarch64-linux-gnu/11/../../../../include/c++/11/bits/vector.tcc:121:4 @[ /usr/lib/gcc/aarch64-linux-gnu/11/../../../../include/c++/11/bits/stl_vector.h:1204:9 @[ src/core/autoware_core/planning/autoware_mission_planner/src/lanelet2_plugins/default_planner.cpp:177:17 ] ] ] ] ] ] ]. Skipping.
Found a loop without a preheader at /usr/lib/gcc/aarch64-linux-gnu/11/../../../../include/c++/11/bits/stl_uninitialized.h:1031:7 @[ /usr/lib/gcc/aarch64-linux-gnu/11/../../../../include/c++/11/bits/stl_uninitialized.h:1046:14 @[ /usr/lib/gcc/aarch64-linux-gnu/11/../../../../include/c++/11/bits/stl_vector.h:456:9 @[ /usr/lib/gcc/aarch64-linux-gnu/11/../../../../include/c++/11/bits/stl_vector.h:469:9 @[ /usr/lib/gcc/aarch64-linux-gnu/11/../../../../include/c++/11/bits/vector.tcc:461:23 @[ /usr/lib/gcc/aarch64-linux-gnu/11/../../../../include/c++/11/bits/vector.tcc:121:4 @[ /usr/lib/gcc/aarch64-linux-gnu/11/../../../../include/c++/11/bits/stl_vector.h:1204:9 @[ src/core/autoware_core/planning/autoware_mission_planner/src/lanelet2_plugins/default_planner.cpp:175:17 ] ] ] ] ] ] ]. Skipping.
Found a loop without a preheader at /usr/lib/gcc/aarch64-linux-gnu/11/../../../../include/c++/11/bits/stl_uninitialized.h:1031:7 @[ /usr/lib/gcc/aarch64-linux-gnu/11/../../../../include/c++/11/bits/stl_uninitialized.h:1046:14 @[ /usr/lib/gcc/aarch64-linux-gnu/11/../../../../include/c++/11/bits/stl_vector.h:456:9 @[ /usr/lib/gcc/aarch64-linux-gnu/11/../../../../include/c++/11/bits/stl_vector.h:469:9 @[ /usr/lib/gcc/aarch64-linux-gnu/11/../../../../include/c++/11/bits/vector.tcc:461:23 @[ /usr/lib/gcc/aarch64-linux-gnu/11/../../../../include/c++/11/bits/vector.tcc:121:4 @[ /usr/lib/gcc/aarch64-linux-gnu/11/../../../../include/c++/11/bits/stl_vector.h:1204:9 @[ src/core/autoware_core/planning/autoware_mission_planner/src/lanelet2_plugins/default_planner.cpp:173:17 ] ] ] ] ] ] ]. Skipping.
Found a loop without a preheader at /usr/lib/gcc/aarch64-linux-gnu/11/../../../../include/c++/11/bits/stl_uninitialized.h:1031:7 @[ /usr/lib/gcc/aarch64-linux-gnu/11/../../../../include/c++/11/bits/stl_uninitialized.h:1046:14 @[ /usr/lib/gcc/aarch64-linux-gnu/11/../../../../include/c++/11/bits/stl_vector.h:456:9 @[ /usr/lib/gcc/aarch64-linux-gnu/11/../../../../include/c++/11/bits/stl_vector.h:469:9 @[ /usr/lib/gcc/aarch64-linux-gnu/11/../../../../include/c++/11/bits/vector.tcc:466:23 ] ] ] ]. Skipping.
Found a loop without a preheader at /usr/lib/gcc/aarch64-linux-gnu/11/../../../../include/c++/11/bits/stl_uninitialized.h:1031:7 @[ /usr/lib/gcc/aarch64-linux-gnu/11/../../../../include/c++/11/bits/stl_uninitialized.h:1046:14 @[ /usr/lib/gcc/aarch64-linux-gnu/11/../../../../include/c++/11/bits/stl_vector.h:456:9 @[ /usr/lib/gcc/aarch64-linux-gnu/11/../../../../include/c++/11/bits/stl_vector.h:469:9 @[ /usr/lib/gcc/aarch64-linux-gnu/11/../../../../include/c++/11/bits/vector.tcc:461:23 ] ] ] ]. Skipping.
Found a loop without a preheader at /usr/lib/gcc/aarch64-linux-gnu/11/../../../../include/c++/11/bits/stl_uninitialized.h:91:8 @[ /usr/lib/gcc/aarch64-linux-gnu/11/../../../../include/c++/11/bits/stl_uninitialized.h:148:14 @[ /usr/lib/gcc/aarch64-linux-gnu/11/../../../../include/c++/11/bits/stl_uninitialized.h:333:14 @[ /usr/lib/gcc/aarch64-linux-gnu/11/../../../../include/c++/11/bits/stl_vector.h:558:4 @[ /opt/ros/humble/include/visualization_msgs/visualization_msgs/msg/detail/marker__struct.hpp:54:8 ] ] ] ]. Skipping.
Found a loop without a preheader at /usr/lib/gcc/aarch64-linux-gnu/11/../../../../include/c++/11/bits/stl_uninitialized.h:91:8 @[ /usr/lib/gcc/aarch64-linux-gnu/11/../../../../include/c++/11/bits/stl_uninitialized.h:148:14 @[ /usr/lib/gcc/aarch64-linux-gnu/11/../../../../include/c++/11/bits/stl_uninitialized.h:333:14 @[ /usr/lib/gcc/aarch64-linux-gnu/11/../../../../include/c++/11/bits/stl_vector.h:558:4 @[ /opt/ros/humble/include/visualization_msgs/visualization_msgs/msg/detail/marker__struct.hpp:54:8 ] ] ] ]. Skipping.
Found a loop without a preheader at /usr/lib/gcc/aarch64-linux-gnu/11/../../../../include/c++/11/bits/stl_construct.h:162:4 @[ /usr/lib/gcc/aarch64-linux-gnu/11/../../../../include/c++/11/bits/stl_construct.h:195:7 @[ /usr/lib/gcc/aarch64-linux-gnu/11/../../../../include/c++/11/bits/alloc_traits.h:848:7 @[ /usr/lib/gcc/aarch64-linux-gnu/11/../../../../include/c++/11/bits/stl_vector.h:680:2 @[ src/core/autoware_core/planning/autoware_mission_planner/src/lanelet2_plugins/default_planner.cpp:230:1 ] ] ] ]. Skipping.
Found a loop without a preheader at /usr/lib/gcc/aarch64-linux-gnu/11/../../../../include/c++/11/bits/stl_construct.h:162:4 @[ /usr/lib/gcc/aarch64-linux-gnu/11/../../../../include/c++/11/bits/stl_construct.h:195:7 @[ /usr/lib/gcc/aarch64-linux-gnu/11/../../../../include/c++/11/bits/alloc_traits.h:848:7 @[ /usr/lib/gcc/aarch64-linux-gnu/11/../../../../include/c++/11/bits/stl_vector.h:680:2 @[ src/core/autoware_core/planning/autoware_mission_planner/src/lanelet2_plugins/default_planner.cpp:230:1 ] ] ] ]. Skipping.
Found a loop without a preheader at /usr/lib/gcc/aarch64-linux-gnu/11/../../../../include/c++/11/bits/stl_construct.h:162:4 @[ /usr/lib/gcc/aarch64-linux-gnu/11/../../../../include/c++/11/bits/stl_construct.h:195:7 @[ /usr/lib/gcc/aarch64-linux-gnu/11/../../../../include/c++/11/bits/alloc_traits.h:848:7 @[ /usr/lib/gcc/aarch64-linux-gnu/11/../../../../include/c++/11/bits/stl_vector.h:680:2 @[ src/core/autoware_core/planning/autoware_mission_planner/src/lanelet2_plugins/default_planner.cpp:222:5 ] ] ] ]. Skipping.
Found a loop without a preheader at /usr/lib/gcc/aarch64-linux-gnu/11/../../../../include/c++/11/bits/stl_construct.h:162:4 @[ /usr/lib/gcc/aarch64-linux-gnu/11/../../../../include/c++/11/bits/stl_construct.h:195:7 @[ /usr/lib/gcc/aarch64-linux-gnu/11/../../../../include/c++/11/bits/alloc_traits.h:848:7 @[ /usr/lib/gcc/aarch64-linux-gnu/11/../../../../include/c++/11/bits/stl_vector.h:680:2 @[ src/core/autoware_core/planning/autoware_mission_planner/src/lanelet2_plugins/default_planner.cpp:222:5 ] ] ] ]. Skipping.
Found a loop without a preheader at /usr/lib/gcc/aarch64-linux-gnu/11/../../../../include/c++/11/bits/stl_construct.h:162:4 @[ /usr/lib/gcc/aarch64-linux-gnu/11/../../../../include/c++/11/bits/stl_construct.h:195:7 @[ /usr/lib/gcc/aarch64-linux-gnu/11/../../../../include/c++/11/bits/alloc_traits.h:848:7 @[ /usr/lib/gcc/aarch64-linux-gnu/11/../../../../include/c++/11/bits/stl_vector.h:680:2 @[ src/core/autoware_core/planning/autoware_mission_planner/src/lanelet2_plugins/default_planner.cpp:222:5 ] ] ] ]. Skipping.
Found a loop without a preheader at /usr/lib/gcc/aarch64-linux-gnu/11/../../../../include/c++/11/bits/stl_uninitialized.h:91:8 @[ /usr/lib/gcc/aarch64-linux-gnu/11/../../../../include/c++/11/bits/stl_uninitialized.h:148:14 @[ /usr/lib/gcc/aarch64-linux-gnu/11/../../../../include/c++/11/bits/stl_uninitialized.h:333:14 @[ /usr/lib/gcc/aarch64-linux-gnu/11/../../../../include/c++/11/bits/stl_vector.h:558:4 @[ src/core/autoware_core/planning/autoware_mission_planner/src/lanelet2_plugins/default_planner.cpp:224:47 ] ] ] ]. Skipping.
Found a loop without a preheader at /usr/lib/gcc/aarch64-linux-gnu/11/../../../../include/c++/11/bits/stl_uninitialized.h:91:8 @[ /usr/lib/gcc/aarch64-linux-gnu/11/../../../../include/c++/11/bits/stl_uninitialized.h:148:14 @[ /usr/lib/gcc/aarch64-linux-gnu/11/../../../../include/c++/11/bits/stl_uninitialized.h:333:14 @[ /usr/lib/gcc/aarch64-linux-gnu/11/../../../../include/c++/11/bits/stl_vector.h:558:4 @[ src/core/autoware_core/planning/autoware_mission_planner/src/lanelet2_plugins/default_planner.cpp:223:65 ] ] ] ]. Skipping.
Found a loop without an exit block at src/core/autoware_core/planning/autoware_mission_planner/src/lanelet2_plugins/default_planner.cpp:199:3. Skipping.
Found a loop without a preheader at /usr/lib/gcc/aarch64-linux-gnu/11/../../../../include/c++/11/bits/stl_construct.h:162:4 @[ /usr/lib/gcc/aarch64-linux-gnu/11/../../../../include/c++/11/bits/stl_construct.h:195:7 @[ /usr/lib/gcc/aarch64-linux-gnu/11/../../../../include/c++/11/bits/alloc_traits.h:848:7 @[ /usr/lib/gcc/aarch64-linux-gnu/11/../../../../include/c++/11/bits/stl_vector.h:680:2 ] ] ]. Skipping.
Found a loop without a preheader at /usr/lib/gcc/aarch64-linux-gnu/11/../../../../include/c++/11/bits/stl_construct.h:162:4 @[ /usr/lib/gcc/aarch64-linux-gnu/11/../../../../include/c++/11/bits/stl_construct.h:195:7 @[ /usr/lib/gcc/aarch64-linux-gnu/11/../../../../include/c++/11/bits/alloc_traits.h:848:7 @[ /usr/lib/gcc/aarch64-linux-gnu/11/../../../../include/c++/11/bits/stl_vector.h:680:2 ] ] ]. Skipping.
Found a loop without a preheader at /usr/lib/gcc/aarch64-linux-gnu/11/../../../../include/c++/11/bits/stl_construct.h:162:4 @[ /usr/lib/gcc/aarch64-linux-gnu/11/../../../../include/c++/11/bits/stl_construct.h:195:7 @[ /usr/lib/gcc/aarch64-linux-gnu/11/../../../../include/c++/11/bits/alloc_traits.h:848:7 @[ /usr/lib/gcc/aarch64-linux-gnu/11/../../../../include/c++/11/bits/stl_vector.h:680:2 @[ /usr/lib/gcc/aarch64-linux-gnu/11/../../../../include/c++/11/ext/new_allocator.h:162:4 ] ] ] ]. Skipping.
Found a loop without a preheader at /usr/lib/gcc/aarch64-linux-gnu/11/../../../../include/c++/11/bits/stl_tree.h:114:7 @[ /usr/lib/gcc/aarch64-linux-gnu/11/../../../../include/c++/11/bits/stl_tree.h:800:16 @[ /usr/lib/gcc/aarch64-linux-gnu/11/../../../../include/c++/11/bits/stl_tree.h:891:20 @[ /usr/lib/gcc/aarch64-linux-gnu/11/../../../../include/c++/11/bits/stl_tree.h:901:9 @[ /usr/lib/gcc/aarch64-linux-gnu/11/../../../../include/c++/11/bits/stl_tree.h:939:16 @[ /usr/lib/gcc/aarch64-linux-gnu/11/../../../../include/c++/11/bits/stl_map.h:207:7 @[ /opt/ros/humble/include/lanelet2_core/utility/HybridMap.h:94:37 @[ /usr/lib/gcc/aarch64-linux-gnu/11/../../../../include/c++/11/ext/new_allocator.h:162:27 ] ] ] ] ] ] ]. Skipping.
Found a loop without an exit block at /opt/ros/humble/include/lanelet2_core/utility/HybridMap.h:41:3. Skipping.
Found a loop without a preheader at /usr/lib/gcc/aarch64-linux-gnu/11/../../../../include/c++/11/bits/stl_tree.h:1860:6. Skipping.
Found a loop without a preheader at /usr/lib/gcc/aarch64-linux-gnu/11/../../../../include/c++/11/bits/stl_tree.h:1887:7. Skipping.
Found a loop without a preheader at /usr/lib/gcc/aarch64-linux-gnu/11/../../../../include/c++/11/bits/stl_construct.h:162:4 @[ /usr/lib/gcc/aarch64-linux-gnu/11/../../../../include/c++/11/bits/stl_construct.h:195:7 @[ /usr/lib/gcc/aarch64-linux-gnu/11/../../../../include/c++/11/bits/alloc_traits.h:848:7 @[ /usr/lib/gcc/aarch64-linux-gnu/11/../../../../include/c++/11/bits/stl_vector.h:680:2 @[ /opt/ros/humble/include/lanelet2_core/primitives/LineString.h:139:7 ] ] ] ]. Skipping.
Found a loop without a preheader at /usr/lib/gcc/aarch64-linux-gnu/11/../../../../include/c++/11/bits/stl_construct.h:162:4 @[ /usr/lib/gcc/aarch64-linux-gnu/11/../../../../include/c++/11/bits/stl_construct.h:195:7 @[ /usr/lib/gcc/aarch64-linux-gnu/11/../../../../include/c++/11/bits/alloc_traits.h:848:7 @[ /usr/lib/gcc/aarch64-linux-gnu/11/../../../../include/c++/11/bits/stl_vector.h:680:2 @[ /usr/lib/gcc/aarch64-linux-gnu/11/../../../../include/c++/11/ext/new_allocator.h:162:4 ] ] ] ]. Skipping.
Found a loop without a preheader at /usr/lib/gcc/aarch64-linux-gnu/11/../../../../include/c++/11/bits/stl_uninitialized.h:91:8 @[ /usr/lib/gcc/aarch64-linux-gnu/11/../../../../include/c++/11/bits/stl_uninitialized.h:148:14 @[ /usr/lib/gcc/aarch64-linux-gnu/11/../../../../include/c++/11/bits/stl_uninitialized.h:333:14 @[ /usr/lib/gcc/aarch64-linux-gnu/11/../../../../include/c++/11/bits/stl_vector.h:558:4 @[ /usr/lib/gcc/aarch64-linux-gnu/11/../../../../include/c++/11/ext/new_allocator.h:162:27 ] ] ] ]. Skipping.
Found a loop without a preheader at /usr/lib/gcc/aarch64-linux-gnu/11/../../../../include/c++/11/bits/stl_construct.h:162:4 @[ /usr/lib/gcc/aarch64-linux-gnu/11/../../../../include/c++/11/bits/stl_construct.h:195:7 @[ /usr/lib/gcc/aarch64-linux-gnu/11/../../../../include/c++/11/bits/alloc_traits.h:848:7 @[ /usr/lib/gcc/aarch64-linux-gnu/11/../../../../include/c++/11/bits/stl_vector.h:680:2 @[ /opt/ros/humble/include/lanelet2_core/primitives/Lanelet.h:22:7 ] ] ] ]. Skipping.
Found a loop without an exit block at /usr/lib/gcc/aarch64-linux-gnu/11/../../../../include/c++/11/bits/stl_algobase.h:2067:7 @[ /usr/lib/gcc/aarch64-linux-gnu/11/../../../../include/c++/11/bits/stl_algobase.h:2114:14 @[ /usr/lib/gcc/aarch64-linux-gnu/11/../../../../include/c++/11/bits/stl_algo.h:3910:14 @[ /opt/ros/humble/include/lanelet2_core/utility/CompoundIterator.h:45:12 ] ] ]. Skipping.
Found a loop without an exit block at /usr/lib/gcc/aarch64-linux-gnu/11/../../../../include/c++/11/bits/stl_uninitialized.h:318:4. Skipping.
Found a loop without an exit block at /opt/ros/humble/include/lanelet2_core/utility/CompoundIterator.h:63:5. Skipping.
Found a loop without an exit block at /opt/ros/humble/include/lanelet2_core/utility/CompoundIterator.h:91:7 @[ /opt/ros/humble/include/lanelet2_core/utility/CompoundIterator.h:57:5 ]. Skipping.
Found a loop without a preheader at /usr/lib/gcc/aarch64-linux-gnu/11/../../../../include/c++/11/bits/stl_algo.h:1122:7 @[ /usr/lib/gcc/aarch64-linux-gnu/11/../../../../include/c++/11/bits/stl_algo.h:1151:7 @[ /usr/include/boost/geometry/algorithms/correct.hpp:152:13 ] ]. Skipping.
Found a loop without a preheader at /usr/include/boost/geometry/algorithms/detail/relate/areal_areal.hpp:605:9 @[ /usr/include/boost/geometry/algorithms/detail/relate/areal_areal.hpp:285:17 ]. Skipping.
Found a loop without a preheader at /usr/lib/gcc/aarch64-linux-gnu/11/../../../../include/c++/11/bits/stl_algo.h:1846:7 @[ /usr/lib/gcc/aarch64-linux-gnu/11/../../../../include/c++/11/bits/stl_algo.h:1867:4 @[ /usr/lib/gcc/aarch64-linux-gnu/11/../../../../include/c++/11/bits/stl_algo.h:1957:4 @[ /usr/lib/gcc/aarch64-linux-gnu/11/../../../../include/c++/11/bits/stl_algo.h:4875:7 @[ /usr/include/boost/geometry/algorithms/detail/relate/areal_areal.hpp:276:13 ] ] ] ]. Skipping.
Found a loop without a preheader at /usr/include/boost/geometry/algorithms/detail/relate/areal_areal.hpp:876:13 @[ /usr/include/boost/geometry/algorithms/detail/relate/areal_areal.hpp:865:13 @[ /usr/include/boost/geometry/algorithms/detail/relate/areal_areal.hpp:843:13 ] ]. Skipping.
Found a loop without a preheader at /usr/include/boost/geometry/algorithms/detail/relate/areal_areal.hpp:729:13 @[ /usr/include/boost/geometry/algorithms/detail/relate/areal_areal.hpp:842:22 ]. Skipping.
Found a loop without an exit block at /usr/include/boost/geometry/algorithms/detail/relate/areal_areal.hpp:795:13. Skipping.
Found a loop without a preheader at /usr/include/boost/geometry/algorithms/detail/relate/areal_areal.hpp:876:13 @[ /usr/include/boost/geometry/algorithms/detail/relate/areal_areal.hpp:852:13 @[ /usr/include/boost/geometry/algorithms/detail/relate/areal_areal.hpp:791:13 ] ]. Skipping.
Found a loop without a preheader at /usr/lib/gcc/aarch64-linux-gnu/11/../../../../include/c++/11/bits/stl_algo.h:1846:7 @[ /usr/lib/gcc/aarch64-linux-gnu/11/../../../../include/c++/11/bits/stl_algo.h:1867:4 @[ /usr/lib/gcc/aarch64-linux-gnu/11/../../../../include/c++/11/bits/stl_algo.h:1957:4 @[ /usr/lib/gcc/aarch64-linux-gnu/11/../../../../include/c++/11/bits/stl_algo.h:4875:7 ] ] ]. Skipping.
Found a loop without an exit block at /usr/include/boost/geometry/algorithms/detail/relate/areal_areal.hpp:605:9. Skipping.
Found a loop without a preheader at /usr/include/boost/geometry/algorithms/detail/relate/areal_areal.hpp:876:13 @[ /usr/include/boost/geometry/algorithms/detail/relate/areal_areal.hpp:865:13 @[ /usr/include/boost/geometry/algorithms/detail/relate/areal_areal.hpp:843:13 ] ]. Skipping.
Found a loop without a preheader at /usr/include/boost/geometry/algorithms/detail/relate/areal_areal.hpp:729:13 @[ /usr/include/boost/geometry/algorithms/detail/relate/areal_areal.hpp:842:22 ]. Skipping.
Found a loop without an exit block at /usr/include/boost/geometry/algorithms/detail/relate/areal_areal.hpp:795:13. Skipping.
Found a loop without a preheader at /usr/include/boost/geometry/algorithms/detail/relate/areal_areal.hpp:876:13 @[ /usr/include/boost/geometry/algorithms/detail/relate/areal_areal.hpp:852:13 @[ /usr/include/boost/geometry/algorithms/detail/relate/areal_areal.hpp:791:13 ] ]. Skipping.
Found a loop without a preheader at /usr/include/boost/geometry/algorithms/detail/envelope/range.hpp:107:9 @[ /usr/include/boost/geometry/algorithms/detail/envelope/range.hpp:97:9 @[ /usr/include/boost/geometry/algorithms/detail/envelope/areal.hpp:43:13 @[ /usr/include/boost/geometry/algorithms/detail/envelope/interface.hpp:57:9 @[ /usr/include/boost/geometry/algorithms/detail/envelope/interface.hpp:96:9 @[ /usr/include/boost/geometry/algorithms/detail/envelope/interface.hpp:155:5 @[ /usr/include/boost/geometry/policies/robustness/get_rescale_policy.hpp:150:9 @[ /usr/include/boost/geometry/policies/robustness/get_rescale_policy.hpp:242:9 ] ] ] ] ] ] ]. Skipping.
Found a loop without a preheader at /usr/include/boost/geometry/algorithms/detail/envelope/range.hpp:70:13 @[ /usr/include/boost/geometry/algorithms/detail/envelope/range.hpp:83:16 @[ /usr/include/boost/geometry/algorithms/detail/envelope/interface.hpp:57:9 @[ /usr/include/boost/geometry/algorithms/detail/envelope/interface.hpp:96:9 @[ /usr/include/boost/geometry/algorithms/detail/envelope/interface.hpp:202:5 @[ /usr/include/boost/geometry/policies/robustness/get_rescale_policy.hpp:159:34 @[ /usr/include/boost/geometry/policies/robustness/get_rescale_policy.hpp:242:9 ] ] ] ] ] ]. Skipping.
Found a loop without a preheader at /usr/include/boost/geometry/algorithms/detail/envelope/range.hpp:107:9 @[ /usr/include/boost/geometry/algorithms/detail/envelope/range.hpp:97:9 @[ /usr/include/boost/geometry/algorithms/detail/envelope/areal.hpp:43:13 @[ /usr/include/boost/geometry/algorithms/detail/envelope/interface.hpp:57:9 @[ /usr/include/boost/geometry/algorithms/detail/envelope/interface.hpp:96:9 @[ /usr/include/boost/geometry/algorithms/detail/envelope/interface.hpp:155:5 @[ /usr/include/boost/geometry/policies/robustness/get_rescale_policy.hpp:158:9 @[ /usr/include/boost/geometry/policies/robustness/get_rescale_policy.hpp:242:9 ] ] ] ] ] ] ]. Skipping.
Found a loop without a preheader at /usr/include/boost/geometry/algorithms/detail/check_iterator_range.hpp:34:9 @[ /usr/include/boost/geometry/algorithms/is_empty.hpp:62:16 @[ /usr/include/boost/geometry/algorithms/is_empty.hpp:73:16 @[ /usr/include/boost/geometry/algorithms/is_empty.hpp:162:16 @[ /usr/include/boost/geometry/algorithms/is_empty.hpp:200:12 @[ /usr/include/boost/geometry/policies/robustness/get_rescale_policy.hpp:136:28 @[ /usr/include/boost/geometry/policies/robustness/get_rescale_policy.hpp:242:9 ] ] ] ] ] ]. Skipping.
Found a loop without an exit block at /usr/include/boost/geometry/algorithms/detail/sections/sectionalize.hpp:685:9 @[ /usr/include/boost/geometry/algorithms/detail/sections/sectionalize.hpp:1041:5 @[ /usr/include/boost/geometry/algorithms/detail/overlay/get_turns.hpp:583:9 ] ]. Skipping.
Found a loop without a preheader at /usr/lib/gcc/aarch64-linux-gnu/11/../../../../include/c++/11/bits/stl_uninitialized.h:1031:7 @[ /usr/lib/gcc/aarch64-linux-gnu/11/../../../../include/c++/11/bits/stl_uninitialized.h:1046:14 @[ /usr/lib/gcc/aarch64-linux-gnu/11/../../../../include/c++/11/bits/stl_vector.h:456:9 @[ /usr/lib/gcc/aarch64-linux-gnu/11/../../../../include/c++/11/bits/stl_vector.h:469:9 @[ /usr/lib/gcc/aarch64-linux-gnu/11/../../../../include/c++/11/bits/vector.tcc:466:23 ] ] ] ]. Skipping.
Found a loop without a preheader at /usr/lib/gcc/aarch64-linux-gnu/11/../../../../include/c++/11/bits/stl_uninitialized.h:1031:7 @[ /usr/lib/gcc/aarch64-linux-gnu/11/../../../../include/c++/11/bits/stl_uninitialized.h:1046:14 @[ /usr/lib/gcc/aarch64-linux-gnu/11/../../../../include/c++/11/bits/stl_vector.h:456:9 @[ /usr/lib/gcc/aarch64-linux-gnu/11/../../../../include/c++/11/bits/stl_vector.h:469:9 @[ /usr/lib/gcc/aarch64-linux-gnu/11/../../../../include/c++/11/bits/vector.tcc:461:23 ] ] ] ]. Skipping.
Found a loop without an exit block at /usr/include/boost/geometry/algorithms/detail/partition.hpp:627:9 @[ /usr/include/boost/geometry/algorithms/detail/partition.hpp:834:13 ]. Skipping.
Found a loop without an exit block at /usr/include/boost/geometry/algorithms/detail/partition.hpp:627:9 @[ /usr/include/boost/geometry/algorithms/detail/partition.hpp:832:13 ]. Skipping.
Found a loop without an exit block at /usr/include/boost/geometry/algorithms/detail/partition.hpp:847:13. Skipping.
Found a loop without an exit block at /usr/include/boost/geometry/algorithms/detail/partition.hpp:183:5 @[ /usr/include/boost/geometry/algorithms/detail/partition.hpp:576:19 ]. Skipping.
Found a loop without an exit block at /usr/include/boost/geometry/algorithms/detail/partition.hpp:183:5 @[ /usr/include/boost/geometry/algorithms/detail/partition.hpp:559:19 ]. Skipping.
Found a loop without an exit block at /usr/include/boost/geometry/algorithms/detail/partition.hpp:183:5 @[ /usr/include/boost/geometry/algorithms/detail/partition.hpp:541:24 ]. Skipping.
Found a loop without an exit block at /usr/include/boost/geometry/algorithms/detail/partition.hpp:183:5 @[ /usr/include/boost/geometry/algorithms/detail/partition.hpp:540:24 ]. Skipping.
Found a loop without an exit block at /usr/include/boost/geometry/algorithms/detail/partition.hpp:183:5 @[ /usr/include/boost/geometry/algorithms/detail/partition.hpp:515:24 ]. Skipping.
Found a loop without an exit block at /usr/include/boost/geometry/algorithms/detail/partition.hpp:183:5 @[ /usr/include/boost/geometry/algorithms/detail/partition.hpp:514:24 ]. Skipping.
Found a loop without a preheader at /usr/include/boost/geometry/algorithms/detail/partition.hpp:123:5 @[ /usr/include/boost/geometry/algorithms/detail/partition.hpp:415:9 @[ /usr/include/boost/geometry/algorithms/detail/partition.hpp:501:37 ] ]. Skipping.
Found a loop without an exit block at /usr/include/boost/geometry/algorithms/detail/partition.hpp:183:5 @[ /usr/include/boost/geometry/algorithms/detail/partition.hpp:489:23 ]. Skipping.
Found a loop without a preheader at /usr/include/boost/geometry/algorithms/detail/partition.hpp:123:5 @[ /usr/include/boost/geometry/algorithms/detail/partition.hpp:430:9 @[ /usr/include/boost/geometry/algorithms/detail/partition.hpp:478:37 ] ]. Skipping.
Found a loop without an exit block at /usr/include/boost/geometry/algorithms/detail/partition.hpp:183:5 @[ /usr/include/boost/geometry/algorithms/detail/partition.hpp:576:19 ]. Skipping.
Found a loop without an exit block at /usr/include/boost/geometry/algorithms/detail/partition.hpp:183:5 @[ /usr/include/boost/geometry/algorithms/detail/partition.hpp:559:19 ]. Skipping.
Found a loop without an exit block at /usr/include/boost/geometry/algorithms/detail/partition.hpp:183:5 @[ /usr/include/boost/geometry/algorithms/detail/partition.hpp:541:24 ]. Skipping.
Found a loop without an exit block at /usr/include/boost/geometry/algorithms/detail/partition.hpp:183:5 @[ /usr/include/boost/geometry/algorithms/detail/partition.hpp:540:24 ]. Skipping.
Found a loop without an exit block at /usr/include/boost/geometry/algorithms/detail/partition.hpp:183:5 @[ /usr/include/boost/geometry/algorithms/detail/partition.hpp:515:24 ]. Skipping.
Found a loop without an exit block at /usr/include/boost/geometry/algorithms/detail/partition.hpp:183:5 @[ /usr/include/boost/geometry/algorithms/detail/partition.hpp:514:24 ]. Skipping.
Found a loop without a preheader at /usr/include/boost/geometry/algorithms/detail/partition.hpp:123:5 @[ /usr/include/boost/geometry/algorithms/detail/partition.hpp:415:9 @[ /usr/include/boost/geometry/algorithms/detail/partition.hpp:501:37 ] ]. Skipping.
Found a loop without an exit block at /usr/include/boost/geometry/algorithms/detail/partition.hpp:183:5 @[ /usr/include/boost/geometry/algorithms/detail/partition.hpp:489:23 ]. Skipping.
Found a loop without a preheader at /usr/include/boost/geometry/algorithms/detail/partition.hpp:123:5 @[ /usr/include/boost/geometry/algorithms/detail/partition.hpp:430:9 @[ /usr/include/boost/geometry/algorithms/detail/partition.hpp:478:37 ] ]. Skipping.
Found a loop without an exit block at /usr/include/boost/geometry/algorithms/detail/overlay/get_turns.hpp:350:9. Skipping.
Found a loop without an exit block at /usr/include/boost/geometry/algorithms/detail/overlay/get_turns.hpp:473:9 @[ /usr/include/boost/geometry/algorithms/detail/overlay/get_turns.hpp:339:9 ]. Skipping.
Found a loop without an exit block at /usr/include/boost/geometry/algorithms/detail/overlay/get_turns.hpp:473:9. Skipping.
Found a loop without a preheader at /usr/include/boost/geometry/algorithms/detail/relate/areal_areal.hpp:372:13. Skipping.
Found a loop without an exit block at /usr/include/boost/geometry/algorithms/detail/overlay/get_turns.hpp:190:9 @[ /usr/include/boost/geometry/algorithms/detail/overlay/get_turns.hpp:164:13 @[ /usr/include/boost/geometry/algorithms/detail/overlay/get_turns.hpp:154:29 @[ /usr/include/boost/geometry/algorithms/detail/overlay/get_turn_info.hpp:910:54 ] ] ]. Skipping.
Found a loop without an exit block at /usr/include/boost/geometry/algorithms/detail/overlay/get_turns.hpp:190:9. Skipping.
Found a loop without an exit block at /usr/include/boost/geometry/algorithms/detail/overlay/get_turns.hpp:190:9 @[ /usr/include/boost/geometry/algorithms/detail/overlay/get_turns.hpp:164:13 @[ /usr/include/boost/geometry/algorithms/detail/overlay/get_turns.hpp:154:29 @[ /usr/include/boost/geometry/algorithms/detail/overlay/get_turn_info_helpers.hpp:135:72 ] ] ]. Skipping.
Found a loop without a preheader at /usr/include/boost/rational.hpp:815:5 @[ /usr/include/boost/geometry/policies/robustness/segment_ratio.hpp:44:14 @[ /usr/include/boost/geometry/policies/robustness/segment_ratio.hpp:202:15 @[ /usr/include/boost/geometry/policies/relate/intersection_points.hpp:135:35 ] ] ]. Skipping.
Found a loop without a preheader at /usr/include/boost/rational.hpp:815:5 @[ /usr/include/boost/geometry/policies/robustness/segment_ratio.hpp:44:14 @[ /usr/include/boost/geometry/policies/robustness/segment_ratio.hpp:202:15 ] ]. Skipping.
Found a loop without a preheader at /usr/include/boost/integer/common_factor_rt.hpp:346:7 @[ /usr/include/boost/integer/common_factor_rt.hpp:413:15 @[ /usr/include/boost/integer/common_factor_rt.hpp:451:12 ] ]. Skipping.
Found a loop without a preheader at /usr/lib/gcc/aarch64-linux-gnu/11/../../../../include/c++/11/bits/stl_uninitialized.h:1031:7 @[ /usr/lib/gcc/aarch64-linux-gnu/11/../../../../include/c++/11/bits/stl_uninitialized.h:1046:14 @[ /usr/lib/gcc/aarch64-linux-gnu/11/../../../../include/c++/11/bits/stl_vector.h:456:9 @[ /usr/lib/gcc/aarch64-linux-gnu/11/../../../../include/c++/11/bits/stl_vector.h:469:9 @[ /usr/lib/gcc/aarch64-linux-gnu/11/../../../../include/c++/11/bits/vector.tcc:466:23 ] ] ] ]. Skipping.
Found a loop without a preheader at /usr/lib/gcc/aarch64-linux-gnu/11/../../../../include/c++/11/bits/stl_uninitialized.h:1031:7 @[ /usr/lib/gcc/aarch64-linux-gnu/11/../../../../include/c++/11/bits/stl_uninitialized.h:1046:14 @[ /usr/lib/gcc/aarch64-linux-gnu/11/../../../../include/c++/11/bits/stl_vector.h:456:9 @[ /usr/lib/gcc/aarch64-linux-gnu/11/../../../../include/c++/11/bits/stl_vector.h:469:9 @[ /usr/lib/gcc/aarch64-linux-gnu/11/../../../../include/c++/11/bits/vector.tcc:461:23 ] ] ] ]. Skipping.
Found a loop without an exit block at /usr/include/boost/geometry/algorithms/detail/relate/areal_areal.hpp:159:13. Skipping.
Found a loop without an exit block at /usr/include/boost/geometry/algorithms/detail/relate/areal_areal.hpp:121:13. Skipping.
Found a loop without an exit block at /usr/include/boost/geometry/algorithms/detail/within/point_in_geometry.hpp:77:5 @[ /usr/include/boost/geometry/algorithms/detail/within/point_in_geometry.hpp:205:16 @[ /usr/include/boost/geometry/algorithms/detail/within/point_in_geometry.hpp:371:12 @[ /usr/include/boost/geometry/algorithms/detail/relate/areal_areal.hpp:101:25 ] ] ]. Skipping.
Found a loop without an exit block at /usr/include/boost/geometry/algorithms/detail/within/point_in_geometry.hpp:227:13 @[ /usr/include/boost/geometry/algorithms/detail/within/point_in_geometry.hpp:371:12 @[ /usr/include/boost/geometry/algorithms/detail/relate/areal_areal.hpp:101:25 ] ]. Skipping.
Found a loop without a preheader at /usr/include/boost/geometry/algorithms/detail/within/point_in_geometry.hpp:77:5 @[ /usr/include/boost/geometry/algorithms/detail/within/point_in_geometry.hpp:205:16 @[ /usr/include/boost/geometry/algorithms/detail/within/point_in_geometry.hpp:217:26 @[ /usr/include/boost/geometry/algorithms/detail/within/point_in_geometry.hpp:371:12 @[ /usr/include/boost/geometry/algorithms/detail/relate/areal_areal.hpp:101:25 ] ] ] ]. Skipping.
Found a loop without an exit block at /usr/lib/gcc/aarch64-linux-gnu/11/../../../../include/c++/11/bits/stl_algo.h:1929:7. Skipping.
Found a loop without a preheader at /usr/lib/gcc/aarch64-linux-gnu/11/../../../../include/c++/11/bits/stl_heap.h:228:7. Skipping.
Found a loop without an exit block at /usr/lib/gcc/aarch64-linux-gnu/11/../../../../include/c++/11/bits/stl_heap.h:139:7. Skipping.
Found a loop without an exit block at /usr/lib/gcc/aarch64-linux-gnu/11/../../../../include/c++/11/bits/stl_algo.h:1806:7. Skipping.
Found a loop without an exit block at /usr/include/boost/geometry/algorithms/detail/within/point_in_geometry.hpp:77:5 @[ /usr/include/boost/geometry/algorithms/detail/within/point_in_geometry.hpp:205:16 @[ /usr/include/boost/geometry/algorithms/detail/within/point_in_geometry.hpp:371:12 @[ /usr/include/boost/geometry/algorithms/detail/relate/areal_areal.hpp:686:29 ] ] ]. Skipping.
Found a loop without an exit block at /usr/lib/gcc/aarch64-linux-gnu/11/../../../../include/c++/11/bits/stl_algo.h:1929:7. Skipping.
Found a loop without a preheader at /usr/lib/gcc/aarch64-linux-gnu/11/../../../../include/c++/11/bits/stl_heap.h:228:7. Skipping.
Found a loop without an exit block at /usr/lib/gcc/aarch64-linux-gnu/11/../../../../include/c++/11/bits/stl_heap.h:139:7. Skipping.
Found a loop without an exit block at /usr/lib/gcc/aarch64-linux-gnu/11/../../../../include/c++/11/bits/stl_algo.h:1806:7. Skipping.
Found a loop without an exit block at /usr/include/boost/geometry/algorithms/detail/within/point_in_geometry.hpp:227:13 @[ /usr/include/boost/geometry/algorithms/detail/within/point_in_geometry.hpp:371:12 @[ /usr/include/boost/geometry/algorithms/detail/relate/areal_areal.hpp:686:29 ] ]. Skipping.
Found a loop without a preheader at /usr/include/boost/geometry/algorithms/detail/within/point_in_geometry.hpp:77:5 @[ /usr/include/boost/geometry/algorithms/detail/within/point_in_geometry.hpp:205:16 @[ /usr/include/boost/geometry/algorithms/detail/within/point_in_geometry.hpp:217:26 @[ /usr/include/boost/geometry/algorithms/detail/within/point_in_geometry.hpp:371:12 @[ /usr/include/boost/geometry/algorithms/detail/relate/areal_areal.hpp:686:29 ] ] ] ]. Skipping.
Found a loop without a preheader at /usr/lib/gcc/aarch64-linux-gnu/11/../../../../include/c++/11/bits/stl_construct.h:162:4 @[ /usr/lib/gcc/aarch64-linux-gnu/11/../../../../include/c++/11/bits/stl_construct.h:195:7 @[ /usr/lib/gcc/aarch64-linux-gnu/11/../../../../include/c++/11/bits/alloc_traits.h:848:7 @[ /usr/lib/gcc/aarch64-linux-gnu/11/../../../../include/c++/11/bits/stl_vector.h:680:2 @[ src/core/autoware_core/planning/autoware_mission_planner/src/lanelet2_plugins/default_planner.cpp:329:1 ] ] ] ]. Skipping.
Found a loop without a preheader at /usr/lib/gcc/aarch64-linux-gnu/11/../../../../include/c++/11/bits/stl_construct.h:162:4 @[ /usr/lib/gcc/aarch64-linux-gnu/11/../../../../include/c++/11/bits/stl_construct.h:195:7 @[ /usr/lib/gcc/aarch64-linux-gnu/11/../../../../include/c++/11/bits/alloc_traits.h:848:7 @[ /usr/lib/gcc/aarch64-linux-gnu/11/../../../../include/c++/11/bits/stl_vector.h:680:2 @[ src/core/autoware_core/planning/autoware_mission_planner/src/lanelet2_plugins/default_planner.cpp:329:1 ] ] ] ]. Skipping.
Found a loop without a preheader at /usr/lib/gcc/aarch64-linux-gnu/11/../../../../include/c++/11/bits/stl_construct.h:162:4 @[ /usr/lib/gcc/aarch64-linux-gnu/11/../../../../include/c++/11/bits/stl_construct.h:195:7 @[ /usr/lib/gcc/aarch64-linux-gnu/11/../../../../include/c++/11/bits/alloc_traits.h:848:7 @[ /usr/lib/gcc/aarch64-linux-gnu/11/../../../../include/c++/11/bits/stl_vector.h:680:2 @[ src/core/autoware_core/planning/autoware_mission_planner/src/lanelet2_plugins/default_planner.cpp:329:1 ] ] ] ]. Skipping.
Found a loop without a preheader at /usr/lib/gcc/aarch64-linux-gnu/11/../../../../include/c++/11/bits/stl_construct.h:162:4 @[ /usr/lib/gcc/aarch64-linux-gnu/11/../../../../include/c++/11/bits/stl_construct.h:195:7 @[ /usr/lib/gcc/aarch64-linux-gnu/11/../../../../include/c++/11/bits/alloc_traits.h:848:7 @[ /usr/lib/gcc/aarch64-linux-gnu/11/../../../../include/c++/11/bits/stl_vector.h:680:2 @[ src/core/autoware_core/planning/autoware_mission_planner/src/lanelet2_plugins/default_planner.cpp:329:1 ] ] ] ]. Skipping.
Found a loop without a preheader at /usr/lib/gcc/aarch64-linux-gnu/11/../../../../include/c++/11/bits/stl_construct.h:162:4 @[ /usr/lib/gcc/aarch64-linux-gnu/11/../../../../include/c++/11/bits/stl_construct.h:195:7 @[ /usr/lib/gcc/aarch64-linux-gnu/11/../../../../include/c++/11/bits/alloc_traits.h:848:7 @[ /usr/lib/gcc/aarch64-linux-gnu/11/../../../../include/c++/11/bits/stl_vector.h:680:2 @[ src/core/autoware_core/planning/autoware_mission_planner/src/lanelet2_plugins/default_planner.cpp:329:1 ] ] ] ]. Skipping.
Found a loop without a preheader at /usr/lib/gcc/aarch64-linux-gnu/11/../../../../include/c++/11/bits/stl_construct.h:162:4 @[ /usr/lib/gcc/aarch64-linux-gnu/11/../../../../include/c++/11/bits/stl_construct.h:195:7 @[ /usr/lib/gcc/aarch64-linux-gnu/11/../../../../include/c++/11/bits/alloc_traits.h:848:7 @[ /usr/lib/gcc/aarch64-linux-gnu/11/../../../../include/c++/11/bits/stl_vector.h:680:2 @[ /usr/include/boost/geometry/geometries/polygon.hpp:76:7 @[ src/core/autoware_core/planning/autoware_mission_planner/src/lanelet2_plugins/default_planner.cpp:329:1 ] ] ] ] ]. Skipping.
Found a loop without a preheader at /usr/lib/gcc/aarch64-linux-gnu/11/../../../../include/c++/11/bits/stl_construct.h:162:4 @[ /usr/lib/gcc/aarch64-linux-gnu/11/../../../../include/c++/11/bits/stl_construct.h:195:7 @[ /usr/lib/gcc/aarch64-linux-gnu/11/../../../../include/c++/11/bits/alloc_traits.h:848:7 @[ /usr/lib/gcc/aarch64-linux-gnu/11/../../../../include/c++/11/bits/stl_vector.h:680:2 @[ src/core/autoware_core/planning/autoware_mission_planner/src/lanelet2_plugins/default_planner.cpp:329:1 ] ] ] ]. Skipping.
Found a loop without a preheader at /usr/lib/gcc/aarch64-linux-gnu/11/../../../../include/c++/11/bits/stl_construct.h:162:4 @[ /usr/lib/gcc/aarch64-linux-gnu/11/../../../../include/c++/11/bits/stl_construct.h:195:7 @[ /usr/lib/gcc/aarch64-linux-gnu/11/../../../../include/c++/11/bits/alloc_traits.h:848:7 @[ /usr/lib/gcc/aarch64-linux-gnu/11/../../../../include/c++/11/bits/stl_vector.h:680:2 @[ src/core/autoware_core/planning/autoware_mission_planner/src/lanelet2_plugins/default_planner.cpp:329:1 ] ] ] ]. Skipping.
Found a loop without a preheader at /usr/lib/gcc/aarch64-linux-gnu/11/../../../../include/c++/11/bits/stl_construct.h:162:4 @[ /usr/lib/gcc/aarch64-linux-gnu/11/../../../../include/c++/11/bits/stl_construct.h:195:7 @[ /usr/lib/gcc/aarch64-linux-gnu/11/../../../../include/c++/11/bits/alloc_traits.h:848:7 @[ /usr/lib/gcc/aarch64-linux-gnu/11/../../../../include/c++/11/bits/stl_vector.h:680:2 @[ src/core/autoware_core/planning/autoware_mission_planner/src/lanelet2_plugins/default_planner.cpp:296:5 ] ] ] ]. Skipping.
Found a loop without a preheader at /usr/lib/gcc/aarch64-linux-gnu/11/../../../../include/c++/11/bits/stl_construct.h:162:4 @[ /usr/lib/gcc/aarch64-linux-gnu/11/../../../../include/c++/11/bits/stl_construct.h:195:7 @[ /usr/lib/gcc/aarch64-linux-gnu/11/../../../../include/c++/11/bits/alloc_traits.h:848:7 @[ /usr/lib/gcc/aarch64-linux-gnu/11/../../../../include/c++/11/bits/stl_vector.h:680:2 @[ /opt/ros/humble/include/visualization_msgs/visualization_msgs/msg/detail/marker_array__struct.hpp:37:8 @[ src/core/autoware_core/planning/autoware_mission_planner/src/lanelet2_plugins/default_planner.cpp:291:3 ] ] ] ] ]. Skipping.
Found a loop without a preheader at install/autoware_utils_geometry/include/autoware_utils_geometry/geometry.hpp:414:3 @[ src/core/autoware_core/planning/autoware_mission_planner/src/lanelet2_plugins/default_planner.cpp:290:5 ]. Skipping.
Found a loop without a preheader at /usr/lib/gcc/aarch64-linux-gnu/11/../../../../include/c++/11/bits/stl_construct.h:162:4 @[ /usr/lib/gcc/aarch64-linux-gnu/11/../../../../include/c++/11/bits/stl_construct.h:195:7 @[ /usr/lib/gcc/aarch64-linux-gnu/11/../../../../include/c++/11/bits/alloc_traits.h:848:7 @[ /usr/lib/gcc/aarch64-linux-gnu/11/../../../../include/c++/11/bits/stl_vector.h:680:2 @[ src/core/autoware_core/planning/autoware_mission_planner/src/lanelet2_plugins/default_planner.cpp:74:1 ] ] ] ]. Skipping.
Found a loop without a preheader at /usr/lib/gcc/aarch64-linux-gnu/11/../../../../include/c++/11/bits/stl_construct.h:162:4 @[ /usr/lib/gcc/aarch64-linux-gnu/11/../../../../include/c++/11/bits/stl_construct.h:195:7 @[ /usr/lib/gcc/aarch64-linux-gnu/11/../../../../include/c++/11/bits/alloc_traits.h:848:7 @[ /usr/lib/gcc/aarch64-linux-gnu/11/../../../../include/c++/11/bits/stl_vector.h:680:2 @[ src/core/autoware_core/planning/autoware_mission_planner/src/lanelet2_plugins/default_planner.cpp:74:1 ] ] ] ]. Skipping.
Found a loop without a preheader at /usr/lib/gcc/aarch64-linux-gnu/11/../../../../include/c++/11/bits/stl_construct.h:162:4 @[ /usr/lib/gcc/aarch64-linux-gnu/11/../../../../include/c++/11/bits/stl_construct.h:195:7 @[ /usr/lib/gcc/aarch64-linux-gnu/11/../../../../include/c++/11/bits/alloc_traits.h:848:7 @[ /usr/lib/gcc/aarch64-linux-gnu/11/../../../../include/c++/11/bits/stl_vector.h:680:2 @[ /opt/ros/humble/include/visualization_msgs/visualization_msgs/msg/detail/marker_array__struct.hpp:37:8 @[ /usr/lib/gcc/aarch64-linux-gnu/11/../../../../include/c++/11/bits/unique_ptr.h:85:2 @[ /usr/lib/gcc/aarch64-linux-gnu/11/../../../../include/c++/11/bits/unique_ptr.h:361:4 @[ ros2_caret_ws/install/include/rclcpp/rclcpp/publisher.hpp:308:5 ] ] ] ] ] ] ]. Skipping.
Found a loop without a preheader at /usr/lib/gcc/aarch64-linux-gnu/11/../../../../include/c++/11/bits/stl_construct.h:162:4 @[ /usr/lib/gcc/aarch64-linux-gnu/11/../../../../include/c++/11/bits/stl_construct.h:195:7 @[ /usr/lib/gcc/aarch64-linux-gnu/11/../../../../include/c++/11/bits/alloc_traits.h:848:7 @[ /usr/lib/gcc/aarch64-linux-gnu/11/../../../../include/c++/11/bits/stl_vector.h:680:2 ] ] ]. Skipping.
Found a loop without a preheader at /usr/lib/gcc/aarch64-linux-gnu/11/../../../../include/c++/11/bits/stl_construct.h:162:4 @[ /usr/lib/gcc/aarch64-linux-gnu/11/../../../../include/c++/11/bits/stl_construct.h:195:7 @[ /usr/lib/gcc/aarch64-linux-gnu/11/../../../../include/c++/11/bits/alloc_traits.h:848:7 @[ /usr/lib/gcc/aarch64-linux-gnu/11/../../../../include/c++/11/bits/stl_vector.h:680:2 ] ] ]. Skipping.
Found a loop without a preheader at /usr/lib/gcc/aarch64-linux-gnu/11/../../../../include/c++/11/bits/stl_construct.h:162:4 @[ /usr/lib/gcc/aarch64-linux-gnu/11/../../../../include/c++/11/bits/stl_construct.h:195:7 @[ /usr/lib/gcc/aarch64-linux-gnu/11/../../../../include/c++/11/bits/alloc_traits.h:848:7 @[ /usr/lib/gcc/aarch64-linux-gnu/11/../../../../include/c++/11/bits/stl_vector.h:680:2 @[ /usr/include/boost/geometry/geometries/polygon.hpp:76:7 ] ] ] ]. Skipping.
Found a loop without a preheader at /usr/lib/gcc/aarch64-linux-gnu/11/../../../../include/c++/11/bits/stl_construct.h:162:4 @[ /usr/lib/gcc/aarch64-linux-gnu/11/../../../../include/c++/11/bits/stl_construct.h:195:7 @[ /usr/lib/gcc/aarch64-linux-gnu/11/../../../../include/c++/11/bits/alloc_traits.h:848:7 @[ /usr/lib/gcc/aarch64-linux-gnu/11/../../../../include/c++/11/bits/stl_vector.h:680:2 @[ /usr/lib/gcc/aarch64-linux-gnu/11/../../../../include/c++/11/ext/new_allocator.h:162:4 ] ] ] ]. Skipping.
Found a loop without a preheader at /usr/lib/gcc/aarch64-linux-gnu/11/../../../../include/c++/11/bits/stl_construct.h:162:4 @[ /usr/lib/gcc/aarch64-linux-gnu/11/../../../../include/c++/11/bits/stl_construct.h:195:7 @[ /usr/lib/gcc/aarch64-linux-gnu/11/../../../../include/c++/11/bits/alloc_traits.h:848:7 @[ /usr/lib/gcc/aarch64-linux-gnu/11/../../../../include/c++/11/bits/stl_vector.h:680:2 @[ /opt/ros/humble/include/lanelet2_core/primitives/LineString.h:529:3 ] ] ] ]. Skipping.
Found a loop without an exit block at /usr/include/boost/geometry/algorithms/detail/within/point_in_geometry.hpp:77:5 @[ /usr/include/boost/geometry/algorithms/detail/within/point_in_geometry.hpp:205:16 @[ /usr/include/boost/geometry/algorithms/detail/within/point_in_geometry.hpp:371:12 @[ /usr/include/boost/geometry/algorithms/detail/within/point_in_geometry.hpp:388:12 @[ /usr/include/boost/geometry/algorithms/detail/distance/point_to_geometry.hpp:164:13 @[ /usr/include/boost/geometry/algorithms/detail/distance/interface.hpp:129:16 @[ /usr/include/boost/geometry/algorithms/detail/distance/interface.hpp:152:16 @[ /usr/include/boost/geometry/algorithms/detail/distance/interface.hpp:378:12 ] ] ] ] ] ] ]. Skipping.
Found a loop without a preheader at /usr/include/boost/geometry/algorithms/detail/closest_feature/point_to_range.hpp:72:9. Skipping.
Found a loop without a preheader at /usr/lib/gcc/aarch64-linux-gnu/11/../../../../include/c++/11/bits/stl_construct.h:162:4 @[ /usr/lib/gcc/aarch64-linux-gnu/11/../../../../include/c++/11/bits/stl_construct.h:195:7 @[ /usr/lib/gcc/aarch64-linux-gnu/11/../../../../include/c++/11/bits/alloc_traits.h:848:7 @[ /usr/lib/gcc/aarch64-linux-gnu/11/../../../../include/c++/11/bits/vector.tcc:793:3 ] ] ]. Skipping.
Found a loop without a preheader at /usr/lib/gcc/aarch64-linux-gnu/11/../../../../include/c++/11/bits/stl_uninitialized.h:91:8 @[ /usr/lib/gcc/aarch64-linux-gnu/11/../../../../include/c++/11/bits/stl_uninitialized.h:148:14 @[ /usr/lib/gcc/aarch64-linux-gnu/11/../../../../include/c++/11/bits/stl_uninitialized.h:333:14 @[ /usr/lib/gcc/aarch64-linux-gnu/11/../../../../include/c++/11/bits/stl_uninitialized.h:354:14 @[ /usr/lib/gcc/aarch64-linux-gnu/11/../../../../include/c++/11/bits/vector.tcc:782:11 ] ] ] ]. Skipping.
Found a loop without a preheader at /usr/lib/gcc/aarch64-linux-gnu/11/../../../../include/c++/11/bits/stl_uninitialized.h:91:8 @[ /usr/lib/gcc/aarch64-linux-gnu/11/../../../../include/c++/11/bits/stl_uninitialized.h:148:14 @[ /usr/lib/gcc/aarch64-linux-gnu/11/../../../../include/c++/11/bits/stl_uninitialized.h:333:14 @[ /usr/lib/gcc/aarch64-linux-gnu/11/../../../../include/c++/11/bits/stl_uninitialized.h:354:14 @[ /usr/lib/gcc/aarch64-linux-gnu/11/../../../../include/c++/11/bits/vector.tcc:774:11 ] ] ] ]. Skipping.
Found a loop without a preheader at /usr/lib/gcc/aarch64-linux-gnu/11/../../../../include/c++/11/bits/stl_uninitialized.h:91:8 @[ /usr/lib/gcc/aarch64-linux-gnu/11/../../../../include/c++/11/bits/stl_uninitialized.h:148:14 @[ /usr/lib/gcc/aarch64-linux-gnu/11/../../../../include/c++/11/bits/stl_uninitialized.h:333:14 @[ /usr/lib/gcc/aarch64-linux-gnu/11/../../../../include/c++/11/bits/stl_uninitialized.h:341:14 @[ /usr/lib/gcc/aarch64-linux-gnu/11/../../../../include/c++/11/bits/vector.tcc:736:7 ] ] ] ]. Skipping.
Found a loop without a preheader at /usr/lib/gcc/aarch64-linux-gnu/11/../../../../include/c++/11/bits/stl_uninitialized.h:91:8 @[ /usr/lib/gcc/aarch64-linux-gnu/11/../../../../include/c++/11/bits/stl_uninitialized.h:148:14 @[ /usr/lib/gcc/aarch64-linux-gnu/11/../../../../include/c++/11/bits/stl_uninitialized.h:333:14 @[ /usr/lib/gcc/aarch64-linux-gnu/11/../../../../include/c++/11/bits/vector.tcc:751:7 ] ] ]. Skipping.
Found a loop without a preheader at /usr/lib/gcc/aarch64-linux-gnu/11/../../../../include/c++/11/bits/stl_construct.h:162:4 @[ /usr/lib/gcc/aarch64-linux-gnu/11/../../../../include/c++/11/bits/stl_construct.h:195:7 @[ /usr/lib/gcc/aarch64-linux-gnu/11/../../../../include/c++/11/bits/alloc_traits.h:848:7 @[ /usr/lib/gcc/aarch64-linux-gnu/11/../../../../include/c++/11/bits/stl_vector.h:680:2 @[ /opt/ros/humble/include/visualization_msgs/visualization_msgs/msg/detail/marker_array__struct.hpp:37:8 @[ /usr/lib/gcc/aarch64-linux-gnu/11/../../../../include/c++/11/bits/unique_ptr.h:85:2 @[ /usr/lib/gcc/aarch64-linux-gnu/11/../../../../include/c++/11/bits/unique_ptr.h:361:4 @[ ros2_caret_ws/install/include/rclcpp/rclcpp/publisher.hpp:273:9 ] ] ] ] ] ] ]. Skipping.
Found a loop without a preheader at /usr/lib/gcc/aarch64-linux-gnu/11/../../../../include/c++/11/bits/stl_construct.h:162:4 @[ /usr/lib/gcc/aarch64-linux-gnu/11/../../../../include/c++/11/bits/stl_construct.h:195:7 @[ /usr/lib/gcc/aarch64-linux-gnu/11/../../../../include/c++/11/bits/alloc_traits.h:848:7 @[ /usr/lib/gcc/aarch64-linux-gnu/11/../../../../include/c++/11/bits/stl_vector.h:680:2 @[ /opt/ros/humble/include/visualization_msgs/visualization_msgs/msg/detail/marker_array__struct.hpp:37:8 @[ /usr/lib/gcc/aarch64-linux-gnu/11/../../../../include/c++/11/bits/unique_ptr.h:85:2 @[ /usr/lib/gcc/aarch64-linux-gnu/11/../../../../include/c++/11/bits/unique_ptr.h:361:4 @[ ros2_caret_ws/install/include/rclcpp/rclcpp/publisher.hpp:276:7 ] ] ] ] ] ] ]. Skipping.
Found a loop without a preheader at /usr/lib/gcc/aarch64-linux-gnu/11/../../../../include/c++/11/bits/stl_construct.h:162:4 @[ /usr/lib/gcc/aarch64-linux-gnu/11/../../../../include/c++/11/bits/stl_construct.h:195:7 @[ /usr/lib/gcc/aarch64-linux-gnu/11/../../../../include/c++/11/bits/alloc_traits.h:848:7 @[ /usr/lib/gcc/aarch64-linux-gnu/11/../../../../include/c++/11/bits/stl_vector.h:680:2 @[ /opt/ros/humble/include/visualization_msgs/visualization_msgs/msg/detail/marker_array__struct.hpp:37:8 @[ /usr/lib/gcc/aarch64-linux-gnu/11/../../../../include/c++/11/bits/unique_ptr.h:85:2 @[ /usr/lib/gcc/aarch64-linux-gnu/11/../../../../include/c++/11/bits/unique_ptr.h:361:4 ] ] ] ] ] ]. Skipping.
Found a loop without a preheader at /usr/lib/gcc/aarch64-linux-gnu/11/../../../../include/c++/11/bits/stl_construct.h:162:4 @[ /usr/lib/gcc/aarch64-linux-gnu/11/../../../../include/c++/11/bits/stl_construct.h:195:7 @[ /usr/lib/gcc/aarch64-linux-gnu/11/../../../../include/c++/11/bits/stl_uninitialized.h:97:8 @[ /usr/lib/gcc/aarch64-linux-gnu/11/../../../../include/c++/11/bits/stl_uninitialized.h:148:14 @[ /usr/lib/gcc/aarch64-linux-gnu/11/../../../../include/c++/11/bits/stl_uninitialized.h:333:14 @[ /usr/lib/gcc/aarch64-linux-gnu/11/../../../../include/c++/11/bits/stl_vector.h:558:4 ] ] ] ] ]. Skipping.
Found a loop without a preheader at /usr/lib/gcc/aarch64-linux-gnu/11/../../../../include/c++/11/bits/stl_uninitialized.h:91:8 @[ /usr/lib/gcc/aarch64-linux-gnu/11/../../../../include/c++/11/bits/stl_uninitialized.h:148:14 @[ /usr/lib/gcc/aarch64-linux-gnu/11/../../../../include/c++/11/bits/stl_uninitialized.h:333:14 @[ /usr/lib/gcc/aarch64-linux-gnu/11/../../../../include/c++/11/bits/stl_vector.h:558:4 ] ] ]. Skipping.
Found a loop without a preheader at /usr/lib/gcc/aarch64-linux-gnu/11/../../../../include/c++/11/bits/stl_construct.h:162:4 @[ /usr/lib/gcc/aarch64-linux-gnu/11/../../../../include/c++/11/bits/stl_construct.h:195:7 @[ /usr/lib/gcc/aarch64-linux-gnu/11/../../../../include/c++/11/bits/alloc_traits.h:848:7 @[ /usr/lib/gcc/aarch64-linux-gnu/11/../../../../include/c++/11/bits/stl_vector.h:680:2 @[ /opt/ros/humble/include/visualization_msgs/visualization_msgs/msg/detail/marker_array__struct.hpp:37:8 @[ /usr/lib/gcc/aarch64-linux-gnu/11/../../../../include/c++/11/bits/unique_ptr.h:85:2 @[ /usr/lib/gcc/aarch64-linux-gnu/11/../../../../include/c++/11/bits/unique_ptr.h:361:4 @[ ros2_caret_ws/install/include/rclcpp/rclcpp/publisher.hpp:574:5 ] ] ] ] ] ] ]. Skipping.
Found a loop without an exit block at /usr/lib/gcc/aarch64-linux-gnu/11/../../../../include/c++/11/bits/shared_ptr_base.h:259:7 @[ /usr/lib/gcc/aarch64-linux-gnu/11/../../../../include/c++/11/bits/shared_ptr_base.h:883:28 @[ /usr/lib/gcc/aarch64-linux-gnu/11/../../../../include/c++/11/bits/shared_ptr_base.h:1353:9 @[ /usr/lib/gcc/aarch64-linux-gnu/11/../../../../include/c++/11/bits/shared_ptr.h:418:9 @[ /usr/lib/gcc/aarch64-linux-gnu/11/../../../../include/c++/11/bits/shared_ptr.h:750:16 @[ ros2_caret_ws/install/include/rclcpp/rclcpp/publisher.hpp:561:26 ] ] ] ] ]. Skipping.
Found a loop without a preheader at /usr/lib/gcc/aarch64-linux-gnu/11/../../../../include/c++/11/bits/stl_construct.h:162:4 @[ /usr/lib/gcc/aarch64-linux-gnu/11/../../../../include/c++/11/bits/stl_construct.h:195:7 @[ /usr/lib/gcc/aarch64-linux-gnu/11/../../../../include/c++/11/bits/alloc_traits.h:848:7 @[ /usr/lib/gcc/aarch64-linux-gnu/11/../../../../include/c++/11/bits/stl_vector.h:680:2 @[ /opt/ros/humble/include/visualization_msgs/visualization_msgs/msg/detail/marker_array__struct.hpp:37:8 @[ /usr/lib/gcc/aarch64-linux-gnu/11/../../../../include/c++/11/bits/unique_ptr.h:85:2 @[ /usr/lib/gcc/aarch64-linux-gnu/11/../../../../include/c++/11/bits/unique_ptr.h:361:4 @[ ros2_caret_ws/install/include/rclcpp/rclcpp/publisher.hpp:551:5 ] ] ] ] ] ] ]. Skipping.
Found a loop without an exit block at /usr/lib/gcc/aarch64-linux-gnu/11/../../../../include/c++/11/bits/shared_ptr_base.h:259:7 @[ /usr/lib/gcc/aarch64-linux-gnu/11/../../../../include/c++/11/bits/shared_ptr_base.h:883:28 @[ /usr/lib/gcc/aarch64-linux-gnu/11/../../../../include/c++/11/bits/shared_ptr_base.h:1353:9 @[ /usr/lib/gcc/aarch64-linux-gnu/11/../../../../include/c++/11/bits/shared_ptr.h:418:9 @[ /usr/lib/gcc/aarch64-linux-gnu/11/../../../../include/c++/11/bits/shared_ptr.h:750:16 @[ ros2_caret_ws/install/include/rclcpp/rclcpp/publisher.hpp:537:26 ] ] ] ] ]. Skipping.
Found a loop without a preheader at /usr/lib/gcc/aarch64-linux-gnu/11/../../../../include/c++/11/bits/stl_construct.h:162:4 @[ /usr/lib/gcc/aarch64-linux-gnu/11/../../../../include/c++/11/bits/stl_construct.h:195:7 @[ /usr/lib/gcc/aarch64-linux-gnu/11/../../../../include/c++/11/bits/alloc_traits.h:848:7 @[ /usr/lib/gcc/aarch64-linux-gnu/11/../../../../include/c++/11/bits/stl_vector.h:680:2 @[ /opt/ros/humble/include/visualization_msgs/visualization_msgs/msg/detail/marker_array__struct.hpp:37:8 @[ /usr/lib/gcc/aarch64-linux-gnu/11/../../../../include/c++/11/bits/unique_ptr.h:85:2 @[ /usr/lib/gcc/aarch64-linux-gnu/11/../../../../include/c++/11/bits/unique_ptr.h:361:4 @[ ros2_caret_ws/install/include/rclcpp/rclcpp/experimental/intra_process_manager.hpp:290:9 ] ] ] ] ] ] ]. Skipping.
Found a loop without a preheader at /usr/lib/gcc/aarch64-linux-gnu/11/../../../../include/c++/11/bits/hashtable.h:1837:7 @[ /usr/lib/gcc/aarch64-linux-gnu/11/../../../../include/c++/11/bits/hashtable.h:810:31 @[ /usr/lib/gcc/aarch64-linux-gnu/11/../../../../include/c++/11/bits/hashtable.h:1595:23 @[ /usr/lib/gcc/aarch64-linux-gnu/11/../../../../include/c++/11/bits/unordered_map.h:869:21 @[ ros2_caret_ws/install/include/rclcpp/rclcpp/experimental/intra_process_manager.hpp:260:38 ] ] ] ]. Skipping.
Found a loop without an exit block at /usr/lib/gcc/aarch64-linux-gnu/11/../../../../include/c++/11/shared_mutex:228:7 @[ /usr/lib/gcc/aarch64-linux-gnu/11/../../../../include/c++/11/shared_mutex:489:33 @[ /usr/lib/gcc/aarch64-linux-gnu/11/../../../../include/c++/11/shared_mutex:727:13 @[ ros2_caret_ws/install/include/rclcpp/rclcpp/experimental/intra_process_manager.hpp:258:47 ] ] ]. Skipping.
Found a loop without an exit block at ros2_caret_ws/install/include/rclcpp/rclcpp/experimental/intra_process_manager.hpp:363:5. Skipping.
Found a loop without an exit block at ros2_caret_ws/install/include/rclcpp/rclcpp/experimental/intra_process_manager.hpp:442:5. Skipping.
Found a loop without a preheader at /usr/lib/gcc/aarch64-linux-gnu/11/../../../../include/c++/11/bits/stl_construct.h:162:4 @[ /usr/lib/gcc/aarch64-linux-gnu/11/../../../../include/c++/11/bits/stl_construct.h:195:7 @[ /usr/lib/gcc/aarch64-linux-gnu/11/../../../../include/c++/11/bits/alloc_traits.h:848:7 @[ /usr/lib/gcc/aarch64-linux-gnu/11/../../../../include/c++/11/bits/stl_vector.h:680:2 @[ /opt/ros/humble/include/visualization_msgs/visualization_msgs/msg/detail/marker_array__struct.hpp:37:8 @[ /usr/lib/gcc/aarch64-linux-gnu/11/../../../../include/c++/11/bits/unique_ptr.h:85:2 @[ /usr/lib/gcc/aarch64-linux-gnu/11/../../../../include/c++/11/bits/shared_ptr_base.h:442:9 ] ] ] ] ] ]. Skipping.
Found a loop without a preheader at /usr/lib/gcc/aarch64-linux-gnu/11/../../../../include/c++/11/bits/stl_construct.h:162:4 @[ /usr/lib/gcc/aarch64-linux-gnu/11/../../../../include/c++/11/bits/stl_construct.h:195:7 @[ /usr/lib/gcc/aarch64-linux-gnu/11/../../../../include/c++/11/bits/alloc_traits.h:848:7 @[ /usr/lib/gcc/aarch64-linux-gnu/11/../../../../include/c++/11/bits/stl_vector.h:680:2 @[ /opt/ros/humble/include/visualization_msgs/visualization_msgs/msg/detail/marker_array__struct.hpp:37:8 @[ /usr/lib/gcc/aarch64-linux-gnu/11/../../../../include/c++/11/ext/new_allocator.h:168:10 @[ /usr/lib/gcc/aarch64-linux-gnu/11/../../../../include/c++/11/bits/alloc_traits.h:535:8 @[ /usr/lib/gcc/aarch64-linux-gnu/11/../../../../include/c++/11/bits/shared_ptr_base.h:528:2 ] ] ] ] ] ] ]. Skipping.
Found a loop without a preheader at /usr/lib/gcc/aarch64-linux-gnu/11/../../../../include/c++/11/bits/stl_construct.h:162:4 @[ /usr/lib/gcc/aarch64-linux-gnu/11/../../../../include/c++/11/bits/stl_construct.h:195:7 @[ /usr/lib/gcc/aarch64-linux-gnu/11/../../../../include/c++/11/bits/alloc_traits.h:848:7 @[ /usr/lib/gcc/aarch64-linux-gnu/11/../../../../include/c++/11/bits/stl_vector.h:680:2 @[ /opt/ros/humble/include/visualization_msgs/visualization_msgs/msg/detail/marker_array__struct.hpp:37:8 @[ /usr/lib/gcc/aarch64-linux-gnu/11/../../../../include/c++/11/bits/unique_ptr.h:85:2 @[ /usr/lib/gcc/aarch64-linux-gnu/11/../../../../include/c++/11/bits/unique_ptr.h:361:4 @[ ros2_caret_ws/install/include/rclcpp/rclcpp/experimental/subscription_intra_process_buffer.hpp:155:5 ] ] ] ] ] ] ]. Skipping.
Found a loop without a preheader at /usr/lib/gcc/aarch64-linux-gnu/11/../../../../include/c++/11/bits/stl_construct.h:162:4 @[ /usr/lib/gcc/aarch64-linux-gnu/11/../../../../include/c++/11/bits/stl_construct.h:195:7 @[ /usr/lib/gcc/aarch64-linux-gnu/11/../../../../include/c++/11/bits/alloc_traits.h:848:7 @[ /usr/lib/gcc/aarch64-linux-gnu/11/../../../../include/c++/11/bits/stl_vector.h:680:2 @[ /opt/ros/humble/include/visualization_msgs/visualization_msgs/msg/detail/marker_array__struct.hpp:37:8 @[ /usr/lib/gcc/aarch64-linux-gnu/11/../../../../include/c++/11/bits/unique_ptr.h:85:2 @[ /usr/lib/gcc/aarch64-linux-gnu/11/../../../../include/c++/11/bits/unique_ptr.h:361:4 @[ ros2_caret_ws/install/include/rclcpp/rclcpp/experimental/intra_process_manager.hpp:224:7 ] ] ] ] ] ] ]. Skipping.
Found a loop without a preheader at /usr/lib/gcc/aarch64-linux-gnu/11/../../../../include/c++/11/bits/stl_construct.h:162:4 @[ /usr/lib/gcc/aarch64-linux-gnu/11/../../../../include/c++/11/bits/stl_construct.h:195:7 @[ /usr/lib/gcc/aarch64-linux-gnu/11/../../../../include/c++/11/bits/alloc_traits.h:848:7 @[ /usr/lib/gcc/aarch64-linux-gnu/11/../../../../include/c++/11/bits/stl_vector.h:680:2 @[ /opt/ros/humble/include/visualization_msgs/visualization_msgs/msg/detail/marker_array__struct.hpp:37:8 @[ /usr/lib/gcc/aarch64-linux-gnu/11/../../../../include/c++/11/bits/unique_ptr.h:85:2 @[ /usr/lib/gcc/aarch64-linux-gnu/11/../../../../include/c++/11/bits/unique_ptr.h:361:4 @[ ros2_caret_ws/install/include/rclcpp/rclcpp/experimental/intra_process_manager.hpp:238:7 ] ] ] ] ] ] ]. Skipping.
Found a loop without a preheader at /usr/lib/gcc/aarch64-linux-gnu/11/../../../../include/c++/11/bits/hashtable.h:1837:7 @[ /usr/lib/gcc/aarch64-linux-gnu/11/../../../../include/c++/11/bits/hashtable.h:810:31 @[ /usr/lib/gcc/aarch64-linux-gnu/11/../../../../include/c++/11/bits/hashtable.h:1595:23 @[ /usr/lib/gcc/aarch64-linux-gnu/11/../../../../include/c++/11/bits/unordered_map.h:869:21 @[ ros2_caret_ws/install/include/rclcpp/rclcpp/experimental/intra_process_manager.hpp:196:38 ] ] ] ]. Skipping.
Found a loop without an exit block at /usr/lib/gcc/aarch64-linux-gnu/11/../../../../include/c++/11/shared_mutex:228:7 @[ /usr/lib/gcc/aarch64-linux-gnu/11/../../../../include/c++/11/shared_mutex:489:33 @[ /usr/lib/gcc/aarch64-linux-gnu/11/../../../../include/c++/11/shared_mutex:727:13 @[ ros2_caret_ws/install/include/rclcpp/rclcpp/experimental/intra_process_manager.hpp:194:47 ] ] ]. Skipping.
Found a loop without a preheader at /usr/lib/gcc/aarch64-linux-gnu/11/../../../../include/c++/11/bits/stl_construct.h:162:4 @[ /usr/lib/gcc/aarch64-linux-gnu/11/../../../../include/c++/11/bits/stl_construct.h:195:7 @[ /usr/lib/gcc/aarch64-linux-gnu/11/../../../../include/c++/11/bits/alloc_traits.h:848:7 @[ /usr/lib/gcc/aarch64-linux-gnu/11/../../../../include/c++/11/bits/stl_vector.h:680:2 ] ] ]. Skipping.
Found a loop without a preheader at /usr/lib/gcc/aarch64-linux-gnu/11/../../../../include/c++/11/bits/stl_construct.h:162:4 @[ /usr/lib/gcc/aarch64-linux-gnu/11/../../../../include/c++/11/bits/stl_construct.h:195:7 @[ /usr/lib/gcc/aarch64-linux-gnu/11/../../../../include/c++/11/bits/alloc_traits.h:848:7 @[ /usr/lib/gcc/aarch64-linux-gnu/11/../../../../include/c++/11/bits/vector.tcc:228:8 ] ] ]. Skipping.
Found a loop without a preheader at /usr/lib/gcc/aarch64-linux-gnu/11/../../../../include/c++/11/bits/stl_algobase.h:383:4 @[ /usr/lib/gcc/aarch64-linux-gnu/11/../../../../include/c++/11/bits/stl_algobase.h:494:14 @[ /usr/lib/gcc/aarch64-linux-gnu/11/../../../../include/c++/11/bits/stl_algobase.h:522:14 @[ /usr/lib/gcc/aarch64-linux-gnu/11/../../../../include/c++/11/bits/stl_algobase.h:530:3 @[ /usr/lib/gcc/aarch64-linux-gnu/11/../../../../include/c++/11/bits/stl_algobase.h:619:14 @[ /usr/lib/gcc/aarch64-linux-gnu/11/../../../../include/c++/11/bits/vector.tcc:243:8 ] ] ] ] ]. Skipping.
Found a loop without a preheader at /usr/lib/gcc/aarch64-linux-gnu/11/../../../../include/c++/11/bits/stl_construct.h:162:4 @[ /usr/lib/gcc/aarch64-linux-gnu/11/../../../../include/c++/11/bits/stl_construct.h:195:7 @[ /usr/lib/gcc/aarch64-linux-gnu/11/../../../../include/c++/11/bits/alloc_traits.h:848:7 @[ /usr/lib/gcc/aarch64-linux-gnu/11/../../../../include/c++/11/bits/vector.tcc:238:8 ] ] ]. Skipping.
Found a loop without a preheader at /usr/lib/gcc/aarch64-linux-gnu/11/../../../../include/c++/11/bits/stl_algobase.h:383:4 @[ /usr/lib/gcc/aarch64-linux-gnu/11/../../../../include/c++/11/bits/stl_algobase.h:494:14 @[ /usr/lib/gcc/aarch64-linux-gnu/11/../../../../include/c++/11/bits/stl_algobase.h:522:14 @[ /usr/lib/gcc/aarch64-linux-gnu/11/../../../../include/c++/11/bits/stl_algobase.h:530:3 @[ /usr/lib/gcc/aarch64-linux-gnu/11/../../../../include/c++/11/bits/stl_algobase.h:619:14 @[ /usr/lib/gcc/aarch64-linux-gnu/11/../../../../include/c++/11/bits/vector.tcc:238:22 ] ] ] ] ]. Skipping.
Found a loop without a preheader at /usr/lib/gcc/aarch64-linux-gnu/11/../../../../include/c++/11/bits/stl_construct.h:162:4 @[ /usr/lib/gcc/aarch64-linux-gnu/11/../../../../include/c++/11/bits/stl_construct.h:195:7 ]. Skipping.
Found a loop without a preheader at /usr/lib/gcc/aarch64-linux-gnu/11/../../../../include/c++/11/bits/stl_construct.h:162:4 @[ /usr/lib/gcc/aarch64-linux-gnu/11/../../../../include/c++/11/bits/stl_construct.h:195:7 ]. Skipping.
Found a loop without a preheader at /usr/lib/gcc/aarch64-linux-gnu/11/../../../../include/c++/11/bits/stl_uninitialized.h:91:8. Skipping.
Found a loop without a preheader at /usr/lib/gcc/aarch64-linux-gnu/11/../../../../include/c++/11/bits/stl_uninitialized.h:91:8. Skipping.
Found a loop without a preheader at /usr/lib/gcc/aarch64-linux-gnu/11/../../../../include/c++/11/bits/stl_construct.h:162:4 @[ /usr/lib/gcc/aarch64-linux-gnu/11/../../../../include/c++/11/bits/stl_construct.h:195:7 @[ /usr/lib/gcc/aarch64-linux-gnu/11/../../../../include/c++/11/bits/alloc_traits.h:848:7 @[ /usr/lib/gcc/aarch64-linux-gnu/11/../../../../include/c++/11/bits/vector.tcc:228:8 ] ] ]. Skipping.
Found a loop without a preheader at /usr/lib/gcc/aarch64-linux-gnu/11/../../../../include/c++/11/bits/stl_construct.h:162:4 @[ /usr/lib/gcc/aarch64-linux-gnu/11/../../../../include/c++/11/bits/stl_construct.h:195:7 @[ /usr/lib/gcc/aarch64-linux-gnu/11/../../../../include/c++/11/bits/alloc_traits.h:848:7 @[ /usr/lib/gcc/aarch64-linux-gnu/11/../../../../include/c++/11/bits/vector.tcc:238:8 ] ] ]. Skipping.
Found a loop without a preheader at /usr/lib/gcc/aarch64-linux-gnu/11/../../../../include/c++/11/bits/stl_uninitialized.h:91:8. Skipping.
Found a loop without a preheader at /usr/lib/gcc/aarch64-linux-gnu/11/../../../../include/c++/11/bits/stl_uninitialized.h:91:8. Skipping.
Found a loop without a preheader at /usr/include/boost/geometry/index/detail/rtree/visitors/destroy.hpp:48:9 @[ /usr/include/boost/variant/variant.hpp:1028:16 @[ /usr/include/boost/variant/detail/visitation_impl.hpp:131:24 @[ /usr/include/boost/variant/detail/visitation_impl.hpp:157:12 @[ /usr/include/boost/variant/detail/visitation_impl.hpp:238:5 @[ /usr/include/boost/variant/variant.hpp:2337:16 @[ /usr/include/boost/variant/variant.hpp:2349:16 @[ /usr/include/boost/variant/variant.hpp:2393:22 ] ] ] ] ] ] ]. Skipping.
Found a loop without a preheader at /usr/include/boost/geometry/index/detail/rtree/visitors/destroy.hpp:48:9 @[ /usr/include/boost/variant/variant.hpp:1028:16 @[ /usr/include/boost/variant/variant.hpp:1078:16 @[ /usr/include/boost/variant/detail/visitation_impl.hpp:137:24 @[ /usr/include/boost/variant/detail/visitation_impl.hpp:157:12 @[ /usr/include/boost/variant/detail/visitation_impl.hpp:238:5 @[ /usr/include/boost/variant/variant.hpp:2337:16 @[ /usr/include/boost/variant/variant.hpp:2349:16 @[ /usr/include/boost/variant/variant.hpp:2393:22 ] ] ] ] ] ] ] ]. Skipping.
Found a loop without a preheader at /usr/lib/gcc/aarch64-linux-gnu/11/../../../../include/c++/11/bits/stl_construct.h:162:4 @[ /usr/lib/gcc/aarch64-linux-gnu/11/../../../../include/c++/11/bits/stl_construct.h:195:7 @[ /usr/lib/gcc/aarch64-linux-gnu/11/../../../../include/c++/11/bits/alloc_traits.h:848:7 @[ /usr/lib/gcc/aarch64-linux-gnu/11/../../../../include/c++/11/bits/stl_vector.h:680:2 @[ install/autoware_route_handler/include/autoware/route_handler/route_handler.hpp:78:7 ] ] ] ]. Skipping.
Found a loop without a preheader at /usr/lib/gcc/aarch64-linux-gnu/11/../../../../include/c++/11/bits/stl_construct.h:162:4 @[ /usr/lib/gcc/aarch64-linux-gnu/11/../../../../include/c++/11/bits/stl_construct.h:195:7 @[ /usr/lib/gcc/aarch64-linux-gnu/11/../../../../include/c++/11/bits/alloc_traits.h:848:7 @[ /usr/lib/gcc/aarch64-linux-gnu/11/../../../../include/c++/11/bits/stl_vector.h:680:2 @[ install/autoware_route_handler/include/autoware/route_handler/route_handler.hpp:78:7 ] ] ] ]. Skipping.
Found a loop without a preheader at /usr/lib/gcc/aarch64-linux-gnu/11/../../../../include/c++/11/bits/stl_construct.h:162:4 @[ /usr/lib/gcc/aarch64-linux-gnu/11/../../../../include/c++/11/bits/stl_construct.h:195:7 @[ /usr/lib/gcc/aarch64-linux-gnu/11/../../../../include/c++/11/bits/alloc_traits.h:848:7 @[ /usr/lib/gcc/aarch64-linux-gnu/11/../../../../include/c++/11/bits/stl_vector.h:680:2 @[ install/autoware_route_handler/include/autoware/route_handler/route_handler.hpp:78:7 ] ] ] ]. Skipping.
Found a loop without a preheader at /usr/lib/gcc/aarch64-linux-gnu/11/../../../../include/c++/11/bits/stl_construct.h:162:4 @[ /usr/lib/gcc/aarch64-linux-gnu/11/../../../../include/c++/11/bits/stl_construct.h:195:7 @[ /usr/lib/gcc/aarch64-linux-gnu/11/../../../../include/c++/11/bits/alloc_traits.h:848:7 @[ /usr/lib/gcc/aarch64-linux-gnu/11/../../../../include/c++/11/bits/stl_vector.h:680:2 @[ install/autoware_route_handler/include/autoware/route_handler/route_handler.hpp:78:7 ] ] ] ]. Skipping.
Found a loop without a preheader at /usr/lib/gcc/aarch64-linux-gnu/11/../../../../include/c++/11/bits/stl_construct.h:162:4 @[ /usr/lib/gcc/aarch64-linux-gnu/11/../../../../include/c++/11/bits/stl_construct.h:195:7 @[ /usr/lib/gcc/aarch64-linux-gnu/11/../../../../include/c++/11/bits/alloc_traits.h:848:7 @[ /usr/lib/gcc/aarch64-linux-gnu/11/../../../../include/c++/11/bits/stl_vector.h:680:2 @[ /usr/include/boost/geometry/geometries/polygon.hpp:76:7 @[ src/core/autoware_core/planning/autoware_mission_planner/test/test_utility_functions.cpp:96:3 ] ] ] ] ]. Skipping.
Found a loop without a preheader at /usr/include/boost/geometry/algorithms/detail/calculate_sum.hpp:38:9 @[ /usr/include/boost/geometry/algorithms/detail/calculate_sum.hpp:51:15 @[ /usr/include/boost/geometry/algorithms/area.hpp:184:16 @[ /usr/include/boost/geometry/algorithms/area.hpp:242:16 @[ /usr/include/boost/geometry/algorithms/area.hpp:260:16 @[ /usr/include/boost/geometry/algorithms/area.hpp:326:12 @[ src/core/autoware_core/planning/autoware_mission_planner/test/test_utility_functions.cpp:94:25 ] ] ] ] ] ]. Skipping.
Found a loop without an exit block at src/core/autoware_core/planning/autoware_mission_planner/test/test_utility_functions.cpp:86:5. Skipping.
Found a loop without a preheader at /usr/lib/gcc/aarch64-linux-gnu/11/../../../../include/c++/11/bits/stl_uninitialized.h:1031:7 @[ /usr/lib/gcc/aarch64-linux-gnu/11/../../../../include/c++/11/bits/stl_uninitialized.h:1046:14 @[ /usr/lib/gcc/aarch64-linux-gnu/11/../../../../include/c++/11/bits/stl_vector.h:456:9 @[ /usr/lib/gcc/aarch64-linux-gnu/11/../../../../include/c++/11/bits/stl_vector.h:469:9 @[ /usr/lib/gcc/aarch64-linux-gnu/11/../../../../include/c++/11/bits/vector.tcc:461:23 @[ /usr/lib/gcc/aarch64-linux-gnu/11/../../../../include/c++/11/bits/vector.tcc:121:4 @[ /usr/lib/gcc/aarch64-linux-gnu/11/../../../../include/c++/11/bits/stl_vector.h:1204:9 @[ src/core/autoware_core/planning/autoware_mission_planner/test/test_utility_functions.cpp:80:15 ] ] ] ] ] ] ]. Skipping.
Found a loop without a preheader at /usr/lib/gcc/aarch64-linux-gnu/11/../../../../include/c++/11/bits/stl_construct.h:162:4 @[ /usr/lib/gcc/aarch64-linux-gnu/11/../../../../include/c++/11/bits/stl_construct.h:195:7 @[ /usr/lib/gcc/aarch64-linux-gnu/11/../../../../include/c++/11/bits/alloc_traits.h:848:7 @[ /usr/lib/gcc/aarch64-linux-gnu/11/../../../../include/c++/11/bits/stl_vector.h:680:2 @[ /usr/include/boost/geometry/geometries/polygon.hpp:76:7 @[ src/core/autoware_core/planning/autoware_mission_planner/test/test_utility_functions.cpp:69:3 ] ] ] ] ]. Skipping.
Found a loop without a preheader at /usr/include/boost/geometry/algorithms/detail/calculate_sum.hpp:38:9 @[ /usr/include/boost/geometry/algorithms/detail/calculate_sum.hpp:51:15 @[ /usr/include/boost/geometry/algorithms/area.hpp:184:16 @[ /usr/include/boost/geometry/algorithms/area.hpp:242:16 @[ /usr/include/boost/geometry/algorithms/area.hpp:260:16 @[ /usr/include/boost/geometry/algorithms/area.hpp:326:12 @[ src/core/autoware_core/planning/autoware_mission_planner/test/test_utility_functions.cpp:67:25 ] ] ] ] ] ]. Skipping.
Found a loop without an exit block at src/core/autoware_core/planning/autoware_mission_planner/test/test_utility_functions.cpp:58:5. Skipping.
Found a loop without a preheader at /usr/lib/gcc/aarch64-linux-gnu/11/../../../../include/c++/11/bits/stl_uninitialized.h:1031:7 @[ /usr/lib/gcc/aarch64-linux-gnu/11/../../../../include/c++/11/bits/stl_uninitialized.h:1046:14 @[ /usr/lib/gcc/aarch64-linux-gnu/11/../../../../include/c++/11/bits/stl_vector.h:456:9 @[ /usr/lib/gcc/aarch64-linux-gnu/11/../../../../include/c++/11/bits/stl_vector.h:469:9 @[ /usr/lib/gcc/aarch64-linux-gnu/11/../../../../include/c++/11/bits/vector.tcc:461:23 @[ /usr/lib/gcc/aarch64-linux-gnu/11/../../../../include/c++/11/bits/vector.tcc:121:4 @[ /usr/lib/gcc/aarch64-linux-gnu/11/../../../../include/c++/11/bits/stl_vector.h:1204:9 @[ src/core/autoware_core/planning/autoware_mission_planner/test/test_utility_functions.cpp:54:15 ] ] ] ] ] ] ]. Skipping.
Found a loop without an exit block at src/core/autoware_core/planning/autoware_mission_planner/test/test_utility_functions.cpp:120:3. Skipping.
Found a loop without a preheader at /usr/lib/gcc/aarch64-linux-gnu/11/../../../../include/c++/11/bits/stl_construct.h:162:4 @[ /usr/lib/gcc/aarch64-linux-gnu/11/../../../../include/c++/11/bits/stl_construct.h:195:7 @[ /usr/lib/gcc/aarch64-linux-gnu/11/../../../../include/c++/11/bits/alloc_traits.h:848:7 @[ /usr/lib/gcc/aarch64-linux-gnu/11/../../../../include/c++/11/bits/stl_vector.h:680:2 @[ src/core/autoware_core/planning/autoware_mission_planner/test/test_utility_functions.cpp:109:20 ] ] ] ]. Skipping.
Found a loop without a preheader at /usr/lib/gcc/aarch64-linux-gnu/11/../../../../include/c++/11/bits/stl_construct.h:162:4 @[ /usr/lib/gcc/aarch64-linux-gnu/11/../../../../include/c++/11/bits/stl_construct.h:195:7 @[ /usr/lib/gcc/aarch64-linux-gnu/11/../../../../include/c++/11/bits/alloc_traits.h:848:7 @[ /usr/lib/gcc/aarch64-linux-gnu/11/../../../../include/c++/11/bits/stl_vector.h:680:2 @[ /opt/ros/humble/include/visualization_msgs/visualization_msgs/msg/detail/marker_array__struct.hpp:37:8 @[ src/core/autoware_core/planning/autoware_mission_planner/test/test_utility_functions.cpp:143:1 ] ] ] ] ]. Skipping.
Found a loop without a preheader at /usr/lib/gcc/aarch64-linux-gnu/11/../../../../include/c++/11/bits/stl_construct.h:162:4 @[ /usr/lib/gcc/aarch64-linux-gnu/11/../../../../include/c++/11/bits/stl_construct.h:195:7 @[ /usr/lib/gcc/aarch64-linux-gnu/11/../../../../include/c++/11/bits/alloc_traits.h:848:7 @[ /usr/lib/gcc/aarch64-linux-gnu/11/../../../../include/c++/11/bits/stl_vector.h:680:2 @[ /opt/ros/humble/include/visualization_msgs/visualization_msgs/msg/detail/marker_array__struct.hpp:37:8 @[ src/core/autoware_core/planning/autoware_mission_planner/test/test_utility_functions.cpp:143:1 ] ] ] ] ]. Skipping.
Found a loop without a preheader at /usr/lib/gcc/aarch64-linux-gnu/11/../../../../include/c++/11/bits/stl_construct.h:162:4 @[ /usr/lib/gcc/aarch64-linux-gnu/11/../../../../include/c++/11/bits/stl_construct.h:195:7 @[ /usr/lib/gcc/aarch64-linux-gnu/11/../../../../include/c++/11/bits/alloc_traits.h:848:7 @[ /usr/lib/gcc/aarch64-linux-gnu/11/../../../../include/c++/11/bits/stl_vector.h:1796:6 @[ /usr/lib/gcc/aarch64-linux-gnu/11/../../../../include/c++/11/bits/stl_vector.h:942:4 @[ src/core/autoware_core/planning/autoware_mission_planner/test/test_utility_functions.cpp:132:14 ] ] ] ] ]. Skipping.
Found a loop without a preheader at /usr/lib/gcc/aarch64-linux-gnu/11/../../../../include/c++/11/bits/stl_construct.h:162:4 @[ /usr/lib/gcc/aarch64-linux-gnu/11/../../../../include/c++/11/bits/stl_construct.h:195:7 @[ /usr/lib/gcc/aarch64-linux-gnu/11/../../../../include/c++/11/bits/alloc_traits.h:848:7 @[ /usr/lib/gcc/aarch64-linux-gnu/11/../../../../include/c++/11/bits/stl_vector.h:680:2 @[ src/core/autoware_core/planning/autoware_mission_planner/test/test_utility_functions.cpp:184:20 ] ] ] ]. Skipping.
Found a loop without a preheader at /usr/lib/gcc/aarch64-linux-gnu/11/../../../../include/c++/11/bits/stl_construct.h:162:4 @[ /usr/lib/gcc/aarch64-linux-gnu/11/../../../../include/c++/11/bits/stl_construct.h:195:7 @[ /usr/lib/gcc/aarch64-linux-gnu/11/../../../../include/c++/11/bits/alloc_traits.h:848:7 @[ /usr/lib/gcc/aarch64-linux-gnu/11/../../../../include/c++/11/bits/stl_vector.h:680:2 @[ src/core/autoware_core/planning/autoware_mission_planner/test/test_utility_functions.cpp:269:5 ] ] ] ]. Skipping.
Found a loop without a preheader at /usr/lib/gcc/aarch64-linux-gnu/11/../../../../include/c++/11/bits/stl_construct.h:162:4 @[ /usr/lib/gcc/aarch64-linux-gnu/11/../../../../include/c++/11/bits/stl_construct.h:195:7 @[ /usr/lib/gcc/aarch64-linux-gnu/11/../../../../include/c++/11/bits/alloc_traits.h:848:7 @[ /usr/lib/gcc/aarch64-linux-gnu/11/../../../../include/c++/11/bits/stl_vector.h:680:2 @[ src/core/autoware_core/planning/autoware_mission_planner/test/test_utility_functions.cpp:264:5 ] ] ] ]. Skipping.
Found a loop without a preheader at /usr/lib/gcc/aarch64-linux-gnu/11/../../../../include/c++/11/bits/stl_construct.h:162:4 @[ /usr/lib/gcc/aarch64-linux-gnu/11/../../../../include/c++/11/bits/stl_construct.h:195:7 @[ /usr/lib/gcc/aarch64-linux-gnu/11/../../../../include/c++/11/bits/alloc_traits.h:848:7 @[ /usr/lib/gcc/aarch64-linux-gnu/11/../../../../include/c++/11/bits/stl_vector.h:680:2 @[ src/core/autoware_core/planning/autoware_mission_planner/test/test_utility_functions.cpp:259:5 ] ] ] ]. Skipping.
Found a loop without a preheader at /usr/lib/gcc/aarch64-linux-gnu/11/../../../../include/c++/11/bits/stl_construct.h:162:4 @[ /usr/lib/gcc/aarch64-linux-gnu/11/../../../../include/c++/11/bits/stl_construct.h:195:7 @[ /usr/lib/gcc/aarch64-linux-gnu/11/../../../../include/c++/11/bits/alloc_traits.h:848:7 @[ /usr/lib/gcc/aarch64-linux-gnu/11/../../../../include/c++/11/bits/stl_vector.h:680:2 @[ src/core/autoware_core/planning/autoware_mission_planner/test/test_utility_functions.cpp:254:5 ] ] ] ]. Skipping.
Found a loop without a preheader at /usr/lib/gcc/aarch64-linux-gnu/11/../../../../include/c++/11/bits/stl_construct.h:162:4 @[ /usr/lib/gcc/aarch64-linux-gnu/11/../../../../include/c++/11/bits/stl_construct.h:195:7 @[ /usr/lib/gcc/aarch64-linux-gnu/11/../../../../include/c++/11/bits/alloc_traits.h:848:7 @[ /usr/lib/gcc/aarch64-linux-gnu/11/../../../../include/c++/11/bits/stl_vector.h:680:2 @[ src/core/autoware_core/planning/autoware_mission_planner/test/test_utility_functions.cpp:249:5 ] ] ] ]. Skipping.
Found a loop without a preheader at /usr/lib/gcc/aarch64-linux-gnu/11/../../../../include/c++/11/bits/stl_construct.h:162:4 @[ /usr/lib/gcc/aarch64-linux-gnu/11/../../../../include/c++/11/bits/stl_construct.h:195:7 @[ /usr/lib/gcc/aarch64-linux-gnu/11/../../../../include/c++/11/bits/alloc_traits.h:848:7 @[ /usr/lib/gcc/aarch64-linux-gnu/11/../../../../include/c++/11/bits/stl_vector.h:680:2 @[ src/core/autoware_core/planning/autoware_mission_planner/test/test_utility_functions.cpp:244:5 ] ] ] ]. Skipping.
Found a loop without a preheader at /usr/lib/gcc/aarch64-linux-gnu/11/../../../../include/c++/11/bits/stl_construct.h:162:4 @[ /usr/lib/gcc/aarch64-linux-gnu/11/../../../../include/c++/11/bits/stl_construct.h:195:7 @[ /usr/lib/gcc/aarch64-linux-gnu/11/../../../../include/c++/11/bits/alloc_traits.h:848:7 @[ /usr/lib/gcc/aarch64-linux-gnu/11/../../../../include/c++/11/bits/stl_vector.h:680:2 @[ src/core/autoware_core/planning/autoware_mission_planner/test/test_utility_functions.cpp:239:5 ] ] ] ]. Skipping.
Found a loop without a preheader at /usr/lib/gcc/aarch64-linux-gnu/11/../../../../include/c++/11/bits/stl_construct.h:162:4 @[ /usr/lib/gcc/aarch64-linux-gnu/11/../../../../include/c++/11/bits/stl_construct.h:195:7 @[ /usr/lib/gcc/aarch64-linux-gnu/11/../../../../include/c++/11/bits/alloc_traits.h:848:7 @[ /usr/lib/gcc/aarch64-linux-gnu/11/../../../../include/c++/11/bits/stl_vector.h:680:2 @[ src/core/autoware_core/planning/autoware_mission_planner/test/test_utility_functions.cpp:312:5 ] ] ] ]. Skipping.
Found a loop without a preheader at /usr/lib/gcc/aarch64-linux-gnu/11/../../../../include/c++/11/bits/stl_construct.h:162:4 @[ /usr/lib/gcc/aarch64-linux-gnu/11/../../../../include/c++/11/bits/stl_construct.h:195:7 @[ /usr/lib/gcc/aarch64-linux-gnu/11/../../../../include/c++/11/bits/alloc_traits.h:848:7 @[ /usr/lib/gcc/aarch64-linux-gnu/11/../../../../include/c++/11/bits/stl_vector.h:680:2 @[ src/core/autoware_core/planning/autoware_mission_planner/test/test_utility_functions.cpp:307:5 ] ] ] ]. Skipping.
Found a loop without a preheader at /usr/lib/gcc/aarch64-linux-gnu/11/../../../../include/c++/11/bits/stl_construct.h:162:4 @[ /usr/lib/gcc/aarch64-linux-gnu/11/../../../../include/c++/11/bits/stl_construct.h:195:7 @[ /usr/lib/gcc/aarch64-linux-gnu/11/../../../../include/c++/11/bits/alloc_traits.h:848:7 @[ /usr/lib/gcc/aarch64-linux-gnu/11/../../../../include/c++/11/bits/stl_vector.h:680:2 @[ src/core/autoware_core/planning/autoware_mission_planner/test/test_utility_functions.cpp:302:5 ] ] ] ]. Skipping.
Found a loop without a preheader at /usr/lib/gcc/aarch64-linux-gnu/11/../../../../include/c++/11/bits/stl_construct.h:162:4 @[ /usr/lib/gcc/aarch64-linux-gnu/11/../../../../include/c++/11/bits/stl_construct.h:195:7 @[ /usr/lib/gcc/aarch64-linux-gnu/11/../../../../include/c++/11/bits/alloc_traits.h:848:7 @[ /usr/lib/gcc/aarch64-linux-gnu/11/../../../../include/c++/11/bits/stl_vector.h:680:2 @[ src/core/autoware_core/planning/autoware_mission_planner/test/test_utility_functions.cpp:297:5 ] ] ] ]. Skipping.
Found a loop without a preheader at /usr/lib/gcc/aarch64-linux-gnu/11/../../../../include/c++/11/bits/stl_construct.h:162:4 @[ /usr/lib/gcc/aarch64-linux-gnu/11/../../../../include/c++/11/bits/stl_construct.h:195:7 @[ /usr/lib/gcc/aarch64-linux-gnu/11/../../../../include/c++/11/bits/alloc_traits.h:848:7 @[ /usr/lib/gcc/aarch64-linux-gnu/11/../../../../include/c++/11/bits/stl_vector.h:680:2 @[ src/core/autoware_core/planning/autoware_mission_planner/test/test_utility_functions.cpp:292:5 ] ] ] ]. Skipping.
Found a loop without a preheader at /usr/lib/gcc/aarch64-linux-gnu/11/../../../../include/c++/11/bits/stl_construct.h:162:4 @[ /usr/lib/gcc/aarch64-linux-gnu/11/../../../../include/c++/11/bits/stl_construct.h:195:7 @[ /usr/lib/gcc/aarch64-linux-gnu/11/../../../../include/c++/11/bits/alloc_traits.h:848:7 @[ /usr/lib/gcc/aarch64-linux-gnu/11/../../../../include/c++/11/bits/stl_vector.h:680:2 @[ src/core/autoware_core/planning/autoware_mission_planner/test/test_utility_functions.cpp:287:5 ] ] ] ]. Skipping.
Found a loop without a preheader at /usr/lib/gcc/aarch64-linux-gnu/11/../../../../include/c++/11/bits/stl_construct.h:162:4 @[ /usr/lib/gcc/aarch64-linux-gnu/11/../../../../include/c++/11/bits/stl_construct.h:195:7 @[ /usr/lib/gcc/aarch64-linux-gnu/11/../../../../include/c++/11/bits/alloc_traits.h:848:7 @[ /usr/lib/gcc/aarch64-linux-gnu/11/../../../../include/c++/11/bits/stl_vector.h:680:2 @[ src/core/autoware_core/planning/autoware_mission_planner/test/test_utility_functions.cpp:282:5 ] ] ] ]. Skipping.
Found a loop without a preheader at /usr/lib/gcc/aarch64-linux-gnu/11/../../../../include/c++/11/bits/stl_construct.h:162:4 @[ /usr/lib/gcc/aarch64-linux-gnu/11/../../../../include/c++/11/bits/stl_construct.h:195:7 @[ /usr/lib/gcc/aarch64-linux-gnu/11/../../../../include/c++/11/bits/alloc_traits.h:848:7 @[ /usr/lib/gcc/aarch64-linux-gnu/11/../../../../include/c++/11/bits/stl_vector.h:680:2 @[ src/core/autoware_core/planning/autoware_mission_planner/test/test_utility_functions.cpp:421:7 ] ] ] ]. Skipping.
Found a loop without a preheader at /usr/lib/gcc/aarch64-linux-gnu/11/../../../../include/c++/11/bits/stl_construct.h:162:4 @[ /usr/lib/gcc/aarch64-linux-gnu/11/../../../../include/c++/11/bits/stl_construct.h:195:7 @[ /usr/lib/gcc/aarch64-linux-gnu/11/../../../../include/c++/11/bits/alloc_traits.h:848:7 @[ /usr/lib/gcc/aarch64-linux-gnu/11/../../../../include/c++/11/bits/stl_vector.h:680:2 @[ src/core/autoware_core/planning/autoware_mission_planner/test/test_utility_functions.cpp:412:7 ] ] ] ]. Skipping.
Found a loop without a preheader at /usr/lib/gcc/aarch64-linux-gnu/11/../../../../include/c++/11/bits/stl_construct.h:162:4 @[ /usr/lib/gcc/aarch64-linux-gnu/11/../../../../include/c++/11/bits/stl_construct.h:195:7 @[ /usr/lib/gcc/aarch64-linux-gnu/11/../../../../include/c++/11/bits/alloc_traits.h:848:7 @[ /usr/lib/gcc/aarch64-linux-gnu/11/../../../../include/c++/11/bits/stl_vector.h:680:2 @[ src/core/autoware_core/planning/autoware_mission_planner/test/test_utility_functions.cpp:403:7 ] ] ] ]. Skipping.
Found a loop without a preheader at /usr/lib/gcc/aarch64-linux-gnu/11/../../../../include/c++/11/bits/stl_construct.h:162:4 @[ /usr/lib/gcc/aarch64-linux-gnu/11/../../../../include/c++/11/bits/stl_construct.h:195:7 @[ /usr/lib/gcc/aarch64-linux-gnu/11/../../../../include/c++/11/bits/alloc_traits.h:848:7 @[ /usr/lib/gcc/aarch64-linux-gnu/11/../../../../include/c++/11/bits/stl_vector.h:680:2 @[ src/core/autoware_core/planning/autoware_mission_planner/test/test_utility_functions.cpp:394:7 ] ] ] ]. Skipping.
Found a loop without a preheader at /usr/lib/gcc/aarch64-linux-gnu/11/../../../../include/c++/11/bits/stl_construct.h:162:4 @[ /usr/lib/gcc/aarch64-linux-gnu/11/../../../../include/c++/11/bits/stl_construct.h:195:7 @[ /usr/lib/gcc/aarch64-linux-gnu/11/../../../../include/c++/11/bits/alloc_traits.h:848:7 @[ /usr/lib/gcc/aarch64-linux-gnu/11/../../../../include/c++/11/bits/stl_vector.h:680:2 @[ src/core/autoware_core/planning/autoware_mission_planner/test/test_utility_functions.cpp:385:7 ] ] ] ]. Skipping.
Found a loop without a preheader at /usr/lib/gcc/aarch64-linux-gnu/11/../../../../include/c++/11/bits/stl_construct.h:162:4 @[ /usr/lib/gcc/aarch64-linux-gnu/11/../../../../include/c++/11/bits/stl_construct.h:195:7 @[ /usr/lib/gcc/aarch64-linux-gnu/11/../../../../include/c++/11/bits/alloc_traits.h:848:7 @[ /usr/lib/gcc/aarch64-linux-gnu/11/../../../../include/c++/11/bits/stl_vector.h:680:2 @[ src/core/autoware_core/planning/autoware_mission_planner/test/test_utility_functions.cpp:376:7 ] ] ] ]. Skipping.
Found a loop without a preheader at /usr/lib/gcc/aarch64-linux-gnu/11/../../../../include/c++/11/bits/stl_construct.h:162:4 @[ /usr/lib/gcc/aarch64-linux-gnu/11/../../../../include/c++/11/bits/stl_construct.h:195:7 @[ /usr/lib/gcc/aarch64-linux-gnu/11/../../../../include/c++/11/bits/alloc_traits.h:848:7 @[ /usr/lib/gcc/aarch64-linux-gnu/11/../../../../include/c++/11/bits/stl_vector.h:680:2 @[ src/core/autoware_core/planning/autoware_mission_planner/test/test_utility_functions.cpp:367:7 ] ] ] ]. Skipping.
Found a loop without a preheader at /usr/lib/gcc/aarch64-linux-gnu/11/../../../../include/c++/11/bits/stl_construct.h:162:4 @[ /usr/lib/gcc/aarch64-linux-gnu/11/../../../../include/c++/11/bits/stl_construct.h:195:7 @[ /usr/lib/gcc/aarch64-linux-gnu/11/../../../../include/c++/11/bits/alloc_traits.h:848:7 @[ /usr/lib/gcc/aarch64-linux-gnu/11/../../../../include/c++/11/bits/stl_vector.h:680:2 @[ src/core/autoware_core/planning/autoware_mission_planner/test/test_utility_functions.cpp:352:20 ] ] ] ]. Skipping.
Found a loop without a preheader at /usr/lib/gcc/aarch64-linux-gnu/11/../../../../include/c++/11/bits/stl_construct.h:162:4 @[ /usr/lib/gcc/aarch64-linux-gnu/11/../../../../include/c++/11/bits/stl_construct.h:195:7 @[ /usr/lib/gcc/aarch64-linux-gnu/11/../../../../include/c++/11/bits/alloc_traits.h:848:7 @[ /usr/lib/gcc/aarch64-linux-gnu/11/../../../../include/c++/11/bits/stl_vector.h:680:2 @[ /usr/include/boost/geometry/geometries/polygon.hpp:76:7 ] ] ] ]. Skipping.
Found a loop without a preheader at /usr/lib/gcc/aarch64-linux-gnu/11/../../../../include/c++/11/bits/stl_construct.h:162:4 @[ /usr/lib/gcc/aarch64-linux-gnu/11/../../../../include/c++/11/bits/stl_construct.h:195:7 @[ /usr/lib/gcc/aarch64-linux-gnu/11/../../../../include/c++/11/bits/alloc_traits.h:848:7 @[ /usr/lib/gcc/aarch64-linux-gnu/11/../../../../include/c++/11/bits/stl_vector.h:680:2 ] ] ]. Skipping.
Found a loop without a preheader at /usr/lib/gcc/aarch64-linux-gnu/11/../../../../include/c++/11/bits/stl_construct.h:162:4 @[ /usr/lib/gcc/aarch64-linux-gnu/11/../../../../include/c++/11/bits/stl_construct.h:195:7 @[ /usr/lib/gcc/aarch64-linux-gnu/11/../../../../include/c++/11/bits/alloc_traits.h:848:7 @[ /usr/lib/gcc/aarch64-linux-gnu/11/../../../../include/c++/11/bits/stl_vector.h:680:2 @[ /opt/ros/humble/include/lanelet2_core/primitives/LineString.h:529:3 ] ] ] ]. Skipping.
Found a loop without a preheader at /usr/lib/gcc/aarch64-linux-gnu/11/../../../../include/c++/11/bits/stl_construct.h:162:4 @[ /usr/lib/gcc/aarch64-linux-gnu/11/../../../../include/c++/11/bits/stl_construct.h:195:7 @[ /usr/lib/gcc/aarch64-linux-gnu/11/../../../../include/c++/11/bits/alloc_traits.h:848:7 @[ /usr/lib/gcc/aarch64-linux-gnu/11/../../../../include/c++/11/bits/stl_vector.h:680:2 ] ] ]. Skipping.
Found a loop without a preheader at /usr/lib/gcc/aarch64-linux-gnu/11/../../../../include/c++/11/bits/stl_construct.h:162:4 @[ /usr/lib/gcc/aarch64-linux-gnu/11/../../../../include/c++/11/bits/stl_construct.h:195:7 @[ /usr/lib/gcc/aarch64-linux-gnu/11/../../../../include/c++/11/bits/alloc_traits.h:848:7 @[ /usr/lib/gcc/aarch64-linux-gnu/11/../../../../include/c++/11/bits/stl_vector.h:680:2 @[ /usr/lib/gcc/aarch64-linux-gnu/11/../../../../include/c++/11/ext/new_allocator.h:162:4 ] ] ] ]. Skipping.
Found a loop without a preheader at /usr/lib/gcc/aarch64-linux-gnu/11/../../../../include/c++/11/bits/stl_tree.h:114:7 @[ /usr/lib/gcc/aarch64-linux-gnu/11/../../../../include/c++/11/bits/stl_tree.h:800:16 @[ /usr/lib/gcc/aarch64-linux-gnu/11/../../../../include/c++/11/bits/stl_tree.h:891:20 @[ /usr/lib/gcc/aarch64-linux-gnu/11/../../../../include/c++/11/bits/stl_tree.h:901:9 @[ /usr/lib/gcc/aarch64-linux-gnu/11/../../../../include/c++/11/bits/stl_tree.h:939:16 @[ /usr/lib/gcc/aarch64-linux-gnu/11/../../../../include/c++/11/bits/stl_map.h:207:7 @[ /opt/ros/humble/include/lanelet2_core/utility/HybridMap.h:94:37 @[ /usr/lib/gcc/aarch64-linux-gnu/11/../../../../include/c++/11/ext/new_allocator.h:162:27 ] ] ] ] ] ] ]. Skipping.
Found a loop without an exit block at /opt/ros/humble/include/lanelet2_core/utility/HybridMap.h:41:3. Skipping.
Found a loop without a preheader at /usr/lib/gcc/aarch64-linux-gnu/11/../../../../include/c++/11/bits/stl_tree.h:1860:6. Skipping.
Found a loop without a preheader at /usr/lib/gcc/aarch64-linux-gnu/11/../../../../include/c++/11/bits/stl_tree.h:1887:7. Skipping.
Found a loop without a preheader at /usr/lib/gcc/aarch64-linux-gnu/11/../../../../include/c++/11/bits/stl_construct.h:162:4 @[ /usr/lib/gcc/aarch64-linux-gnu/11/../../../../include/c++/11/bits/stl_construct.h:195:7 @[ /usr/lib/gcc/aarch64-linux-gnu/11/../../../../include/c++/11/bits/alloc_traits.h:848:7 @[ /usr/lib/gcc/aarch64-linux-gnu/11/../../../../include/c++/11/bits/stl_vector.h:680:2 @[ /opt/ros/humble/include/lanelet2_core/primitives/LineString.h:139:7 ] ] ] ]. Skipping.
Found a loop without a preheader at /usr/lib/gcc/aarch64-linux-gnu/11/../../../../include/c++/11/bits/stl_algobase.h:718:4 @[ /usr/lib/gcc/aarch64-linux-gnu/11/../../../../include/c++/11/bits/stl_algobase.h:758:14 @[ /usr/lib/gcc/aarch64-linux-gnu/11/../../../../include/c++/11/bits/stl_algobase.h:769:14 @[ /usr/lib/gcc/aarch64-linux-gnu/11/../../../../include/c++/11/bits/stl_algobase.h:799:3 @[ /usr/lib/gcc/aarch64-linux-gnu/11/../../../../include/c++/11/bits/stl_algobase.h:894:14 @[ /usr/lib/gcc/aarch64-linux-gnu/11/../../../../include/c++/11/bits/vector.tcc:412:7 ] ] ] ] ]. Skipping.
Found a loop without a preheader at /usr/lib/gcc/aarch64-linux-gnu/11/../../../../include/c++/11/bits/stl_construct.h:162:4 @[ /usr/lib/gcc/aarch64-linux-gnu/11/../../../../include/c++/11/bits/stl_construct.h:195:7 @[ /usr/lib/gcc/aarch64-linux-gnu/11/../../../../include/c++/11/bits/alloc_traits.h:848:7 @[ /usr/lib/gcc/aarch64-linux-gnu/11/../../../../include/c++/11/bits/stl_vector.h:680:2 @[ /usr/lib/gcc/aarch64-linux-gnu/11/../../../../include/c++/11/ext/new_allocator.h:162:4 ] ] ] ]. Skipping.
Found a loop without a preheader at /usr/lib/gcc/aarch64-linux-gnu/11/../../../../include/c++/11/bits/stl_uninitialized.h:91:8 @[ /usr/lib/gcc/aarch64-linux-gnu/11/../../../../include/c++/11/bits/stl_uninitialized.h:148:14 @[ /usr/lib/gcc/aarch64-linux-gnu/11/../../../../include/c++/11/bits/stl_uninitialized.h:333:14 @[ /usr/lib/gcc/aarch64-linux-gnu/11/../../../../include/c++/11/bits/stl_vector.h:558:4 @[ /usr/lib/gcc/aarch64-linux-gnu/11/../../../../include/c++/11/ext/new_allocator.h:162:27 ] ] ] ]. Skipping.
Found a loop without a preheader at /usr/lib/gcc/aarch64-linux-gnu/11/../../../../include/c++/11/bits/stl_construct.h:162:4 @[ /usr/lib/gcc/aarch64-linux-gnu/11/../../../../include/c++/11/bits/stl_construct.h:195:7 @[ /usr/lib/gcc/aarch64-linux-gnu/11/../../../../include/c++/11/bits/alloc_traits.h:848:7 @[ /usr/lib/gcc/aarch64-linux-gnu/11/../../../../include/c++/11/bits/stl_vector.h:680:2 @[ /opt/ros/humble/include/lanelet2_core/primitives/Lanelet.h:22:7 ] ] ] ]. Skipping.
Found a loop without a preheader at /usr/lib/gcc/aarch64-linux-gnu/11/../../../../include/c++/11/bits/stl_construct.h:162:4 @[ /usr/lib/gcc/aarch64-linux-gnu/11/../../../../include/c++/11/bits/stl_construct.h:195:7 @[ /usr/lib/gcc/aarch64-linux-gnu/11/../../../../include/c++/11/bits/alloc_traits.h:848:7 @[ /usr/lib/gcc/aarch64-linux-gnu/11/../../../../include/c++/11/bits/stl_vector.h:680:2 @[ /opt/ros/humble/include/visualization_msgs/visualization_msgs/msg/detail/marker_array__struct.hpp:37:8 ] ] ] ]. Skipping.
Found a loop without a preheader at /usr/lib/gcc/aarch64-linux-gnu/11/../../../../include/c++/11/bits/stl_uninitialized.h:1031:7 @[ /usr/lib/gcc/aarch64-linux-gnu/11/../../../../include/c++/11/bits/stl_uninitialized.h:1046:14 @[ /usr/lib/gcc/aarch64-linux-gnu/11/../../../../include/c++/11/bits/stl_vector.h:456:9 @[ /usr/lib/gcc/aarch64-linux-gnu/11/../../../../include/c++/11/bits/stl_vector.h:469:9 @[ /usr/lib/gcc/aarch64-linux-gnu/11/../../../../include/c++/11/bits/vector.tcc:648:5 ] ] ] ]. Skipping.
Found a loop without a preheader at /usr/lib/gcc/aarch64-linux-gnu/11/../../../../include/c++/11/bits/stl_construct.h:162:4 @[ /usr/lib/gcc/aarch64-linux-gnu/11/../../../../include/c++/11/bits/stl_construct.h:195:7 @[ /usr/lib/gcc/aarch64-linux-gnu/11/../../../../include/c++/11/bits/stl_uninitialized.h:584:8 ] ]. Skipping.
Found a loop without a preheader at /usr/lib/gcc/aarch64-linux-gnu/11/../../../../include/c++/11/bits/stl_uninitialized.h:578:8. Skipping.
Found a loop without a preheader at /usr/lib/gcc/aarch64-linux-gnu/11/../../../../include/c++/11/bits/stl_construct.h:162:4 @[ /usr/lib/gcc/aarch64-linux-gnu/11/../../../../include/c++/11/bits/stl_construct.h:195:7 @[ /usr/lib/gcc/aarch64-linux-gnu/11/../../../../include/c++/11/bits/alloc_traits.h:848:7 @[ /usr/lib/gcc/aarch64-linux-gnu/11/../../../../include/c++/11/bits/stl_vector.h:680:2 ] ] ]. Skipping.
Found a loop without a preheader at /usr/lib/gcc/aarch64-linux-gnu/11/../../../../include/c++/11/bits/stl_construct.h:162:4 @[ /usr/lib/gcc/aarch64-linux-gnu/11/../../../../include/c++/11/bits/stl_construct.h:195:7 @[ /usr/lib/gcc/aarch64-linux-gnu/11/../../../../include/c++/11/bits/alloc_traits.h:848:7 @[ /usr/lib/gcc/aarch64-linux-gnu/11/../../../../include/c++/11/bits/stl_vector.h:680:2 @[ /opt/ros/humble/include/lanelet2_core/primitives/Polygon.h:132:3 ] ] ] ]. Skipping.
Found a loop without a preheader at /usr/lib/gcc/aarch64-linux-gnu/11/../../../../include/c++/11/bits/stl_construct.h:162:4 @[ /usr/lib/gcc/aarch64-linux-gnu/11/../../../../include/c++/11/bits/stl_construct.h:195:7 @[ /usr/lib/gcc/aarch64-linux-gnu/11/../../../../include/c++/11/bits/alloc_traits.h:848:7 @[ /usr/lib/gcc/aarch64-linux-gnu/11/../../../../include/c++/11/bits/stl_vector.h:680:2 ] ] ]. Skipping.
Found a loop without a preheader at /usr/lib/gcc/aarch64-linux-gnu/11/../../../../include/c++/11/bits/stl_construct.h:162:4 @[ /usr/lib/gcc/aarch64-linux-gnu/11/../../../../include/c++/11/bits/stl_construct.h:195:7 @[ /usr/lib/gcc/aarch64-linux-gnu/11/../../../../include/c++/11/bits/alloc_traits.h:848:7 @[ /usr/lib/gcc/aarch64-linux-gnu/11/../../../../include/c++/11/bits/stl_vector.h:680:2 @[ src/core/autoware_core/planning/autoware_mission_planner/test/test_utility_functions.cpp:327:28 @[ src/core/autoware_core/planning/autoware_mission_planner/test/test_utility_functions.cpp:332:26 ] ] ] ] ]. Skipping.
Found a loop without a preheader at /usr/lib/gcc/aarch64-linux-gnu/11/../../../../include/c++/11/bits/stl_construct.h:162:4 @[ /usr/lib/gcc/aarch64-linux-gnu/11/../../../../include/c++/11/bits/stl_construct.h:195:7 @[ /usr/lib/gcc/aarch64-linux-gnu/11/../../../../include/c++/11/bits/alloc_traits.h:848:7 @[ /usr/lib/gcc/aarch64-linux-gnu/11/../../../../include/c++/11/bits/stl_vector.h:680:2 ] ] ]. Skipping.
---
[Processing: autoware_mission_planner]
[Processing: autoware_mission_planner]
[Processing: autoware_mission_planner]
[Processing: autoware_mission_planner]
[Processing: autoware_mission_planner]
[Processing: autoware_mission_planner]
[Processing: autoware_mission_planner]
[Processing: autoware_mission_planner]
[Processing: autoware_mission_planner]
[Processing: autoware_mission_planner]
[Processing: autoware_mission_planner]
[Processing: autoware_mission_planner]
Finished <<< autoware_mission_planner [6min 8s]

Summary: 1 package finished [6min 12s]
  1 package had stderr output: autoware_mission_planner
ude/c++/11/bits/stl_vector.h:680:2 @[ src/core/autoware_core/planning/autoware_mission_planner/test/test_lanelet2_plugins_default_planner.cpp:177:3 ] ] ] ]. Skipping.
Found a loop without a preheader at /usr/lib/gcc/aarch64-linux-gnu/11/../../../../include/c++/11/bits/stl_uninitialized.h:1031:7 @[ /usr/lib/gcc/aarch64-linux-gnu/11/../../../../include/c++/11/bits/stl_uninitialized.h:1046:14 @[ /usr/lib/gcc/aarch64-linux-gnu/11/../../../../include/c++/11/bits/stl_vector.h:456:9 @[ /usr/lib/gcc/aarch64-linux-gnu/11/../../../../include/c++/11/bits/stl_vector.h:469:9 @[ /usr/lib/gcc/aarch64-linux-gnu/11/../../../../include/c++/11/bits/vector.tcc:461:23 @[ /usr/lib/gcc/aarch64-linux-gnu/11/../../../../include/c++/11/bits/vector.tcc:121:4 @[ src/core/autoware_core/planning/autoware_mission_planner/test/test_lanelet2_plugins_default_planner.cpp:176:26 ] ] ] ] ] ]. Skipping.
Found a loop without a preheader at /usr/lib/gcc/aarch64-linux-gnu/11/../../../../include/c++/11/bits/stl_uninitialized.h:1031:7 @[ /usr/lib/gcc/aarch64-linux-gnu/11/../../../../include/c++/11/bits/stl_uninitialized.h:1046:14 @[ /usr/lib/gcc/aarch64-linux-gnu/11/../../../../include/c++/11/bits/stl_vector.h:456:9 @[ /usr/lib/gcc/aarch64-linux-gnu/11/../../../../include/c++/11/bits/stl_vector.h:469:9 @[ /usr/lib/gcc/aarch64-linux-gnu/11/../../../../include/c++/11/bits/vector.tcc:461:23 @[ /usr/lib/gcc/aarch64-linux-gnu/11/../../../../include/c++/11/bits/vector.tcc:121:4 @[ src/core/autoware_core/planning/autoware_mission_planner/test/test_lanelet2_plugins_default_planner.cpp:175:26 ] ] ] ] ] ]. Skipping.
Found a loop without a preheader at /usr/lib/gcc/aarch64-linux-gnu/11/../../../../include/c++/11/bits/stl_uninitialized.h:1031:7 @[ /usr/lib/gcc/aarch64-linux-gnu/11/../../../../include/c++/11/bits/stl_uninitialized.h:1046:14 @[ /usr/lib/gcc/aarch64-linux-gnu/11/../../../../include/c++/11/bits/stl_vector.h:456:9 @[ /usr/lib/gcc/aarch64-linux-gnu/11/../../../../include/c++/11/bits/stl_vector.h:469:9 @[ /usr/lib/gcc/aarch64-linux-gnu/11/../../../../include/c++/11/bits/vector.tcc:461:23 @[ /usr/lib/gcc/aarch64-linux-gnu/11/../../../../include/c++/11/bits/vector.tcc:121:4 @[ src/core/autoware_core/planning/autoware_mission_planner/test/test_lanelet2_plugins_default_planner.cpp:174:26 ] ] ] ] ] ]. Skipping.
Found a loop without a preheader at /usr/lib/gcc/aarch64-linux-gnu/11/../../../../include/c++/11/bits/stl_uninitialized.h:1031:7 @[ /usr/lib/gcc/aarch64-linux-gnu/11/../../../../include/c++/11/bits/stl_uninitialized.h:1046:14 @[ /usr/lib/gcc/aarch64-linux-gnu/11/../../../../include/c++/11/bits/stl_vector.h:456:9 @[ /usr/lib/gcc/aarch64-linux-gnu/11/../../../../include/c++/11/bits/stl_vector.h:469:9 @[ /usr/lib/gcc/aarch64-linux-gnu/11/../../../../include/c++/11/bits/vector.tcc:461:23 @[ /usr/lib/gcc/aarch64-linux-gnu/11/../../../../include/c++/11/bits/vector.tcc:121:4 @[ src/core/autoware_core/planning/autoware_mission_planner/test/test_lanelet2_plugins_default_planner.cpp:173:26 ] ] ] ] ] ]. Skipping.
Found a loop without a preheader at /usr/lib/gcc/aarch64-linux-gnu/11/../../../../include/c++/11/bits/stl_uninitialized.h:1031:7 @[ /usr/lib/gcc/aarch64-linux-gnu/11/../../../../include/c++/11/bits/stl_uninitialized.h:1046:14 @[ /usr/lib/gcc/aarch64-linux-gnu/11/../../../../include/c++/11/bits/stl_vector.h:456:9 @[ /usr/lib/gcc/aarch64-linux-gnu/11/../../../../include/c++/11/bits/stl_vector.h:469:9 @[ /usr/lib/gcc/aarch64-linux-gnu/11/../../../../include/c++/11/bits/vector.tcc:461:23 @[ /usr/lib/gcc/aarch64-linux-gnu/11/../../../../include/c++/11/bits/vector.tcc:121:4 @[ src/core/autoware_core/planning/autoware_mission_planner/test/test_lanelet2_plugins_default_planner.cpp:172:26 ] ] ] ] ] ]. Skipping.
Found a loop without a preheader at /usr/lib/gcc/aarch64-linux-gnu/11/../../../../include/c++/11/bits/stl_construct.h:162:4 @[ /usr/lib/gcc/aarch64-linux-gnu/11/../../../../include/c++/11/bits/stl_construct.h:195:7 @[ /usr/lib/gcc/aarch64-linux-gnu/11/../../../../include/c++/11/bits/alloc_traits.h:848:7 @[ /usr/lib/gcc/aarch64-linux-gnu/11/../../../../include/c++/11/bits/stl_vector.h:1796:6 @[ /usr/lib/gcc/aarch64-linux-gnu/11/../../../../include/c++/11/bits/stl_vector.h:1499:9 @[ /usr/include/boost/geometry/geometries/polygon.hpp:138:18 @[ src/core/autoware_core/planning/autoware_mission_planner/test/test_lanelet2_plugins_default_planner.cpp:171:18 ] ] ] ] ] ]. Skipping.
Found a loop without a preheader at /usr/lib/gcc/aarch64-linux-gnu/11/../../../../include/c++/11/bits/stl_construct.h:162:4 @[ /usr/lib/gcc/aarch64-linux-gnu/11/../../../../include/c++/11/bits/stl_construct.h:195:7 @[ /usr/lib/gcc/aarch64-linux-gnu/11/../../../../include/c++/11/bits/alloc_traits.h:848:7 @[ /usr/lib/gcc/aarch64-linux-gnu/11/../../../../include/c++/11/bits/stl_vector.h:680:2 @[ src/core/autoware_core/planning/autoware_mission_planner/test/test_lanelet2_plugins_default_planner.cpp:168:3 ] ] ] ]. Skipping.
Found a loop without a preheader at /usr/lib/gcc/aarch64-linux-gnu/11/../../../../include/c++/11/bits/stl_uninitialized.h:1031:7 @[ /usr/lib/gcc/aarch64-linux-gnu/11/../../../../include/c++/11/bits/stl_uninitialized.h:1046:14 @[ /usr/lib/gcc/aarch64-linux-gnu/11/../../../../include/c++/11/bits/stl_vector.h:456:9 @[ /usr/lib/gcc/aarch64-linux-gnu/11/../../../../include/c++/11/bits/stl_vector.h:469:9 @[ /usr/lib/gcc/aarch64-linux-gnu/11/../../../../include/c++/11/bits/vector.tcc:461:23 @[ /usr/lib/gcc/aarch64-linux-gnu/11/../../../../include/c++/11/bits/vector.tcc:121:4 @[ src/core/autoware_core/planning/autoware_mission_planner/test/test_lanelet2_plugins_default_planner.cpp:167:26 ] ] ] ] ] ]. Skipping.
Found a loop without a preheader at /usr/lib/gcc/aarch64-linux-gnu/11/../../../../include/c++/11/bits/stl_uninitialized.h:1031:7 @[ /usr/lib/gcc/aarch64-linux-gnu/11/../../../../include/c++/11/bits/stl_uninitialized.h:1046:14 @[ /usr/lib/gcc/aarch64-linux-gnu/11/../../../../include/c++/11/bits/stl_vector.h:456:9 @[ /usr/lib/gcc/aarch64-linux-gnu/11/../../../../include/c++/11/bits/stl_vector.h:469:9 @[ /usr/lib/gcc/aarch64-linux-gnu/11/../../../../include/c++/11/bits/vector.tcc:461:23 @[ /usr/lib/gcc/aarch64-linux-gnu/11/../../../../include/c++/11/bits/vector.tcc:121:4 @[ src/core/autoware_core/planning/autoware_mission_planner/test/test_lanelet2_plugins_default_planner.cpp:166:26 ] ] ] ] ] ]. Skipping.
Found a loop without a preheader at /usr/lib/gcc/aarch64-linux-gnu/11/../../../../include/c++/11/bits/stl_uninitialized.h:1031:7 @[ /usr/lib/gcc/aarch64-linux-gnu/11/../../../../include/c++/11/bits/stl_uninitialized.h:1046:14 @[ /usr/lib/gcc/aarch64-linux-gnu/11/../../../../include/c++/11/bits/stl_vector.h:456:9 @[ /usr/lib/gcc/aarch64-linux-gnu/11/../../../../include/c++/11/bits/stl_vector.h:469:9 @[ /usr/lib/gcc/aarch64-linux-gnu/11/../../../../include/c++/11/bits/vector.tcc:461:23 @[ /usr/lib/gcc/aarch64-linux-gnu/11/../../../../include/c++/11/bits/vector.tcc:121:4 @[ src/core/autoware_core/planning/autoware_mission_planner/test/test_lanelet2_plugins_default_planner.cpp:165:26 ] ] ] ] ] ]. Skipping.
Found a loop without a preheader at /usr/lib/gcc/aarch64-linux-gnu/11/../../../../include/c++/11/bits/stl_uninitialized.h:1031:7 @[ /usr/lib/gcc/aarch64-linux-gnu/11/../../../../include/c++/11/bits/stl_uninitialized.h:1046:14 @[ /usr/lib/gcc/aarch64-linux-gnu/11/../../../../include/c++/11/bits/stl_vector.h:456:9 @[ /usr/lib/gcc/aarch64-linux-gnu/11/../../../../include/c++/11/bits/stl_vector.h:469:9 @[ /usr/lib/gcc/aarch64-linux-gnu/11/../../../../include/c++/11/bits/vector.tcc:461:23 @[ /usr/lib/gcc/aarch64-linux-gnu/11/../../../../include/c++/11/bits/vector.tcc:121:4 @[ src/core/autoware_core/planning/autoware_mission_planner/test/test_lanelet2_plugins_default_planner.cpp:164:26 ] ] ] ] ] ]. Skipping.
Found a loop without a preheader at /usr/lib/gcc/aarch64-linux-gnu/11/../../../../include/c++/11/bits/stl_uninitialized.h:1031:7 @[ /usr/lib/gcc/aarch64-linux-gnu/11/../../../../include/c++/11/bits/stl_uninitialized.h:1046:14 @[ /usr/lib/gcc/aarch64-linux-gnu/11/../../../../include/c++/11/bits/stl_vector.h:456:9 @[ /usr/lib/gcc/aarch64-linux-gnu/11/../../../../include/c++/11/bits/stl_vector.h:469:9 @[ /usr/lib/gcc/aarch64-linux-gnu/11/../../../../include/c++/11/bits/vector.tcc:461:23 @[ /usr/lib/gcc/aarch64-linux-gnu/11/../../../../include/c++/11/bits/vector.tcc:121:4 @[ src/core/autoware_core/planning/autoware_mission_planner/test/test_lanelet2_plugins_default_planner.cpp:163:26 ] ] ] ] ] ]. Skipping.
Found a loop without a preheader at /usr/lib/gcc/aarch64-linux-gnu/11/../../../../include/c++/11/bits/stl_construct.h:162:4 @[ /usr/lib/gcc/aarch64-linux-gnu/11/../../../../include/c++/11/bits/stl_construct.h:195:7 @[ /usr/lib/gcc/aarch64-linux-gnu/11/../../../../include/c++/11/bits/alloc_traits.h:848:7 @[ /usr/lib/gcc/aarch64-linux-gnu/11/../../../../include/c++/11/bits/stl_vector.h:1796:6 @[ /usr/lib/gcc/aarch64-linux-gnu/11/../../../../include/c++/11/bits/stl_vector.h:1499:9 @[ /usr/include/boost/geometry/geometries/polygon.hpp:138:18 @[ src/core/autoware_core/planning/autoware_mission_planner/test/test_lanelet2_plugins_default_planner.cpp:162:18 ] ] ] ] ] ]. Skipping.
Found a loop without a preheader at /usr/lib/gcc/aarch64-linux-gnu/11/../../../../include/c++/11/bits/stl_construct.h:162:4 @[ /usr/lib/gcc/aarch64-linux-gnu/11/../../../../include/c++/11/bits/stl_construct.h:195:7 @[ /usr/lib/gcc/aarch64-linux-gnu/11/../../../../include/c++/11/bits/alloc_traits.h:848:7 @[ /usr/lib/gcc/aarch64-linux-gnu/11/../../../../include/c++/11/bits/stl_vector.h:680:2 @[ src/core/autoware_core/planning/autoware_mission_planner/test/test_lanelet2_plugins_default_planner.cpp:159:3 ] ] ] ]. Skipping.
Found a loop without a preheader at /usr/lib/gcc/aarch64-linux-gnu/11/../../../../include/c++/11/bits/stl_uninitialized.h:1031:7 @[ /usr/lib/gcc/aarch64-linux-gnu/11/../../../../include/c++/11/bits/stl_uninitialized.h:1046:14 @[ /usr/lib/gcc/aarch64-linux-gnu/11/../../../../include/c++/11/bits/stl_vector.h:456:9 @[ /usr/lib/gcc/aarch64-linux-gnu/11/../../../../include/c++/11/bits/stl_vector.h:469:9 @[ /usr/lib/gcc/aarch64-linux-gnu/11/../../../../include/c++/11/bits/vector.tcc:461:23 @[ /usr/lib/gcc/aarch64-linux-gnu/11/../../../../include/c++/11/bits/vector.tcc:121:4 @[ src/core/autoware_core/planning/autoware_mission_planner/test/test_lanelet2_plugins_default_planner.cpp:158:26 ] ] ] ] ] ]. Skipping.
Found a loop without a preheader at /usr/lib/gcc/aarch64-linux-gnu/11/../../../../include/c++/11/bits/stl_uninitialized.h:1031:7 @[ /usr/lib/gcc/aarch64-linux-gnu/11/../../../../include/c++/11/bits/stl_uninitialized.h:1046:14 @[ /usr/lib/gcc/aarch64-linux-gnu/11/../../../../include/c++/11/bits/stl_vector.h:456:9 @[ /usr/lib/gcc/aarch64-linux-gnu/11/../../../../include/c++/11/bits/stl_vector.h:469:9 @[ /usr/lib/gcc/aarch64-linux-gnu/11/../../../../include/c++/11/bits/vector.tcc:461:23 @[ /usr/lib/gcc/aarch64-linux-gnu/11/../../../../include/c++/11/bits/vector.tcc:121:4 @[ src/core/autoware_core/planning/autoware_mission_planner/test/test_lanelet2_plugins_default_planner.cpp:157:26 ] ] ] ] ] ]. Skipping.
Found a loop without a preheader at /usr/lib/gcc/aarch64-linux-gnu/11/../../../../include/c++/11/bits/stl_uninitialized.h:1031:7 @[ /usr/lib/gcc/aarch64-linux-gnu/11/../../../../include/c++/11/bits/stl_uninitialized.h:1046:14 @[ /usr/lib/gcc/aarch64-linux-gnu/11/../../../../include/c++/11/bits/stl_vector.h:456:9 @[ /usr/lib/gcc/aarch64-linux-gnu/11/../../../../include/c++/11/bits/stl_vector.h:469:9 @[ /usr/lib/gcc/aarch64-linux-gnu/11/../../../../include/c++/11/bits/vector.tcc:461:23 @[ /usr/lib/gcc/aarch64-linux-gnu/11/../../../../include/c++/11/bits/vector.tcc:121:4 @[ src/core/autoware_core/planning/autoware_mission_planner/test/test_lanelet2_plugins_default_planner.cpp:156:26 ] ] ] ] ] ]. Skipping.
Found a loop without a preheader at /usr/lib/gcc/aarch64-linux-gnu/11/../../../../include/c++/11/bits/stl_uninitialized.h:1031:7 @[ /usr/lib/gcc/aarch64-linux-gnu/11/../../../../include/c++/11/bits/stl_uninitialized.h:1046:14 @[ /usr/lib/gcc/aarch64-linux-gnu/11/../../../../include/c++/11/bits/stl_vector.h:456:9 @[ /usr/lib/gcc/aarch64-linux-gnu/11/../../../../include/c++/11/bits/stl_vector.h:469:9 @[ /usr/lib/gcc/aarch64-linux-gnu/11/../../../../include/c++/11/bits/vector.tcc:461:23 @[ /usr/lib/gcc/aarch64-linux-gnu/11/../../../../include/c++/11/bits/vector.tcc:121:4 @[ src/core/autoware_core/planning/autoware_mission_planner/test/test_lanelet2_plugins_default_planner.cpp:155:26 ] ] ] ] ] ]. Skipping.
Found a loop without a preheader at /usr/lib/gcc/aarch64-linux-gnu/11/../../../../include/c++/11/bits/stl_uninitialized.h:1031:7 @[ /usr/lib/gcc/aarch64-linux-gnu/11/../../../../include/c++/11/bits/stl_uninitialized.h:1046:14 @[ /usr/lib/gcc/aarch64-linux-gnu/11/../../../../include/c++/11/bits/stl_vector.h:456:9 @[ /usr/lib/gcc/aarch64-linux-gnu/11/../../../../include/c++/11/bits/stl_vector.h:469:9 @[ /usr/lib/gcc/aarch64-linux-gnu/11/../../../../include/c++/11/bits/vector.tcc:461:23 @[ /usr/lib/gcc/aarch64-linux-gnu/11/../../../../include/c++/11/bits/vector.tcc:121:4 @[ src/core/autoware_core/planning/autoware_mission_planner/test/test_lanelet2_plugins_default_planner.cpp:154:26 ] ] ] ] ] ]. Skipping.
Found a loop without a preheader at /usr/lib/gcc/aarch64-linux-gnu/11/../../../../include/c++/11/bits/stl_construct.h:162:4 @[ /usr/lib/gcc/aarch64-linux-gnu/11/../../../../include/c++/11/bits/stl_construct.h:195:7 @[ /usr/lib/gcc/aarch64-linux-gnu/11/../../../../include/c++/11/bits/alloc_traits.h:848:7 @[ /usr/lib/gcc/aarch64-linux-gnu/11/../../../../include/c++/11/bits/stl_vector.h:1796:6 @[ /usr/lib/gcc/aarch64-linux-gnu/11/../../../../include/c++/11/bits/stl_vector.h:1499:9 @[ /usr/include/boost/geometry/geometries/polygon.hpp:138:18 @[ src/core/autoware_core/planning/autoware_mission_planner/test/test_lanelet2_plugins_default_planner.cpp:153:18 ] ] ] ] ] ]. Skipping.
Found a loop without a preheader at /usr/lib/gcc/aarch64-linux-gnu/11/../../../../include/c++/11/bits/stl_construct.h:162:4 @[ /usr/lib/gcc/aarch64-linux-gnu/11/../../../../include/c++/11/bits/stl_construct.h:195:7 @[ /usr/lib/gcc/aarch64-linux-gnu/11/../../../../include/c++/11/bits/alloc_traits.h:848:7 @[ /usr/lib/gcc/aarch64-linux-gnu/11/../../../../include/c++/11/bits/stl_vector.h:680:2 @[ src/core/autoware_core/planning/autoware_mission_planner/test/test_lanelet2_plugins_default_planner.cpp:150:3 ] ] ] ]. Skipping.
Found a loop without a preheader at /usr/lib/gcc/aarch64-linux-gnu/11/../../../../include/c++/11/bits/stl_uninitialized.h:1031:7 @[ /usr/lib/gcc/aarch64-linux-gnu/11/../../../../include/c++/11/bits/stl_uninitialized.h:1046:14 @[ /usr/lib/gcc/aarch64-linux-gnu/11/../../../../include/c++/11/bits/stl_vector.h:456:9 @[ /usr/lib/gcc/aarch64-linux-gnu/11/../../../../include/c++/11/bits/stl_vector.h:469:9 @[ /usr/lib/gcc/aarch64-linux-gnu/11/../../../../include/c++/11/bits/vector.tcc:461:23 @[ /usr/lib/gcc/aarch64-linux-gnu/11/../../../../include/c++/11/bits/vector.tcc:121:4 @[ src/core/autoware_core/planning/autoware_mission_planner/test/test_lanelet2_plugins_default_planner.cpp:149:26 ] ] ] ] ] ]. Skipping.
Found a loop without a preheader at /usr/lib/gcc/aarch64-linux-gnu/11/../../../../include/c++/11/bits/stl_uninitialized.h:1031:7 @[ /usr/lib/gcc/aarch64-linux-gnu/11/../../../../include/c++/11/bits/stl_uninitialized.h:1046:14 @[ /usr/lib/gcc/aarch64-linux-gnu/11/../../../../include/c++/11/bits/stl_vector.h:456:9 @[ /usr/lib/gcc/aarch64-linux-gnu/11/../../../../include/c++/11/bits/stl_vector.h:469:9 @[ /usr/lib/gcc/aarch64-linux-gnu/11/../../../../include/c++/11/bits/vector.tcc:461:23 @[ /usr/lib/gcc/aarch64-linux-gnu/11/../../../../include/c++/11/bits/vector.tcc:121:4 @[ src/core/autoware_core/planning/autoware_mission_planner/test/test_lanelet2_plugins_default_planner.cpp:148:26 ] ] ] ] ] ]. Skipping.
Found a loop without a preheader at /usr/lib/gcc/aarch64-linux-gnu/11/../../../../include/c++/11/bits/stl_uninitialized.h:1031:7 @[ /usr/lib/gcc/aarch64-linux-gnu/11/../../../../include/c++/11/bits/stl_uninitialized.h:1046:14 @[ /usr/lib/gcc/aarch64-linux-gnu/11/../../../../include/c++/11/bits/stl_vector.h:456:9 @[ /usr/lib/gcc/aarch64-linux-gnu/11/../../../../include/c++/11/bits/stl_vector.h:469:9 @[ /usr/lib/gcc/aarch64-linux-gnu/11/../../../../include/c++/11/bits/vector.tcc:461:23 @[ /usr/lib/gcc/aarch64-linux-gnu/11/../../../../include/c++/11/bits/vector.tcc:121:4 @[ src/core/autoware_core/planning/autoware_mission_planner/test/test_lanelet2_plugins_default_planner.cpp:147:26 ] ] ] ] ] ]. Skipping.
Found a loop without a preheader at /usr/lib/gcc/aarch64-linux-gnu/11/../../../../include/c++/11/bits/stl_uninitialized.h:1031:7 @[ /usr/lib/gcc/aarch64-linux-gnu/11/../../../../include/c++/11/bits/stl_uninitialized.h:1046:14 @[ /usr/lib/gcc/aarch64-linux-gnu/11/../../../../include/c++/11/bits/stl_vector.h:456:9 @[ /usr/lib/gcc/aarch64-linux-gnu/11/../../../../include/c++/11/bits/stl_vector.h:469:9 @[ /usr/lib/gcc/aarch64-linux-gnu/11/../../../../include/c++/11/bits/vector.tcc:461:23 @[ /usr/lib/gcc/aarch64-linux-gnu/11/../../../../include/c++/11/bits/vector.tcc:121:4 @[ src/core/autoware_core/planning/autoware_mission_planner/test/test_lanelet2_plugins_default_planner.cpp:146:26 ] ] ] ] ] ]. Skipping.
Found a loop without a preheader at /usr/lib/gcc/aarch64-linux-gnu/11/../../../../include/c++/11/bits/stl_uninitialized.h:1031:7 @[ /usr/lib/gcc/aarch64-linux-gnu/11/../../../../include/c++/11/bits/stl_uninitialized.h:1046:14 @[ /usr/lib/gcc/aarch64-linux-gnu/11/../../../../include/c++/11/bits/stl_vector.h:456:9 @[ /usr/lib/gcc/aarch64-linux-gnu/11/../../../../include/c++/11/bits/stl_vector.h:469:9 @[ /usr/lib/gcc/aarch64-linux-gnu/11/../../../../include/c++/11/bits/vector.tcc:461:23 @[ /usr/lib/gcc/aarch64-linux-gnu/11/../../../../include/c++/11/bits/vector.tcc:121:4 @[ src/core/autoware_core/planning/autoware_mission_planner/test/test_lanelet2_plugins_default_planner.cpp:145:26 ] ] ] ] ] ]. Skipping.
Found a loop without a preheader at /usr/lib/gcc/aarch64-linux-gnu/11/../../../../include/c++/11/bits/stl_construct.h:162:4 @[ /usr/lib/gcc/aarch64-linux-gnu/11/../../../../include/c++/11/bits/stl_construct.h:195:7 @[ /usr/lib/gcc/aarch64-linux-gnu/11/../../../../include/c++/11/bits/alloc_traits.h:848:7 @[ /usr/lib/gcc/aarch64-linux-gnu/11/../../../../include/c++/11/bits/stl_vector.h:1796:6 @[ /usr/lib/gcc/aarch64-linux-gnu/11/../../../../include/c++/11/bits/stl_vector.h:1499:9 @[ /usr/include/boost/geometry/geometries/polygon.hpp:138:18 @[ src/core/autoware_core/planning/autoware_mission_planner/test/test_lanelet2_plugins_default_planner.cpp:144:18 ] ] ] ] ] ]. Skipping.
Found a loop without a preheader at /usr/lib/gcc/aarch64-linux-gnu/11/../../../../include/c++/11/bits/stl_construct.h:162:4 @[ /usr/lib/gcc/aarch64-linux-gnu/11/../../../../include/c++/11/bits/stl_construct.h:195:7 @[ /usr/lib/gcc/aarch64-linux-gnu/11/../../../../include/c++/11/bits/alloc_traits.h:848:7 @[ /usr/lib/gcc/aarch64-linux-gnu/11/../../../../include/c++/11/bits/stl_vector.h:680:2 @[ src/core/autoware_core/planning/autoware_mission_planner/test/test_lanelet2_plugins_default_planner.cpp:141:3 ] ] ] ]. Skipping.
Found a loop without a preheader at /usr/lib/gcc/aarch64-linux-gnu/11/../../../../include/c++/11/bits/stl_construct.h:162:4 @[ /usr/lib/gcc/aarch64-linux-gnu/11/../../../../include/c++/11/bits/stl_construct.h:195:7 @[ /usr/lib/gcc/aarch64-linux-gnu/11/../../../../include/c++/11/bits/alloc_traits.h:848:7 @[ /usr/lib/gcc/aarch64-linux-gnu/11/../../../../include/c++/11/bits/stl_vector.h:680:2 @[ src/core/autoware_core/planning/autoware_mission_planner/test/test_lanelet2_plugins_default_planner.cpp:140:25 ] ] ] ]. Skipping.
Found a loop without a preheader at /usr/lib/gcc/aarch64-linux-gnu/11/../../../../include/c++/11/bits/stl_construct.h:162:4 @[ /usr/lib/gcc/aarch64-linux-gnu/11/../../../../include/c++/11/bits/stl_construct.h:195:7 @[ /usr/lib/gcc/aarch64-linux-gnu/11/../../../../include/c++/11/bits/alloc_traits.h:848:7 @[ /usr/lib/gcc/aarch64-linux-gnu/11/../../../../include/c++/11/bits/stl_vector.h:680:2 @[ src/core/autoware_core/planning/autoware_mission_planner/test/test_lanelet2_plugins_default_planner.cpp:131:3 ] ] ] ]. Skipping.
Found a loop without a preheader at /usr/lib/gcc/aarch64-linux-gnu/11/../../../../include/c++/11/bits/stl_uninitialized.h:1031:7 @[ /usr/lib/gcc/aarch64-linux-gnu/11/../../../../include/c++/11/bits/stl_uninitialized.h:1046:14 @[ /usr/lib/gcc/aarch64-linux-gnu/11/../../../../include/c++/11/bits/stl_vector.h:456:9 @[ /usr/lib/gcc/aarch64-linux-gnu/11/../../../../include/c++/11/bits/stl_vector.h:469:9 @[ /usr/lib/gcc/aarch64-linux-gnu/11/../../../../include/c++/11/bits/vector.tcc:461:23 @[ /usr/lib/gcc/aarch64-linux-gnu/11/../../../../include/c++/11/bits/vector.tcc:121:4 @[ src/core/autoware_core/planning/autoware_mission_planner/test/test_lanelet2_plugins_default_planner.cpp:130:26 ] ] ] ] ] ]. Skipping.
Found a loop without a preheader at /usr/lib/gcc/aarch64-linux-gnu/11/../../../../include/c++/11/bits/stl_uninitialized.h:1031:7 @[ /usr/lib/gcc/aarch64-linux-gnu/11/../../../../include/c++/11/bits/stl_uninitialized.h:1046:14 @[ /usr/lib/gcc/aarch64-linux-gnu/11/../../../../include/c++/11/bits/stl_vector.h:456:9 @[ /usr/lib/gcc/aarch64-linux-gnu/11/../../../../include/c++/11/bits/stl_vector.h:469:9 @[ /usr/lib/gcc/aarch64-linux-gnu/11/../../../../include/c++/11/bits/vector.tcc:461:23 @[ /usr/lib/gcc/aarch64-linux-gnu/11/../../../../include/c++/11/bits/vector.tcc:121:4 @[ src/core/autoware_core/planning/autoware_mission_planner/test/test_lanelet2_plugins_default_planner.cpp:129:26 ] ] ] ] ] ]. Skipping.
Found a loop without a preheader at /usr/lib/gcc/aarch64-linux-gnu/11/../../../../include/c++/11/bits/stl_uninitialized.h:1031:7 @[ /usr/lib/gcc/aarch64-linux-gnu/11/../../../../include/c++/11/bits/stl_uninitialized.h:1046:14 @[ /usr/lib/gcc/aarch64-linux-gnu/11/../../../../include/c++/11/bits/stl_vector.h:456:9 @[ /usr/lib/gcc/aarch64-linux-gnu/11/../../../../include/c++/11/bits/stl_vector.h:469:9 @[ /usr/lib/gcc/aarch64-linux-gnu/11/../../../../include/c++/11/bits/vector.tcc:461:23 @[ /usr/lib/gcc/aarch64-linux-gnu/11/../../../../include/c++/11/bits/vector.tcc:121:4 @[ src/core/autoware_core/planning/autoware_mission_planner/test/test_lanelet2_plugins_default_planner.cpp:128:26 ] ] ] ] ] ]. Skipping.
Found a loop without a preheader at /usr/lib/gcc/aarch64-linux-gnu/11/../../../../include/c++/11/bits/stl_uninitialized.h:1031:7 @[ /usr/lib/gcc/aarch64-linux-gnu/11/../../../../include/c++/11/bits/stl_uninitialized.h:1046:14 @[ /usr/lib/gcc/aarch64-linux-gnu/11/../../../../include/c++/11/bits/stl_vector.h:456:9 @[ /usr/lib/gcc/aarch64-linux-gnu/11/../../../../include/c++/11/bits/stl_vector.h:469:9 @[ /usr/lib/gcc/aarch64-linux-gnu/11/../../../../include/c++/11/bits/vector.tcc:461:23 @[ /usr/lib/gcc/aarch64-linux-gnu/11/../../../../include/c++/11/bits/vector.tcc:121:4 @[ src/core/autoware_core/planning/autoware_mission_planner/test/test_lanelet2_plugins_default_planner.cpp:127:26 ] ] ] ] ] ]. Skipping.
Found a loop without a preheader at /usr/lib/gcc/aarch64-linux-gnu/11/../../../../include/c++/11/bits/stl_uninitialized.h:1031:7 @[ /usr/lib/gcc/aarch64-linux-gnu/11/../../../../include/c++/11/bits/stl_uninitialized.h:1046:14 @[ /usr/lib/gcc/aarch64-linux-gnu/11/../../../../include/c++/11/bits/stl_vector.h:456:9 @[ /usr/lib/gcc/aarch64-linux-gnu/11/../../../../include/c++/11/bits/stl_vector.h:469:9 @[ /usr/lib/gcc/aarch64-linux-gnu/11/../../../../include/c++/11/bits/vector.tcc:461:23 @[ /usr/lib/gcc/aarch64-linux-gnu/11/../../../../include/c++/11/bits/vector.tcc:121:4 @[ src/core/autoware_core/planning/autoware_mission_planner/test/test_lanelet2_plugins_default_planner.cpp:126:26 ] ] ] ] ] ]. Skipping.
Found a loop without a preheader at /usr/lib/gcc/aarch64-linux-gnu/11/../../../../include/c++/11/bits/stl_construct.h:162:4 @[ /usr/lib/gcc/aarch64-linux-gnu/11/../../../../include/c++/11/bits/stl_construct.h:195:7 @[ /usr/lib/gcc/aarch64-linux-gnu/11/../../../../include/c++/11/bits/alloc_traits.h:848:7 @[ /usr/lib/gcc/aarch64-linux-gnu/11/../../../../include/c++/11/bits/stl_vector.h:1796:6 @[ /usr/lib/gcc/aarch64-linux-gnu/11/../../../../include/c++/11/bits/stl_vector.h:1499:9 @[ /usr/include/boost/geometry/geometries/polygon.hpp:138:18 @[ src/core/autoware_core/planning/autoware_mission_planner/test/test_lanelet2_plugins_default_planner.cpp:125:18 ] ] ] ] ] ]. Skipping.
Found a loop without a preheader at /usr/lib/gcc/aarch64-linux-gnu/11/../../../../include/c++/11/bits/stl_construct.h:162:4 @[ /usr/lib/gcc/aarch64-linux-gnu/11/../../../../include/c++/11/bits/stl_construct.h:195:7 @[ /usr/lib/gcc/aarch64-linux-gnu/11/../../../../include/c++/11/bits/alloc_traits.h:848:7 @[ /usr/lib/gcc/aarch64-linux-gnu/11/../../../../include/c++/11/bits/stl_vector.h:680:2 @[ src/core/autoware_core/planning/autoware_mission_planner/test/test_lanelet2_plugins_default_planner.cpp:122:3 ] ] ] ]. Skipping.
Found a loop without a preheader at /usr/lib/gcc/aarch64-linux-gnu/11/../../../../include/c++/11/bits/stl_construct.h:162:4 @[ /usr/lib/gcc/aarch64-linux-gnu/11/../../../../include/c++/11/bits/stl_construct.h:195:7 @[ /usr/lib/gcc/aarch64-linux-gnu/11/../../../../include/c++/11/bits/alloc_traits.h:848:7 @[ /usr/lib/gcc/aarch64-linux-gnu/11/../../../../include/c++/11/bits/stl_vector.h:680:2 @[ src/core/autoware_core/planning/autoware_mission_planner/test/test_lanelet2_plugins_default_planner.cpp:113:25 ] ] ] ]. Skipping.
Found a loop without a preheader at /usr/lib/gcc/aarch64-linux-gnu/11/../../../../include/c++/11/bits/stl_construct.h:162:4 @[ /usr/lib/gcc/aarch64-linux-gnu/11/../../../../include/c++/11/bits/stl_construct.h:195:7 @[ /usr/lib/gcc/aarch64-linux-gnu/11/../../../../include/c++/11/bits/alloc_traits.h:848:7 @[ /usr/lib/gcc/aarch64-linux-gnu/11/../../../../include/c++/11/bits/stl_vector.h:680:2 @[ src/core/autoware_core/planning/autoware_mission_planner/test/test_lanelet2_plugins_default_planner.cpp:253:5 ] ] ] ]. Skipping.
Found a loop without an exit block at src/core/autoware_core/planning/autoware_mission_planner/test/test_lanelet2_plugins_default_planner.cpp:246:3. Skipping.
Found a loop without an exit block at src/core/autoware_core/planning/autoware_mission_planner/test/test_lanelet2_plugins_default_planner.cpp:203:3. Skipping.
Found a loop without an exit block at src/core/autoware_core/planning/autoware_mission_planner/test/test_lanelet2_plugins_default_planner.cpp:356:3. Skipping.
Found a loop without an exit block at src/core/autoware_core/planning/autoware_mission_planner/test/test_lanelet2_plugins_default_planner.cpp:325:3. Skipping.
Found a loop without a preheader at /usr/lib/gcc/aarch64-linux-gnu/11/../../../../include/c++/11/bits/stl_construct.h:162:4 @[ /usr/lib/gcc/aarch64-linux-gnu/11/../../../../include/c++/11/bits/stl_construct.h:195:7 @[ /usr/lib/gcc/aarch64-linux-gnu/11/../../../../include/c++/11/bits/alloc_traits.h:848:7 @[ /usr/lib/gcc/aarch64-linux-gnu/11/../../../../include/c++/11/bits/stl_vector.h:680:2 @[ /opt/ros/humble/include/visualization_msgs/visualization_msgs/msg/detail/marker_array__struct.hpp:37:8 @[ src/core/autoware_core/planning/autoware_mission_planner/test/test_lanelet2_plugins_default_planner.cpp:388:1 ] ] ] ] ]. Skipping.
Found a loop without a preheader at /usr/lib/gcc/aarch64-linux-gnu/11/../../../../include/c++/11/bits/stl_construct.h:162:4 @[ /usr/lib/gcc/aarch64-linux-gnu/11/../../../../include/c++/11/bits/stl_construct.h:195:7 @[ /usr/lib/gcc/aarch64-linux-gnu/11/../../../../include/c++/11/bits/alloc_traits.h:848:7 @[ /usr/lib/gcc/aarch64-linux-gnu/11/../../../../include/c++/11/bits/stl_vector.h:680:2 @[ src/core/autoware_core/planning/autoware_mission_planner/test/test_lanelet2_plugins_default_planner.cpp:388:1 ] ] ] ]. Skipping.
Found a loop without an exit block at src/core/autoware_core/planning/autoware_mission_planner/test/test_lanelet2_plugins_default_planner.cpp:385:3. Skipping.
Found a loop without a preheader at /usr/lib/gcc/aarch64-linux-gnu/11/../../../../include/c++/11/bits/stl_construct.h:162:4 @[ /usr/lib/gcc/aarch64-linux-gnu/11/../../../../include/c++/11/bits/stl_construct.h:195:7 @[ /usr/lib/gcc/aarch64-linux-gnu/11/../../../../include/c++/11/bits/alloc_traits.h:848:7 @[ /usr/lib/gcc/aarch64-linux-gnu/11/../../../../include/c++/11/bits/stl_vector.h:680:2 @[ /opt/ros/humble/include/visualization_msgs/visualization_msgs/msg/detail/marker_array__struct.hpp:37:8 @[ src/core/autoware_core/planning/autoware_mission_planner/test/test_lanelet2_plugins_default_planner.cpp:407:1 ] ] ] ] ]. Skipping.
Found a loop without a preheader at /usr/lib/gcc/aarch64-linux-gnu/11/../../../../include/c++/11/bits/stl_uninitialized.h:1031:7 @[ /usr/lib/gcc/aarch64-linux-gnu/11/../../../../include/c++/11/bits/stl_uninitialized.h:1046:14 @[ /usr/lib/gcc/aarch64-linux-gnu/11/../../../../include/c++/11/bits/stl_vector.h:456:9 @[ /usr/lib/gcc/aarch64-linux-gnu/11/../../../../include/c++/11/bits/stl_vector.h:469:9 @[ /usr/lib/gcc/aarch64-linux-gnu/11/../../../../include/c++/11/bits/vector.tcc:461:23 @[ /usr/lib/gcc/aarch64-linux-gnu/11/../../../../include/c++/11/bits/vector.tcc:121:4 @[ /usr/lib/gcc/aarch64-linux-gnu/11/../../../../include/c++/11/bits/stl_vector.h:1204:9 @[ src/core/autoware_core/planning/autoware_mission_planner/test/test_lanelet2_plugins_default_planner.cpp:402:13 ] ] ] ] ] ] ]. Skipping.
Found a loop without a preheader at /usr/lib/gcc/aarch64-linux-gnu/11/../../../../include/c++/11/bits/stl_construct.h:162:4 @[ /usr/lib/gcc/aarch64-linux-gnu/11/../../../../include/c++/11/bits/stl_construct.h:195:7 @[ /usr/lib/gcc/aarch64-linux-gnu/11/../../../../include/c++/11/bits/alloc_traits.h:848:7 @[ /usr/lib/gcc/aarch64-linux-gnu/11/../../../../include/c++/11/bits/stl_vector.h:680:2 ] ] ]. Skipping.
Found a loop without a preheader at /usr/include/boost/geometry/index/detail/rtree/visitors/destroy.hpp:48:9 @[ /usr/include/boost/variant/variant.hpp:1028:16 @[ /usr/include/boost/variant/detail/visitation_impl.hpp:131:24 @[ /usr/include/boost/variant/detail/visitation_impl.hpp:157:12 @[ /usr/include/boost/variant/detail/visitation_impl.hpp:238:5 @[ /usr/include/boost/variant/variant.hpp:2337:16 @[ /usr/include/boost/variant/variant.hpp:2349:16 @[ /usr/include/boost/variant/variant.hpp:2393:22 ] ] ] ] ] ] ]. Skipping.
Found a loop without a preheader at /usr/include/boost/geometry/index/detail/rtree/visitors/destroy.hpp:48:9 @[ /usr/include/boost/variant/variant.hpp:1028:16 @[ /usr/include/boost/variant/variant.hpp:1078:16 @[ /usr/include/boost/variant/detail/visitation_impl.hpp:137:24 @[ /usr/include/boost/variant/detail/visitation_impl.hpp:157:12 @[ /usr/include/boost/variant/detail/visitation_impl.hpp:238:5 @[ /usr/include/boost/variant/variant.hpp:2337:16 @[ /usr/include/boost/variant/variant.hpp:2349:16 @[ /usr/include/boost/variant/variant.hpp:2393:22 ] ] ] ] ] ] ] ]. Skipping.
Found a loop without a preheader at /usr/lib/gcc/aarch64-linux-gnu/11/../../../../include/c++/11/bits/stl_construct.h:162:4 @[ /usr/lib/gcc/aarch64-linux-gnu/11/../../../../include/c++/11/bits/stl_construct.h:195:7 @[ /usr/lib/gcc/aarch64-linux-gnu/11/../../../../include/c++/11/bits/alloc_traits.h:848:7 @[ /usr/lib/gcc/aarch64-linux-gnu/11/../../../../include/c++/11/bits/stl_vector.h:680:2 @[ install/autoware_route_handler/include/autoware/route_handler/route_handler.hpp:78:7 ] ] ] ]. Skipping.
Found a loop without a preheader at /usr/lib/gcc/aarch64-linux-gnu/11/../../../../include/c++/11/bits/stl_construct.h:162:4 @[ /usr/lib/gcc/aarch64-linux-gnu/11/../../../../include/c++/11/bits/stl_construct.h:195:7 @[ /usr/lib/gcc/aarch64-linux-gnu/11/../../../../include/c++/11/bits/alloc_traits.h:848:7 @[ /usr/lib/gcc/aarch64-linux-gnu/11/../../../../include/c++/11/bits/stl_vector.h:680:2 @[ install/autoware_route_handler/include/autoware/route_handler/route_handler.hpp:78:7 ] ] ] ]. Skipping.
Found a loop without a preheader at /usr/lib/gcc/aarch64-linux-gnu/11/../../../../include/c++/11/bits/stl_construct.h:162:4 @[ /usr/lib/gcc/aarch64-linux-gnu/11/../../../../include/c++/11/bits/stl_construct.h:195:7 @[ /usr/lib/gcc/aarch64-linux-gnu/11/../../../../include/c++/11/bits/alloc_traits.h:848:7 @[ /usr/lib/gcc/aarch64-linux-gnu/11/../../../../include/c++/11/bits/stl_vector.h:680:2 @[ install/autoware_route_handler/include/autoware/route_handler/route_handler.hpp:78:7 ] ] ] ]. Skipping.
Found a loop without a preheader at /usr/lib/gcc/aarch64-linux-gnu/11/../../../../include/c++/11/bits/stl_construct.h:162:4 @[ /usr/lib/gcc/aarch64-linux-gnu/11/../../../../include/c++/11/bits/stl_construct.h:195:7 @[ /usr/lib/gcc/aarch64-linux-gnu/11/../../../../include/c++/11/bits/alloc_traits.h:848:7 @[ /usr/lib/gcc/aarch64-linux-gnu/11/../../../../include/c++/11/bits/stl_vector.h:680:2 @[ install/autoware_route_handler/include/autoware/route_handler/route_handler.hpp:78:7 ] ] ] ]. Skipping.
Found a loop without a preheader at /usr/lib/gcc/aarch64-linux-gnu/11/../../../../include/c++/11/bits/stl_construct.h:162:4 @[ /usr/lib/gcc/aarch64-linux-gnu/11/../../../../include/c++/11/bits/stl_construct.h:195:7 @[ /usr/lib/gcc/aarch64-linux-gnu/11/../../../../include/c++/11/bits/alloc_traits.h:848:7 @[ /usr/lib/gcc/aarch64-linux-gnu/11/../../../../include/c++/11/bits/stl_vector.h:680:2 ] ] ]. Skipping.
Found a loop without a preheader at /usr/lib/gcc/aarch64-linux-gnu/11/../../../../include/c++/11/bits/stl_construct.h:162:4 @[ /usr/lib/gcc/aarch64-linux-gnu/11/../../../../include/c++/11/bits/stl_construct.h:195:7 @[ /usr/lib/gcc/aarch64-linux-gnu/11/../../../../include/c++/11/bits/alloc_traits.h:848:7 @[ /usr/lib/gcc/aarch64-linux-gnu/11/../../../../include/c++/11/bits/stl_vector.h:680:2 @[ /usr/include/boost/geometry/geometries/polygon.hpp:76:7 ] ] ] ]. Skipping.
Found a loop without a preheader at /usr/lib/gcc/aarch64-linux-gnu/11/../../../../include/c++/11/bits/stl_construct.h:162:4 @[ /usr/lib/gcc/aarch64-linux-gnu/11/../../../../include/c++/11/bits/stl_construct.h:195:7 @[ /usr/lib/gcc/aarch64-linux-gnu/11/../../../../include/c++/11/bits/alloc_traits.h:848:7 @[ /usr/lib/gcc/aarch64-linux-gnu/11/../../../../include/c++/11/bits/stl_vector.h:680:2 @[ /opt/ros/humble/include/lanelet2_core/primitives/LineString.h:529:3 ] ] ] ]. Skipping.
Found a loop without a preheader at /usr/lib/gcc/aarch64-linux-gnu/11/../../../../include/c++/11/bits/stl_construct.h:162:4 @[ /usr/lib/gcc/aarch64-linux-gnu/11/../../../../include/c++/11/bits/stl_construct.h:195:7 @[ /usr/lib/gcc/aarch64-linux-gnu/11/../../../../include/c++/11/bits/alloc_traits.h:848:7 @[ /usr/lib/gcc/aarch64-linux-gnu/11/../../../../include/c++/11/bits/stl_vector.h:680:2 ] ] ]. Skipping.
Found a loop without a preheader at /usr/lib/gcc/aarch64-linux-gnu/11/../../../../include/c++/11/bits/stl_construct.h:162:4 @[ /usr/lib/gcc/aarch64-linux-gnu/11/../../../../include/c++/11/bits/stl_construct.h:195:7 @[ /usr/lib/gcc/aarch64-linux-gnu/11/../../../../include/c++/11/bits/alloc_traits.h:848:7 @[ /usr/lib/gcc/aarch64-linux-gnu/11/../../../../include/c++/11/bits/stl_vector.h:680:2 @[ /usr/lib/gcc/aarch64-linux-gnu/11/../../../../include/c++/11/ext/new_allocator.h:162:4 ] ] ] ]. Skipping.
Found a loop without a preheader at /usr/lib/gcc/aarch64-linux-gnu/11/../../../../include/c++/11/bits/stl_tree.h:114:7 @[ /usr/lib/gcc/aarch64-linux-gnu/11/../../../../include/c++/11/bits/stl_tree.h:800:16 @[ /usr/lib/gcc/aarch64-linux-gnu/11/../../../../include/c++/11/bits/stl_tree.h:891:20 @[ /usr/lib/gcc/aarch64-linux-gnu/11/../../../../include/c++/11/bits/stl_tree.h:901:9 @[ /usr/lib/gcc/aarch64-linux-gnu/11/../../../../include/c++/11/bits/stl_tree.h:939:16 @[ /usr/lib/gcc/aarch64-linux-gnu/11/../../../../include/c++/11/bits/stl_map.h:207:7 @[ /opt/ros/humble/include/lanelet2_core/utility/HybridMap.h:94:37 @[ /usr/lib/gcc/aarch64-linux-gnu/11/../../../../include/c++/11/ext/new_allocator.h:162:27 ] ] ] ] ] ] ]. Skipping.
Found a loop without an exit block at /opt/ros/humble/include/lanelet2_core/utility/HybridMap.h:41:3. Skipping.
Found a loop without a preheader at /usr/lib/gcc/aarch64-linux-gnu/11/../../../../include/c++/11/bits/stl_tree.h:1860:6. Skipping.
Found a loop without a preheader at /usr/lib/gcc/aarch64-linux-gnu/11/../../../../include/c++/11/bits/stl_tree.h:1887:7. Skipping.
Found a loop without a preheader at /usr/lib/gcc/aarch64-linux-gnu/11/../../../../include/c++/11/bits/stl_construct.h:162:4 @[ /usr/lib/gcc/aarch64-linux-gnu/11/../../../../include/c++/11/bits/stl_construct.h:195:7 @[ /usr/lib/gcc/aarch64-linux-gnu/11/../../../../include/c++/11/bits/alloc_traits.h:848:7 @[ /usr/lib/gcc/aarch64-linux-gnu/11/../../../../include/c++/11/bits/stl_vector.h:680:2 @[ /opt/ros/humble/include/lanelet2_core/primitives/LineString.h:139:7 ] ] ] ]. Skipping.
Found a loop without a preheader at /usr/lib/gcc/aarch64-linux-gnu/11/../../../../include/c++/11/bits/stl_algobase.h:718:4 @[ /usr/lib/gcc/aarch64-linux-gnu/11/../../../../include/c++/11/bits/stl_algobase.h:758:14 @[ /usr/lib/gcc/aarch64-linux-gnu/11/../../../../include/c++/11/bits/stl_algobase.h:769:14 @[ /usr/lib/gcc/aarch64-linux-gnu/11/../../../../include/c++/11/bits/stl_algobase.h:799:3 @[ /usr/lib/gcc/aarch64-linux-gnu/11/../../../../include/c++/11/bits/stl_algobase.h:894:14 @[ /usr/lib/gcc/aarch64-linux-gnu/11/../../../../include/c++/11/bits/vector.tcc:412:7 ] ] ] ] ]. Skipping.
Found a loop without a preheader at /usr/lib/gcc/aarch64-linux-gnu/11/../../../../include/c++/11/bits/stl_construct.h:162:4 @[ /usr/lib/gcc/aarch64-linux-gnu/11/../../../../include/c++/11/bits/stl_construct.h:195:7 @[ /usr/lib/gcc/aarch64-linux-gnu/11/../../../../include/c++/11/bits/alloc_traits.h:848:7 @[ /usr/lib/gcc/aarch64-linux-gnu/11/../../../../include/c++/11/bits/stl_vector.h:680:2 @[ /usr/lib/gcc/aarch64-linux-gnu/11/../../../../include/c++/11/ext/new_allocator.h:162:4 ] ] ] ]. Skipping.
Found a loop without a preheader at /usr/lib/gcc/aarch64-linux-gnu/11/../../../../include/c++/11/bits/stl_uninitialized.h:91:8 @[ /usr/lib/gcc/aarch64-linux-gnu/11/../../../../include/c++/11/bits/stl_uninitialized.h:148:14 @[ /usr/lib/gcc/aarch64-linux-gnu/11/../../../../include/c++/11/bits/stl_uninitialized.h:333:14 @[ /usr/lib/gcc/aarch64-linux-gnu/11/../../../../include/c++/11/bits/stl_vector.h:558:4 @[ /usr/lib/gcc/aarch64-linux-gnu/11/../../../../include/c++/11/ext/new_allocator.h:162:27 ] ] ] ]. Skipping.
Found a loop without a preheader at /usr/lib/gcc/aarch64-linux-gnu/11/../../../../include/c++/11/bits/stl_construct.h:162:4 @[ /usr/lib/gcc/aarch64-linux-gnu/11/../../../../include/c++/11/bits/stl_construct.h:195:7 @[ /usr/lib/gcc/aarch64-linux-gnu/11/../../../../include/c++/11/bits/alloc_traits.h:848:7 @[ /usr/lib/gcc/aarch64-linux-gnu/11/../../../../include/c++/11/bits/stl_vector.h:680:2 @[ /opt/ros/humble/include/lanelet2_core/primitives/Lanelet.h:22:7 ] ] ] ]. Skipping.
Found a loop without a preheader at /usr/lib/gcc/aarch64-linux-gnu/11/../../../../include/c++/11/bits/stl_construct.h:162:4 @[ /usr/lib/gcc/aarch64-linux-gnu/11/../../../../include/c++/11/bits/stl_construct.h:195:7 @[ /usr/lib/gcc/aarch64-linux-gnu/11/../../../../include/c++/11/bits/alloc_traits.h:848:7 @[ /usr/lib/gcc/aarch64-linux-gnu/11/../../../../include/c++/11/bits/stl_vector.h:680:2 @[ install/autoware_planning_msgs/include/autoware_planning_msgs/autoware_planning_msgs/msg/detail/lanelet_segment__struct.hpp:38:8 ] ] ] ]. Skipping.
Found a loop without an exit block at src/core/autoware_core/planning/autoware_mission_planner/test/test_lanelet2_plugins_default_planner.cpp:62:5. Skipping.
Found a loop without a preheader at /usr/lib/gcc/aarch64-linux-gnu/11/../../../../include/c++/11/bits/stl_construct.h:162:4 @[ /usr/lib/gcc/aarch64-linux-gnu/11/../../../../include/c++/11/bits/stl_construct.h:195:7 @[ /usr/lib/gcc/aarch64-linux-gnu/11/../../../../include/c++/11/bits/alloc_traits.h:848:7 @[ /usr/lib/gcc/aarch64-linux-gnu/11/../../../../include/c++/11/bits/stl_vector.h:680:2 ] ] ]. Skipping.
Found a loop without a preheader at /usr/lib/gcc/aarch64-linux-gnu/11/../../../../include/c++/11/bits/stl_uninitialized.h:1031:7 @[ /usr/lib/gcc/aarch64-linux-gnu/11/../../../../include/c++/11/bits/stl_uninitialized.h:1046:14 @[ /usr/lib/gcc/aarch64-linux-gnu/11/../../../../include/c++/11/bits/stl_vector.h:456:9 @[ /usr/lib/gcc/aarch64-linux-gnu/11/../../../../include/c++/11/bits/stl_vector.h:469:9 @[ /usr/lib/gcc/aarch64-linux-gnu/11/../../../../include/c++/11/bits/vector.tcc:466:23 ] ] ] ]. Skipping.
Found a loop without a preheader at /usr/lib/gcc/aarch64-linux-gnu/11/../../../../include/c++/11/bits/stl_uninitialized.h:1031:7 @[ /usr/lib/gcc/aarch64-linux-gnu/11/../../../../include/c++/11/bits/stl_uninitialized.h:1046:14 @[ /usr/lib/gcc/aarch64-linux-gnu/11/../../../../include/c++/11/bits/stl_vector.h:456:9 @[ /usr/lib/gcc/aarch64-linux-gnu/11/../../../../include/c++/11/bits/stl_vector.h:469:9 @[ /usr/lib/gcc/aarch64-linux-gnu/11/../../../../include/c++/11/bits/vector.tcc:461:23 ] ] ] ]. Skipping.
Found a loop without a preheader at /usr/lib/gcc/aarch64-linux-gnu/11/../../../../include/c++/11/bits/stl_uninitialized.h:1031:7 @[ /usr/lib/gcc/aarch64-linux-gnu/11/../../../../include/c++/11/bits/stl_uninitialized.h:1046:14 @[ /usr/lib/gcc/aarch64-linux-gnu/11/../../../../include/c++/11/bits/stl_vector.h:456:9 @[ /usr/lib/gcc/aarch64-linux-gnu/11/../../../../include/c++/11/bits/stl_vector.h:469:9 @[ /usr/lib/gcc/aarch64-linux-gnu/11/../../../../include/c++/11/bits/vector.tcc:466:23 ] ] ] ]. Skipping.
Found a loop without a preheader at /usr/lib/gcc/aarch64-linux-gnu/11/../../../../include/c++/11/bits/stl_uninitialized.h:1031:7 @[ /usr/lib/gcc/aarch64-linux-gnu/11/../../../../include/c++/11/bits/stl_uninitialized.h:1046:14 @[ /usr/lib/gcc/aarch64-linux-gnu/11/../../../../include/c++/11/bits/stl_vector.h:456:9 @[ /usr/lib/gcc/aarch64-linux-gnu/11/../../../../include/c++/11/bits/stl_vector.h:469:9 @[ /usr/lib/gcc/aarch64-linux-gnu/11/../../../../include/c++/11/bits/vector.tcc:461:23 ] ] ] ]. Skipping.
Found a loop without a preheader at /usr/lib/gcc/aarch64-linux-gnu/11/../../../../include/c++/11/bits/stl_construct.h:162:4 @[ /usr/lib/gcc/aarch64-linux-gnu/11/../../../../include/c++/11/bits/stl_construct.h:195:7 @[ /usr/lib/gcc/aarch64-linux-gnu/11/../../../../include/c++/11/bits/alloc_traits.h:848:7 @[ /usr/lib/gcc/aarch64-linux-gnu/11/../../../../include/c++/11/bits/stl_vector.h:680:2 ] ] ]. Skipping.
Found a loop without a preheader at /usr/lib/gcc/aarch64-linux-gnu/11/../../../../include/c++/11/bits/stl_construct.h:162:4 @[ /usr/lib/gcc/aarch64-linux-gnu/11/../../../../include/c++/11/bits/stl_construct.h:195:7 @[ /usr/lib/gcc/aarch64-linux-gnu/11/../../../../include/c++/11/bits/alloc_traits.h:848:7 @[ /usr/lib/gcc/aarch64-linux-gnu/11/../../../../include/c++/11/bits/stl_vector.h:680:2 @[ /opt/ros/humble/include/visualization_msgs/visualization_msgs/msg/detail/marker_array__struct.hpp:37:8 ] ] ] ]. Skipping.
Found a loop without a preheader at /usr/lib/gcc/aarch64-linux-gnu/11/../../../../include/c++/11/bits/stl_uninitialized.h:91:8. Skipping.
Found a loop without a preheader at /usr/lib/gcc/aarch64-linux-gnu/11/../../../../include/c++/11/bits/stl_construct.h:162:4 @[ /usr/lib/gcc/aarch64-linux-gnu/11/../../../../include/c++/11/bits/stl_construct.h:195:7 ]. Skipping.
Found a loop without an exit block at /usr/lib/gcc/aarch64-linux-gnu/11/../../../../include/c++/11/bits/stl_algobase.h:2067:7. Skipping.
Found a loop without a preheader at /usr/lib/gcc/aarch64-linux-gnu/11/../../../../include/c++/11/bits/stl_construct.h:162:4 @[ /usr/lib/gcc/aarch64-linux-gnu/11/../../../../include/c++/11/bits/stl_construct.h:195:7 @[ /usr/lib/gcc/aarch64-linux-gnu/11/../../../../include/c++/11/bits/alloc_traits.h:848:7 @[ /usr/lib/gcc/aarch64-linux-gnu/11/../../../../include/c++/11/bits/stl_vector.h:680:2 @[ ros2_caret_ws/install/include/rclcpp/rclcpp/node_options.hpp:67:26 ] ] ] ]. Skipping.
Found a loop without a preheader at /usr/lib/gcc/aarch64-linux-gnu/11/../../../../include/c++/11/bits/stl_construct.h:162:4 @[ /usr/lib/gcc/aarch64-linux-gnu/11/../../../../include/c++/11/bits/stl_construct.h:195:7 @[ /usr/lib/gcc/aarch64-linux-gnu/11/../../../../include/c++/11/bits/alloc_traits.h:848:7 @[ /usr/lib/gcc/aarch64-linux-gnu/11/../../../../include/c++/11/bits/stl_vector.h:680:2 @[ ros2_caret_ws/install/include/rclcpp/rclcpp/node_options.hpp:67:26 ] ] ] ]. Skipping.
Found a loop without a preheader at /usr/lib/gcc/aarch64-linux-gnu/11/../../../../include/c++/11/bits/stl_construct.h:162:4 @[ /usr/lib/gcc/aarch64-linux-gnu/11/../../../../include/c++/11/bits/stl_construct.h:195:7 @[ /usr/lib/gcc/aarch64-linux-gnu/11/../../../../include/c++/11/bits/alloc_traits.h:848:7 @[ /usr/lib/gcc/aarch64-linux-gnu/11/../../../../include/c++/11/bits/stl_vector.h:680:2 @[ /opt/ros/humble/include/rcl_interfaces/rcl_interfaces/msg/detail/parameter_value__struct.hpp:33:8 ] ] ] ]. Skipping.
Found a loop without a preheader at /usr/lib/gcc/aarch64-linux-gnu/11/../../../../include/c++/11/bits/stl_construct.h:162:4 @[ /usr/lib/gcc/aarch64-linux-gnu/11/../../../../include/c++/11/bits/stl_construct.h:195:7 @[ /usr/lib/gcc/aarch64-linux-gnu/11/../../../../include/c++/11/bits/alloc_traits.h:848:7 @[ /usr/lib/gcc/aarch64-linux-gnu/11/../../../../include/c++/11/bits/stl_vector.h:680:2 @[ /usr/include/boost/geometry/geometries/polygon.hpp:76:7 @[ src/core/autoware_core/planning/autoware_mission_planner/test/test_utility_functions.cpp:96:3 ] ] ] ] ]. Skipping.
Found a loop without a preheader at /usr/include/boost/geometry/algorithms/detail/calculate_sum.hpp:38:9 @[ /usr/include/boost/geometry/algorithms/detail/calculate_sum.hpp:51:15 @[ /usr/include/boost/geometry/algorithms/area.hpp:184:16 @[ /usr/include/boost/geometry/algorithms/area.hpp:242:16 @[ /usr/include/boost/geometry/algorithms/area.hpp:260:16 @[ /usr/include/boost/geometry/algorithms/area.hpp:326:12 @[ src/core/autoware_core/planning/autoware_mission_planner/test/test_utility_functions.cpp:94:25 ] ] ] ] ] ]. Skipping.
Found a loop without an exit block at src/core/autoware_core/planning/autoware_mission_planner/test/test_utility_functions.cpp:86:5. Skipping.
Found a loop without a preheader at /usr/lib/gcc/aarch64-linux-gnu/11/../../../../include/c++/11/bits/stl_uninitialized.h:1031:7 @[ /usr/lib/gcc/aarch64-linux-gnu/11/../../../../include/c++/11/bits/stl_uninitialized.h:1046:14 @[ /usr/lib/gcc/aarch64-linux-gnu/11/../../../../include/c++/11/bits/stl_vector.h:456:9 @[ /usr/lib/gcc/aarch64-linux-gnu/11/../../../../include/c++/11/bits/stl_vector.h:469:9 @[ /usr/lib/gcc/aarch64-linux-gnu/11/../../../../include/c++/11/bits/vector.tcc:461:23 @[ /usr/lib/gcc/aarch64-linux-gnu/11/../../../../include/c++/11/bits/vector.tcc:121:4 @[ /usr/lib/gcc/aarch64-linux-gnu/11/../../../../include/c++/11/bits/stl_vector.h:1204:9 @[ src/core/autoware_core/planning/autoware_mission_planner/test/test_utility_functions.cpp:80:15 ] ] ] ] ] ] ]. Skipping.
Found a loop without a preheader at /usr/lib/gcc/aarch64-linux-gnu/11/../../../../include/c++/11/bits/stl_construct.h:162:4 @[ /usr/lib/gcc/aarch64-linux-gnu/11/../../../../include/c++/11/bits/stl_construct.h:195:7 @[ /usr/lib/gcc/aarch64-linux-gnu/11/../../../../include/c++/11/bits/alloc_traits.h:848:7 @[ /usr/lib/gcc/aarch64-linux-gnu/11/../../../../include/c++/11/bits/stl_vector.h:680:2 @[ /usr/include/boost/geometry/geometries/polygon.hpp:76:7 @[ src/core/autoware_core/planning/autoware_mission_planner/test/test_utility_functions.cpp:69:3 ] ] ] ] ]. Skipping.
Found a loop without a preheader at /usr/include/boost/geometry/algorithms/detail/calculate_sum.hpp:38:9 @[ /usr/include/boost/geometry/algorithms/detail/calculate_sum.hpp:51:15 @[ /usr/include/boost/geometry/algorithms/area.hpp:184:16 @[ /usr/include/boost/geometry/algorithms/area.hpp:242:16 @[ /usr/include/boost/geometry/algorithms/area.hpp:260:16 @[ /usr/include/boost/geometry/algorithms/area.hpp:326:12 @[ src/core/autoware_core/planning/autoware_mission_planner/test/test_utility_functions.cpp:67:25 ] ] ] ] ] ]. Skipping.
Found a loop without an exit block at src/core/autoware_core/planning/autoware_mission_planner/test/test_utility_functions.cpp:58:5. Skipping.
Found a loop without a preheader at /usr/lib/gcc/aarch64-linux-gnu/11/../../../../include/c++/11/bits/stl_uninitialized.h:1031:7 @[ /usr/lib/gcc/aarch64-linux-gnu/11/../../../../include/c++/11/bits/stl_uninitialized.h:1046:14 @[ /usr/lib/gcc/aarch64-linux-gnu/11/../../../../include/c++/11/bits/stl_vector.h:456:9 @[ /usr/lib/gcc/aarch64-linux-gnu/11/../../../../include/c++/11/bits/stl_vector.h:469:9 @[ /usr/lib/gcc/aarch64-linux-gnu/11/../../../../include/c++/11/bits/vector.tcc:461:23 @[ /usr/lib/gcc/aarch64-linux-gnu/11/../../../../include/c++/11/bits/vector.tcc:121:4 @[ /usr/lib/gcc/aarch64-linux-gnu/11/../../../../include/c++/11/bits/stl_vector.h:1204:9 @[ src/core/autoware_core/planning/autoware_mission_planner/test/test_utility_functions.cpp:54:15 ] ] ] ] ] ] ]. Skipping.
Found a loop without an exit block at src/core/autoware_core/planning/autoware_mission_planner/test/test_utility_functions.cpp:120:3. Skipping.
Found a loop without a preheader at /usr/lib/gcc/aarch64-linux-gnu/11/../../../../include/c++/11/bits/stl_construct.h:162:4 @[ /usr/lib/gcc/aarch64-linux-gnu/11/../../../../include/c++/11/bits/stl_construct.h:195:7 @[ /usr/lib/gcc/aarch64-linux-gnu/11/../../../../include/c++/11/bits/alloc_traits.h:848:7 @[ /usr/lib/gcc/aarch64-linux-gnu/11/../../../../include/c++/11/bits/stl_vector.h:680:2 @[ src/core/autoware_core/planning/autoware_mission_planner/test/test_utility_functions.cpp:109:20 ] ] ] ]. Skipping.
Found a loop without a preheader at /usr/lib/gcc/aarch64-linux-gnu/11/../../../../include/c++/11/bits/stl_construct.h:162:4 @[ /usr/lib/gcc/aarch64-linux-gnu/11/../../../../include/c++/11/bits/stl_construct.h:195:7 @[ /usr/lib/gcc/aarch64-linux-gnu/11/../../../../include/c++/11/bits/alloc_traits.h:848:7 @[ /usr/lib/gcc/aarch64-linux-gnu/11/../../../../include/c++/11/bits/stl_vector.h:680:2 @[ /opt/ros/humble/include/visualization_msgs/visualization_msgs/msg/detail/marker_array__struct.hpp:37:8 @[ src/core/autoware_core/planning/autoware_mission_planner/test/test_utility_functions.cpp:143:1 ] ] ] ] ]. Skipping.
Found a loop without a preheader at /usr/lib/gcc/aarch64-linux-gnu/11/../../../../include/c++/11/bits/stl_construct.h:162:4 @[ /usr/lib/gcc/aarch64-linux-gnu/11/../../../../include/c++/11/bits/stl_construct.h:195:7 @[ /usr/lib/gcc/aarch64-linux-gnu/11/../../../../include/c++/11/bits/alloc_traits.h:848:7 @[ /usr/lib/gcc/aarch64-linux-gnu/11/../../../../include/c++/11/bits/stl_vector.h:680:2 @[ /opt/ros/humble/include/visualization_msgs/visualization_msgs/msg/detail/marker_array__struct.hpp:37:8 @[ src/core/autoware_core/planning/autoware_mission_planner/test/test_utility_functions.cpp:143:1 ] ] ] ] ]. Skipping.
Found a loop without a preheader at /usr/lib/gcc/aarch64-linux-gnu/11/../../../../include/c++/11/bits/stl_construct.h:162:4 @[ /usr/lib/gcc/aarch64-linux-gnu/11/../../../../include/c++/11/bits/stl_construct.h:195:7 @[ /usr/lib/gcc/aarch64-linux-gnu/11/../../../../include/c++/11/bits/alloc_traits.h:848:7 @[ /usr/lib/gcc/aarch64-linux-gnu/11/../../../../include/c++/11/bits/stl_vector.h:1796:6 @[ /usr/lib/gcc/aarch64-linux-gnu/11/../../../../include/c++/11/bits/stl_vector.h:942:4 @[ src/core/autoware_core/planning/autoware_mission_planner/test/test_utility_functions.cpp:132:14 ] ] ] ] ]. Skipping.
Found a loop without a preheader at /usr/lib/gcc/aarch64-linux-gnu/11/../../../../include/c++/11/bits/stl_construct.h:162:4 @[ /usr/lib/gcc/aarch64-linux-gnu/11/../../../../include/c++/11/bits/stl_construct.h:195:7 @[ /usr/lib/gcc/aarch64-linux-gnu/11/../../../../include/c++/11/bits/alloc_traits.h:848:7 @[ /usr/lib/gcc/aarch64-linux-gnu/11/../../../../include/c++/11/bits/stl_vector.h:680:2 @[ src/core/autoware_core/planning/autoware_mission_planner/test/test_utility_functions.cpp:184:20 ] ] ] ]. Skipping.
Found a loop without a preheader at /usr/lib/gcc/aarch64-linux-gnu/11/../../../../include/c++/11/bits/stl_construct.h:162:4 @[ /usr/lib/gcc/aarch64-linux-gnu/11/../../../../include/c++/11/bits/stl_construct.h:195:7 @[ /usr/lib/gcc/aarch64-linux-gnu/11/../../../../include/c++/11/bits/alloc_traits.h:848:7 @[ /usr/lib/gcc/aarch64-linux-gnu/11/../../../../include/c++/11/bits/stl_vector.h:680:2 @[ src/core/autoware_core/planning/autoware_mission_planner/test/test_utility_functions.cpp:269:5 ] ] ] ]. Skipping.
Found a loop without a preheader at /usr/lib/gcc/aarch64-linux-gnu/11/../../../../include/c++/11/bits/stl_construct.h:162:4 @[ /usr/lib/gcc/aarch64-linux-gnu/11/../../../../include/c++/11/bits/stl_construct.h:195:7 @[ /usr/lib/gcc/aarch64-linux-gnu/11/../../../../include/c++/11/bits/alloc_traits.h:848:7 @[ /usr/lib/gcc/aarch64-linux-gnu/11/../../../../include/c++/11/bits/stl_vector.h:680:2 @[ src/core/autoware_core/planning/autoware_mission_planner/test/test_utility_functions.cpp:264:5 ] ] ] ]. Skipping.
Found a loop without a preheader at /usr/lib/gcc/aarch64-linux-gnu/11/../../../../include/c++/11/bits/stl_construct.h:162:4 @[ /usr/lib/gcc/aarch64-linux-gnu/11/../../../../include/c++/11/bits/stl_construct.h:195:7 @[ /usr/lib/gcc/aarch64-linux-gnu/11/../../../../include/c++/11/bits/alloc_traits.h:848:7 @[ /usr/lib/gcc/aarch64-linux-gnu/11/../../../../include/c++/11/bits/stl_vector.h:680:2 @[ src/core/autoware_core/planning/autoware_mission_planner/test/test_utility_functions.cpp:259:5 ] ] ] ]. Skipping.
Found a loop without a preheader at /usr/lib/gcc/aarch64-linux-gnu/11/../../../../include/c++/11/bits/stl_construct.h:162:4 @[ /usr/lib/gcc/aarch64-linux-gnu/11/../../../../include/c++/11/bits/stl_construct.h:195:7 @[ /usr/lib/gcc/aarch64-linux-gnu/11/../../../../include/c++/11/bits/alloc_traits.h:848:7 @[ /usr/lib/gcc/aarch64-linux-gnu/11/../../../../include/c++/11/bits/stl_vector.h:680:2 @[ src/core/autoware_core/planning/autoware_mission_planner/test/test_utility_functions.cpp:254:5 ] ] ] ]. Skipping.
Found a loop without a preheader at /usr/lib/gcc/aarch64-linux-gnu/11/../../../../include/c++/11/bits/stl_construct.h:162:4 @[ /usr/lib/gcc/aarch64-linux-gnu/11/../../../../include/c++/11/bits/stl_construct.h:195:7 @[ /usr/lib/gcc/aarch64-linux-gnu/11/../../../../include/c++/11/bits/alloc_traits.h:848:7 @[ /usr/lib/gcc/aarch64-linux-gnu/11/../../../../include/c++/11/bits/stl_vector.h:680:2 @[ src/core/autoware_core/planning/autoware_mission_planner/test/test_utility_functions.cpp:249:5 ] ] ] ]. Skipping.
Found a loop without a preheader at /usr/lib/gcc/aarch64-linux-gnu/11/../../../../include/c++/11/bits/stl_construct.h:162:4 @[ /usr/lib/gcc/aarch64-linux-gnu/11/../../../../include/c++/11/bits/stl_construct.h:195:7 @[ /usr/lib/gcc/aarch64-linux-gnu/11/../../../../include/c++/11/bits/alloc_traits.h:848:7 @[ /usr/lib/gcc/aarch64-linux-gnu/11/../../../../include/c++/11/bits/stl_vector.h:680:2 @[ src/core/autoware_core/planning/autoware_mission_planner/test/test_utility_functions.cpp:244:5 ] ] ] ]. Skipping.
Found a loop without a preheader at /usr/lib/gcc/aarch64-linux-gnu/11/../../../../include/c++/11/bits/stl_construct.h:162:4 @[ /usr/lib/gcc/aarch64-linux-gnu/11/../../../../include/c++/11/bits/stl_construct.h:195:7 @[ /usr/lib/gcc/aarch64-linux-gnu/11/../../../../include/c++/11/bits/alloc_traits.h:848:7 @[ /usr/lib/gcc/aarch64-linux-gnu/11/../../../../include/c++/11/bits/stl_vector.h:680:2 @[ src/core/autoware_core/planning/autoware_mission_planner/test/test_utility_functions.cpp:239:5 ] ] ] ]. Skipping.
Found a loop without a preheader at /usr/lib/gcc/aarch64-linux-gnu/11/../../../../include/c++/11/bits/stl_construct.h:162:4 @[ /usr/lib/gcc/aarch64-linux-gnu/11/../../../../include/c++/11/bits/stl_construct.h:195:7 @[ /usr/lib/gcc/aarch64-linux-gnu/11/../../../../include/c++/11/bits/alloc_traits.h:848:7 @[ /usr/lib/gcc/aarch64-linux-gnu/11/../../../../include/c++/11/bits/stl_vector.h:680:2 @[ src/core/autoware_core/planning/autoware_mission_planner/test/test_utility_functions.cpp:312:5 ] ] ] ]. Skipping.
Found a loop without a preheader at /usr/lib/gcc/aarch64-linux-gnu/11/../../../../include/c++/11/bits/stl_construct.h:162:4 @[ /usr/lib/gcc/aarch64-linux-gnu/11/../../../../include/c++/11/bits/stl_construct.h:195:7 @[ /usr/lib/gcc/aarch64-linux-gnu/11/../../../../include/c++/11/bits/alloc_traits.h:848:7 @[ /usr/lib/gcc/aarch64-linux-gnu/11/../../../../include/c++/11/bits/stl_vector.h:680:2 @[ src/core/autoware_core/planning/autoware_mission_planner/test/test_utility_functions.cpp:307:5 ] ] ] ]. Skipping.
Found a loop without a preheader at /usr/lib/gcc/aarch64-linux-gnu/11/../../../../include/c++/11/bits/stl_construct.h:162:4 @[ /usr/lib/gcc/aarch64-linux-gnu/11/../../../../include/c++/11/bits/stl_construct.h:195:7 @[ /usr/lib/gcc/aarch64-linux-gnu/11/../../../../include/c++/11/bits/alloc_traits.h:848:7 @[ /usr/lib/gcc/aarch64-linux-gnu/11/../../../../include/c++/11/bits/stl_vector.h:680:2 @[ src/core/autoware_core/planning/autoware_mission_planner/test/test_utility_functions.cpp:302:5 ] ] ] ]. Skipping.
Found a loop without a preheader at /usr/lib/gcc/aarch64-linux-gnu/11/../../../../include/c++/11/bits/stl_construct.h:162:4 @[ /usr/lib/gcc/aarch64-linux-gnu/11/../../../../include/c++/11/bits/stl_construct.h:195:7 @[ /usr/lib/gcc/aarch64-linux-gnu/11/../../../../include/c++/11/bits/alloc_traits.h:848:7 @[ /usr/lib/gcc/aarch64-linux-gnu/11/../../../../include/c++/11/bits/stl_vector.h:680:2 @[ src/core/autoware_core/planning/autoware_mission_planner/test/test_utility_functions.cpp:297:5 ] ] ] ]. Skipping.
Found a loop without a preheader at /usr/lib/gcc/aarch64-linux-gnu/11/../../../../include/c++/11/bits/stl_construct.h:162:4 @[ /usr/lib/gcc/aarch64-linux-gnu/11/../../../../include/c++/11/bits/stl_construct.h:195:7 @[ /usr/lib/gcc/aarch64-linux-gnu/11/../../../../include/c++/11/bits/alloc_traits.h:848:7 @[ /usr/lib/gcc/aarch64-linux-gnu/11/../../../../include/c++/11/bits/stl_vector.h:680:2 @[ src/core/autoware_core/planning/autoware_mission_planner/test/test_utility_functions.cpp:292:5 ] ] ] ]. Skipping.
Found a loop without a preheader at /usr/lib/gcc/aarch64-linux-gnu/11/../../../../include/c++/11/bits/stl_construct.h:162:4 @[ /usr/lib/gcc/aarch64-linux-gnu/11/../../../../include/c++/11/bits/stl_construct.h:195:7 @[ /usr/lib/gcc/aarch64-linux-gnu/11/../../../../include/c++/11/bits/alloc_traits.h:848:7 @[ /usr/lib/gcc/aarch64-linux-gnu/11/../../../../include/c++/11/bits/stl_vector.h:680:2 @[ src/core/autoware_core/planning/autoware_mission_planner/test/test_utility_functions.cpp:287:5 ] ] ] ]. Skipping.
Found a loop without a preheader at /usr/lib/gcc/aarch64-linux-gnu/11/../../../../include/c++/11/bits/stl_construct.h:162:4 @[ /usr/lib/gcc/aarch64-linux-gnu/11/../../../../include/c++/11/bits/stl_construct.h:195:7 @[ /usr/lib/gcc/aarch64-linux-gnu/11/../../../../include/c++/11/bits/alloc_traits.h:848:7 @[ /usr/lib/gcc/aarch64-linux-gnu/11/../../../../include/c++/11/bits/stl_vector.h:680:2 @[ src/core/autoware_core/planning/autoware_mission_planner/test/test_utility_functions.cpp:282:5 ] ] ] ]. Skipping.
Found a loop without a preheader at /usr/lib/gcc/aarch64-linux-gnu/11/../../../../include/c++/11/bits/stl_construct.h:162:4 @[ /usr/lib/gcc/aarch64-linux-gnu/11/../../../../include/c++/11/bits/stl_construct.h:195:7 @[ /usr/lib/gcc/aarch64-linux-gnu/11/../../../../include/c++/11/bits/alloc_traits.h:848:7 @[ /usr/lib/gcc/aarch64-linux-gnu/11/../../../../include/c++/11/bits/stl_vector.h:680:2 @[ src/core/autoware_core/planning/autoware_mission_planner/test/test_utility_functions.cpp:421:7 ] ] ] ]. Skipping.
Found a loop without a preheader at /usr/lib/gcc/aarch64-linux-gnu/11/../../../../include/c++/11/bits/stl_construct.h:162:4 @[ /usr/lib/gcc/aarch64-linux-gnu/11/../../../../include/c++/11/bits/stl_construct.h:195:7 @[ /usr/lib/gcc/aarch64-linux-gnu/11/../../../../include/c++/11/bits/alloc_traits.h:848:7 @[ /usr/lib/gcc/aarch64-linux-gnu/11/../../../../include/c++/11/bits/stl_vector.h:680:2 @[ src/core/autoware_core/planning/autoware_mission_planner/test/test_utility_functions.cpp:412:7 ] ] ] ]. Skipping.
Found a loop without a preheader at /usr/lib/gcc/aarch64-linux-gnu/11/../../../../include/c++/11/bits/stl_construct.h:162:4 @[ /usr/lib/gcc/aarch64-linux-gnu/11/../../../../include/c++/11/bits/stl_construct.h:195:7 @[ /usr/lib/gcc/aarch64-linux-gnu/11/../../../../include/c++/11/bits/alloc_traits.h:848:7 @[ /usr/lib/gcc/aarch64-linux-gnu/11/../../../../include/c++/11/bits/stl_vector.h:680:2 @[ src/core/autoware_core/planning/autoware_mission_planner/test/test_utility_functions.cpp:403:7 ] ] ] ]. Skipping.
Found a loop without a preheader at /usr/lib/gcc/aarch64-linux-gnu/11/../../../../include/c++/11/bits/stl_construct.h:162:4 @[ /usr/lib/gcc/aarch64-linux-gnu/11/../../../../include/c++/11/bits/stl_construct.h:195:7 @[ /usr/lib/gcc/aarch64-linux-gnu/11/../../../../include/c++/11/bits/alloc_traits.h:848:7 @[ /usr/lib/gcc/aarch64-linux-gnu/11/../../../../include/c++/11/bits/stl_vector.h:680:2 @[ src/core/autoware_core/planning/autoware_mission_planner/test/test_utility_functions.cpp:394:7 ] ] ] ]. Skipping.
Found a loop without a preheader at /usr/lib/gcc/aarch64-linux-gnu/11/../../../../include/c++/11/bits/stl_construct.h:162:4 @[ /usr/lib/gcc/aarch64-linux-gnu/11/../../../../include/c++/11/bits/stl_construct.h:195:7 @[ /usr/lib/gcc/aarch64-linux-gnu/11/../../../../include/c++/11/bits/alloc_traits.h:848:7 @[ /usr/lib/gcc/aarch64-linux-gnu/11/../../../../include/c++/11/bits/stl_vector.h:680:2 @[ src/core/autoware_core/planning/autoware_mission_planner/test/test_utility_functions.cpp:385:7 ] ] ] ]. Skipping.
Found a loop without a preheader at /usr/lib/gcc/aarch64-linux-gnu/11/../../../../include/c++/11/bits/stl_construct.h:162:4 @[ /usr/lib/gcc/aarch64-linux-gnu/11/../../../../include/c++/11/bits/stl_construct.h:195:7 @[ /usr/lib/gcc/aarch64-linux-gnu/11/../../../../include/c++/11/bits/alloc_traits.h:848:7 @[ /usr/lib/gcc/aarch64-linux-gnu/11/../../../../include/c++/11/bits/stl_vector.h:680:2 @[ src/core/autoware_core/planning/autoware_mission_planner/test/test_utility_functions.cpp:376:7 ] ] ] ]. Skipping.
Found a loop without a preheader at /usr/lib/gcc/aarch64-linux-gnu/11/../../../../include/c++/11/bits/stl_construct.h:162:4 @[ /usr/lib/gcc/aarch64-linux-gnu/11/../../../../include/c++/11/bits/stl_construct.h:195:7 @[ /usr/lib/gcc/aarch64-linux-gnu/11/../../../../include/c++/11/bits/alloc_traits.h:848:7 @[ /usr/lib/gcc/aarch64-linux-gnu/11/../../../../include/c++/11/bits/stl_vector.h:680:2 @[ src/core/autoware_core/planning/autoware_mission_planner/test/test_utility_functions.cpp:367:7 ] ] ] ]. Skipping.
Found a loop without a preheader at /usr/lib/gcc/aarch64-linux-gnu/11/../../../../include/c++/11/bits/stl_construct.h:162:4 @[ /usr/lib/gcc/aarch64-linux-gnu/11/../../../../include/c++/11/bits/stl_construct.h:195:7 @[ /usr/lib/gcc/aarch64-linux-gnu/11/../../../../include/c++/11/bits/alloc_traits.h:848:7 @[ /usr/lib/gcc/aarch64-linux-gnu/11/../../../../include/c++/11/bits/stl_vector.h:680:2 @[ src/core/autoware_core/planning/autoware_mission_planner/test/test_utility_functions.cpp:352:20 ] ] ] ]. Skipping.
Found a loop without a preheader at /usr/lib/gcc/aarch64-linux-gnu/11/../../../../include/c++/11/bits/stl_construct.h:162:4 @[ /usr/lib/gcc/aarch64-linux-gnu/11/../../../../include/c++/11/bits/stl_construct.h:195:7 @[ /usr/lib/gcc/aarch64-linux-gnu/11/../../../../include/c++/11/bits/alloc_traits.h:848:7 @[ /usr/lib/gcc/aarch64-linux-gnu/11/../../../../include/c++/11/bits/stl_vector.h:680:2 @[ /usr/include/boost/geometry/geometries/polygon.hpp:76:7 ] ] ] ]. Skipping.
Found a loop without a preheader at /usr/lib/gcc/aarch64-linux-gnu/11/../../../../include/c++/11/bits/stl_construct.h:162:4 @[ /usr/lib/gcc/aarch64-linux-gnu/11/../../../../include/c++/11/bits/stl_construct.h:195:7 @[ /usr/lib/gcc/aarch64-linux-gnu/11/../../../../include/c++/11/bits/alloc_traits.h:848:7 @[ /usr/lib/gcc/aarch64-linux-gnu/11/../../../../include/c++/11/bits/stl_vector.h:680:2 ] ] ]. Skipping.
Found a loop without a preheader at /usr/lib/gcc/aarch64-linux-gnu/11/../../../../include/c++/11/bits/stl_construct.h:162:4 @[ /usr/lib/gcc/aarch64-linux-gnu/11/../../../../include/c++/11/bits/stl_construct.h:195:7 @[ /usr/lib/gcc/aarch64-linux-gnu/11/../../../../include/c++/11/bits/alloc_traits.h:848:7 @[ /usr/lib/gcc/aarch64-linux-gnu/11/../../../../include/c++/11/bits/stl_vector.h:680:2 @[ /opt/ros/humble/include/lanelet2_core/primitives/LineString.h:529:3 ] ] ] ]. Skipping.
Found a loop without a preheader at /usr/lib/gcc/aarch64-linux-gnu/11/../../../../include/c++/11/bits/stl_construct.h:162:4 @[ /usr/lib/gcc/aarch64-linux-gnu/11/../../../../include/c++/11/bits/stl_construct.h:195:7 @[ /usr/lib/gcc/aarch64-linux-gnu/11/../../../../include/c++/11/bits/alloc_traits.h:848:7 @[ /usr/lib/gcc/aarch64-linux-gnu/11/../../../../include/c++/11/bits/stl_vector.h:680:2 ] ] ]. Skipping.
Found a loop without a preheader at /usr/lib/gcc/aarch64-linux-gnu/11/../../../../include/c++/11/bits/stl_construct.h:162:4 @[ /usr/lib/gcc/aarch64-linux-gnu/11/../../../../include/c++/11/bits/stl_construct.h:195:7 @[ /usr/lib/gcc/aarch64-linux-gnu/11/../../../../include/c++/11/bits/alloc_traits.h:848:7 @[ /usr/lib/gcc/aarch64-linux-gnu/11/../../../../include/c++/11/bits/stl_vector.h:680:2 @[ /usr/lib/gcc/aarch64-linux-gnu/11/../../../../include/c++/11/ext/new_allocator.h:162:4 ] ] ] ]. Skipping.
Found a loop without a preheader at /usr/lib/gcc/aarch64-linux-gnu/11/../../../../include/c++/11/bits/stl_tree.h:114:7 @[ /usr/lib/gcc/aarch64-linux-gnu/11/../../../../include/c++/11/bits/stl_tree.h:800:16 @[ /usr/lib/gcc/aarch64-linux-gnu/11/../../../../include/c++/11/bits/stl_tree.h:891:20 @[ /usr/lib/gcc/aarch64-linux-gnu/11/../../../../include/c++/11/bits/stl_tree.h:901:9 @[ /usr/lib/gcc/aarch64-linux-gnu/11/../../../../include/c++/11/bits/stl_tree.h:939:16 @[ /usr/lib/gcc/aarch64-linux-gnu/11/../../../../include/c++/11/bits/stl_map.h:207:7 @[ /opt/ros/humble/include/lanelet2_core/utility/HybridMap.h:94:37 @[ /usr/lib/gcc/aarch64-linux-gnu/11/../../../../include/c++/11/ext/new_allocator.h:162:27 ] ] ] ] ] ] ]. Skipping.
Found a loop without an exit block at /opt/ros/humble/include/lanelet2_core/utility/HybridMap.h:41:3. Skipping.
Found a loop without a preheader at /usr/lib/gcc/aarch64-linux-gnu/11/../../../../include/c++/11/bits/stl_tree.h:1860:6. Skipping.
Found a loop without a preheader at /usr/lib/gcc/aarch64-linux-gnu/11/../../../../include/c++/11/bits/stl_tree.h:1887:7. Skipping.
Found a loop without a preheader at /usr/lib/gcc/aarch64-linux-gnu/11/../../../../include/c++/11/bits/stl_construct.h:162:4 @[ /usr/lib/gcc/aarch64-linux-gnu/11/../../../../include/c++/11/bits/stl_construct.h:195:7 @[ /usr/lib/gcc/aarch64-linux-gnu/11/../../../../include/c++/11/bits/alloc_traits.h:848:7 @[ /usr/lib/gcc/aarch64-linux-gnu/11/../../../../include/c++/11/bits/stl_vector.h:680:2 @[ /opt/ros/humble/include/lanelet2_core/primitives/LineString.h:139:7 ] ] ] ]. Skipping.
Found a loop without a preheader at /usr/lib/gcc/aarch64-linux-gnu/11/../../../../include/c++/11/bits/stl_algobase.h:718:4 @[ /usr/lib/gcc/aarch64-linux-gnu/11/../../../../include/c++/11/bits/stl_algobase.h:758:14 @[ /usr/lib/gcc/aarch64-linux-gnu/11/../../../../include/c++/11/bits/stl_algobase.h:769:14 @[ /usr/lib/gcc/aarch64-linux-gnu/11/../../../../include/c++/11/bits/stl_algobase.h:799:3 @[ /usr/lib/gcc/aarch64-linux-gnu/11/../../../../include/c++/11/bits/stl_algobase.h:894:14 @[ /usr/lib/gcc/aarch64-linux-gnu/11/../../../../include/c++/11/bits/vector.tcc:412:7 ] ] ] ] ]. Skipping.
Found a loop without a preheader at /usr/lib/gcc/aarch64-linux-gnu/11/../../../../include/c++/11/bits/stl_construct.h:162:4 @[ /usr/lib/gcc/aarch64-linux-gnu/11/../../../../include/c++/11/bits/stl_construct.h:195:7 @[ /usr/lib/gcc/aarch64-linux-gnu/11/../../../../include/c++/11/bits/alloc_traits.h:848:7 @[ /usr/lib/gcc/aarch64-linux-gnu/11/../../../../include/c++/11/bits/stl_vector.h:680:2 @[ /usr/lib/gcc/aarch64-linux-gnu/11/../../../../include/c++/11/ext/new_allocator.h:162:4 ] ] ] ]. Skipping.
Found a loop without a preheader at /usr/lib/gcc/aarch64-linux-gnu/11/../../../../include/c++/11/bits/stl_uninitialized.h:91:8 @[ /usr/lib/gcc/aarch64-linux-gnu/11/../../../../include/c++/11/bits/stl_uninitialized.h:148:14 @[ /usr/lib/gcc/aarch64-linux-gnu/11/../../../../include/c++/11/bits/stl_uninitialized.h:333:14 @[ /usr/lib/gcc/aarch64-linux-gnu/11/../../../../include/c++/11/bits/stl_vector.h:558:4 @[ /usr/lib/gcc/aarch64-linux-gnu/11/../../../../include/c++/11/ext/new_allocator.h:162:27 ] ] ] ]. Skipping.
Found a loop without a preheader at /usr/lib/gcc/aarch64-linux-gnu/11/../../../../include/c++/11/bits/stl_construct.h:162:4 @[ /usr/lib/gcc/aarch64-linux-gnu/11/../../../../include/c++/11/bits/stl_construct.h:195:7 @[ /usr/lib/gcc/aarch64-linux-gnu/11/../../../../include/c++/11/bits/alloc_traits.h:848:7 @[ /usr/lib/gcc/aarch64-linux-gnu/11/../../../../include/c++/11/bits/stl_vector.h:680:2 @[ /opt/ros/humble/include/lanelet2_core/primitives/Lanelet.h:22:7 ] ] ] ]. Skipping.
Found a loop without a preheader at /usr/lib/gcc/aarch64-linux-gnu/11/../../../../include/c++/11/bits/stl_construct.h:162:4 @[ /usr/lib/gcc/aarch64-linux-gnu/11/../../../../include/c++/11/bits/stl_construct.h:195:7 @[ /usr/lib/gcc/aarch64-linux-gnu/11/../../../../include/c++/11/bits/alloc_traits.h:848:7 @[ /usr/lib/gcc/aarch64-linux-gnu/11/../../../../include/c++/11/bits/stl_vector.h:680:2 @[ /opt/ros/humble/include/visualization_msgs/visualization_msgs/msg/detail/marker_array__struct.hpp:37:8 ] ] ] ]. Skipping.
Found a loop without a preheader at /usr/lib/gcc/aarch64-linux-gnu/11/../../../../include/c++/11/bits/stl_uninitialized.h:1031:7 @[ /usr/lib/gcc/aarch64-linux-gnu/11/../../../../include/c++/11/bits/stl_uninitialized.h:1046:14 @[ /usr/lib/gcc/aarch64-linux-gnu/11/../../../../include/c++/11/bits/stl_vector.h:456:9 @[ /usr/lib/gcc/aarch64-linux-gnu/11/../../../../include/c++/11/bits/stl_vector.h:469:9 @[ /usr/lib/gcc/aarch64-linux-gnu/11/../../../../include/c++/11/bits/vector.tcc:648:5 ] ] ] ]. Skipping.
Found a loop without a preheader at /usr/lib/gcc/aarch64-linux-gnu/11/../../../../include/c++/11/bits/stl_construct.h:162:4 @[ /usr/lib/gcc/aarch64-linux-gnu/11/../../../../include/c++/11/bits/stl_construct.h:195:7 @[ /usr/lib/gcc/aarch64-linux-gnu/11/../../../../include/c++/11/bits/stl_uninitialized.h:584:8 ] ]. Skipping.
Found a loop without a preheader at /usr/lib/gcc/aarch64-linux-gnu/11/../../../../include/c++/11/bits/stl_uninitialized.h:578:8. Skipping.
Found a loop without a preheader at /usr/lib/gcc/aarch64-linux-gnu/11/../../../../include/c++/11/bits/stl_construct.h:162:4 @[ /usr/lib/gcc/aarch64-linux-gnu/11/../../../../include/c++/11/bits/stl_construct.h:195:7 @[ /usr/lib/gcc/aarch64-linux-gnu/11/../../../../include/c++/11/bits/alloc_traits.h:848:7 @[ /usr/lib/gcc/aarch64-linux-gnu/11/../../../../include/c++/11/bits/stl_vector.h:680:2 ] ] ]. Skipping.
Found a loop without a preheader at /usr/lib/gcc/aarch64-linux-gnu/11/../../../../include/c++/11/bits/stl_construct.h:162:4 @[ /usr/lib/gcc/aarch64-linux-gnu/11/../../../../include/c++/11/bits/stl_construct.h:195:7 @[ /usr/lib/gcc/aarch64-linux-gnu/11/../../../../include/c++/11/bits/alloc_traits.h:848:7 @[ /usr/lib/gcc/aarch64-linux-gnu/11/../../../../include/c++/11/bits/stl_vector.h:680:2 @[ /opt/ros/humble/include/lanelet2_core/primitives/Polygon.h:132:3 ] ] ] ]. Skipping.
Found a loop without a preheader at /usr/lib/gcc/aarch64-linux-gnu/11/../../../../include/c++/11/bits/stl_construct.h:162:4 @[ /usr/lib/gcc/aarch64-linux-gnu/11/../../../../include/c++/11/bits/stl_construct.h:195:7 @[ /usr/lib/gcc/aarch64-linux-gnu/11/../../../../include/c++/11/bits/alloc_traits.h:848:7 @[ /usr/lib/gcc/aarch64-linux-gnu/11/../../../../include/c++/11/bits/stl_vector.h:680:2 ] ] ]. Skipping.
Found a loop without a preheader at /usr/lib/gcc/aarch64-linux-gnu/11/../../../../include/c++/11/bits/stl_construct.h:162:4 @[ /usr/lib/gcc/aarch64-linux-gnu/11/../../../../include/c++/11/bits/stl_construct.h:195:7 @[ /usr/lib/gcc/aarch64-linux-gnu/11/../../../../include/c++/11/bits/alloc_traits.h:848:7 @[ /usr/lib/gcc/aarch64-linux-gnu/11/../../../../include/c++/11/bits/stl_vector.h:680:2 @[ src/core/autoware_core/planning/autoware_mission_planner/test/test_utility_functions.cpp:327:28 @[ src/core/autoware_core/planning/autoware_mission_planner/test/test_utility_functions.cpp:332:26 ] ] ] ] ]. Skipping.
Found a loop without a preheader at /usr/lib/gcc/aarch64-linux-gnu/11/../../../../include/c++/11/bits/stl_construct.h:162:4 @[ /usr/lib/gcc/aarch64-linux-gnu/11/../../../../include/c++/11/bits/stl_construct.h:195:7 @[ /usr/lib/gcc/aarch64-linux-gnu/11/../../../../include/c++/11/bits/alloc_traits.h:848:7 @[ /usr/lib/gcc/aarch64-linux-gnu/11/../../../../include/c++/11/bits/stl_vector.h:680:2 ] ] ]. Skipping.
---
[Processing: autoware_mission_planner]
[Processing: autoware_mission_planner]
[Processing: autoware_mission_planner]
[Processing: autoware_mission_planner]
[Processing: autoware_mission_planner]
[Processing: autoware_mission_planner]
[Processing: autoware_mission_planner]
[Processing: autoware_mission_planner]
[Processing: autoware_mission_planner]
[Processing: autoware_mission_planner]
[Processing: autoware_mission_planner]
[Processing: autoware_mission_planner]
[Processing: autoware_mission_planner]
Finished <<< autoware_mission_planner [6min 35s]

Summary: 1 package finished [6min 39s]
  1 package had stderr output: autoware_mission_planner
