[4.182s] WARNING:colcon.colcon_core.package_selection:Some selected packages are already built in one or more underlay workspaces:
	'autoware_ekf_localizer' is in: /home/tristan-toye/Autoware-47-installation-Nvidia-Jetson-Orin-AGX/autoware/install/autoware_ekf_localizer
If a package in a merged underlay workspace is overridden and it installs headers, then all packages in the overlay must sort their include directories by workspace order. Failure to do so may result in build failures or undefined behavior at run time.
If the overridden package is used by another package in any underlay, then the overriding package in the overlay must be API and ABI compatible or undefined behavior at run time may occur.

If you understand the risks and want to override a package anyways, add the following to the command line:
	--allow-overriding autoware_ekf_localizer

This may be promoted to an error in a future release of colcon-override-check.
Starting >>> autoware_ekf_localizer
[4.294s] WARNING:colcon.colcon_core.shell:The following packages are in the workspace but haven't been built:
- autoware_common_msgs
- autoware_internal_debug_msgs
- autoware_lint_common
- autoware_perception_msgs
- autoware_cmake
- autoware_planning_msgs
- autoware_internal_planning_msgs
- autoware_kalman_filter
- autoware_localization_util
- autoware_utils_logging
- autoware_utils_math
- autoware_utils_system
- autoware_utils_geometry
They are being used from the following locations instead:
- /home/tristan-toye/Autoware-47-installation-Nvidia-Jetson-Orin-AGX/autoware/install/autoware_common_msgs
- /home/tristan-toye/Autoware-47-installation-Nvidia-Jetson-Orin-AGX/autoware/install/autoware_internal_debug_msgs
- /home/tristan-toye/Autoware-47-installation-Nvidia-Jetson-Orin-AGX/autoware/install/autoware_lint_common
- /home/tristan-toye/Autoware-47-installation-Nvidia-Jetson-Orin-AGX/autoware/install/autoware_perception_msgs
- /home/tristan-toye/Autoware-47-installation-Nvidia-Jetson-Orin-AGX/autoware/install/autoware_cmake
- /home/tristan-toye/Autoware-47-installation-Nvidia-Jetson-Orin-AGX/autoware/install/autoware_planning_msgs
- /home/tristan-toye/Autoware-47-installation-Nvidia-Jetson-Orin-AGX/autoware/install/autoware_internal_planning_msgs
- /home/tristan-toye/Autoware-47-installation-Nvidia-Jetson-Orin-AGX/autoware/install/autoware_kalman_filter
- /home/tristan-toye/Autoware-47-installation-Nvidia-Jetson-Orin-AGX/autoware/install/autoware_localization_util
- /home/tristan-toye/Autoware-47-installation-Nvidia-Jetson-Orin-AGX/autoware/install/autoware_utils_logging
- /home/tristan-toye/Autoware-47-installation-Nvidia-Jetson-Orin-AGX/autoware/install/autoware_utils_math
- /home/tristan-toye/Autoware-47-installation-Nvidia-Jetson-Orin-AGX/autoware/install/autoware_utils_system
- /home/tristan-toye/Autoware-47-installation-Nvidia-Jetson-Orin-AGX/autoware/install/autoware_utils_geometry
To suppress this warning ignore these packages in the workspace:
--packages-ignore autoware_common_msgs autoware_internal_debug_msgs autoware_lint_common autoware_perception_msgs autoware_cmake autoware_planning_msgs autoware_internal_planning_msgs autoware_kalman_filter autoware_localization_util autoware_utils_logging autoware_utils_math autoware_utils_system autoware_utils_geometry
--- stderr: autoware_ekf_localizer
Found a loop without a preheader at /usr/lib/gcc/aarch64-linux-gnu/11/../../../../include/c++/11/bits/stl_construct.h:162:4 @[ /usr/lib/gcc/aarch64-linux-gnu/11/../../../../include/c++/11/bits/stl_construct.h:195:7 @[ /usr/lib/gcc/aarch64-linux-gnu/11/../../../../include/c++/11/bits/alloc_traits.h:848:7 @[ /usr/lib/gcc/aarch64-linux-gnu/11/../../../../include/c++/11/bits/stl_vector.h:680:2 @[ /opt/ros/humble/include/diagnostic_msgs/diagnostic_msgs/msg/detail/diagnostic_status__struct.hpp:37:8 ] ] ] ]. Skipping.
Found a loop without a preheader at /usr/lib/gcc/aarch64-linux-gnu/11/../../../../include/c++/11/bits/charconv.h:56:7 @[ /usr/lib/gcc/aarch64-linux-gnu/11/../../../../include/c++/11/bits/basic_string.h:6692:18 @[ src/core/autoware_core/localization/autoware_ekf_localizer/src/diagnostics.cpp:77:21 ] ]. Skipping.
Found a loop without a preheader at /usr/lib/gcc/aarch64-linux-gnu/11/../../../../include/c++/11/bits/charconv.h:56:7 @[ /usr/lib/gcc/aarch64-linux-gnu/11/../../../../include/c++/11/bits/basic_string.h:6692:18 @[ src/core/autoware_core/localization/autoware_ekf_localizer/src/diagnostics.cpp:74:21 ] ]. Skipping.
Found a loop without a preheader at /usr/lib/gcc/aarch64-linux-gnu/11/../../../../include/c++/11/bits/charconv.h:56:7 @[ /usr/lib/gcc/aarch64-linux-gnu/11/../../../../include/c++/11/bits/basic_string.h:6692:18 @[ src/core/autoware_core/localization/autoware_ekf_localizer/src/diagnostics.cpp:71:21 ] ]. Skipping.
Found a loop without a preheader at /usr/lib/gcc/aarch64-linux-gnu/11/../../../../include/c++/11/bits/charconv.h:56:7 @[ /usr/lib/gcc/aarch64-linux-gnu/11/../../../../include/c++/11/bits/basic_string.h:6692:18 @[ src/core/autoware_core/localization/autoware_ekf_localizer/src/diagnostics.cpp:101:21 ] ]. Skipping.
Found a loop without an exit block at src/core/autoware_core/localization/autoware_ekf_localizer/src/diagnostics.cpp:204:3. Skipping.
Found a loop without a preheader at /usr/lib/gcc/aarch64-linux-gnu/11/../../../../include/c++/11/bits/stl_construct.h:162:4 @[ /usr/lib/gcc/aarch64-linux-gnu/11/../../../../include/c++/11/bits/stl_construct.h:195:7 @[ /usr/lib/gcc/aarch64-linux-gnu/11/../../../../include/c++/11/bits/alloc_traits.h:848:7 @[ /usr/lib/gcc/aarch64-linux-gnu/11/../../../../include/c++/11/bits/stl_vector.h:680:2 ] ] ]. Skipping.
Found a loop without a preheader at /usr/lib/gcc/aarch64-linux-gnu/11/../../../../include/c++/11/bits/stl_uninitialized.h:1031:7 @[ /usr/lib/gcc/aarch64-linux-gnu/11/../../../../include/c++/11/bits/stl_uninitialized.h:1046:14 @[ /usr/lib/gcc/aarch64-linux-gnu/11/../../../../include/c++/11/bits/stl_vector.h:456:9 @[ /usr/lib/gcc/aarch64-linux-gnu/11/../../../../include/c++/11/bits/stl_vector.h:469:9 @[ /usr/lib/gcc/aarch64-linux-gnu/11/../../../../include/c++/11/bits/vector.tcc:466:23 ] ] ] ]. Skipping.
Found a loop without a preheader at /usr/lib/gcc/aarch64-linux-gnu/11/../../../../include/c++/11/bits/stl_uninitialized.h:1031:7 @[ /usr/lib/gcc/aarch64-linux-gnu/11/../../../../include/c++/11/bits/stl_uninitialized.h:1046:14 @[ /usr/lib/gcc/aarch64-linux-gnu/11/../../../../include/c++/11/bits/stl_vector.h:456:9 @[ /usr/lib/gcc/aarch64-linux-gnu/11/../../../../include/c++/11/bits/stl_vector.h:469:9 @[ /usr/lib/gcc/aarch64-linux-gnu/11/../../../../include/c++/11/bits/vector.tcc:461:23 ] ] ] ]. Skipping.
Found a loop without a preheader at /usr/include/eigen3/Eigen/src/Core/Redux.h:255:9 @[ /usr/include/eigen3/Eigen/src/Core/Redux.h:418:10 @[ /usr/include/eigen3/Eigen/src/Core/Redux.h:463:20 @[ /usr/include/eigen3/Eigen/src/Core/Dot.h:37:48 @[ /usr/include/eigen3/Eigen/src/Core/Dot.h:84:10 @[ src/core/autoware_core/localization/autoware_ekf_localizer/src/mahalanobis.cpp:24:12 ] ] ] ] ]. Skipping.
Found a loop without a preheader at /usr/include/eigen3/Eigen/src/Core/AssignEvaluator.h:436:5 @[ /usr/include/eigen3/Eigen/src/Core/AssignEvaluator.h:785:3 @[ /usr/include/eigen3/Eigen/src/Core/AssignEvaluator.h:954:5 @[ /usr/include/eigen3/Eigen/src/Core/AssignEvaluator.h:890:3 @[ /usr/include/eigen3/Eigen/src/Core/PlainObjectBase.h:797:7 @[ /usr/include/eigen3/Eigen/src/Core/PlainObjectBase.h:594:7 @[ /usr/include/eigen3/Eigen/src/Core/Matrix.h:423:9 @[ src/core/autoware_core/localization/autoware_ekf_localizer/src/mahalanobis.cpp:23:29 ] ] ] ] ] ] ]. Skipping.
Found a loop without a preheader at /usr/include/eigen3/Eigen/src/Core/AssignEvaluator.h:436:5 @[ /usr/include/eigen3/Eigen/src/Core/AssignEvaluator.h:785:3 @[ /usr/include/eigen3/Eigen/src/Core/AssignEvaluator.h:954:5 @[ /usr/include/eigen3/Eigen/src/Core/AssignEvaluator.h:890:3 @[ /usr/include/eigen3/Eigen/src/Core/AssignEvaluator.h:858:3 @[ /usr/include/eigen3/Eigen/src/Core/AssignEvaluator.h:836:3 @[ /usr/include/eigen3/Eigen/src/Core/PlainObjectBase.h:779:7 @[ /usr/include/eigen3/Eigen/src/Core/Matrix.h:208:20 @[ /usr/include/eigen3/Eigen/src/LU/PartialPivLU.h:132:12 ] ] ] ] ] ] ] ]. Skipping.
Found a loop without a preheader at /usr/include/eigen3/Eigen/src/Core/Redux.h:255:9 @[ /usr/include/eigen3/Eigen/src/Core/Redux.h:418:10 @[ /usr/include/eigen3/Eigen/src/Core/Redux.h:463:20 @[ /usr/include/eigen3/Eigen/src/Core/VectorwiseOp.h:114:1 @[ /usr/include/eigen3/Eigen/src/Core/PartialReduxEvaluator.h:183:12 @[ /usr/include/eigen3/Eigen/src/Core/PartialReduxEvaluator.h:177:12 @[ /usr/include/eigen3/Eigen/src/Core/Redux.h:381:18 @[ /usr/include/eigen3/Eigen/src/Core/Redux.h:202:16 @[ /usr/include/eigen3/Eigen/src/Core/Redux.h:418:10 @[ /usr/include/eigen3/Eigen/src/Core/Redux.h:448:20 @[ /usr/include/eigen3/Eigen/src/Core/DenseBase.h:466:14 @[ /usr/include/eigen3/Eigen/src/LU/PartialPivLU.h:533:49 ] ] ] ] ] ] ] ] ] ] ]. Skipping.
Found a loop without an exit block at /usr/include/eigen3/Eigen/src/Core/products/TriangularSolverMatrix.h:89:5. Skipping.
Found a loop without an exit block at /usr/include/eigen3/Eigen/src/Core/products/GeneralMatrixMatrix.h:172:5. Skipping.
Found a loop without an exit block at /usr/include/eigen3/Eigen/src/Core/products/TriangularSolverMatrix.h:89:5. Skipping.
Found a loop without a preheader at /usr/lib/gcc/aarch64-linux-gnu/11/../../../../include/c++/11/bits/stl_algobase.h:1459:7 @[ /usr/lib/gcc/aarch64-linux-gnu/11/../../../../include/c++/11/bits/stl_algobase.h:1499:14 @[ src/core/autoware_core/localization/autoware_ekf_localizer/src/ekf_module.cpp:180:16 ] ]. Skipping.
Found a loop without a preheader at /usr/include/eigen3/Eigen/src/Core/BooleanRedux.h:115:5 @[ src/core/autoware_core/localization/autoware_ekf_localizer/include/autoware/ekf_localizer/numeric.hpp:27:28 @[ src/core/autoware_core/localization/autoware_ekf_localizer/src/ekf_module.cpp:279:21 ] ]. Skipping.
Found a loop without an exit block at /usr/include/eigen3/Eigen/src/Core/BooleanRedux.h:115:5 @[ src/core/autoware_core/localization/autoware_ekf_localizer/include/autoware/ekf_localizer/numeric.hpp:32:28 @[ src/core/autoware_core/localization/autoware_ekf_localizer/src/ekf_module.cpp:279:7 ] ]. Skipping.
Found a loop without a preheader at /usr/lib/gcc/aarch64-linux-gnu/11/../../../../include/c++/11/bits/stl_algobase.h:1459:7 @[ /usr/lib/gcc/aarch64-linux-gnu/11/../../../../include/c++/11/bits/stl_algobase.h:1499:14 @[ src/core/autoware_core/localization/autoware_ekf_localizer/src/ekf_module.cpp:180:16 @[ src/core/autoware_core/localization/autoware_ekf_localizer/src/ekf_module.cpp:254:29 ] ] ]. Skipping.
Found a loop without a preheader at /usr/include/eigen3/Eigen/src/Core/BooleanRedux.h:115:5 @[ src/core/autoware_core/localization/autoware_ekf_localizer/include/autoware/ekf_localizer/numeric.hpp:27:28 @[ src/core/autoware_core/localization/autoware_ekf_localizer/src/ekf_module.cpp:399:21 ] ]. Skipping.
Found a loop without an exit block at /usr/include/eigen3/Eigen/src/Core/BooleanRedux.h:115:5 @[ src/core/autoware_core/localization/autoware_ekf_localizer/include/autoware/ekf_localizer/numeric.hpp:32:28 @[ src/core/autoware_core/localization/autoware_ekf_localizer/src/ekf_module.cpp:399:7 ] ]. Skipping.
Found a loop without a preheader at /usr/lib/gcc/aarch64-linux-gnu/11/../../../../include/c++/11/bits/stl_algobase.h:1459:7 @[ /usr/lib/gcc/aarch64-linux-gnu/11/../../../../include/c++/11/bits/stl_algobase.h:1499:14 @[ src/core/autoware_core/localization/autoware_ekf_localizer/src/ekf_module.cpp:180:16 @[ src/core/autoware_core/localization/autoware_ekf_localizer/src/ekf_module.cpp:382:29 ] ] ]. Skipping.
Found a loop without an exit block at /usr/include/eigen3/Eigen/src/Core/IO.h:203:3. Skipping.
Found a loop without an exit block at /usr/include/eigen3/Eigen/src/Core/IO.h:191:5. Skipping.
Found a loop without an exit block at /usr/include/eigen3/Eigen/src/Core/IO.h:66:5. Skipping.
Found a loop without a preheader at /usr/include/eigen3/Eigen/src/Core/AssignEvaluator.h:436:5 @[ /usr/include/eigen3/Eigen/src/Core/AssignEvaluator.h:785:3 @[ /usr/include/eigen3/Eigen/src/Core/AssignEvaluator.h:954:5 @[ /usr/include/eigen3/Eigen/src/Core/AssignEvaluator.h:890:3 @[ /usr/include/eigen3/Eigen/src/Core/PlainObjectBase.h:797:7 @[ /usr/include/eigen3/Eigen/src/Core/PlainObjectBase.h:883:13 @[ /usr/include/eigen3/Eigen/src/Core/Matrix.h:332:22 ] ] ] ] ] ]. Skipping.
Found a loop without a preheader at /usr/include/eigen3/Eigen/src/Core/AssignEvaluator.h:436:5 @[ /usr/include/eigen3/Eigen/src/Core/AssignEvaluator.h:785:3 @[ /usr/include/eigen3/Eigen/src/Core/AssignEvaluator.h:954:5 @[ /usr/include/eigen3/Eigen/src/Core/AssignEvaluator.h:890:3 @[ /usr/include/eigen3/Eigen/src/Core/PlainObjectBase.h:797:7 @[ /usr/include/eigen3/Eigen/src/Core/PlainObjectBase.h:594:7 ] ] ] ] ]. Skipping.
Found a loop without a preheader at /usr/include/eigen3/Eigen/src/Core/AssignEvaluator.h:436:5 @[ /usr/include/eigen3/Eigen/src/Core/AssignEvaluator.h:785:3 @[ /usr/include/eigen3/Eigen/src/Core/AssignEvaluator.h:954:5 @[ /usr/include/eigen3/Eigen/src/Core/AssignEvaluator.h:890:3 @[ /usr/include/eigen3/Eigen/src/Core/PlainObjectBase.h:797:7 @[ /usr/include/eigen3/Eigen/src/Core/PlainObjectBase.h:883:13 @[ /usr/include/eigen3/Eigen/src/Core/Matrix.h:332:22 ] ] ] ] ] ]. Skipping.
Found a loop without an exit block at /usr/include/eigen3/Eigen/src/Core/IO.h:191:5. Skipping.
Found a loop without a preheader at /usr/include/eigen3/Eigen/src/Core/AssignEvaluator.h:436:5 @[ /usr/include/eigen3/Eigen/src/Core/AssignEvaluator.h:785:3 ]. Skipping.
Found a loop without an exit block at src/core/autoware_core/localization/autoware_ekf_localizer/src/ekf_localizer.cpp:214:5. Skipping.
Found a loop without an exit block at src/core/autoware_core/localization/autoware_ekf_localizer/src/ekf_localizer.cpp:185:5. Skipping.
Found a loop without a preheader at /usr/lib/gcc/aarch64-linux-gnu/11/../../../../include/c++/11/bits/hashtable_policy.h:1912:7 @[ /usr/lib/gcc/aarch64-linux-gnu/11/../../../../include/c++/11/bits/hashtable.h:2320:13 @[ /usr/lib/gcc/aarch64-linux-gnu/11/../../../../include/c++/11/bits/hashtable.h:1532:7 @[ /usr/lib/gcc/aarch64-linux-gnu/11/../../../../include/c++/11/bits/unordered_map.h:102:11 @[ install/autoware_utils_system/include/autoware_utils_system/stop_watch.hpp:27:7 ] ] ] ]. Skipping.
Found a loop without a preheader at /usr/lib/gcc/aarch64-linux-gnu/11/../../../../include/c++/11/bits/stl_deque.h:678:7 @[ /usr/lib/gcc/aarch64-linux-gnu/11/../../../../include/c++/11/bits/stl_deque.h:601:4 @[ /usr/lib/gcc/aarch64-linux-gnu/11/../../../../include/c++/11/bits/stl_deque.h:1007:65 @[ /usr/lib/gcc/aarch64-linux-gnu/11/../../../../include/c++/11/bits/stl_queue.h:96:11 @[ src/core/autoware_core/localization/autoware_ekf_localizer/include/autoware/ekf_localizer/aged_object_queue.hpp:25:7 ] ] ] ]. Skipping.
Found a loop without a preheader at /usr/lib/gcc/aarch64-linux-gnu/11/../../../../include/c++/11/bits/stl_deque.h:678:7 @[ /usr/lib/gcc/aarch64-linux-gnu/11/../../../../include/c++/11/bits/stl_deque.h:601:4 @[ /usr/lib/gcc/aarch64-linux-gnu/11/../../../../include/c++/11/bits/stl_deque.h:1007:65 @[ /usr/lib/gcc/aarch64-linux-gnu/11/../../../../include/c++/11/bits/stl_queue.h:96:11 @[ src/core/autoware_core/localization/autoware_ekf_localizer/include/autoware/ekf_localizer/aged_object_queue.hpp:25:7 ] ] ] ]. Skipping.
Found a loop without a preheader at /usr/lib/gcc/aarch64-linux-gnu/11/../../../../include/c++/11/bits/hashtable_policy.h:1912:7 @[ /usr/lib/gcc/aarch64-linux-gnu/11/../../../../include/c++/11/bits/hashtable.h:2320:13 @[ /usr/lib/gcc/aarch64-linux-gnu/11/../../../../include/c++/11/bits/hashtable.h:1532:7 @[ /usr/lib/gcc/aarch64-linux-gnu/11/../../../../include/c++/11/bits/unordered_map.h:102:11 @[ /opt/ros/humble/include/tf2_ros/tf2_ros/buffer.hpp:63:7 ] ] ] ]. Skipping.
Found a loop without a preheader at /usr/lib/gcc/aarch64-linux-gnu/11/../../../../include/c++/11/bits/stl_construct.h:162:4 @[ /usr/lib/gcc/aarch64-linux-gnu/11/../../../../include/c++/11/bits/stl_construct.h:195:7 @[ /usr/lib/gcc/aarch64-linux-gnu/11/../../../../include/c++/11/bits/alloc_traits.h:848:7 @[ /usr/lib/gcc/aarch64-linux-gnu/11/../../../../include/c++/11/bits/stl_vector.h:680:2 @[ src/core/autoware_core/localization/autoware_ekf_localizer/src/ekf_localizer.cpp:423:1 ] ] ] ]. Skipping.
Found a loop without a preheader at /usr/lib/gcc/aarch64-linux-gnu/11/../../../../include/c++/11/bits/stl_construct.h:162:4 @[ /usr/lib/gcc/aarch64-linux-gnu/11/../../../../include/c++/11/bits/stl_construct.h:195:7 @[ /usr/lib/gcc/aarch64-linux-gnu/11/../../../../include/c++/11/bits/alloc_traits.h:848:7 @[ /usr/lib/gcc/aarch64-linux-gnu/11/../../../../include/c++/11/bits/stl_vector.h:680:2 @[ /opt/ros/humble/include/diagnostic_msgs/diagnostic_msgs/msg/detail/diagnostic_array__struct.hpp:39:8 @[ src/core/autoware_core/localization/autoware_ekf_localizer/src/ekf_localizer.cpp:423:1 ] ] ] ] ]. Skipping.
Found a loop without a preheader at /usr/lib/gcc/aarch64-linux-gnu/11/../../../../include/c++/11/bits/stl_construct.h:162:4 @[ /usr/lib/gcc/aarch64-linux-gnu/11/../../../../include/c++/11/bits/stl_construct.h:195:7 @[ /usr/lib/gcc/aarch64-linux-gnu/11/../../../../include/c++/11/bits/alloc_traits.h:848:7 @[ /usr/lib/gcc/aarch64-linux-gnu/11/../../../../include/c++/11/bits/stl_vector.h:680:2 @[ /opt/ros/humble/include/diagnostic_msgs/diagnostic_msgs/msg/detail/diagnostic_array__struct.hpp:39:8 @[ src/core/autoware_core/localization/autoware_ekf_localizer/src/ekf_localizer.cpp:442:1 ] ] ] ] ]. Skipping.
Found a loop without a preheader at /usr/lib/gcc/aarch64-linux-gnu/11/../../../../include/c++/11/bits/charconv.h:56:7 @[ /usr/lib/gcc/aarch64-linux-gnu/11/../../../../include/c++/11/bits/basic_string.h:6683:24 @[ src/core/autoware_core/localization/autoware_ekf_localizer/src/ekf_localizer.cpp:430:21 ] ]. Skipping.
Found a loop without a preheader at /usr/lib/gcc/aarch64-linux-gnu/11/../../../../include/c++/11/bits/stl_construct.h:162:4 @[ /usr/lib/gcc/aarch64-linux-gnu/11/../../../../include/c++/11/bits/stl_construct.h:195:7 @[ /usr/lib/gcc/aarch64-linux-gnu/11/../../../../include/c++/11/bits/alloc_traits.h:848:7 @[ /usr/lib/gcc/aarch64-linux-gnu/11/../../../../include/c++/11/bits/stl_vector.h:680:2 @[ /opt/ros/humble/include/diagnostic_msgs/diagnostic_msgs/msg/detail/diagnostic_status__struct.hpp:37:8 ] ] ] ]. Skipping.
Found a loop without a preheader at /usr/lib/gcc/aarch64-linux-gnu/11/../../../../include/c++/11/bits/stl_construct.h:162:4 @[ /usr/lib/gcc/aarch64-linux-gnu/11/../../../../include/c++/11/bits/stl_construct.h:195:7 @[ /usr/lib/gcc/aarch64-linux-gnu/11/../../../../include/c++/11/bits/alloc_traits.h:848:7 @[ /usr/lib/gcc/aarch64-linux-gnu/11/../../../../include/c++/11/bits/stl_vector.h:680:2 @[ /usr/lib/gcc/aarch64-linux-gnu/11/../../../../include/c++/11/bits/stl_vector.h:1821:7 @[ /usr/lib/gcc/aarch64-linux-gnu/11/../../../../include/c++/11/bits/stl_vector.h:714:2 @[ /opt/ros/humble/include/diagnostic_msgs/diagnostic_msgs/msg/detail/diagnostic_status__struct.hpp:37:8 ] ] ] ] ] ]. Skipping.
Found a loop without a preheader at /usr/lib/gcc/aarch64-linux-gnu/11/../../../../include/c++/11/bits/stl_construct.h:162:4 @[ /usr/lib/gcc/aarch64-linux-gnu/11/../../../../include/c++/11/bits/stl_construct.h:195:7 @[ /usr/lib/gcc/aarch64-linux-gnu/11/../../../../include/c++/11/bits/alloc_traits.h:848:7 @[ /usr/lib/gcc/aarch64-linux-gnu/11/../../../../include/c++/11/bits/stl_vector.h:680:2 @[ /opt/ros/humble/include/diagnostic_msgs/diagnostic_msgs/msg/detail/diagnostic_array__struct.hpp:39:8 @[ /usr/lib/gcc/aarch64-linux-gnu/11/../../../../include/c++/11/bits/unique_ptr.h:85:2 @[ /usr/lib/gcc/aarch64-linux-gnu/11/../../../../include/c++/11/bits/unique_ptr.h:361:4 @[ ros2_caret_ws/install/include/rclcpp/rclcpp/publisher.hpp:308:5 ] ] ] ] ] ] ]. Skipping.
Found a loop without a preheader at /usr/lib/gcc/aarch64-linux-gnu/11/../../../../include/c++/11/bits/stl_construct.h:162:4 @[ /usr/lib/gcc/aarch64-linux-gnu/11/../../../../include/c++/11/bits/stl_construct.h:195:7 @[ /usr/lib/gcc/aarch64-linux-gnu/11/../../../../include/c++/11/bits/alloc_traits.h:848:7 @[ /usr/lib/gcc/aarch64-linux-gnu/11/../../../../include/c++/11/bits/stl_vector.h:680:2 @[ /opt/ros/humble/include/diagnostic_msgs/diagnostic_msgs/msg/detail/diagnostic_array__struct.hpp:39:8 ] ] ] ]. Skipping.
Found a loop without a preheader at /usr/lib/gcc/aarch64-linux-gnu/11/../../../../include/c++/11/bits/stl_construct.h:162:4 @[ /usr/lib/gcc/aarch64-linux-gnu/11/../../../../include/c++/11/bits/stl_construct.h:195:7 @[ /usr/lib/gcc/aarch64-linux-gnu/11/../../../../include/c++/11/bits/alloc_traits.h:848:7 @[ /usr/lib/gcc/aarch64-linux-gnu/11/../../../../include/c++/11/bits/stl_vector.h:680:2 ] ] ]. Skipping.
Found a loop without a preheader at /usr/lib/gcc/aarch64-linux-gnu/11/../../../../include/c++/11/bits/charconv.h:56:7 @[ /usr/lib/gcc/aarch64-linux-gnu/11/../../../../include/c++/11/bits/basic_string.h:6683:24 ]. Skipping.
Found a loop without a preheader at /usr/lib/gcc/aarch64-linux-gnu/11/../../../../include/c++/11/bits/stl_deque.h:678:7 @[ /usr/lib/gcc/aarch64-linux-gnu/11/../../../../include/c++/11/bits/stl_deque.h:601:4 @[ /usr/lib/gcc/aarch64-linux-gnu/11/../../../../include/c++/11/bits/stl_deque.h:1007:65 @[ /usr/lib/gcc/aarch64-linux-gnu/11/../../../../include/c++/11/bits/stl_queue.h:96:11 @[ src/core/autoware_core/localization/autoware_ekf_localizer/include/autoware/ekf_localizer/aged_object_queue.hpp:60:5 ] ] ] ]. Skipping.
Found a loop without a preheader at /usr/lib/gcc/aarch64-linux-gnu/11/../../../../include/c++/11/bits/stl_deque.h:678:7 @[ /usr/lib/gcc/aarch64-linux-gnu/11/../../../../include/c++/11/bits/stl_deque.h:2067:2 @[ /usr/lib/gcc/aarch64-linux-gnu/11/../../../../include/c++/11/bits/stl_deque.h:1794:9 @[ /usr/lib/gcc/aarch64-linux-gnu/11/../../../../include/c++/11/bits/stl_deque.h:2152:6 @[ /usr/lib/gcc/aarch64-linux-gnu/11/../../../../include/c++/11/bits/stl_deque.h:1034:2 @[ /usr/lib/gcc/aarch64-linux-gnu/11/../../../../include/c++/11/bits/stl_queue.h:96:11 @[ src/core/autoware_core/localization/autoware_ekf_localizer/include/autoware/ekf_localizer/aged_object_queue.hpp:60:11 ] ] ] ] ] ]. Skipping.
Found a loop without a preheader at /usr/lib/gcc/aarch64-linux-gnu/11/../../../../include/c++/11/bits/stl_deque.h:678:7 @[ /usr/lib/gcc/aarch64-linux-gnu/11/../../../../include/c++/11/bits/stl_deque.h:601:4 @[ /usr/lib/gcc/aarch64-linux-gnu/11/../../../../include/c++/11/bits/stl_deque.h:1007:65 @[ /usr/lib/gcc/aarch64-linux-gnu/11/../../../../include/c++/11/bits/stl_queue.h:96:11 @[ src/core/autoware_core/localization/autoware_ekf_localizer/include/autoware/ekf_localizer/aged_object_queue.hpp:60:5 ] ] ] ]. Skipping.
Found a loop without a preheader at /usr/lib/gcc/aarch64-linux-gnu/11/../../../../include/c++/11/bits/stl_deque.h:678:7 @[ /usr/lib/gcc/aarch64-linux-gnu/11/../../../../include/c++/11/bits/stl_deque.h:2067:2 @[ /usr/lib/gcc/aarch64-linux-gnu/11/../../../../include/c++/11/bits/stl_deque.h:1794:9 @[ /usr/lib/gcc/aarch64-linux-gnu/11/../../../../include/c++/11/bits/stl_deque.h:2152:6 @[ /usr/lib/gcc/aarch64-linux-gnu/11/../../../../include/c++/11/bits/stl_deque.h:1034:2 @[ /usr/lib/gcc/aarch64-linux-gnu/11/../../../../include/c++/11/bits/stl_queue.h:96:11 @[ src/core/autoware_core/localization/autoware_ekf_localizer/include/autoware/ekf_localizer/aged_object_queue.hpp:60:11 ] ] ] ] ] ]. Skipping.
Found a loop without a preheader at /usr/lib/gcc/aarch64-linux-gnu/11/../../../../include/c++/11/bits/stl_deque.h:678:7 @[ /usr/lib/gcc/aarch64-linux-gnu/11/../../../../include/c++/11/bits/stl_deque.h:601:4 @[ /usr/lib/gcc/aarch64-linux-gnu/11/../../../../include/c++/11/bits/stl_deque.h:1007:65 @[ /usr/lib/gcc/aarch64-linux-gnu/11/../../../../include/c++/11/bits/stl_queue.h:96:11 @[ src/core/autoware_core/localization/autoware_ekf_localizer/include/autoware/ekf_localizer/aged_object_queue.hpp:25:7 @[ src/core/autoware_core/localization/autoware_ekf_localizer/include/autoware/ekf_localizer/ekf_localizer.hpp:55:7 ] ] ] ] ]. Skipping.
Found a loop without a preheader at /usr/lib/gcc/aarch64-linux-gnu/11/../../../../include/c++/11/bits/stl_deque.h:678:7 @[ /usr/lib/gcc/aarch64-linux-gnu/11/../../../../include/c++/11/bits/stl_deque.h:601:4 @[ /usr/lib/gcc/aarch64-linux-gnu/11/../../../../include/c++/11/bits/stl_deque.h:1007:65 @[ /usr/lib/gcc/aarch64-linux-gnu/11/../../../../include/c++/11/bits/stl_queue.h:96:11 @[ src/core/autoware_core/localization/autoware_ekf_localizer/include/autoware/ekf_localizer/aged_object_queue.hpp:25:7 @[ src/core/autoware_core/localization/autoware_ekf_localizer/include/autoware/ekf_localizer/ekf_localizer.hpp:55:7 ] ] ] ] ]. Skipping.
Found a loop without a preheader at /usr/lib/gcc/aarch64-linux-gnu/11/../../../../include/c++/11/bits/hashtable_policy.h:1912:7 @[ /usr/lib/gcc/aarch64-linux-gnu/11/../../../../include/c++/11/bits/hashtable.h:2320:13 @[ /usr/lib/gcc/aarch64-linux-gnu/11/../../../../include/c++/11/bits/hashtable.h:1532:7 @[ /usr/lib/gcc/aarch64-linux-gnu/11/../../../../include/c++/11/bits/unordered_map.h:102:11 @[ install/autoware_utils_system/include/autoware_utils_system/stop_watch.hpp:27:7 @[ src/core/autoware_core/localization/autoware_ekf_localizer/include/autoware/ekf_localizer/ekf_localizer.hpp:55:7 ] ] ] ] ]. Skipping.
Found a loop without a preheader at /usr/lib/gcc/aarch64-linux-gnu/11/../../../../include/c++/11/bits/hashtable_policy.h:1912:7 @[ /usr/lib/gcc/aarch64-linux-gnu/11/../../../../include/c++/11/bits/hashtable.h:2320:13 @[ /usr/lib/gcc/aarch64-linux-gnu/11/../../../../include/c++/11/bits/hashtable.h:1532:7 @[ /usr/lib/gcc/aarch64-linux-gnu/11/../../../../include/c++/11/bits/unordered_map.h:102:11 @[ install/autoware_utils_system/include/autoware_utils_system/stop_watch.hpp:27:7 @[ src/core/autoware_core/localization/autoware_ekf_localizer/include/autoware/ekf_localizer/ekf_localizer.hpp:55:7 ] ] ] ] ]. Skipping.
Found a loop without a preheader at /usr/lib/gcc/aarch64-linux-gnu/11/../../../../include/c++/11/bits/stl_construct.h:162:4 @[ /usr/lib/gcc/aarch64-linux-gnu/11/../../../../include/c++/11/bits/stl_construct.h:195:7 @[ /usr/lib/gcc/aarch64-linux-gnu/11/../../../../include/c++/11/bits/alloc_traits.h:848:7 @[ /usr/lib/gcc/aarch64-linux-gnu/11/../../../../include/c++/11/bits/stl_vector.h:680:2 @[ /opt/ros/humble/include/rcl_interfaces/rcl_interfaces/msg/detail/parameter_value__struct.hpp:33:8 ] ] ] ]. Skipping.
Found a loop without a preheader at /usr/lib/gcc/aarch64-linux-gnu/11/../../../../include/c++/11/bits/stl_construct.h:162:4 @[ /usr/lib/gcc/aarch64-linux-gnu/11/../../../../include/c++/11/bits/stl_construct.h:195:7 ]. Skipping.
Found a loop without a preheader at /usr/lib/gcc/aarch64-linux-gnu/11/../../../../include/c++/11/bits/stl_construct.h:162:4 @[ /usr/lib/gcc/aarch64-linux-gnu/11/../../../../include/c++/11/bits/stl_construct.h:195:7 @[ /usr/lib/gcc/aarch64-linux-gnu/11/../../../../include/c++/11/bits/alloc_traits.h:848:7 @[ /usr/lib/gcc/aarch64-linux-gnu/11/../../../../include/c++/11/bits/stl_vector.h:680:2 @[ ros2_caret_ws/install/include/rclcpp/rclcpp/subscription_content_filter_options.hpp:25:8 @[ ros2_caret_ws/install/include/rclcpp/rclcpp/subscription_options.hpp:39:8 ] ] ] ] ]. Skipping.
Found a loop without a preheader at /usr/lib/gcc/aarch64-linux-gnu/11/../../../../include/c++/11/bits/hashtable_policy.h:1912:7 @[ /usr/lib/gcc/aarch64-linux-gnu/11/../../../../include/c++/11/bits/hashtable.h:2320:13 @[ /usr/lib/gcc/aarch64-linux-gnu/11/../../../../include/c++/11/bits/hashtable.h:1532:7 @[ /usr/lib/gcc/aarch64-linux-gnu/11/../../../../include/c++/11/bits/unordered_map.h:102:11 ] ] ]. Skipping.
Found a loop without a preheader at /usr/lib/gcc/aarch64-linux-gnu/11/../../../../include/c++/11/bits/stl_deque.h:678:7 @[ /usr/lib/gcc/aarch64-linux-gnu/11/../../../../include/c++/11/bits/stl_deque.h:601:4 @[ /usr/lib/gcc/aarch64-linux-gnu/11/../../../../include/c++/11/bits/stl_deque.h:1007:65 ] ]. Skipping.
Found a loop without a preheader at /usr/lib/gcc/aarch64-linux-gnu/11/../../../../include/c++/11/bits/stl_construct.h:162:4 @[ /usr/lib/gcc/aarch64-linux-gnu/11/../../../../include/c++/11/bits/stl_construct.h:195:7 @[ /usr/lib/gcc/aarch64-linux-gnu/11/../../../../include/c++/11/bits/alloc_traits.h:848:7 @[ /usr/lib/gcc/aarch64-linux-gnu/11/../../../../include/c++/11/bits/deque.tcc:875:3 ] ] ]. Skipping.
Found a loop without a preheader at /usr/lib/gcc/aarch64-linux-gnu/11/../../../../include/c++/11/bits/stl_construct.h:162:4 @[ /usr/lib/gcc/aarch64-linux-gnu/11/../../../../include/c++/11/bits/stl_construct.h:195:7 @[ /usr/lib/gcc/aarch64-linux-gnu/11/../../../../include/c++/11/bits/alloc_traits.h:848:7 @[ /usr/lib/gcc/aarch64-linux-gnu/11/../../../../include/c++/11/bits/deque.tcc:871:5 ] ] ]. Skipping.
Found a loop without a preheader at /usr/lib/gcc/aarch64-linux-gnu/11/../../../../include/c++/11/bits/stl_construct.h:162:4 @[ /usr/lib/gcc/aarch64-linux-gnu/11/../../../../include/c++/11/bits/stl_construct.h:195:7 @[ /usr/lib/gcc/aarch64-linux-gnu/11/../../../../include/c++/11/bits/alloc_traits.h:848:7 @[ /usr/lib/gcc/aarch64-linux-gnu/11/../../../../include/c++/11/bits/deque.tcc:869:5 ] ] ]. Skipping.
Found a loop without a preheader at /usr/lib/gcc/aarch64-linux-gnu/11/../../../../include/c++/11/bits/deque.tcc:862:8. Skipping.
Found a loop without a preheader at /usr/lib/gcc/aarch64-linux-gnu/11/../../../../include/c++/11/bits/stl_deque.h:678:7 @[ /usr/lib/gcc/aarch64-linux-gnu/11/../../../../include/c++/11/bits/stl_deque.h:601:4 @[ /usr/lib/gcc/aarch64-linux-gnu/11/../../../../include/c++/11/bits/stl_deque.h:1007:65 ] ]. Skipping.
Found a loop without a preheader at /usr/lib/gcc/aarch64-linux-gnu/11/../../../../include/c++/11/bits/stl_construct.h:162:4 @[ /usr/lib/gcc/aarch64-linux-gnu/11/../../../../include/c++/11/bits/stl_construct.h:195:7 @[ /usr/lib/gcc/aarch64-linux-gnu/11/../../../../include/c++/11/bits/alloc_traits.h:848:7 @[ /usr/lib/gcc/aarch64-linux-gnu/11/../../../../include/c++/11/bits/deque.tcc:875:3 ] ] ]. Skipping.
Found a loop without a preheader at /usr/lib/gcc/aarch64-linux-gnu/11/../../../../include/c++/11/bits/stl_construct.h:162:4 @[ /usr/lib/gcc/aarch64-linux-gnu/11/../../../../include/c++/11/bits/stl_construct.h:195:7 @[ /usr/lib/gcc/aarch64-linux-gnu/11/../../../../include/c++/11/bits/alloc_traits.h:848:7 @[ /usr/lib/gcc/aarch64-linux-gnu/11/../../../../include/c++/11/bits/deque.tcc:871:5 ] ] ]. Skipping.
Found a loop without a preheader at /usr/lib/gcc/aarch64-linux-gnu/11/../../../../include/c++/11/bits/stl_construct.h:162:4 @[ /usr/lib/gcc/aarch64-linux-gnu/11/../../../../include/c++/11/bits/stl_construct.h:195:7 @[ /usr/lib/gcc/aarch64-linux-gnu/11/../../../../include/c++/11/bits/alloc_traits.h:848:7 @[ /usr/lib/gcc/aarch64-linux-gnu/11/../../../../include/c++/11/bits/deque.tcc:869:5 ] ] ]. Skipping.
Found a loop without a preheader at /usr/lib/gcc/aarch64-linux-gnu/11/../../../../include/c++/11/bits/deque.tcc:862:8. Skipping.
Found a loop without a preheader at /usr/lib/gcc/aarch64-linux-gnu/11/../../../../include/c++/11/bits/stl_construct.h:162:4 @[ /usr/lib/gcc/aarch64-linux-gnu/11/../../../../include/c++/11/bits/stl_construct.h:195:7 @[ /usr/lib/gcc/aarch64-linux-gnu/11/../../../../include/c++/11/bits/alloc_traits.h:848:7 @[ /usr/lib/gcc/aarch64-linux-gnu/11/../../../../include/c++/11/bits/stl_vector.h:680:2 ] ] ]. Skipping.
Found a loop without a preheader at /usr/lib/gcc/aarch64-linux-gnu/11/../../../../include/c++/11/bits/stl_construct.h:162:4 @[ /usr/lib/gcc/aarch64-linux-gnu/11/../../../../include/c++/11/bits/stl_construct.h:195:7 ]. Skipping.
Found a loop without a preheader at /usr/lib/gcc/aarch64-linux-gnu/11/../../../../include/c++/11/bits/stl_deque.h:678:7 @[ /usr/lib/gcc/aarch64-linux-gnu/11/../../../../include/c++/11/bits/stl_deque.h:667:4 ]. Skipping.
Found a loop without a preheader at /usr/lib/gcc/aarch64-linux-gnu/11/../../../../include/c++/11/bits/stl_deque.h:662:4. Skipping.
Found a loop without a preheader at /usr/lib/gcc/aarch64-linux-gnu/11/../../../../include/c++/11/bits/stl_deque.h:678:7 @[ /usr/lib/gcc/aarch64-linux-gnu/11/../../../../include/c++/11/bits/stl_deque.h:667:4 ]. Skipping.
Found a loop without a preheader at /usr/lib/gcc/aarch64-linux-gnu/11/../../../../include/c++/11/bits/stl_deque.h:662:4. Skipping.
Found a loop without a preheader at /usr/lib/gcc/aarch64-linux-gnu/11/../../../../include/c++/11/bits/stl_deque.h:678:7 @[ /usr/lib/gcc/aarch64-linux-gnu/11/../../../../include/c++/11/bits/stl_deque.h:667:4 ]. Skipping.
Found a loop without a preheader at /usr/lib/gcc/aarch64-linux-gnu/11/../../../../include/c++/11/bits/stl_deque.h:662:4. Skipping.
Found a loop without an exit block at ros2_caret_ws/install/include/rclcpp/rclcpp/detail/qos_parameters.hpp:167:3. Skipping.
Found a loop without a preheader at /usr/lib/gcc/aarch64-linux-gnu/11/../../../../include/c++/11/bits/stl_uninitialized.h:91:8 @[ /usr/lib/gcc/aarch64-linux-gnu/11/../../../../include/c++/11/bits/stl_uninitialized.h:148:14 @[ /usr/lib/gcc/aarch64-linux-gnu/11/../../../../include/c++/11/bits/stl_uninitialized.h:333:14 @[ /usr/lib/gcc/aarch64-linux-gnu/11/../../../../include/c++/11/bits/stl_vector.h:558:4 @[ /opt/ros/humble/include/rosidl_runtime_cpp/rosidl_runtime_cpp/bounded_vector.hpp:121:5 @[ /opt/ros/humble/include/rcl_interfaces/rcl_interfaces/msg/detail/parameter_descriptor__struct.hpp:39:8 ] ] ] ] ]. Skipping.
Found a loop without a preheader at /usr/lib/gcc/aarch64-linux-gnu/11/../../../../include/c++/11/bits/stl_uninitialized.h:91:8 @[ /usr/lib/gcc/aarch64-linux-gnu/11/../../../../include/c++/11/bits/stl_uninitialized.h:148:14 @[ /usr/lib/gcc/aarch64-linux-gnu/11/../../../../include/c++/11/bits/stl_uninitialized.h:333:14 @[ /usr/lib/gcc/aarch64-linux-gnu/11/../../../../include/c++/11/bits/stl_vector.h:558:4 @[ /opt/ros/humble/include/rosidl_runtime_cpp/rosidl_runtime_cpp/bounded_vector.hpp:121:5 @[ /opt/ros/humble/include/rcl_interfaces/rcl_interfaces/msg/detail/parameter_descriptor__struct.hpp:39:8 ] ] ] ] ]. Skipping.
Found a loop without a preheader at /usr/lib/gcc/aarch64-linux-gnu/11/../../../../include/c++/11/bits/stl_uninitialized.h:91:8. Skipping.
Found a loop without an exit block at /usr/lib/gcc/aarch64-linux-gnu/11/../../../../include/c++/11/bits/shared_ptr_base.h:259:7 @[ /usr/lib/gcc/aarch64-linux-gnu/11/../../../../include/c++/11/bits/shared_ptr_base.h:872:39 @[ /usr/lib/gcc/aarch64-linux-gnu/11/../../../../include/c++/11/bits/shared_ptr_base.h:1178:4 @[ /usr/lib/gcc/aarch64-linux-gnu/11/../../../../include/c++/11/bits/shared_ptr.h:326:4 @[ /usr/lib/gcc/aarch64-linux-gnu/11/../../../../include/c++/11/bits/shared_ptr.h:808:16 @[ ros2_caret_ws/install/include/rclcpp/rclcpp/publisher.hpp:207:70 ] ] ] ] ]. Skipping.
Found a loop without a preheader at /usr/lib/gcc/aarch64-linux-gnu/11/../../../../include/c++/11/bits/hashtable.h:1837:7 @[ /usr/lib/gcc/aarch64-linux-gnu/11/../../../../include/c++/11/bits/hashtable.h:810:31 @[ /usr/lib/gcc/aarch64-linux-gnu/11/../../../../include/c++/11/bits/hashtable.h:1970:23 ] ]. Skipping.
Found a loop without a preheader at /usr/lib/gcc/aarch64-linux-gnu/11/../../../../include/c++/11/bits/hashtable.h:2386:7. Skipping.
Found a loop without a preheader at /usr/lib/gcc/aarch64-linux-gnu/11/../../../../include/c++/11/bits/hashtable.h:1837:7 @[ /usr/lib/gcc/aarch64-linux-gnu/11/../../../../include/c++/11/bits/hashtable.h:810:31 @[ /usr/lib/gcc/aarch64-linux-gnu/11/../../../../include/c++/11/bits/hashtable.h:1970:23 ] ]. Skipping.
Found a loop without a preheader at /usr/lib/gcc/aarch64-linux-gnu/11/../../../../include/c++/11/bits/hashtable.h:1837:7 @[ /usr/lib/gcc/aarch64-linux-gnu/11/../../../../include/c++/11/bits/hashtable.h:810:31 @[ /usr/lib/gcc/aarch64-linux-gnu/11/../../../../include/c++/11/bits/hashtable.h:1970:23 ] ]. Skipping.
Found a loop without a preheader at /usr/lib/gcc/aarch64-linux-gnu/11/../../../../include/c++/11/bits/hashtable.h:1837:7 @[ /usr/lib/gcc/aarch64-linux-gnu/11/../../../../include/c++/11/bits/hashtable.h:810:31 @[ /usr/lib/gcc/aarch64-linux-gnu/11/../../../../include/c++/11/bits/hashtable.h:1970:23 ] ]. Skipping.
Found a loop without an exit block at /usr/lib/gcc/aarch64-linux-gnu/11/../../../../include/c++/11/bits/hashtable.h:1837:7. Skipping.
Found a loop without a preheader at /usr/lib/gcc/aarch64-linux-gnu/11/../../../../include/c++/11/bits/hashtable.h:2386:7. Skipping.
Found a loop without an exit block at /usr/lib/gcc/aarch64-linux-gnu/11/../../../../include/c++/11/bits/shared_ptr_base.h:259:7 @[ /usr/lib/gcc/aarch64-linux-gnu/11/../../../../include/c++/11/bits/shared_ptr_base.h:872:39 @[ /usr/lib/gcc/aarch64-linux-gnu/11/../../../../include/c++/11/bits/shared_ptr_base.h:1178:4 @[ /usr/lib/gcc/aarch64-linux-gnu/11/../../../../include/c++/11/bits/shared_ptr.h:326:4 @[ /usr/lib/gcc/aarch64-linux-gnu/11/../../../../include/c++/11/bits/shared_ptr.h:808:16 @[ ros2_caret_ws/install/include/rclcpp/rclcpp/publisher.hpp:207:70 ] ] ] ] ]. Skipping.
Found a loop without a preheader at /usr/lib/gcc/aarch64-linux-gnu/11/../../../../include/c++/11/bits/hashtable.h:1837:7 @[ /usr/lib/gcc/aarch64-linux-gnu/11/../../../../include/c++/11/bits/hashtable.h:810:31 @[ /usr/lib/gcc/aarch64-linux-gnu/11/../../../../include/c++/11/bits/hashtable.h:1970:23 ] ]. Skipping.
Found a loop without an exit block at /usr/lib/gcc/aarch64-linux-gnu/11/../../../../include/c++/11/bits/shared_ptr_base.h:259:7 @[ /usr/lib/gcc/aarch64-linux-gnu/11/../../../../include/c++/11/bits/shared_ptr_base.h:872:39 @[ /usr/lib/gcc/aarch64-linux-gnu/11/../../../../include/c++/11/bits/shared_ptr_base.h:1178:4 @[ /usr/lib/gcc/aarch64-linux-gnu/11/../../../../include/c++/11/bits/shared_ptr.h:326:4 @[ /usr/lib/gcc/aarch64-linux-gnu/11/../../../../include/c++/11/bits/shared_ptr.h:808:16 @[ ros2_caret_ws/install/include/rclcpp/rclcpp/publisher.hpp:207:70 ] ] ] ] ]. Skipping.
Found a loop without a preheader at /usr/lib/gcc/aarch64-linux-gnu/11/../../../../include/c++/11/bits/hashtable.h:1837:7 @[ /usr/lib/gcc/aarch64-linux-gnu/11/../../../../include/c++/11/bits/hashtable.h:810:31 @[ /usr/lib/gcc/aarch64-linux-gnu/11/../../../../include/c++/11/bits/hashtable.h:1970:23 ] ]. Skipping.
Found a loop without an exit block at /usr/lib/gcc/aarch64-linux-gnu/11/../../../../include/c++/11/bits/shared_ptr_base.h:259:7 @[ /usr/lib/gcc/aarch64-linux-gnu/11/../../../../include/c++/11/bits/shared_ptr_base.h:872:39 @[ /usr/lib/gcc/aarch64-linux-gnu/11/../../../../include/c++/11/bits/shared_ptr_base.h:1178:4 @[ /usr/lib/gcc/aarch64-linux-gnu/11/../../../../include/c++/11/bits/shared_ptr.h:326:4 @[ /usr/lib/gcc/aarch64-linux-gnu/11/../../../../include/c++/11/bits/shared_ptr.h:808:16 @[ ros2_caret_ws/install/include/rclcpp/rclcpp/publisher.hpp:207:70 ] ] ] ] ]. Skipping.
Found a loop without a preheader at /usr/lib/gcc/aarch64-linux-gnu/11/../../../../include/c++/11/bits/hashtable.h:1837:7 @[ /usr/lib/gcc/aarch64-linux-gnu/11/../../../../include/c++/11/bits/hashtable.h:810:31 @[ /usr/lib/gcc/aarch64-linux-gnu/11/../../../../include/c++/11/bits/hashtable.h:1970:23 ] ]. Skipping.
Found a loop without an exit block at /usr/lib/gcc/aarch64-linux-gnu/11/../../../../include/c++/11/bits/shared_ptr_base.h:259:7 @[ /usr/lib/gcc/aarch64-linux-gnu/11/../../../../include/c++/11/bits/shared_ptr_base.h:872:39 @[ /usr/lib/gcc/aarch64-linux-gnu/11/../../../../include/c++/11/bits/shared_ptr_base.h:1178:4 @[ /usr/lib/gcc/aarch64-linux-gnu/11/../../../../include/c++/11/bits/shared_ptr.h:326:4 @[ /usr/lib/gcc/aarch64-linux-gnu/11/../../../../include/c++/11/bits/shared_ptr.h:808:16 @[ ros2_caret_ws/install/include/rclcpp/rclcpp/publisher.hpp:207:70 ] ] ] ] ]. Skipping.
Found a loop without a preheader at /usr/lib/gcc/aarch64-linux-gnu/11/../../../../include/c++/11/bits/hashtable.h:1837:7 @[ /usr/lib/gcc/aarch64-linux-gnu/11/../../../../include/c++/11/bits/hashtable.h:810:31 @[ /usr/lib/gcc/aarch64-linux-gnu/11/../../../../include/c++/11/bits/hashtable.h:1970:23 ] ]. Skipping.
Found a loop without an exit block at /usr/lib/gcc/aarch64-linux-gnu/11/../../../../include/c++/11/bits/shared_ptr_base.h:259:7 @[ /usr/lib/gcc/aarch64-linux-gnu/11/../../../../include/c++/11/bits/shared_ptr_base.h:872:39 @[ /usr/lib/gcc/aarch64-linux-gnu/11/../../../../include/c++/11/bits/shared_ptr_base.h:1178:4 @[ /usr/lib/gcc/aarch64-linux-gnu/11/../../../../include/c++/11/bits/shared_ptr.h:326:4 @[ /usr/lib/gcc/aarch64-linux-gnu/11/../../../../include/c++/11/bits/shared_ptr.h:808:16 @[ ros2_caret_ws/install/include/rclcpp/rclcpp/publisher.hpp:207:70 ] ] ] ] ]. Skipping.
Found a loop without a preheader at /usr/lib/gcc/aarch64-linux-gnu/11/../../../../include/c++/11/bits/hashtable.h:1837:7 @[ /usr/lib/gcc/aarch64-linux-gnu/11/../../../../include/c++/11/bits/hashtable.h:810:31 @[ /usr/lib/gcc/aarch64-linux-gnu/11/../../../../include/c++/11/bits/hashtable.h:1970:23 ] ]. Skipping.
Found a loop without an exit block at /usr/lib/gcc/aarch64-linux-gnu/11/../../../../include/c++/11/bits/shared_ptr_base.h:259:7 @[ /usr/lib/gcc/aarch64-linux-gnu/11/../../../../include/c++/11/bits/shared_ptr_base.h:872:39 @[ /usr/lib/gcc/aarch64-linux-gnu/11/../../../../include/c++/11/bits/shared_ptr_base.h:1178:4 @[ /usr/lib/gcc/aarch64-linux-gnu/11/../../../../include/c++/11/bits/shared_ptr.h:326:4 @[ /usr/lib/gcc/aarch64-linux-gnu/11/../../../../include/c++/11/bits/shared_ptr.h:808:16 @[ ros2_caret_ws/install/include/rclcpp/rclcpp/publisher.hpp:207:70 ] ] ] ] ]. Skipping.
Found a loop without a preheader at /usr/lib/gcc/aarch64-linux-gnu/11/../../../../include/c++/11/bits/hashtable.h:1837:7 @[ /usr/lib/gcc/aarch64-linux-gnu/11/../../../../include/c++/11/bits/hashtable.h:810:31 @[ /usr/lib/gcc/aarch64-linux-gnu/11/../../../../include/c++/11/bits/hashtable.h:1970:23 ] ]. Skipping.
Found a loop without an exit block at ros2_caret_ws/install/include/rclcpp/rclcpp/detail/qos_parameters.hpp:167:3. Skipping.
Found a loop without an exit block at /usr/lib/gcc/aarch64-linux-gnu/11/../../../../include/c++/11/bits/shared_ptr_base.h:259:7 @[ /usr/lib/gcc/aarch64-linux-gnu/11/../../../../include/c++/11/bits/shared_ptr_base.h:872:39 @[ /usr/lib/gcc/aarch64-linux-gnu/11/../../../../include/c++/11/bits/shared_ptr_base.h:1178:4 @[ /usr/lib/gcc/aarch64-linux-gnu/11/../../../../include/c++/11/bits/shared_ptr.h:326:4 @[ /usr/lib/gcc/aarch64-linux-gnu/11/../../../../include/c++/11/bits/shared_ptr.h:808:16 @[ ros2_caret_ws/install/include/rclcpp/rclcpp/publisher.hpp:207:70 ] ] ] ] ]. Skipping.
Found a loop without a preheader at /usr/lib/gcc/aarch64-linux-gnu/11/../../../../include/c++/11/bits/hashtable.h:1837:7 @[ /usr/lib/gcc/aarch64-linux-gnu/11/../../../../include/c++/11/bits/hashtable.h:810:31 @[ /usr/lib/gcc/aarch64-linux-gnu/11/../../../../include/c++/11/bits/hashtable.h:1970:23 ] ]. Skipping.
Found a loop without a preheader at /usr/lib/gcc/aarch64-linux-gnu/11/../../../../include/c++/11/bits/stl_construct.h:162:4 @[ /usr/lib/gcc/aarch64-linux-gnu/11/../../../../include/c++/11/bits/stl_construct.h:195:7 @[ /usr/lib/gcc/aarch64-linux-gnu/11/../../../../include/c++/11/bits/alloc_traits.h:848:7 @[ /usr/lib/gcc/aarch64-linux-gnu/11/../../../../include/c++/11/bits/stl_vector.h:680:2 ] ] ]. Skipping.
Found a loop without a preheader at /usr/lib/gcc/aarch64-linux-gnu/11/../../../../include/c++/11/bits/stl_construct.h:162:4 @[ /usr/lib/gcc/aarch64-linux-gnu/11/../../../../include/c++/11/bits/stl_construct.h:195:7 @[ /usr/lib/gcc/aarch64-linux-gnu/11/../../../../include/c++/11/bits/alloc_traits.h:848:7 @[ /usr/lib/gcc/aarch64-linux-gnu/11/../../../../include/c++/11/bits/stl_vector.h:680:2 @[ ros2_caret_ws/install/include/rclcpp/rclcpp/topic_statistics/subscription_topic_statistics.hpp:98:3 ] ] ] ]. Skipping.
Found a loop without a preheader at ros2_caret_ws/install/include/rclcpp/rclcpp/topic_statistics/subscription_topic_statistics.hpp:112:5. Skipping.
Found a loop without an exit block at ros2_caret_ws/install/include/rclcpp/rclcpp/topic_statistics/subscription_topic_statistics.hpp:152:5. Skipping.
Found a loop without an exit block at ros2_caret_ws/install/include/rclcpp/rclcpp/topic_statistics/subscription_topic_statistics.hpp:137:7. Skipping.
Found a loop without a preheader at /usr/lib/gcc/aarch64-linux-gnu/11/../../../../include/c++/11/bits/stl_construct.h:162:4 @[ /usr/lib/gcc/aarch64-linux-gnu/11/../../../../include/c++/11/bits/stl_construct.h:195:7 @[ /usr/lib/gcc/aarch64-linux-gnu/11/../../../../include/c++/11/bits/alloc_traits.h:848:7 @[ /usr/lib/gcc/aarch64-linux-gnu/11/../../../../include/c++/11/bits/stl_vector.h:1796:6 @[ /usr/lib/gcc/aarch64-linux-gnu/11/../../../../include/c++/11/bits/stl_vector.h:1499:9 @[ ros2_caret_ws/install/include/rclcpp/rclcpp/topic_statistics/subscription_topic_statistics.hpp:208:41 ] ] ] ] ]. Skipping.
Found a loop without a preheader at ros2_caret_ws/install/include/rclcpp/rclcpp/topic_statistics/subscription_topic_statistics.hpp:204:7. Skipping.
Found a loop without a preheader at /usr/lib/gcc/aarch64-linux-gnu/11/../../../../include/c++/11/bits/stl_uninitialized.h:1031:7 @[ /usr/lib/gcc/aarch64-linux-gnu/11/../../../../include/c++/11/bits/stl_uninitialized.h:1046:14 @[ /usr/lib/gcc/aarch64-linux-gnu/11/../../../../include/c++/11/bits/stl_vector.h:456:9 @[ /usr/lib/gcc/aarch64-linux-gnu/11/../../../../include/c++/11/bits/stl_vector.h:469:9 @[ /usr/lib/gcc/aarch64-linux-gnu/11/../../../../include/c++/11/bits/vector.tcc:466:23 ] ] ] ]. Skipping.
Found a loop without a preheader at /usr/lib/gcc/aarch64-linux-gnu/11/../../../../include/c++/11/bits/stl_uninitialized.h:1031:7 @[ /usr/lib/gcc/aarch64-linux-gnu/11/../../../../include/c++/11/bits/stl_uninitialized.h:1046:14 @[ /usr/lib/gcc/aarch64-linux-gnu/11/../../../../include/c++/11/bits/stl_vector.h:456:9 @[ /usr/lib/gcc/aarch64-linux-gnu/11/../../../../include/c++/11/bits/stl_vector.h:469:9 @[ /usr/lib/gcc/aarch64-linux-gnu/11/../../../../include/c++/11/bits/vector.tcc:461:23 ] ] ] ]. Skipping.
Found a loop without a preheader at /usr/lib/gcc/aarch64-linux-gnu/11/../../../../include/c++/11/bits/stl_uninitialized.h:91:8 @[ /usr/lib/gcc/aarch64-linux-gnu/11/../../../../include/c++/11/bits/stl_uninitialized.h:148:14 @[ /usr/lib/gcc/aarch64-linux-gnu/11/../../../../include/c++/11/bits/stl_uninitialized.h:333:14 @[ /usr/lib/gcc/aarch64-linux-gnu/11/../../../../include/c++/11/bits/stl_vector.h:558:4 @[ /opt/ros/humble/include/statistics_msgs/statistics_msgs/msg/detail/metrics_message__struct.hpp:40:8 ] ] ] ]. Skipping.
Found a loop without a preheader at /usr/lib/gcc/aarch64-linux-gnu/11/../../../../include/c++/11/bits/stl_construct.h:162:4. Skipping.
Found a loop without an exit block at /usr/lib/gcc/aarch64-linux-gnu/11/../../../../include/c++/11/bits/shared_ptr_base.h:259:7 @[ /usr/lib/gcc/aarch64-linux-gnu/11/../../../../include/c++/11/bits/shared_ptr_base.h:883:28 @[ /usr/lib/gcc/aarch64-linux-gnu/11/../../../../include/c++/11/bits/shared_ptr_base.h:1353:9 @[ /usr/lib/gcc/aarch64-linux-gnu/11/../../../../include/c++/11/bits/shared_ptr.h:418:9 @[ /usr/lib/gcc/aarch64-linux-gnu/11/../../../../include/c++/11/bits/shared_ptr.h:750:16 @[ ros2_caret_ws/install/include/rclcpp/rclcpp/publisher.hpp:561:26 ] ] ] ] ]. Skipping.
Found a loop without an exit block at /usr/lib/gcc/aarch64-linux-gnu/11/../../../../include/c++/11/bits/shared_ptr_base.h:259:7 @[ /usr/lib/gcc/aarch64-linux-gnu/11/../../../../include/c++/11/bits/shared_ptr_base.h:883:28 @[ /usr/lib/gcc/aarch64-linux-gnu/11/../../../../include/c++/11/bits/shared_ptr_base.h:1353:9 @[ /usr/lib/gcc/aarch64-linux-gnu/11/../../../../include/c++/11/bits/shared_ptr.h:418:9 @[ /usr/lib/gcc/aarch64-linux-gnu/11/../../../../include/c++/11/bits/shared_ptr.h:750:16 @[ ros2_caret_ws/install/include/rclcpp/rclcpp/publisher.hpp:537:26 ] ] ] ] ]. Skipping.
Found a loop without a preheader at /usr/lib/gcc/aarch64-linux-gnu/11/../../../../include/c++/11/bits/hashtable.h:1837:7 @[ /usr/lib/gcc/aarch64-linux-gnu/11/../../../../include/c++/11/bits/hashtable.h:810:31 @[ /usr/lib/gcc/aarch64-linux-gnu/11/../../../../include/c++/11/bits/hashtable.h:1595:23 @[ /usr/lib/gcc/aarch64-linux-gnu/11/../../../../include/c++/11/bits/unordered_map.h:869:21 @[ ros2_caret_ws/install/include/rclcpp/rclcpp/experimental/intra_process_manager.hpp:260:38 ] ] ] ]. Skipping.
Found a loop without an exit block at /usr/lib/gcc/aarch64-linux-gnu/11/../../../../include/c++/11/shared_mutex:228:7 @[ /usr/lib/gcc/aarch64-linux-gnu/11/../../../../include/c++/11/shared_mutex:489:33 @[ /usr/lib/gcc/aarch64-linux-gnu/11/../../../../include/c++/11/shared_mutex:727:13 @[ ros2_caret_ws/install/include/rclcpp/rclcpp/experimental/intra_process_manager.hpp:258:47 ] ] ]. Skipping.
Found a loop without an exit block at ros2_caret_ws/install/include/rclcpp/rclcpp/experimental/intra_process_manager.hpp:363:5. Skipping.
Found a loop without an exit block at ros2_caret_ws/install/include/rclcpp/rclcpp/experimental/intra_process_manager.hpp:442:5. Skipping.
Found a loop without a preheader at /usr/lib/gcc/aarch64-linux-gnu/11/../../../../include/c++/11/bits/hashtable.h:1837:7 @[ /usr/lib/gcc/aarch64-linux-gnu/11/../../../../include/c++/11/bits/hashtable.h:810:31 @[ /usr/lib/gcc/aarch64-linux-gnu/11/../../../../include/c++/11/bits/hashtable.h:1595:23 @[ /usr/lib/gcc/aarch64-linux-gnu/11/../../../../include/c++/11/bits/unordered_map.h:869:21 @[ ros2_caret_ws/install/include/rclcpp/rclcpp/experimental/intra_process_manager.hpp:196:38 ] ] ] ]. Skipping.
Found a loop without an exit block at /usr/lib/gcc/aarch64-linux-gnu/11/../../../../include/c++/11/shared_mutex:228:7 @[ /usr/lib/gcc/aarch64-linux-gnu/11/../../../../include/c++/11/shared_mutex:489:33 @[ /usr/lib/gcc/aarch64-linux-gnu/11/../../../../include/c++/11/shared_mutex:727:13 @[ ros2_caret_ws/install/include/rclcpp/rclcpp/experimental/intra_process_manager.hpp:194:47 ] ] ]. Skipping.
Found a loop without an exit block at /usr/lib/gcc/aarch64-linux-gnu/11/../../../../include/c++/11/bits/shared_ptr_base.h:259:7 @[ /usr/lib/gcc/aarch64-linux-gnu/11/../../../../include/c++/11/bits/shared_ptr_base.h:883:28 @[ /usr/lib/gcc/aarch64-linux-gnu/11/../../../../include/c++/11/bits/shared_ptr_base.h:1353:9 @[ /usr/lib/gcc/aarch64-linux-gnu/11/../../../../include/c++/11/bits/shared_ptr.h:418:9 @[ /usr/lib/gcc/aarch64-linux-gnu/11/../../../../include/c++/11/bits/shared_ptr.h:750:16 @[ ros2_caret_ws/install/include/rclcpp/rclcpp/create_subscription.hpp:102:71 @[ ros2_caret_ws/install/include/rclcpp/rclcpp/timer.hpp:244:5 ] ] ] ] ] ]. Skipping.
Found a loop without a preheader at /usr/lib/gcc/aarch64-linux-gnu/11/../../../../include/c++/11/bits/hashtable.h:1837:7 @[ /usr/lib/gcc/aarch64-linux-gnu/11/../../../../include/c++/11/bits/hashtable.h:810:31 @[ /usr/lib/gcc/aarch64-linux-gnu/11/../../../../include/c++/11/bits/hashtable.h:1970:23 ] ]. Skipping.
Found a loop without a preheader at /usr/lib/gcc/aarch64-linux-gnu/11/../../../../include/c++/11/bits/hashtable.h:2386:7. Skipping.
Found a loop without a preheader at /usr/lib/gcc/aarch64-linux-gnu/11/../../../../include/c++/11/bits/hashtable.h:1837:7 @[ /usr/lib/gcc/aarch64-linux-gnu/11/../../../../include/c++/11/bits/hashtable.h:810:31 @[ /usr/lib/gcc/aarch64-linux-gnu/11/../../../../include/c++/11/bits/hashtable.h:1970:23 ] ]. Skipping.
Found a loop without a preheader at /usr/lib/gcc/aarch64-linux-gnu/11/../../../../include/c++/11/bits/hashtable.h:2386:7. Skipping.
Found a loop without a preheader at /usr/lib/gcc/aarch64-linux-gnu/11/../../../../include/c++/11/bits/hashtable.h:1837:7 @[ /usr/lib/gcc/aarch64-linux-gnu/11/../../../../include/c++/11/bits/hashtable.h:810:31 @[ /usr/lib/gcc/aarch64-linux-gnu/11/../../../../include/c++/11/bits/hashtable.h:1970:23 ] ]. Skipping.
Found a loop without a preheader at /usr/lib/gcc/aarch64-linux-gnu/11/../../../../include/c++/11/bits/hashtable.h:1837:7 @[ /usr/lib/gcc/aarch64-linux-gnu/11/../../../../include/c++/11/bits/hashtable.h:810:31 @[ /usr/lib/gcc/aarch64-linux-gnu/11/../../../../include/c++/11/bits/hashtable.h:1970:23 ] ]. Skipping.
Found a loop without a preheader at /usr/lib/gcc/aarch64-linux-gnu/11/../../../../include/c++/11/bits/hashtable.h:1837:7 @[ /usr/lib/gcc/aarch64-linux-gnu/11/../../../../include/c++/11/bits/hashtable.h:810:31 @[ /usr/lib/gcc/aarch64-linux-gnu/11/../../../../include/c++/11/bits/hashtable.h:1970:23 ] ]. Skipping.
Found a loop without a preheader at /usr/lib/gcc/aarch64-linux-gnu/11/../../../../include/c++/11/bits/hashtable.h:1837:7 @[ /usr/lib/gcc/aarch64-linux-gnu/11/../../../../include/c++/11/bits/hashtable.h:810:31 @[ /usr/lib/gcc/aarch64-linux-gnu/11/../../../../include/c++/11/bits/hashtable.h:1970:23 ] ]. Skipping.
Found a loop without a preheader at /usr/lib/gcc/aarch64-linux-gnu/11/../../../../include/c++/11/bits/hashtable.h:1837:7 @[ /usr/lib/gcc/aarch64-linux-gnu/11/../../../../include/c++/11/bits/hashtable.h:810:31 @[ /usr/lib/gcc/aarch64-linux-gnu/11/../../../../include/c++/11/bits/hashtable.h:1970:23 ] ]. Skipping.
Found a loop without a preheader at /usr/lib/gcc/aarch64-linux-gnu/11/../../../../include/c++/11/bits/hashtable.h:1837:7 @[ /usr/lib/gcc/aarch64-linux-gnu/11/../../../../include/c++/11/bits/hashtable.h:810:31 @[ /usr/lib/gcc/aarch64-linux-gnu/11/../../../../include/c++/11/bits/hashtable.h:1970:23 ] ]. Skipping.
Found a loop without a preheader at /usr/lib/gcc/aarch64-linux-gnu/11/../../../../include/c++/11/bits/hashtable.h:1837:7 @[ /usr/lib/gcc/aarch64-linux-gnu/11/../../../../include/c++/11/bits/hashtable.h:810:31 @[ /usr/lib/gcc/aarch64-linux-gnu/11/../../../../include/c++/11/bits/hashtable.h:1970:23 ] ]. Skipping.
Found a loop without a preheader at /usr/lib/gcc/aarch64-linux-gnu/11/../../../../include/c++/11/bits/hashtable.h:1837:7 @[ /usr/lib/gcc/aarch64-linux-gnu/11/../../../../include/c++/11/bits/hashtable.h:810:31 @[ /usr/lib/gcc/aarch64-linux-gnu/11/../../../../include/c++/11/bits/hashtable.h:1970:23 ] ]. Skipping.
Found a loop without a preheader at /usr/lib/gcc/aarch64-linux-gnu/11/../../../../include/c++/11/bits/stl_construct.h:162:4 @[ /usr/lib/gcc/aarch64-linux-gnu/11/../../../../include/c++/11/bits/stl_construct.h:195:7 @[ /usr/lib/gcc/aarch64-linux-gnu/11/../../../../include/c++/11/bits/alloc_traits.h:848:7 @[ /usr/lib/gcc/aarch64-linux-gnu/11/../../../../include/c++/11/bits/stl_vector.h:680:2 ] ] ]. Skipping.
Found a loop without a preheader at /usr/lib/gcc/aarch64-linux-gnu/11/../../../../include/c++/11/bits/stl_construct.h:162:4 @[ /usr/lib/gcc/aarch64-linux-gnu/11/../../../../include/c++/11/bits/stl_construct.h:195:7 @[ /usr/lib/gcc/aarch64-linux-gnu/11/../../../../include/c++/11/bits/alloc_traits.h:848:7 @[ /usr/lib/gcc/aarch64-linux-gnu/11/../../../../include/c++/11/bits/stl_vector.h:680:2 @[ ros2_caret_ws/install/include/rclcpp/rclcpp/experimental/buffers/ring_buffer_implementation.hpp:56:40 ] ] ] ]. Skipping.
Found a loop without a preheader at /usr/lib/gcc/aarch64-linux-gnu/11/../../../../include/c++/11/bits/stl_construct.h:162:4 @[ /usr/lib/gcc/aarch64-linux-gnu/11/../../../../include/c++/11/bits/stl_construct.h:195:7 @[ /usr/lib/gcc/aarch64-linux-gnu/11/../../../../include/c++/11/bits/alloc_traits.h:848:7 @[ /usr/lib/gcc/aarch64-linux-gnu/11/../../../../include/c++/11/bits/stl_vector.h:680:2 @[ ros2_caret_ws/install/include/rclcpp/rclcpp/experimental/buffers/ring_buffer_implementation.hpp:56:40 @[ ros2_caret_ws/install/include/rclcpp/rclcpp/experimental/buffers/ring_buffer_implementation.hpp:56:39 ] ] ] ] ]. Skipping.
Found a loop without a preheader at /usr/lib/gcc/aarch64-linux-gnu/11/../../../../include/c++/11/bits/stl_construct.h:162:4 @[ /usr/lib/gcc/aarch64-linux-gnu/11/../../../../include/c++/11/bits/stl_construct.h:195:7 @[ /usr/lib/gcc/aarch64-linux-gnu/11/../../../../include/c++/11/bits/alloc_traits.h:848:7 @[ /usr/lib/gcc/aarch64-linux-gnu/11/../../../../include/c++/11/bits/stl_vector.h:680:2 ] ] ]. Skipping.
Found a loop without a preheader at /usr/lib/gcc/aarch64-linux-gnu/11/../../../../include/c++/11/bits/stl_construct.h:162:4 @[ /usr/lib/gcc/aarch64-linux-gnu/11/../../../../include/c++/11/bits/stl_construct.h:195:7 @[ /usr/lib/gcc/aarch64-linux-gnu/11/../../../../include/c++/11/bits/alloc_traits.h:848:7 @[ /usr/lib/gcc/aarch64-linux-gnu/11/../../../../include/c++/11/bits/stl_vector.h:680:2 @[ ros2_caret_ws/install/include/rclcpp/rclcpp/experimental/buffers/ring_buffer_implementation.hpp:56:40 ] ] ] ]. Skipping.
Found a loop without a preheader at /usr/lib/gcc/aarch64-linux-gnu/11/../../../../include/c++/11/bits/stl_construct.h:162:4 @[ /usr/lib/gcc/aarch64-linux-gnu/11/../../../../include/c++/11/bits/stl_construct.h:195:7 @[ /usr/lib/gcc/aarch64-linux-gnu/11/../../../../include/c++/11/bits/alloc_traits.h:848:7 @[ /usr/lib/gcc/aarch64-linux-gnu/11/../../../../include/c++/11/bits/stl_vector.h:680:2 @[ ros2_caret_ws/install/include/rclcpp/rclcpp/experimental/buffers/ring_buffer_implementation.hpp:56:40 @[ ros2_caret_ws/install/include/rclcpp/rclcpp/experimental/buffers/ring_buffer_implementation.hpp:56:39 ] ] ] ] ]. Skipping.
Found a loop without a preheader at /usr/lib/gcc/aarch64-linux-gnu/11/../../../../include/c++/11/bits/stl_construct.h:162:4 @[ /usr/lib/gcc/aarch64-linux-gnu/11/../../../../include/c++/11/bits/stl_construct.h:195:7 @[ /usr/lib/gcc/aarch64-linux-gnu/11/../../../../include/c++/11/bits/alloc_traits.h:848:7 @[ /usr/lib/gcc/aarch64-linux-gnu/11/../../../../include/c++/11/bits/stl_vector.h:680:2 ] ] ]. Skipping.
Found a loop without a preheader at /usr/lib/gcc/aarch64-linux-gnu/11/../../../../include/c++/11/bits/stl_construct.h:162:4 @[ /usr/lib/gcc/aarch64-linux-gnu/11/../../../../include/c++/11/bits/stl_construct.h:195:7 @[ /usr/lib/gcc/aarch64-linux-gnu/11/../../../../include/c++/11/bits/alloc_traits.h:848:7 @[ /usr/lib/gcc/aarch64-linux-gnu/11/../../../../include/c++/11/bits/stl_vector.h:680:2 @[ ros2_caret_ws/install/include/rclcpp/rclcpp/topic_statistics/subscription_topic_statistics.hpp:98:3 ] ] ] ]. Skipping.
Found a loop without a preheader at ros2_caret_ws/install/include/rclcpp/rclcpp/topic_statistics/subscription_topic_statistics.hpp:112:5. Skipping.
Found a loop without an exit block at ros2_caret_ws/install/include/rclcpp/rclcpp/topic_statistics/subscription_topic_statistics.hpp:152:5. Skipping.
Found a loop without an exit block at ros2_caret_ws/install/include/rclcpp/rclcpp/topic_statistics/subscription_topic_statistics.hpp:137:7. Skipping.
Found a loop without a preheader at /usr/lib/gcc/aarch64-linux-gnu/11/../../../../include/c++/11/bits/stl_construct.h:162:4 @[ /usr/lib/gcc/aarch64-linux-gnu/11/../../../../include/c++/11/bits/stl_construct.h:195:7 @[ /usr/lib/gcc/aarch64-linux-gnu/11/../../../../include/c++/11/bits/alloc_traits.h:848:7 @[ /usr/lib/gcc/aarch64-linux-gnu/11/../../../../include/c++/11/bits/stl_vector.h:1796:6 @[ /usr/lib/gcc/aarch64-linux-gnu/11/../../../../include/c++/11/bits/stl_vector.h:1499:9 @[ ros2_caret_ws/install/include/rclcpp/rclcpp/topic_statistics/subscription_topic_statistics.hpp:208:41 ] ] ] ] ]. Skipping.
Found a loop without a preheader at ros2_caret_ws/install/include/rclcpp/rclcpp/topic_statistics/subscription_topic_statistics.hpp:204:7. Skipping.
Found a loop without an exit block at /usr/lib/gcc/aarch64-linux-gnu/11/../../../../include/c++/11/bits/shared_ptr_base.h:259:7 @[ /usr/lib/gcc/aarch64-linux-gnu/11/../../../../include/c++/11/bits/shared_ptr_base.h:883:28 @[ /usr/lib/gcc/aarch64-linux-gnu/11/../../../../include/c++/11/bits/shared_ptr_base.h:1353:9 @[ /usr/lib/gcc/aarch64-linux-gnu/11/../../../../include/c++/11/bits/shared_ptr.h:418:9 @[ /usr/lib/gcc/aarch64-linux-gnu/11/../../../../include/c++/11/bits/shared_ptr.h:750:16 @[ ros2_caret_ws/install/include/rclcpp/rclcpp/create_subscription.hpp:102:71 @[ ros2_caret_ws/install/include/rclcpp/rclcpp/timer.hpp:244:5 ] ] ] ] ] ]. Skipping.
Found a loop without a preheader at /usr/lib/gcc/aarch64-linux-gnu/11/../../../../include/c++/11/bits/hashtable.h:1837:7 @[ /usr/lib/gcc/aarch64-linux-gnu/11/../../../../include/c++/11/bits/hashtable.h:810:31 @[ /usr/lib/gcc/aarch64-linux-gnu/11/../../../../include/c++/11/bits/hashtable.h:1970:23 ] ]. Skipping.
Found a loop without a preheader at /usr/lib/gcc/aarch64-linux-gnu/11/../../../../include/c++/11/bits/hashtable.h:1837:7 @[ /usr/lib/gcc/aarch64-linux-gnu/11/../../../../include/c++/11/bits/hashtable.h:810:31 @[ /usr/lib/gcc/aarch64-linux-gnu/11/../../../../include/c++/11/bits/hashtable.h:1970:23 ] ]. Skipping.
Found a loop without a preheader at /usr/lib/gcc/aarch64-linux-gnu/11/../../../../include/c++/11/bits/stl_construct.h:162:4 @[ /usr/lib/gcc/aarch64-linux-gnu/11/../../../../include/c++/11/bits/stl_construct.h:195:7 @[ /usr/lib/gcc/aarch64-linux-gnu/11/../../../../include/c++/11/bits/alloc_traits.h:848:7 @[ /usr/lib/gcc/aarch64-linux-gnu/11/../../../../include/c++/11/bits/stl_vector.h:680:2 ] ] ]. Skipping.
Found a loop without a preheader at /usr/lib/gcc/aarch64-linux-gnu/11/../../../../include/c++/11/bits/stl_construct.h:162:4 @[ /usr/lib/gcc/aarch64-linux-gnu/11/../../../../include/c++/11/bits/stl_construct.h:195:7 @[ /usr/lib/gcc/aarch64-linux-gnu/11/../../../../include/c++/11/bits/alloc_traits.h:848:7 @[ /usr/lib/gcc/aarch64-linux-gnu/11/../../../../include/c++/11/bits/stl_vector.h:680:2 @[ ros2_caret_ws/install/include/rclcpp/rclcpp/experimental/buffers/ring_buffer_implementation.hpp:56:40 ] ] ] ]. Skipping.
Found a loop without a preheader at /usr/lib/gcc/aarch64-linux-gnu/11/../../../../include/c++/11/bits/stl_construct.h:162:4 @[ /usr/lib/gcc/aarch64-linux-gnu/11/../../../../include/c++/11/bits/stl_construct.h:195:7 @[ /usr/lib/gcc/aarch64-linux-gnu/11/../../../../include/c++/11/bits/alloc_traits.h:848:7 @[ /usr/lib/gcc/aarch64-linux-gnu/11/../../../../include/c++/11/bits/stl_vector.h:680:2 @[ ros2_caret_ws/install/include/rclcpp/rclcpp/experimental/buffers/ring_buffer_implementation.hpp:56:40 @[ ros2_caret_ws/install/include/rclcpp/rclcpp/experimental/buffers/ring_buffer_implementation.hpp:56:39 ] ] ] ] ]. Skipping.
Found a loop without a preheader at /usr/lib/gcc/aarch64-linux-gnu/11/../../../../include/c++/11/bits/stl_construct.h:162:4 @[ /usr/lib/gcc/aarch64-linux-gnu/11/../../../../include/c++/11/bits/stl_construct.h:195:7 @[ /usr/lib/gcc/aarch64-linux-gnu/11/../../../../include/c++/11/bits/alloc_traits.h:848:7 @[ /usr/lib/gcc/aarch64-linux-gnu/11/../../../../include/c++/11/bits/stl_vector.h:680:2 ] ] ]. Skipping.
Found a loop without a preheader at /usr/lib/gcc/aarch64-linux-gnu/11/../../../../include/c++/11/bits/stl_construct.h:162:4 @[ /usr/lib/gcc/aarch64-linux-gnu/11/../../../../include/c++/11/bits/stl_construct.h:195:7 @[ /usr/lib/gcc/aarch64-linux-gnu/11/../../../../include/c++/11/bits/alloc_traits.h:848:7 @[ /usr/lib/gcc/aarch64-linux-gnu/11/../../../../include/c++/11/bits/stl_vector.h:680:2 @[ ros2_caret_ws/install/include/rclcpp/rclcpp/experimental/buffers/ring_buffer_implementation.hpp:56:40 ] ] ] ]. Skipping.
Found a loop without a preheader at /usr/lib/gcc/aarch64-linux-gnu/11/../../../../include/c++/11/bits/stl_construct.h:162:4 @[ /usr/lib/gcc/aarch64-linux-gnu/11/../../../../include/c++/11/bits/stl_construct.h:195:7 @[ /usr/lib/gcc/aarch64-linux-gnu/11/../../../../include/c++/11/bits/alloc_traits.h:848:7 @[ /usr/lib/gcc/aarch64-linux-gnu/11/../../../../include/c++/11/bits/stl_vector.h:680:2 @[ ros2_caret_ws/install/include/rclcpp/rclcpp/experimental/buffers/ring_buffer_implementation.hpp:56:40 @[ ros2_caret_ws/install/include/rclcpp/rclcpp/experimental/buffers/ring_buffer_implementation.hpp:56:39 ] ] ] ] ]. Skipping.
Found a loop without an exit block at /usr/lib/gcc/aarch64-linux-gnu/11/../../../../include/c++/11/bits/shared_ptr_base.h:259:7 @[ /usr/lib/gcc/aarch64-linux-gnu/11/../../../../include/c++/11/bits/shared_ptr_base.h:872:39 @[ /usr/lib/gcc/aarch64-linux-gnu/11/../../../../include/c++/11/bits/shared_ptr_base.h:1178:4 @[ /usr/lib/gcc/aarch64-linux-gnu/11/../../../../include/c++/11/bits/shared_ptr.h:326:4 @[ /usr/lib/gcc/aarch64-linux-gnu/11/../../../../include/c++/11/bits/shared_ptr.h:808:16 @[ ros2_caret_ws/install/include/rclcpp/rclcpp/service.hpp:473:50 ] ] ] ] ]. Skipping.
Found a loop without an exit block at ros2_caret_ws/install/include/rclcpp/rclcpp/detail/qos_parameters.hpp:167:3. Skipping.
Found a loop without an exit block at /usr/lib/gcc/aarch64-linux-gnu/11/../../../../include/c++/11/bits/shared_ptr_base.h:259:7 @[ /usr/lib/gcc/aarch64-linux-gnu/11/../../../../include/c++/11/bits/shared_ptr_base.h:872:39 @[ /usr/lib/gcc/aarch64-linux-gnu/11/../../../../include/c++/11/bits/shared_ptr_base.h:1178:4 @[ /usr/lib/gcc/aarch64-linux-gnu/11/../../../../include/c++/11/bits/shared_ptr.h:326:4 @[ /usr/lib/gcc/aarch64-linux-gnu/11/../../../../include/c++/11/bits/shared_ptr.h:808:16 @[ ros2_caret_ws/install/include/rclcpp/rclcpp/publisher.hpp:207:70 ] ] ] ] ]. Skipping.
Found a loop without a preheader at /usr/lib/gcc/aarch64-linux-gnu/11/../../../../include/c++/11/bits/hashtable.h:1837:7 @[ /usr/lib/gcc/aarch64-linux-gnu/11/../../../../include/c++/11/bits/hashtable.h:810:31 @[ /usr/lib/gcc/aarch64-linux-gnu/11/../../../../include/c++/11/bits/hashtable.h:1970:23 ] ]. Skipping.
Found a loop without an exit block at /usr/lib/gcc/aarch64-linux-gnu/11/../../../../include/c++/11/bits/hashtable.h:1837:7 @[ /usr/lib/gcc/aarch64-linux-gnu/11/../../../../include/c++/11/bits/hashtable.h:810:31 @[ /usr/lib/gcc/aarch64-linux-gnu/11/../../../../include/c++/11/bits/hashtable_policy.h:704:30 ] ]. Skipping.
Found a loop without a preheader at /usr/lib/gcc/aarch64-linux-gnu/11/../../../../include/c++/11/bits/hashtable.h:2386:7. Skipping.
Found a loop without an exit block at /usr/lib/gcc/aarch64-linux-gnu/11/../../../../include/c++/11/bits/hashtable.h:1837:7 @[ /usr/lib/gcc/aarch64-linux-gnu/11/../../../../include/c++/11/bits/hashtable.h:810:31 @[ /usr/lib/gcc/aarch64-linux-gnu/11/../../../../include/c++/11/bits/hashtable.h:1595:23 @[ /usr/lib/gcc/aarch64-linux-gnu/11/../../../../include/c++/11/bits/hashtable_policy.h:756:25 @[ /usr/lib/gcc/aarch64-linux-gnu/11/../../../../include/c++/11/bits/unordered_map.h:997:21 @[ install/autoware_utils_system/include/autoware_utils_system/stop_watch.hpp:38:35 @[ install/autoware_utils_system/include/autoware_utils_system/stop_watch.hpp:51:68 ] ] ] ] ] ]. Skipping.
Found a loop without an exit block at /usr/lib/gcc/aarch64-linux-gnu/11/../../../../include/c++/11/bits/shared_ptr_base.h:259:7 @[ /usr/lib/gcc/aarch64-linux-gnu/11/../../../../include/c++/11/bits/shared_ptr_base.h:883:28 @[ /usr/lib/gcc/aarch64-linux-gnu/11/../../../../include/c++/11/bits/shared_ptr_base.h:1353:9 @[ /usr/lib/gcc/aarch64-linux-gnu/11/../../../../include/c++/11/bits/shared_ptr.h:418:9 @[ /usr/lib/gcc/aarch64-linux-gnu/11/../../../../include/c++/11/bits/shared_ptr.h:750:16 @[ ros2_caret_ws/install/include/rclcpp/rclcpp/publisher.hpp:561:26 ] ] ] ] ]. Skipping.
Found a loop without an exit block at /usr/lib/gcc/aarch64-linux-gnu/11/../../../../include/c++/11/bits/shared_ptr_base.h:259:7 @[ /usr/lib/gcc/aarch64-linux-gnu/11/../../../../include/c++/11/bits/shared_ptr_base.h:883:28 @[ /usr/lib/gcc/aarch64-linux-gnu/11/../../../../include/c++/11/bits/shared_ptr_base.h:1353:9 @[ /usr/lib/gcc/aarch64-linux-gnu/11/../../../../include/c++/11/bits/shared_ptr.h:418:9 @[ /usr/lib/gcc/aarch64-linux-gnu/11/../../../../include/c++/11/bits/shared_ptr.h:750:16 @[ ros2_caret_ws/install/include/rclcpp/rclcpp/publisher.hpp:537:26 ] ] ] ] ]. Skipping.
Found a loop without a preheader at /usr/lib/gcc/aarch64-linux-gnu/11/../../../../include/c++/11/bits/hashtable.h:1837:7 @[ /usr/lib/gcc/aarch64-linux-gnu/11/../../../../include/c++/11/bits/hashtable.h:810:31 @[ /usr/lib/gcc/aarch64-linux-gnu/11/../../../../include/c++/11/bits/hashtable.h:1595:23 @[ /usr/lib/gcc/aarch64-linux-gnu/11/../../../../include/c++/11/bits/unordered_map.h:869:21 @[ ros2_caret_ws/install/include/rclcpp/rclcpp/experimental/intra_process_manager.hpp:260:38 ] ] ] ]. Skipping.
Found a loop without an exit block at /usr/lib/gcc/aarch64-linux-gnu/11/../../../../include/c++/11/shared_mutex:228:7 @[ /usr/lib/gcc/aarch64-linux-gnu/11/../../../../include/c++/11/shared_mutex:489:33 @[ /usr/lib/gcc/aarch64-linux-gnu/11/../../../../include/c++/11/shared_mutex:727:13 @[ ros2_caret_ws/install/include/rclcpp/rclcpp/experimental/intra_process_manager.hpp:258:47 ] ] ]. Skipping.
Found a loop without an exit block at ros2_caret_ws/install/include/rclcpp/rclcpp/experimental/intra_process_manager.hpp:363:5. Skipping.
Found a loop without an exit block at ros2_caret_ws/install/include/rclcpp/rclcpp/experimental/intra_process_manager.hpp:442:5. Skipping.
Found a loop without a preheader at /usr/lib/gcc/aarch64-linux-gnu/11/../../../../include/c++/11/bits/hashtable.h:1837:7 @[ /usr/lib/gcc/aarch64-linux-gnu/11/../../../../include/c++/11/bits/hashtable.h:810:31 @[ /usr/lib/gcc/aarch64-linux-gnu/11/../../../../include/c++/11/bits/hashtable.h:1595:23 @[ /usr/lib/gcc/aarch64-linux-gnu/11/../../../../include/c++/11/bits/unordered_map.h:869:21 @[ ros2_caret_ws/install/include/rclcpp/rclcpp/experimental/intra_process_manager.hpp:196:38 ] ] ] ]. Skipping.
Found a loop without an exit block at /usr/lib/gcc/aarch64-linux-gnu/11/../../../../include/c++/11/shared_mutex:228:7 @[ /usr/lib/gcc/aarch64-linux-gnu/11/../../../../include/c++/11/shared_mutex:489:33 @[ /usr/lib/gcc/aarch64-linux-gnu/11/../../../../include/c++/11/shared_mutex:727:13 @[ ros2_caret_ws/install/include/rclcpp/rclcpp/experimental/intra_process_manager.hpp:194:47 ] ] ]. Skipping.
Found a loop without an exit block at /usr/lib/gcc/aarch64-linux-gnu/11/../../../../include/c++/11/bits/shared_ptr_base.h:259:7 @[ /usr/lib/gcc/aarch64-linux-gnu/11/../../../../include/c++/11/bits/shared_ptr_base.h:883:28 @[ /usr/lib/gcc/aarch64-linux-gnu/11/../../../../include/c++/11/bits/shared_ptr_base.h:1353:9 @[ /usr/lib/gcc/aarch64-linux-gnu/11/../../../../include/c++/11/bits/shared_ptr.h:418:9 @[ /usr/lib/gcc/aarch64-linux-gnu/11/../../../../include/c++/11/bits/shared_ptr.h:750:16 @[ ros2_caret_ws/install/include/rclcpp/rclcpp/publisher.hpp:561:26 ] ] ] ] ]. Skipping.
Found a loop without an exit block at /usr/lib/gcc/aarch64-linux-gnu/11/../../../../include/c++/11/bits/shared_ptr_base.h:259:7 @[ /usr/lib/gcc/aarch64-linux-gnu/11/../../../../include/c++/11/bits/shared_ptr_base.h:883:28 @[ /usr/lib/gcc/aarch64-linux-gnu/11/../../../../include/c++/11/bits/shared_ptr_base.h:1353:9 @[ /usr/lib/gcc/aarch64-linux-gnu/11/../../../../include/c++/11/bits/shared_ptr.h:418:9 @[ /usr/lib/gcc/aarch64-linux-gnu/11/../../../../include/c++/11/bits/shared_ptr.h:750:16 @[ ros2_caret_ws/install/include/rclcpp/rclcpp/publisher.hpp:537:26 ] ] ] ] ]. Skipping.
Found a loop without a preheader at /usr/lib/gcc/aarch64-linux-gnu/11/../../../../include/c++/11/bits/hashtable.h:1837:7 @[ /usr/lib/gcc/aarch64-linux-gnu/11/../../../../include/c++/11/bits/hashtable.h:810:31 @[ /usr/lib/gcc/aarch64-linux-gnu/11/../../../../include/c++/11/bits/hashtable.h:1595:23 @[ /usr/lib/gcc/aarch64-linux-gnu/11/../../../../include/c++/11/bits/unordered_map.h:869:21 @[ ros2_caret_ws/install/include/rclcpp/rclcpp/experimental/intra_process_manager.hpp:260:38 ] ] ] ]. Skipping.
Found a loop without an exit block at /usr/lib/gcc/aarch64-linux-gnu/11/../../../../include/c++/11/shared_mutex:228:7 @[ /usr/lib/gcc/aarch64-linux-gnu/11/../../../../include/c++/11/shared_mutex:489:33 @[ /usr/lib/gcc/aarch64-linux-gnu/11/../../../../include/c++/11/shared_mutex:727:13 @[ ros2_caret_ws/install/include/rclcpp/rclcpp/experimental/intra_process_manager.hpp:258:47 ] ] ]. Skipping.
Found a loop without an exit block at ros2_caret_ws/install/include/rclcpp/rclcpp/experimental/intra_process_manager.hpp:363:5. Skipping.
Found a loop without an exit block at ros2_caret_ws/install/include/rclcpp/rclcpp/experimental/intra_process_manager.hpp:442:5. Skipping.
Found a loop without a preheader at /usr/lib/gcc/aarch64-linux-gnu/11/../../../../include/c++/11/bits/hashtable.h:1837:7 @[ /usr/lib/gcc/aarch64-linux-gnu/11/../../../../include/c++/11/bits/hashtable.h:810:31 @[ /usr/lib/gcc/aarch64-linux-gnu/11/../../../../include/c++/11/bits/hashtable.h:1595:23 @[ /usr/lib/gcc/aarch64-linux-gnu/11/../../../../include/c++/11/bits/unordered_map.h:869:21 @[ ros2_caret_ws/install/include/rclcpp/rclcpp/experimental/intra_process_manager.hpp:196:38 ] ] ] ]. Skipping.
Found a loop without an exit block at /usr/lib/gcc/aarch64-linux-gnu/11/../../../../include/c++/11/shared_mutex:228:7 @[ /usr/lib/gcc/aarch64-linux-gnu/11/../../../../include/c++/11/shared_mutex:489:33 @[ /usr/lib/gcc/aarch64-linux-gnu/11/../../../../include/c++/11/shared_mutex:727:13 @[ ros2_caret_ws/install/include/rclcpp/rclcpp/experimental/intra_process_manager.hpp:194:47 ] ] ]. Skipping.
Found a loop without an exit block at /usr/lib/gcc/aarch64-linux-gnu/11/../../../../include/c++/11/bits/shared_ptr_base.h:259:7 @[ /usr/lib/gcc/aarch64-linux-gnu/11/../../../../include/c++/11/bits/shared_ptr_base.h:883:28 @[ /usr/lib/gcc/aarch64-linux-gnu/11/../../../../include/c++/11/bits/shared_ptr_base.h:1353:9 @[ /usr/lib/gcc/aarch64-linux-gnu/11/../../../../include/c++/11/bits/shared_ptr.h:418:9 @[ /usr/lib/gcc/aarch64-linux-gnu/11/../../../../include/c++/11/bits/shared_ptr.h:750:16 @[ ros2_caret_ws/install/include/rclcpp/rclcpp/publisher.hpp:561:26 ] ] ] ] ]. Skipping.
Found a loop without an exit block at /usr/lib/gcc/aarch64-linux-gnu/11/../../../../include/c++/11/bits/shared_ptr_base.h:259:7 @[ /usr/lib/gcc/aarch64-linux-gnu/11/../../../../include/c++/11/bits/shared_ptr_base.h:883:28 @[ /usr/lib/gcc/aarch64-linux-gnu/11/../../../../include/c++/11/bits/shared_ptr_base.h:1353:9 @[ /usr/lib/gcc/aarch64-linux-gnu/11/../../../../include/c++/11/bits/shared_ptr.h:418:9 @[ /usr/lib/gcc/aarch64-linux-gnu/11/../../../../include/c++/11/bits/shared_ptr.h:750:16 @[ ros2_caret_ws/install/include/rclcpp/rclcpp/publisher.hpp:537:26 ] ] ] ] ]. Skipping.
Found a loop without a preheader at /usr/lib/gcc/aarch64-linux-gnu/11/../../../../include/c++/11/bits/hashtable.h:1837:7 @[ /usr/lib/gcc/aarch64-linux-gnu/11/../../../../include/c++/11/bits/hashtable.h:810:31 @[ /usr/lib/gcc/aarch64-linux-gnu/11/../../../../include/c++/11/bits/hashtable.h:1595:23 @[ /usr/lib/gcc/aarch64-linux-gnu/11/../../../../include/c++/11/bits/unordered_map.h:869:21 @[ ros2_caret_ws/install/include/rclcpp/rclcpp/experimental/intra_process_manager.hpp:260:38 ] ] ] ]. Skipping.
Found a loop without an exit block at /usr/lib/gcc/aarch64-linux-gnu/11/../../../../include/c++/11/shared_mutex:228:7 @[ /usr/lib/gcc/aarch64-linux-gnu/11/../../../../include/c++/11/shared_mutex:489:33 @[ /usr/lib/gcc/aarch64-linux-gnu/11/../../../../include/c++/11/shared_mutex:727:13 @[ ros2_caret_ws/install/include/rclcpp/rclcpp/experimental/intra_process_manager.hpp:258:47 ] ] ]. Skipping.
Found a loop without an exit block at ros2_caret_ws/install/include/rclcpp/rclcpp/experimental/intra_process_manager.hpp:363:5. Skipping.
Found a loop without an exit block at ros2_caret_ws/install/include/rclcpp/rclcpp/experimental/intra_process_manager.hpp:442:5. Skipping.
Found a loop without a preheader at /usr/lib/gcc/aarch64-linux-gnu/11/../../../../include/c++/11/bits/hashtable.h:1837:7 @[ /usr/lib/gcc/aarch64-linux-gnu/11/../../../../include/c++/11/bits/hashtable.h:810:31 @[ /usr/lib/gcc/aarch64-linux-gnu/11/../../../../include/c++/11/bits/hashtable.h:1595:23 @[ /usr/lib/gcc/aarch64-linux-gnu/11/../../../../include/c++/11/bits/unordered_map.h:869:21 @[ ros2_caret_ws/install/include/rclcpp/rclcpp/experimental/intra_process_manager.hpp:196:38 ] ] ] ]. Skipping.
Found a loop without an exit block at /usr/lib/gcc/aarch64-linux-gnu/11/../../../../include/c++/11/shared_mutex:228:7 @[ /usr/lib/gcc/aarch64-linux-gnu/11/../../../../include/c++/11/shared_mutex:489:33 @[ /usr/lib/gcc/aarch64-linux-gnu/11/../../../../include/c++/11/shared_mutex:727:13 @[ ros2_caret_ws/install/include/rclcpp/rclcpp/experimental/intra_process_manager.hpp:194:47 ] ] ]. Skipping.
Found a loop without an exit block at /usr/lib/gcc/aarch64-linux-gnu/11/../../../../include/c++/11/bits/shared_ptr_base.h:259:7 @[ /usr/lib/gcc/aarch64-linux-gnu/11/../../../../include/c++/11/bits/shared_ptr_base.h:883:28 @[ /usr/lib/gcc/aarch64-linux-gnu/11/../../../../include/c++/11/bits/shared_ptr_base.h:1353:9 @[ /usr/lib/gcc/aarch64-linux-gnu/11/../../../../include/c++/11/bits/shared_ptr.h:418:9 @[ /usr/lib/gcc/aarch64-linux-gnu/11/../../../../include/c++/11/bits/shared_ptr.h:750:16 @[ ros2_caret_ws/install/include/rclcpp/rclcpp/publisher.hpp:561:26 ] ] ] ] ]. Skipping.
Found a loop without an exit block at /usr/lib/gcc/aarch64-linux-gnu/11/../../../../include/c++/11/bits/shared_ptr_base.h:259:7 @[ /usr/lib/gcc/aarch64-linux-gnu/11/../../../../include/c++/11/bits/shared_ptr_base.h:883:28 @[ /usr/lib/gcc/aarch64-linux-gnu/11/../../../../include/c++/11/bits/shared_ptr_base.h:1353:9 @[ /usr/lib/gcc/aarch64-linux-gnu/11/../../../../include/c++/11/bits/shared_ptr.h:418:9 @[ /usr/lib/gcc/aarch64-linux-gnu/11/../../../../include/c++/11/bits/shared_ptr.h:750:16 @[ ros2_caret_ws/install/include/rclcpp/rclcpp/publisher.hpp:537:26 ] ] ] ] ]. Skipping.
Found a loop without a preheader at /usr/lib/gcc/aarch64-linux-gnu/11/../../../../include/c++/11/bits/hashtable.h:1837:7 @[ /usr/lib/gcc/aarch64-linux-gnu/11/../../../../include/c++/11/bits/hashtable.h:810:31 @[ /usr/lib/gcc/aarch64-linux-gnu/11/../../../../include/c++/11/bits/hashtable.h:1595:23 @[ /usr/lib/gcc/aarch64-linux-gnu/11/../../../../include/c++/11/bits/unordered_map.h:869:21 @[ ros2_caret_ws/install/include/rclcpp/rclcpp/experimental/intra_process_manager.hpp:260:38 ] ] ] ]. Skipping.
Found a loop without an exit block at /usr/lib/gcc/aarch64-linux-gnu/11/../../../../include/c++/11/shared_mutex:228:7 @[ /usr/lib/gcc/aarch64-linux-gnu/11/../../../../include/c++/11/shared_mutex:489:33 @[ /usr/lib/gcc/aarch64-linux-gnu/11/../../../../include/c++/11/shared_mutex:727:13 @[ ros2_caret_ws/install/include/rclcpp/rclcpp/experimental/intra_process_manager.hpp:258:47 ] ] ]. Skipping.
Found a loop without an exit block at ros2_caret_ws/install/include/rclcpp/rclcpp/experimental/intra_process_manager.hpp:363:5. Skipping.
Found a loop without an exit block at ros2_caret_ws/install/include/rclcpp/rclcpp/experimental/intra_process_manager.hpp:442:5. Skipping.
Found a loop without a preheader at /usr/lib/gcc/aarch64-linux-gnu/11/../../../../include/c++/11/bits/hashtable.h:1837:7 @[ /usr/lib/gcc/aarch64-linux-gnu/11/../../../../include/c++/11/bits/hashtable.h:810:31 @[ /usr/lib/gcc/aarch64-linux-gnu/11/../../../../include/c++/11/bits/hashtable.h:1595:23 @[ /usr/lib/gcc/aarch64-linux-gnu/11/../../../../include/c++/11/bits/unordered_map.h:869:21 @[ ros2_caret_ws/install/include/rclcpp/rclcpp/experimental/intra_process_manager.hpp:196:38 ] ] ] ]. Skipping.
Found a loop without an exit block at /usr/lib/gcc/aarch64-linux-gnu/11/../../../../include/c++/11/shared_mutex:228:7 @[ /usr/lib/gcc/aarch64-linux-gnu/11/../../../../include/c++/11/shared_mutex:489:33 @[ /usr/lib/gcc/aarch64-linux-gnu/11/../../../../include/c++/11/shared_mutex:727:13 @[ ros2_caret_ws/install/include/rclcpp/rclcpp/experimental/intra_process_manager.hpp:194:47 ] ] ]. Skipping.
Found a loop without an exit block at /usr/lib/gcc/aarch64-linux-gnu/11/../../../../include/c++/11/bits/shared_ptr_base.h:259:7 @[ /usr/lib/gcc/aarch64-linux-gnu/11/../../../../include/c++/11/bits/shared_ptr_base.h:883:28 @[ /usr/lib/gcc/aarch64-linux-gnu/11/../../../../include/c++/11/bits/shared_ptr_base.h:1353:9 @[ /usr/lib/gcc/aarch64-linux-gnu/11/../../../../include/c++/11/bits/shared_ptr.h:418:9 @[ /usr/lib/gcc/aarch64-linux-gnu/11/../../../../include/c++/11/bits/shared_ptr.h:750:16 @[ ros2_caret_ws/install/include/rclcpp/rclcpp/publisher.hpp:561:26 ] ] ] ] ]. Skipping.
Found a loop without an exit block at /usr/lib/gcc/aarch64-linux-gnu/11/../../../../include/c++/11/bits/shared_ptr_base.h:259:7 @[ /usr/lib/gcc/aarch64-linux-gnu/11/../../../../include/c++/11/bits/shared_ptr_base.h:883:28 @[ /usr/lib/gcc/aarch64-linux-gnu/11/../../../../include/c++/11/bits/shared_ptr_base.h:1353:9 @[ /usr/lib/gcc/aarch64-linux-gnu/11/../../../../include/c++/11/bits/shared_ptr.h:418:9 @[ /usr/lib/gcc/aarch64-linux-gnu/11/../../../../include/c++/11/bits/shared_ptr.h:750:16 @[ ros2_caret_ws/install/include/rclcpp/rclcpp/publisher.hpp:537:26 ] ] ] ] ]. Skipping.
Found a loop without a preheader at /usr/lib/gcc/aarch64-linux-gnu/11/../../../../include/c++/11/bits/hashtable.h:1837:7 @[ /usr/lib/gcc/aarch64-linux-gnu/11/../../../../include/c++/11/bits/hashtable.h:810:31 @[ /usr/lib/gcc/aarch64-linux-gnu/11/../../../../include/c++/11/bits/hashtable.h:1595:23 @[ /usr/lib/gcc/aarch64-linux-gnu/11/../../../../include/c++/11/bits/unordered_map.h:869:21 @[ ros2_caret_ws/install/include/rclcpp/rclcpp/experimental/intra_process_manager.hpp:260:38 ] ] ] ]. Skipping.
Found a loop without an exit block at /usr/lib/gcc/aarch64-linux-gnu/11/../../../../include/c++/11/shared_mutex:228:7 @[ /usr/lib/gcc/aarch64-linux-gnu/11/../../../../include/c++/11/shared_mutex:489:33 @[ /usr/lib/gcc/aarch64-linux-gnu/11/../../../../include/c++/11/shared_mutex:727:13 @[ ros2_caret_ws/install/include/rclcpp/rclcpp/experimental/intra_process_manager.hpp:258:47 ] ] ]. Skipping.
Found a loop without an exit block at ros2_caret_ws/install/include/rclcpp/rclcpp/experimental/intra_process_manager.hpp:363:5. Skipping.
Found a loop without an exit block at ros2_caret_ws/install/include/rclcpp/rclcpp/experimental/intra_process_manager.hpp:442:5. Skipping.
Found a loop without a preheader at /usr/lib/gcc/aarch64-linux-gnu/11/../../../../include/c++/11/bits/hashtable.h:1837:7 @[ /usr/lib/gcc/aarch64-linux-gnu/11/../../../../include/c++/11/bits/hashtable.h:810:31 @[ /usr/lib/gcc/aarch64-linux-gnu/11/../../../../include/c++/11/bits/hashtable.h:1595:23 @[ /usr/lib/gcc/aarch64-linux-gnu/11/../../../../include/c++/11/bits/unordered_map.h:869:21 @[ ros2_caret_ws/install/include/rclcpp/rclcpp/experimental/intra_process_manager.hpp:196:38 ] ] ] ]. Skipping.
Found a loop without an exit block at /usr/lib/gcc/aarch64-linux-gnu/11/../../../../include/c++/11/shared_mutex:228:7 @[ /usr/lib/gcc/aarch64-linux-gnu/11/../../../../include/c++/11/shared_mutex:489:33 @[ /usr/lib/gcc/aarch64-linux-gnu/11/../../../../include/c++/11/shared_mutex:727:13 @[ ros2_caret_ws/install/include/rclcpp/rclcpp/experimental/intra_process_manager.hpp:194:47 ] ] ]. Skipping.
Found a loop without an exit block at /usr/lib/gcc/aarch64-linux-gnu/11/../../../../include/c++/11/bits/shared_ptr_base.h:259:7 @[ /usr/lib/gcc/aarch64-linux-gnu/11/../../../../include/c++/11/bits/shared_ptr_base.h:883:28 @[ /usr/lib/gcc/aarch64-linux-gnu/11/../../../../include/c++/11/bits/shared_ptr_base.h:1353:9 @[ /usr/lib/gcc/aarch64-linux-gnu/11/../../../../include/c++/11/bits/shared_ptr.h:418:9 @[ /usr/lib/gcc/aarch64-linux-gnu/11/../../../../include/c++/11/bits/shared_ptr.h:750:16 @[ ros2_caret_ws/install/include/rclcpp/rclcpp/publisher.hpp:561:26 ] ] ] ] ]. Skipping.
Found a loop without an exit block at /usr/lib/gcc/aarch64-linux-gnu/11/../../../../include/c++/11/bits/shared_ptr_base.h:259:7 @[ /usr/lib/gcc/aarch64-linux-gnu/11/../../../../include/c++/11/bits/shared_ptr_base.h:883:28 @[ /usr/lib/gcc/aarch64-linux-gnu/11/../../../../include/c++/11/bits/shared_ptr_base.h:1353:9 @[ /usr/lib/gcc/aarch64-linux-gnu/11/../../../../include/c++/11/bits/shared_ptr.h:418:9 @[ /usr/lib/gcc/aarch64-linux-gnu/11/../../../../include/c++/11/bits/shared_ptr.h:750:16 @[ ros2_caret_ws/install/include/rclcpp/rclcpp/publisher.hpp:537:26 ] ] ] ] ]. Skipping.
Found a loop without a preheader at /usr/lib/gcc/aarch64-linux-gnu/11/../../../../include/c++/11/bits/hashtable.h:1837:7 @[ /usr/lib/gcc/aarch64-linux-gnu/11/../../../../include/c++/11/bits/hashtable.h:810:31 @[ /usr/lib/gcc/aarch64-linux-gnu/11/../../../../include/c++/11/bits/hashtable.h:1595:23 @[ /usr/lib/gcc/aarch64-linux-gnu/11/../../../../include/c++/11/bits/unordered_map.h:869:21 @[ ros2_caret_ws/install/include/rclcpp/rclcpp/experimental/intra_process_manager.hpp:260:38 ] ] ] ]. Skipping.
Found a loop without an exit block at /usr/lib/gcc/aarch64-linux-gnu/11/../../../../include/c++/11/shared_mutex:228:7 @[ /usr/lib/gcc/aarch64-linux-gnu/11/../../../../include/c++/11/shared_mutex:489:33 @[ /usr/lib/gcc/aarch64-linux-gnu/11/../../../../include/c++/11/shared_mutex:727:13 @[ ros2_caret_ws/install/include/rclcpp/rclcpp/experimental/intra_process_manager.hpp:258:47 ] ] ]. Skipping.
Found a loop without an exit block at ros2_caret_ws/install/include/rclcpp/rclcpp/experimental/intra_process_manager.hpp:363:5. Skipping.
Found a loop without an exit block at ros2_caret_ws/install/include/rclcpp/rclcpp/experimental/intra_process_manager.hpp:442:5. Skipping.
Found a loop without a preheader at /usr/lib/gcc/aarch64-linux-gnu/11/../../../../include/c++/11/bits/hashtable.h:1837:7 @[ /usr/lib/gcc/aarch64-linux-gnu/11/../../../../include/c++/11/bits/hashtable.h:810:31 @[ /usr/lib/gcc/aarch64-linux-gnu/11/../../../../include/c++/11/bits/hashtable.h:1595:23 @[ /usr/lib/gcc/aarch64-linux-gnu/11/../../../../include/c++/11/bits/unordered_map.h:869:21 @[ ros2_caret_ws/install/include/rclcpp/rclcpp/experimental/intra_process_manager.hpp:196:38 ] ] ] ]. Skipping.
Found a loop without an exit block at /usr/lib/gcc/aarch64-linux-gnu/11/../../../../include/c++/11/shared_mutex:228:7 @[ /usr/lib/gcc/aarch64-linux-gnu/11/../../../../include/c++/11/shared_mutex:489:33 @[ /usr/lib/gcc/aarch64-linux-gnu/11/../../../../include/c++/11/shared_mutex:727:13 @[ ros2_caret_ws/install/include/rclcpp/rclcpp/experimental/intra_process_manager.hpp:194:47 ] ] ]. Skipping.
Found a loop without a preheader at /usr/lib/gcc/aarch64-linux-gnu/11/../../../../include/c++/11/bits/stl_uninitialized.h:1031:7 @[ /usr/lib/gcc/aarch64-linux-gnu/11/../../../../include/c++/11/bits/stl_uninitialized.h:1046:14 @[ /usr/lib/gcc/aarch64-linux-gnu/11/../../../../include/c++/11/bits/stl_vector.h:456:9 ] ]. Skipping.
Found a loop without a preheader at /usr/lib/gcc/aarch64-linux-gnu/11/../../../../include/c++/11/bits/stl_uninitialized.h:91:8 @[ /usr/lib/gcc/aarch64-linux-gnu/11/../../../../include/c++/11/bits/stl_uninitialized.h:148:14 @[ /usr/lib/gcc/aarch64-linux-gnu/11/../../../../include/c++/11/bits/stl_uninitialized.h:333:14 @[ /usr/lib/gcc/aarch64-linux-gnu/11/../../../../include/c++/11/bits/stl_vector.h:558:4 ] ] ]. Skipping.
Found a loop without a preheader at /usr/lib/gcc/aarch64-linux-gnu/11/../../../../include/c++/11/bits/stl_construct.h:162:4 @[ /usr/lib/gcc/aarch64-linux-gnu/11/../../../../include/c++/11/bits/stl_construct.h:195:7 @[ /usr/lib/gcc/aarch64-linux-gnu/11/../../../../include/c++/11/bits/alloc_traits.h:848:7 @[ /usr/lib/gcc/aarch64-linux-gnu/11/../../../../include/c++/11/bits/stl_vector.h:680:2 @[ /opt/ros/humble/include/diagnostic_msgs/diagnostic_msgs/msg/detail/diagnostic_array__struct.hpp:39:8 @[ /usr/lib/gcc/aarch64-linux-gnu/11/../../../../include/c++/11/bits/unique_ptr.h:85:2 @[ /usr/lib/gcc/aarch64-linux-gnu/11/../../../../include/c++/11/bits/unique_ptr.h:361:4 @[ ros2_caret_ws/install/include/rclcpp/rclcpp/publisher.hpp:273:9 ] ] ] ] ] ] ]. Skipping.
Found a loop without a preheader at /usr/lib/gcc/aarch64-linux-gnu/11/../../../../include/c++/11/bits/stl_construct.h:162:4 @[ /usr/lib/gcc/aarch64-linux-gnu/11/../../../../include/c++/11/bits/stl_construct.h:195:7 @[ /usr/lib/gcc/aarch64-linux-gnu/11/../../../../include/c++/11/bits/alloc_traits.h:848:7 @[ /usr/lib/gcc/aarch64-linux-gnu/11/../../../../include/c++/11/bits/stl_vector.h:680:2 @[ /opt/ros/humble/include/diagnostic_msgs/diagnostic_msgs/msg/detail/diagnostic_array__struct.hpp:39:8 @[ /usr/lib/gcc/aarch64-linux-gnu/11/../../../../include/c++/11/bits/unique_ptr.h:85:2 @[ /usr/lib/gcc/aarch64-linux-gnu/11/../../../../include/c++/11/bits/unique_ptr.h:361:4 @[ ros2_caret_ws/install/include/rclcpp/rclcpp/publisher.hpp:276:7 ] ] ] ] ] ] ]. Skipping.
Found a loop without a preheader at /usr/lib/gcc/aarch64-linux-gnu/11/../../../../include/c++/11/bits/stl_construct.h:162:4 @[ /usr/lib/gcc/aarch64-linux-gnu/11/../../../../include/c++/11/bits/stl_construct.h:195:7 @[ /usr/lib/gcc/aarch64-linux-gnu/11/../../../../include/c++/11/bits/alloc_traits.h:848:7 @[ /usr/lib/gcc/aarch64-linux-gnu/11/../../../../include/c++/11/bits/stl_vector.h:680:2 @[ /opt/ros/humble/include/diagnostic_msgs/diagnostic_msgs/msg/detail/diagnostic_array__struct.hpp:39:8 @[ /usr/lib/gcc/aarch64-linux-gnu/11/../../../../include/c++/11/bits/unique_ptr.h:85:2 @[ /usr/lib/gcc/aarch64-linux-gnu/11/../../../../include/c++/11/bits/unique_ptr.h:361:4 ] ] ] ] ] ]. Skipping.
Found a loop without a preheader at /usr/lib/gcc/aarch64-linux-gnu/11/../../../../include/c++/11/bits/stl_construct.h:162:4 @[ /usr/lib/gcc/aarch64-linux-gnu/11/../../../../include/c++/11/bits/stl_construct.h:195:7 @[ /usr/lib/gcc/aarch64-linux-gnu/11/../../../../include/c++/11/bits/stl_uninitialized.h:97:8 @[ /usr/lib/gcc/aarch64-linux-gnu/11/../../../../include/c++/11/bits/stl_uninitialized.h:148:14 @[ /usr/lib/gcc/aarch64-linux-gnu/11/../../../../include/c++/11/bits/stl_uninitialized.h:333:14 @[ /usr/lib/gcc/aarch64-linux-gnu/11/../../../../include/c++/11/bits/stl_vector.h:558:4 ] ] ] ] ]. Skipping.
Found a loop without a preheader at /usr/lib/gcc/aarch64-linux-gnu/11/../../../../include/c++/11/bits/stl_uninitialized.h:91:8 @[ /usr/lib/gcc/aarch64-linux-gnu/11/../../../../include/c++/11/bits/stl_uninitialized.h:148:14 @[ /usr/lib/gcc/aarch64-linux-gnu/11/../../../../include/c++/11/bits/stl_uninitialized.h:333:14 @[ /usr/lib/gcc/aarch64-linux-gnu/11/../../../../include/c++/11/bits/stl_vector.h:558:4 ] ] ]. Skipping.
Found a loop without a preheader at /usr/lib/gcc/aarch64-linux-gnu/11/../../../../include/c++/11/bits/stl_construct.h:162:4 @[ /usr/lib/gcc/aarch64-linux-gnu/11/../../../../include/c++/11/bits/stl_construct.h:195:7 @[ /usr/lib/gcc/aarch64-linux-gnu/11/../../../../include/c++/11/bits/alloc_traits.h:848:7 @[ /usr/lib/gcc/aarch64-linux-gnu/11/../../../../include/c++/11/bits/stl_vector.h:680:2 @[ /opt/ros/humble/include/diagnostic_msgs/diagnostic_msgs/msg/detail/diagnostic_array__struct.hpp:39:8 @[ /usr/lib/gcc/aarch64-linux-gnu/11/../../../../include/c++/11/bits/unique_ptr.h:85:2 @[ /usr/lib/gcc/aarch64-linux-gnu/11/../../../../include/c++/11/bits/unique_ptr.h:361:4 @[ ros2_caret_ws/install/include/rclcpp/rclcpp/publisher.hpp:574:5 ] ] ] ] ] ] ]. Skipping.
Found a loop without an exit block at /usr/lib/gcc/aarch64-linux-gnu/11/../../../../include/c++/11/bits/shared_ptr_base.h:259:7 @[ /usr/lib/gcc/aarch64-linux-gnu/11/../../../../include/c++/11/bits/shared_ptr_base.h:883:28 @[ /usr/lib/gcc/aarch64-linux-gnu/11/../../../../include/c++/11/bits/shared_ptr_base.h:1353:9 @[ /usr/lib/gcc/aarch64-linux-gnu/11/../../../../include/c++/11/bits/shared_ptr.h:418:9 @[ /usr/lib/gcc/aarch64-linux-gnu/11/../../../../include/c++/11/bits/shared_ptr.h:750:16 @[ ros2_caret_ws/install/include/rclcpp/rclcpp/publisher.hpp:561:26 ] ] ] ] ]. Skipping.
Found a loop without a preheader at /usr/lib/gcc/aarch64-linux-gnu/11/../../../../include/c++/11/bits/stl_construct.h:162:4 @[ /usr/lib/gcc/aarch64-linux-gnu/11/../../../../include/c++/11/bits/stl_construct.h:195:7 @[ /usr/lib/gcc/aarch64-linux-gnu/11/../../../../include/c++/11/bits/alloc_traits.h:848:7 @[ /usr/lib/gcc/aarch64-linux-gnu/11/../../../../include/c++/11/bits/stl_vector.h:680:2 @[ /opt/ros/humble/include/diagnostic_msgs/diagnostic_msgs/msg/detail/diagnostic_array__struct.hpp:39:8 @[ /usr/lib/gcc/aarch64-linux-gnu/11/../../../../include/c++/11/bits/unique_ptr.h:85:2 @[ /usr/lib/gcc/aarch64-linux-gnu/11/../../../../include/c++/11/bits/unique_ptr.h:361:4 @[ ros2_caret_ws/install/include/rclcpp/rclcpp/publisher.hpp:551:5 ] ] ] ] ] ] ]. Skipping.
Found a loop without an exit block at /usr/lib/gcc/aarch64-linux-gnu/11/../../../../include/c++/11/bits/shared_ptr_base.h:259:7 @[ /usr/lib/gcc/aarch64-linux-gnu/11/../../../../include/c++/11/bits/shared_ptr_base.h:883:28 @[ /usr/lib/gcc/aarch64-linux-gnu/11/../../../../include/c++/11/bits/shared_ptr_base.h:1353:9 @[ /usr/lib/gcc/aarch64-linux-gnu/11/../../../../include/c++/11/bits/shared_ptr.h:418:9 @[ /usr/lib/gcc/aarch64-linux-gnu/11/../../../../include/c++/11/bits/shared_ptr.h:750:16 @[ ros2_caret_ws/install/include/rclcpp/rclcpp/publisher.hpp:537:26 ] ] ] ] ]. Skipping.
Found a loop without a preheader at /usr/lib/gcc/aarch64-linux-gnu/11/../../../../include/c++/11/bits/stl_construct.h:162:4 @[ /usr/lib/gcc/aarch64-linux-gnu/11/../../../../include/c++/11/bits/stl_construct.h:195:7 @[ /usr/lib/gcc/aarch64-linux-gnu/11/../../../../include/c++/11/bits/alloc_traits.h:848:7 @[ /usr/lib/gcc/aarch64-linux-gnu/11/../../../../include/c++/11/bits/stl_vector.h:680:2 @[ /opt/ros/humble/include/diagnostic_msgs/diagnostic_msgs/msg/detail/diagnostic_array__struct.hpp:39:8 @[ /usr/lib/gcc/aarch64-linux-gnu/11/../../../../include/c++/11/bits/unique_ptr.h:85:2 @[ /usr/lib/gcc/aarch64-linux-gnu/11/../../../../include/c++/11/bits/unique_ptr.h:361:4 @[ ros2_caret_ws/install/include/rclcpp/rclcpp/experimental/intra_process_manager.hpp:290:9 ] ] ] ] ] ] ]. Skipping.
Found a loop without a preheader at /usr/lib/gcc/aarch64-linux-gnu/11/../../../../include/c++/11/bits/hashtable.h:1837:7 @[ /usr/lib/gcc/aarch64-linux-gnu/11/../../../../include/c++/11/bits/hashtable.h:810:31 @[ /usr/lib/gcc/aarch64-linux-gnu/11/../../../../include/c++/11/bits/hashtable.h:1595:23 @[ /usr/lib/gcc/aarch64-linux-gnu/11/../../../../include/c++/11/bits/unordered_map.h:869:21 @[ ros2_caret_ws/install/include/rclcpp/rclcpp/experimental/intra_process_manager.hpp:260:38 ] ] ] ]. Skipping.
Found a loop without an exit block at /usr/lib/gcc/aarch64-linux-gnu/11/../../../../include/c++/11/shared_mutex:228:7 @[ /usr/lib/gcc/aarch64-linux-gnu/11/../../../../include/c++/11/shared_mutex:489:33 @[ /usr/lib/gcc/aarch64-linux-gnu/11/../../../../include/c++/11/shared_mutex:727:13 @[ ros2_caret_ws/install/include/rclcpp/rclcpp/experimental/intra_process_manager.hpp:258:47 ] ] ]. Skipping.
Found a loop without an exit block at ros2_caret_ws/install/include/rclcpp/rclcpp/experimental/intra_process_manager.hpp:363:5. Skipping.
Found a loop without an exit block at ros2_caret_ws/install/include/rclcpp/rclcpp/experimental/intra_process_manager.hpp:442:5. Skipping.
Found a loop without a preheader at /usr/lib/gcc/aarch64-linux-gnu/11/../../../../include/c++/11/bits/stl_construct.h:162:4 @[ /usr/lib/gcc/aarch64-linux-gnu/11/../../../../include/c++/11/bits/stl_construct.h:195:7 @[ /usr/lib/gcc/aarch64-linux-gnu/11/../../../../include/c++/11/bits/alloc_traits.h:848:7 @[ /usr/lib/gcc/aarch64-linux-gnu/11/../../../../include/c++/11/bits/stl_vector.h:680:2 @[ /opt/ros/humble/include/diagnostic_msgs/diagnostic_msgs/msg/detail/diagnostic_array__struct.hpp:39:8 @[ /usr/lib/gcc/aarch64-linux-gnu/11/../../../../include/c++/11/bits/unique_ptr.h:85:2 @[ /usr/lib/gcc/aarch64-linux-gnu/11/../../../../include/c++/11/bits/shared_ptr_base.h:442:9 ] ] ] ] ] ]. Skipping.
Found a loop without a preheader at /usr/lib/gcc/aarch64-linux-gnu/11/../../../../include/c++/11/bits/stl_construct.h:162:4 @[ /usr/lib/gcc/aarch64-linux-gnu/11/../../../../include/c++/11/bits/stl_construct.h:195:7 @[ /usr/lib/gcc/aarch64-linux-gnu/11/../../../../include/c++/11/bits/alloc_traits.h:848:7 @[ /usr/lib/gcc/aarch64-linux-gnu/11/../../../../include/c++/11/bits/stl_vector.h:680:2 @[ /opt/ros/humble/include/diagnostic_msgs/diagnostic_msgs/msg/detail/diagnostic_array__struct.hpp:39:8 @[ /usr/lib/gcc/aarch64-linux-gnu/11/../../../../include/c++/11/ext/new_allocator.h:168:10 @[ /usr/lib/gcc/aarch64-linux-gnu/11/../../../../include/c++/11/bits/alloc_traits.h:535:8 @[ /usr/lib/gcc/aarch64-linux-gnu/11/../../../../include/c++/11/bits/shared_ptr_base.h:528:2 ] ] ] ] ] ] ]. Skipping.
Found a loop without a preheader at /usr/lib/gcc/aarch64-linux-gnu/11/../../../../include/c++/11/bits/stl_construct.h:162:4 @[ /usr/lib/gcc/aarch64-linux-gnu/11/../../../../include/c++/11/bits/stl_construct.h:195:7 @[ /usr/lib/gcc/aarch64-linux-gnu/11/../../../../include/c++/11/bits/alloc_traits.h:848:7 @[ /usr/lib/gcc/aarch64-linux-gnu/11/../../../../include/c++/11/bits/stl_vector.h:680:2 @[ /opt/ros/humble/include/diagnostic_msgs/diagnostic_msgs/msg/detail/diagnostic_array__struct.hpp:39:8 @[ /usr/lib/gcc/aarch64-linux-gnu/11/../../../../include/c++/11/bits/unique_ptr.h:85:2 @[ /usr/lib/gcc/aarch64-linux-gnu/11/../../../../include/c++/11/bits/unique_ptr.h:361:4 @[ ros2_caret_ws/install/include/rclcpp/rclcpp/experimental/subscription_intra_process_buffer.hpp:155:5 ] ] ] ] ] ] ]. Skipping.
Found a loop without a preheader at /usr/lib/gcc/aarch64-linux-gnu/11/../../../../include/c++/11/bits/stl_construct.h:162:4 @[ /usr/lib/gcc/aarch64-linux-gnu/11/../../../../include/c++/11/bits/stl_construct.h:195:7 @[ /usr/lib/gcc/aarch64-linux-gnu/11/../../../../include/c++/11/bits/alloc_traits.h:848:7 @[ /usr/lib/gcc/aarch64-linux-gnu/11/../../../../include/c++/11/bits/stl_vector.h:680:2 @[ /opt/ros/humble/include/diagnostic_msgs/diagnostic_msgs/msg/detail/diagnostic_array__struct.hpp:39:8 @[ /usr/lib/gcc/aarch64-linux-gnu/11/../../../../include/c++/11/bits/unique_ptr.h:85:2 @[ /usr/lib/gcc/aarch64-linux-gnu/11/../../../../include/c++/11/bits/unique_ptr.h:361:4 @[ ros2_caret_ws/install/include/rclcpp/rclcpp/experimental/intra_process_manager.hpp:224:7 ] ] ] ] ] ] ]. Skipping.
Found a loop without a preheader at /usr/lib/gcc/aarch64-linux-gnu/11/../../../../include/c++/11/bits/stl_construct.h:162:4 @[ /usr/lib/gcc/aarch64-linux-gnu/11/../../../../include/c++/11/bits/stl_construct.h:195:7 @[ /usr/lib/gcc/aarch64-linux-gnu/11/../../../../include/c++/11/bits/alloc_traits.h:848:7 @[ /usr/lib/gcc/aarch64-linux-gnu/11/../../../../include/c++/11/bits/stl_vector.h:680:2 @[ /opt/ros/humble/include/diagnostic_msgs/diagnostic_msgs/msg/detail/diagnostic_array__struct.hpp:39:8 @[ /usr/lib/gcc/aarch64-linux-gnu/11/../../../../include/c++/11/bits/unique_ptr.h:85:2 @[ /usr/lib/gcc/aarch64-linux-gnu/11/../../../../include/c++/11/bits/unique_ptr.h:361:4 @[ ros2_caret_ws/install/include/rclcpp/rclcpp/experimental/intra_process_manager.hpp:238:7 ] ] ] ] ] ] ]. Skipping.
Found a loop without a preheader at /usr/lib/gcc/aarch64-linux-gnu/11/../../../../include/c++/11/bits/hashtable.h:1837:7 @[ /usr/lib/gcc/aarch64-linux-gnu/11/../../../../include/c++/11/bits/hashtable.h:810:31 @[ /usr/lib/gcc/aarch64-linux-gnu/11/../../../../include/c++/11/bits/hashtable.h:1595:23 @[ /usr/lib/gcc/aarch64-linux-gnu/11/../../../../include/c++/11/bits/unordered_map.h:869:21 @[ ros2_caret_ws/install/include/rclcpp/rclcpp/experimental/intra_process_manager.hpp:196:38 ] ] ] ]. Skipping.
Found a loop without an exit block at /usr/lib/gcc/aarch64-linux-gnu/11/../../../../include/c++/11/shared_mutex:228:7 @[ /usr/lib/gcc/aarch64-linux-gnu/11/../../../../include/c++/11/shared_mutex:489:33 @[ /usr/lib/gcc/aarch64-linux-gnu/11/../../../../include/c++/11/shared_mutex:727:13 @[ ros2_caret_ws/install/include/rclcpp/rclcpp/experimental/intra_process_manager.hpp:194:47 ] ] ]. Skipping.
Found a loop without a preheader at /usr/lib/gcc/aarch64-linux-gnu/11/../../../../include/c++/11/bits/stl_uninitialized.h:1031:7 @[ /usr/lib/gcc/aarch64-linux-gnu/11/../../../../include/c++/11/bits/stl_uninitialized.h:1046:14 @[ /usr/lib/gcc/aarch64-linux-gnu/11/../../../../include/c++/11/bits/stl_vector.h:456:9 @[ /usr/lib/gcc/aarch64-linux-gnu/11/../../../../include/c++/11/bits/stl_vector.h:469:9 @[ /usr/lib/gcc/aarch64-linux-gnu/11/../../../../include/c++/11/bits/vector.tcc:466:23 ] ] ] ]. Skipping.
Found a loop without a preheader at /usr/lib/gcc/aarch64-linux-gnu/11/../../../../include/c++/11/bits/stl_uninitialized.h:1031:7 @[ /usr/lib/gcc/aarch64-linux-gnu/11/../../../../include/c++/11/bits/stl_uninitialized.h:1046:14 @[ /usr/lib/gcc/aarch64-linux-gnu/11/../../../../include/c++/11/bits/stl_vector.h:456:9 @[ /usr/lib/gcc/aarch64-linux-gnu/11/../../../../include/c++/11/bits/stl_vector.h:469:9 @[ /usr/lib/gcc/aarch64-linux-gnu/11/../../../../include/c++/11/bits/vector.tcc:461:23 ] ] ] ]. Skipping.
Found a loop without a preheader at /usr/lib/gcc/aarch64-linux-gnu/11/../../../../include/c++/11/bits/stl_deque.h:678:7 @[ /usr/lib/gcc/aarch64-linux-gnu/11/../../../../include/c++/11/bits/stl_deque.h:2067:2 @[ /usr/lib/gcc/aarch64-linux-gnu/11/../../../../include/c++/11/bits/stl_deque.h:1794:9 ] ]. Skipping.
Found a loop without a preheader at /usr/lib/gcc/aarch64-linux-gnu/11/../../../../include/c++/11/bits/stl_deque.h:678:7 @[ /usr/lib/gcc/aarch64-linux-gnu/11/../../../../include/c++/11/bits/stl_deque.h:2067:2 @[ /usr/lib/gcc/aarch64-linux-gnu/11/../../../../include/c++/11/bits/stl_deque.h:1794:9 ] ]. Skipping.
Found a loop without a preheader at /usr/lib/gcc/aarch64-linux-gnu/11/../../../../include/c++/11/bits/stl_construct.h:162:4 @[ /usr/lib/gcc/aarch64-linux-gnu/11/../../../../include/c++/11/bits/stl_construct.h:195:7 @[ /usr/lib/gcc/aarch64-linux-gnu/11/../../../../include/c++/11/bits/alloc_traits.h:848:7 @[ /usr/lib/gcc/aarch64-linux-gnu/11/../../../../include/c++/11/bits/stl_vector.h:680:2 @[ rclcpp_components/node_main_autoware_ekf_localizer_node.cpp:75:1 ] ] ] ]. Skipping.
Found a loop without a preheader at /usr/lib/gcc/aarch64-linux-gnu/11/../../../../include/c++/11/bits/stl_construct.h:162:4 @[ /usr/lib/gcc/aarch64-linux-gnu/11/../../../../include/c++/11/bits/stl_construct.h:195:7 @[ /usr/lib/gcc/aarch64-linux-gnu/11/../../../../include/c++/11/bits/alloc_traits.h:848:7 @[ /usr/lib/gcc/aarch64-linux-gnu/11/../../../../include/c++/11/bits/stl_vector.h:680:2 @[ rclcpp_components/node_main_autoware_ekf_localizer_node.cpp:75:1 ] ] ] ]. Skipping.
Found a loop without a preheader at /usr/lib/gcc/aarch64-linux-gnu/11/../../../../include/c++/11/bits/stl_construct.h:162:4 @[ /usr/lib/gcc/aarch64-linux-gnu/11/../../../../include/c++/11/bits/stl_construct.h:195:7 @[ /usr/lib/gcc/aarch64-linux-gnu/11/../../../../include/c++/11/bits/alloc_traits.h:848:7 @[ /usr/lib/gcc/aarch64-linux-gnu/11/../../../../include/c++/11/bits/stl_vector.h:1796:6 @[ /usr/lib/gcc/aarch64-linux-gnu/11/../../../../include/c++/11/bits/stl_vector.h:1499:9 @[ rclcpp_components/node_main_autoware_ekf_localizer_node.cpp:70:17 ] ] ] ] ]. Skipping.
Found a loop without an exit block at rclcpp_components/node_main_autoware_ekf_localizer_node.cpp:67:3. Skipping.
Found a loop without an exit block at rclcpp_components/node_main_autoware_ekf_localizer_node.cpp:42:3. Skipping.
Found a loop without a preheader at /usr/lib/gcc/aarch64-linux-gnu/11/../../../../include/c++/11/bits/stl_construct.h:162:4 @[ /usr/lib/gcc/aarch64-linux-gnu/11/../../../../include/c++/11/bits/stl_construct.h:195:7 @[ /usr/lib/gcc/aarch64-linux-gnu/11/../../../../include/c++/11/bits/alloc_traits.h:848:7 @[ /usr/lib/gcc/aarch64-linux-gnu/11/../../../../include/c++/11/bits/stl_vector.h:680:2 ] ] ]. Skipping.
Found a loop without a preheader at /usr/lib/gcc/aarch64-linux-gnu/11/../../../../include/c++/11/bits/stl_construct.h:162:4 @[ /usr/lib/gcc/aarch64-linux-gnu/11/../../../../include/c++/11/bits/stl_construct.h:195:7 @[ /usr/lib/gcc/aarch64-linux-gnu/11/../../../../include/c++/11/bits/alloc_traits.h:848:7 @[ /usr/lib/gcc/aarch64-linux-gnu/11/../../../../include/c++/11/bits/stl_vector.h:680:2 ] ] ]. Skipping.
Found a loop without a preheader at /usr/lib/gcc/aarch64-linux-gnu/11/../../../../include/c++/11/bits/stl_construct.h:162:4 @[ /usr/lib/gcc/aarch64-linux-gnu/11/../../../../include/c++/11/bits/stl_construct.h:195:7 @[ /usr/lib/gcc/aarch64-linux-gnu/11/../../../../include/c++/11/bits/alloc_traits.h:848:7 @[ /usr/lib/gcc/aarch64-linux-gnu/11/../../../../include/c++/11/bits/stl_vector.h:680:2 @[ ros2_caret_ws/install/include/rclcpp/rclcpp/node_options.hpp:67:26 ] ] ] ]. Skipping.
Found a loop without a preheader at /usr/lib/gcc/aarch64-linux-gnu/11/../../../../include/c++/11/bits/stl_construct.h:162:4 @[ /usr/lib/gcc/aarch64-linux-gnu/11/../../../../include/c++/11/bits/stl_construct.h:195:7 @[ /usr/lib/gcc/aarch64-linux-gnu/11/../../../../include/c++/11/bits/alloc_traits.h:848:7 @[ /usr/lib/gcc/aarch64-linux-gnu/11/../../../../include/c++/11/bits/stl_vector.h:680:2 @[ ros2_caret_ws/install/include/rclcpp/rclcpp/node_options.hpp:67:26 ] ] ] ]. Skipping.
Found a loop without a preheader at /usr/lib/gcc/aarch64-linux-gnu/11/../../../../include/c++/11/bits/stl_construct.h:162:4 @[ /usr/lib/gcc/aarch64-linux-gnu/11/../../../../include/c++/11/bits/stl_construct.h:195:7 @[ /usr/lib/gcc/aarch64-linux-gnu/11/../../../../include/c++/11/bits/alloc_traits.h:848:7 @[ /usr/lib/gcc/aarch64-linux-gnu/11/../../../../include/c++/11/bits/stl_vector.h:680:2 @[ /opt/ros/humble/include/rcl_interfaces/rcl_interfaces/msg/detail/parameter_value__struct.hpp:33:8 ] ] ] ]. Skipping.
Found a loop without a preheader at /usr/lib/gcc/aarch64-linux-gnu/11/../../../../include/c++/11/bits/stl_construct.h:162:4 @[ /usr/lib/gcc/aarch64-linux-gnu/11/../../../../include/c++/11/bits/stl_construct.h:195:7 ]. Skipping.
Found a loop without a preheader at /usr/lib/gcc/aarch64-linux-gnu/11/../../../../include/c++/11/bits/stl_construct.h:162:4 @[ /usr/lib/gcc/aarch64-linux-gnu/11/../../../../include/c++/11/bits/stl_construct.h:195:7 @[ /usr/lib/gcc/aarch64-linux-gnu/11/../../../../include/c++/11/bits/alloc_traits.h:848:7 @[ /usr/lib/gcc/aarch64-linux-gnu/11/../../../../include/c++/11/bits/stl_vector.h:680:2 @[ /opt/ros/humble/include/class_loader/class_loader/class_loader_core.hpp:357:1 ] ] ] ]. Skipping.
Found a loop without an exit block at /opt/ros/humble/include/class_loader/class_loader/class_loader_core.hpp:344:3. Skipping.
Found a loop without a preheader at /usr/lib/gcc/aarch64-linux-gnu/11/../../../../include/c++/11/bits/stl_uninitialized.h:1031:7 @[ /usr/lib/gcc/aarch64-linux-gnu/11/../../../../include/c++/11/bits/stl_uninitialized.h:1046:14 @[ /usr/lib/gcc/aarch64-linux-gnu/11/../../../../include/c++/11/bits/stl_vector.h:456:9 @[ /usr/lib/gcc/aarch64-linux-gnu/11/../../../../include/c++/11/bits/stl_vector.h:469:9 @[ /usr/lib/gcc/aarch64-linux-gnu/11/../../../../include/c++/11/bits/vector.tcc:466:23 ] ] ] ]. Skipping.
Found a loop without a preheader at /usr/lib/gcc/aarch64-linux-gnu/11/../../../../include/c++/11/bits/stl_uninitialized.h:1031:7 @[ /usr/lib/gcc/aarch64-linux-gnu/11/../../../../include/c++/11/bits/stl_uninitialized.h:1046:14 @[ /usr/lib/gcc/aarch64-linux-gnu/11/../../../../include/c++/11/bits/stl_vector.h:456:9 @[ /usr/lib/gcc/aarch64-linux-gnu/11/../../../../include/c++/11/bits/stl_vector.h:469:9 @[ /usr/lib/gcc/aarch64-linux-gnu/11/../../../../include/c++/11/bits/vector.tcc:461:23 ] ] ] ]. Skipping.
Found a loop without a preheader at /usr/lib/gcc/aarch64-linux-gnu/11/../../../../include/c++/11/bits/stl_construct.h:162:4 @[ /usr/lib/gcc/aarch64-linux-gnu/11/../../../../include/c++/11/bits/stl_construct.h:195:7 @[ /usr/lib/gcc/aarch64-linux-gnu/11/../../../../include/c++/11/bits/alloc_traits.h:848:7 @[ /usr/lib/gcc/aarch64-linux-gnu/11/../../../../include/c++/11/bits/vector.tcc:793:3 ] ] ]. Skipping.
Found a loop without a preheader at /usr/lib/gcc/aarch64-linux-gnu/11/../../../../include/c++/11/bits/stl_uninitialized.h:91:8 @[ /usr/lib/gcc/aarch64-linux-gnu/11/../../../../include/c++/11/bits/stl_uninitialized.h:148:14 @[ /usr/lib/gcc/aarch64-linux-gnu/11/../../../../include/c++/11/bits/stl_uninitialized.h:333:14 @[ /usr/lib/gcc/aarch64-linux-gnu/11/../../../../include/c++/11/bits/stl_uninitialized.h:354:14 @[ /usr/lib/gcc/aarch64-linux-gnu/11/../../../../include/c++/11/bits/vector.tcc:782:11 ] ] ] ]. Skipping.
Found a loop without a preheader at /usr/lib/gcc/aarch64-linux-gnu/11/../../../../include/c++/11/bits/stl_construct.h:162:4 @[ /usr/lib/gcc/aarch64-linux-gnu/11/../../../../include/c++/11/bits/stl_construct.h:195:7 @[ /usr/lib/gcc/aarch64-linux-gnu/11/../../../../include/c++/11/bits/alloc_traits.h:848:7 @[ /usr/lib/gcc/aarch64-linux-gnu/11/../../../../include/c++/11/bits/vector.tcc:788:7 ] ] ]. Skipping.
Found a loop without a preheader at /usr/lib/gcc/aarch64-linux-gnu/11/../../../../include/c++/11/bits/stl_uninitialized.h:91:8 @[ /usr/lib/gcc/aarch64-linux-gnu/11/../../../../include/c++/11/bits/stl_uninitialized.h:148:14 @[ /usr/lib/gcc/aarch64-linux-gnu/11/../../../../include/c++/11/bits/stl_uninitialized.h:333:14 @[ /usr/lib/gcc/aarch64-linux-gnu/11/../../../../include/c++/11/bits/stl_uninitialized.h:354:14 @[ /usr/lib/gcc/aarch64-linux-gnu/11/../../../../include/c++/11/bits/vector.tcc:774:11 ] ] ] ]. Skipping.
Found a loop without a preheader at /usr/lib/gcc/aarch64-linux-gnu/11/../../../../include/c++/11/bits/stl_algobase.h:383:4 @[ /usr/lib/gcc/aarch64-linux-gnu/11/../../../../include/c++/11/bits/stl_algobase.h:494:14 @[ /usr/lib/gcc/aarch64-linux-gnu/11/../../../../include/c++/11/bits/stl_algobase.h:522:14 @[ /usr/lib/gcc/aarch64-linux-gnu/11/../../../../include/c++/11/bits/stl_algobase.h:530:3 @[ /usr/lib/gcc/aarch64-linux-gnu/11/../../../../include/c++/11/bits/stl_algobase.h:619:14 @[ /usr/lib/gcc/aarch64-linux-gnu/11/../../../../include/c++/11/bits/vector.tcc:744:7 ] ] ] ] ]. Skipping.
Found a loop without a preheader at /usr/lib/gcc/aarch64-linux-gnu/11/../../../../include/c++/11/bits/stl_algobase.h:718:4 @[ /usr/lib/gcc/aarch64-linux-gnu/11/../../../../include/c++/11/bits/stl_algobase.h:758:14 @[ /usr/lib/gcc/aarch64-linux-gnu/11/../../../../include/c++/11/bits/stl_algobase.h:769:14 @[ /usr/lib/gcc/aarch64-linux-gnu/11/../../../../include/c++/11/bits/stl_algobase.h:799:3 @[ /usr/lib/gcc/aarch64-linux-gnu/11/../../../../include/c++/11/bits/stl_algobase.h:894:14 @[ /usr/lib/gcc/aarch64-linux-gnu/11/../../../../include/c++/11/bits/vector.tcc:742:7 ] ] ] ] ]. Skipping.
Found a loop without a preheader at /usr/lib/gcc/aarch64-linux-gnu/11/../../../../include/c++/11/bits/stl_uninitialized.h:91:8 @[ /usr/lib/gcc/aarch64-linux-gnu/11/../../../../include/c++/11/bits/stl_uninitialized.h:148:14 @[ /usr/lib/gcc/aarch64-linux-gnu/11/../../../../include/c++/11/bits/stl_uninitialized.h:333:14 @[ /usr/lib/gcc/aarch64-linux-gnu/11/../../../../include/c++/11/bits/stl_uninitialized.h:341:14 @[ /usr/lib/gcc/aarch64-linux-gnu/11/../../../../include/c++/11/bits/vector.tcc:736:7 ] ] ] ]. Skipping.
Found a loop without a preheader at /usr/lib/gcc/aarch64-linux-gnu/11/../../../../include/c++/11/bits/stl_algobase.h:383:4 @[ /usr/lib/gcc/aarch64-linux-gnu/11/../../../../include/c++/11/bits/stl_algobase.h:494:14 @[ /usr/lib/gcc/aarch64-linux-gnu/11/../../../../include/c++/11/bits/stl_algobase.h:522:14 @[ /usr/lib/gcc/aarch64-linux-gnu/11/../../../../include/c++/11/bits/stl_algobase.h:530:3 @[ /usr/lib/gcc/aarch64-linux-gnu/11/../../../../include/c++/11/bits/stl_algobase.h:619:14 @[ /usr/lib/gcc/aarch64-linux-gnu/11/../../../../include/c++/11/bits/vector.tcc:762:7 ] ] ] ] ]. Skipping.
Found a loop without a preheader at /usr/lib/gcc/aarch64-linux-gnu/11/../../../../include/c++/11/bits/stl_uninitialized.h:91:8 @[ /usr/lib/gcc/aarch64-linux-gnu/11/../../../../include/c++/11/bits/stl_uninitialized.h:148:14 @[ /usr/lib/gcc/aarch64-linux-gnu/11/../../../../include/c++/11/bits/stl_uninitialized.h:333:14 @[ /usr/lib/gcc/aarch64-linux-gnu/11/../../../../include/c++/11/bits/stl_uninitialized.h:341:14 @[ /usr/lib/gcc/aarch64-linux-gnu/11/../../../../include/c++/11/bits/vector.tcc:756:7 ] ] ] ]. Skipping.
Found a loop without a preheader at /usr/lib/gcc/aarch64-linux-gnu/11/../../../../include/c++/11/bits/stl_uninitialized.h:91:8. Skipping.
Found a loop without a preheader at /usr/lib/gcc/aarch64-linux-gnu/11/../../../../include/c++/11/bits/stl_uninitialized.h:1031:7 @[ /usr/lib/gcc/aarch64-linux-gnu/11/../../../../include/c++/11/bits/stl_uninitialized.h:1046:14 @[ /usr/lib/gcc/aarch64-linux-gnu/11/../../../../include/c++/11/bits/stl_vector.h:456:9 @[ /usr/lib/gcc/aarch64-linux-gnu/11/../../../../include/c++/11/bits/stl_vector.h:469:9 @[ /usr/lib/gcc/aarch64-linux-gnu/11/../../../../include/c++/11/bits/vector.tcc:466:23 ] ] ] ]. Skipping.
Found a loop without a preheader at /usr/lib/gcc/aarch64-linux-gnu/11/../../../../include/c++/11/bits/stl_uninitialized.h:1031:7 @[ /usr/lib/gcc/aarch64-linux-gnu/11/../../../../include/c++/11/bits/stl_uninitialized.h:1046:14 @[ /usr/lib/gcc/aarch64-linux-gnu/11/../../../../include/c++/11/bits/stl_vector.h:456:9 @[ /usr/lib/gcc/aarch64-linux-gnu/11/../../../../include/c++/11/bits/stl_vector.h:469:9 @[ /usr/lib/gcc/aarch64-linux-gnu/11/../../../../include/c++/11/bits/vector.tcc:461:23 ] ] ] ]. Skipping.
Found a loop without an exit block at /opt/ros/humble/src/gtest_vendor/./src/gtest.cc:4781:5. Skipping.
Found a loop without a preheader at /usr/lib/gcc/aarch64-linux-gnu/11/../../../../include/c++/11/bits/stl_construct.h:162:4 @[ /usr/lib/gcc/aarch64-linux-gnu/11/../../../../include/c++/11/bits/stl_construct.h:195:7 @[ /usr/lib/gcc/aarch64-linux-gnu/11/../../../../include/c++/11/bits/alloc_traits.h:848:7 @[ /usr/lib/gcc/aarch64-linux-gnu/11/../../../../include/c++/11/bits/stl_vector.h:680:2 ] ] ]. Skipping.
Found a loop without a preheader at /usr/lib/gcc/aarch64-linux-gnu/11/../../../../include/c++/11/bits/stl_construct.h:162:4 @[ /usr/lib/gcc/aarch64-linux-gnu/11/../../../../include/c++/11/bits/stl_construct.h:195:7 @[ /usr/lib/gcc/aarch64-linux-gnu/11/../../../../include/c++/11/bits/alloc_traits.h:848:7 @[ /usr/lib/gcc/aarch64-linux-gnu/11/../../../../include/c++/11/bits/stl_vector.h:680:2 @[ /opt/ros/humble/src/gtest_vendor/./src/gtest.cc:428:3 ] ] ] ]. Skipping.
Found a loop without an exit block at /opt/ros/humble/src/gtest_vendor/./src/gtest-filepath.cc:284:3. Skipping.
Found a loop without an exit block at /opt/ros/humble/src/gtest_vendor/./src/gtest.cc:485:3. Skipping.
Found a loop without a preheader at /opt/ros/humble/src/gtest_vendor/./src/gtest.cc:503:3. Skipping.
Found a loop without a preheader at /opt/ros/humble/src/gtest_vendor/./src/gtest.cc:503:3 @[ /opt/ros/humble/src/gtest_vendor/./src/gtest.cc:548:12 ]. Skipping.
Found a loop without a preheader at /opt/ros/humble/src/gtest_vendor/./src/gtest.cc:503:3 @[ /opt/ros/humble/src/gtest_vendor/./src/gtest.cc:547:11 ]. Skipping.
Found a loop without a preheader at /opt/ros/humble/src/gtest_vendor/./src/gtest.cc:665:5 @[ /opt/ros/humble/src/gtest_vendor/./src/gtest.cc:701:3 ]. Skipping.
Found a loop without a preheader at /opt/ros/humble/src/gtest_vendor/./src/gtest-internal-inl.h:284:3 @[ /opt/ros/humble/src/gtest_vendor/./src/gtest.cc:749:10 ]. Skipping.
Found a loop without a preheader at /opt/ros/humble/src/gtest_vendor/./src/gtest-internal-inl.h:284:3 @[ /opt/ros/humble/src/gtest_vendor/./src/gtest.cc:754:10 ]. Skipping.
Found a loop without a preheader at /opt/ros/humble/src/gtest_vendor/./src/gtest.cc:361:3 @[ /opt/ros/humble/src/gtest_vendor/./src/gtest.cc:770:10 ]. Skipping.
Found a loop without a preheader at /opt/ros/humble/src/gtest_vendor/./src/gtest-internal-inl.h:284:3 @[ /opt/ros/humble/src/gtest_vendor/./src/gtest.cc:2709:10 ]. Skipping.
Found a loop without an exit block at /opt/ros/humble/src/gtest_vendor/./src/gtest.cc:361:3 @[ /opt/ros/humble/src/gtest_vendor/./src/gtest.cc:775:10 ]. Skipping.
Found a loop without a preheader at /opt/ros/humble/src/gtest_vendor/./src/gtest-internal-inl.h:284:3 @[ /opt/ros/humble/src/gtest_vendor/./src/gtest.cc:2714:10 ]. Skipping.
Found a loop without an exit block at /opt/ros/humble/src/gtest_vendor/./src/gtest.cc:361:3 @[ /opt/ros/humble/src/gtest_vendor/./src/gtest.cc:780:10 ]. Skipping.
Found a loop without a preheader at /opt/ros/humble/src/gtest_vendor/./src/gtest-internal-inl.h:284:3 @[ /opt/ros/humble/src/gtest_vendor/./src/gtest.cc:2719:10 ]. Skipping.
Found a loop without a preheader at /opt/ros/humble/src/gtest_vendor/./src/gtest-internal-inl.h:284:3 @[ /opt/ros/humble/src/gtest_vendor/./src/gtest.cc:2724:10 ]. Skipping.
Found a loop without a preheader at /usr/lib/gcc/aarch64-linux-gnu/11/../../../../include/c++/11/bits/stl_construct.h:162:4 @[ /usr/lib/gcc/aarch64-linux-gnu/11/../../../../include/c++/11/bits/stl_construct.h:195:7 @[ /usr/lib/gcc/aarch64-linux-gnu/11/../../../../include/c++/11/bits/alloc_traits.h:848:7 @[ /usr/lib/gcc/aarch64-linux-gnu/11/../../../../include/c++/11/bits/stl_vector.h:680:2 @[ /opt/ros/humble/src/gtest_vendor/./src/gtest.cc:955:1 ] ] ] ]. Skipping.
Found a loop without an exit block at /opt/ros/humble/src/gtest_vendor/./src/gtest.cc:946:9. Skipping.
Found a loop without an exit block at /opt/ros/humble/src/gtest_vendor/./src/gtest.cc:926:3 @[ /opt/ros/humble/src/gtest_vendor/./src/gtest.cc:983:3 ]. Skipping.
Found a loop without a preheader at /opt/ros/humble/src/gtest_vendor/./src/gtest.cc:2000:3. Skipping.
Found a loop without a preheader at /usr/lib/gcc/aarch64-linux-gnu/11/../../../../include/c++/11/bits/stl_construct.h:162:4 @[ /usr/lib/gcc/aarch64-linux-gnu/11/../../../../include/c++/11/bits/stl_construct.h:195:7 @[ /usr/lib/gcc/aarch64-linux-gnu/11/../../../../include/c++/11/bits/alloc_traits.h:848:7 @[ /usr/lib/gcc/aarch64-linux-gnu/11/../../../../include/c++/11/bits/stl_vector.h:680:2 @[ /opt/ros/humble/src/gtest_vendor/./src/gtest.cc:1090:1 ] ] ] ]. Skipping.
Found a loop without a preheader at /usr/lib/gcc/aarch64-linux-gnu/11/../../../../include/c++/11/bits/stl_construct.h:162:4 @[ /usr/lib/gcc/aarch64-linux-gnu/11/../../../../include/c++/11/bits/stl_construct.h:195:7 @[ /usr/lib/gcc/aarch64-linux-gnu/11/../../../../include/c++/11/bits/alloc_traits.h:848:7 @[ /usr/lib/gcc/aarch64-linux-gnu/11/../../../../include/c++/11/bits/stl_vector.h:680:2 @[ /opt/ros/humble/src/gtest_vendor/./src/gtest.cc:1090:1 ] ] ] ]. Skipping.
Found a loop without an exit block at /opt/ros/humble/src/gtest_vendor/./src/gtest.cc:1082:3. Skipping.
Found a loop without a preheader at /usr/lib/gcc/aarch64-linux-gnu/11/../../../../include/c++/11/bits/stl_construct.h:162:4 @[ /usr/lib/gcc/aarch64-linux-gnu/11/../../../../include/c++/11/bits/stl_construct.h:195:7 @[ /usr/lib/gcc/aarch64-linux-gnu/11/../../../../include/c++/11/bits/alloc_traits.h:848:7 @[ /usr/lib/gcc/aarch64-linux-gnu/11/../../../../include/c++/11/bits/stl_vector.h:680:2 ] ] ]. Skipping.
Found a loop without a preheader at /usr/lib/gcc/aarch64-linux-gnu/11/../../../../include/c++/11/bits/stl_construct.h:162:4 @[ /usr/lib/gcc/aarch64-linux-gnu/11/../../../../include/c++/11/bits/stl_construct.h:195:7 @[ /usr/lib/gcc/aarch64-linux-gnu/11/../../../../include/c++/11/bits/alloc_traits.h:848:7 @[ /usr/lib/gcc/aarch64-linux-gnu/11/../../../../include/c++/11/bits/stl_vector.h:680:2 ] ] ]. Skipping.
Found a loop without an exit block at /opt/ros/humble/src/gtest_vendor/./src/gtest.cc:1120:5. Skipping.
Found a loop without an exit block at /opt/ros/humble/src/gtest_vendor/./src/gtest.cc:1117:5. Skipping.
Found a loop without an exit block at /opt/ros/humble/src/gtest_vendor/./src/gtest.cc:1217:3. Skipping.
Found a loop without a preheader at /usr/lib/gcc/aarch64-linux-gnu/11/../../../../include/c++/11/bits/list.tcc:71:7 @[ /usr/lib/gcc/aarch64-linux-gnu/11/../../../../include/c++/11/bits/stl_list.h:500:9 @[ /opt/ros/humble/src/gtest_vendor/./src/gtest.cc:1133:7 ] ]. Skipping.
Found a loop without a preheader at /usr/lib/gcc/aarch64-linux-gnu/11/../../../../include/c++/11/bits/list.tcc:71:7 @[ /usr/lib/gcc/aarch64-linux-gnu/11/../../../../include/c++/11/bits/stl_list.h:500:9 @[ /opt/ros/humble/src/gtest_vendor/./src/gtest.cc:1133:7 ] ]. Skipping.
Found a loop without a preheader at /usr/lib/gcc/aarch64-linux-gnu/11/../../../../include/c++/11/bits/list.tcc:71:7 @[ /usr/lib/gcc/aarch64-linux-gnu/11/../../../../include/c++/11/bits/stl_list.h:500:9 @[ /opt/ros/humble/src/gtest_vendor/./src/gtest.cc:1133:7 ] ]. Skipping.
Found a loop without a preheader at /usr/lib/gcc/aarch64-linux-gnu/11/../../../../include/c++/11/bits/stl_construct.h:162:4 @[ /usr/lib/gcc/aarch64-linux-gnu/11/../../../../include/c++/11/bits/stl_construct.h:195:7 @[ /usr/lib/gcc/aarch64-linux-gnu/11/../../../../include/c++/11/bits/alloc_traits.h:848:7 @[ /usr/lib/gcc/aarch64-linux-gnu/11/../../../../include/c++/11/bits/stl_vector.h:680:2 @[ /opt/ros/humble/src/gtest_vendor/./src/gtest.cc:1349:3 ] ] ] ]. Skipping.
Found a loop without a preheader at /usr/lib/gcc/aarch64-linux-gnu/11/../../../../include/c++/11/bits/stl_construct.h:162:4 @[ /usr/lib/gcc/aarch64-linux-gnu/11/../../../../include/c++/11/bits/stl_construct.h:195:7 @[ /usr/lib/gcc/aarch64-linux-gnu/11/../../../../include/c++/11/bits/alloc_traits.h:848:7 @[ /usr/lib/gcc/aarch64-linux-gnu/11/../../../../include/c++/11/bits/stl_vector.h:680:2 @[ /opt/ros/humble/src/gtest_vendor/./src/gtest.cc:1349:3 ] ] ] ]. Skipping.
Found a loop without an exit block at /opt/ros/humble/src/gtest_vendor/./src/gtest.cc:1288:3. Skipping.
Found a loop without an exit block at /opt/ros/humble/src/gtest_vendor/./src/gtest.cc:1836:3. Skipping.
Found a loop without a preheader at /usr/lib/gcc/aarch64-linux-gnu/11/../../../../include/c++/11/bits/stl_construct.h:162:4 @[ /usr/lib/gcc/aarch64-linux-gnu/11/../../../../include/c++/11/bits/stl_construct.h:195:7 @[ /usr/lib/gcc/aarch64-linux-gnu/11/../../../../include/c++/11/bits/alloc_traits.h:848:7 @[ /usr/lib/gcc/aarch64-linux-gnu/11/../../../../include/c++/11/bits/stl_vector.h:680:2 @[ /opt/ros/humble/src/gtest_vendor/./src/gtest.cc:2033:1 ] ] ] ]. Skipping.
Found a loop without a preheader at /usr/lib/gcc/aarch64-linux-gnu/11/../../../../include/c++/11/bits/stl_construct.h:162:4 @[ /usr/lib/gcc/aarch64-linux-gnu/11/../../../../include/c++/11/bits/stl_construct.h:195:7 @[ /usr/lib/gcc/aarch64-linux-gnu/11/../../../../include/c++/11/bits/alloc_traits.h:848:7 @[ /usr/lib/gcc/aarch64-linux-gnu/11/../../../../include/c++/11/bits/stl_vector.h:680:2 ] ] ]. Skipping.
Found a loop without a preheader at /usr/lib/gcc/aarch64-linux-gnu/11/../../../../include/c++/11/bits/stl_construct.h:162:4 @[ /usr/lib/gcc/aarch64-linux-gnu/11/../../../../include/c++/11/bits/stl_construct.h:195:7 @[ /usr/lib/gcc/aarch64-linux-gnu/11/../../../../include/c++/11/bits/alloc_traits.h:848:7 @[ /usr/lib/gcc/aarch64-linux-gnu/11/../../../../include/c++/11/bits/stl_vector.h:1796:6 @[ /usr/lib/gcc/aarch64-linux-gnu/11/../../../../include/c++/11/bits/stl_vector.h:1499:9 @[ /opt/ros/humble/src/gtest_vendor/./src/gtest.cc:2055:22 ] ] ] ] ]. Skipping.
Found a loop without a preheader at /usr/lib/gcc/aarch64-linux-gnu/11/../../../../include/c++/11/bits/stl_construct.h:162:4 @[ /usr/lib/gcc/aarch64-linux-gnu/11/../../../../include/c++/11/bits/stl_construct.h:195:7 @[ /usr/lib/gcc/aarch64-linux-gnu/11/../../../../include/c++/11/bits/alloc_traits.h:848:7 @[ /usr/lib/gcc/aarch64-linux-gnu/11/../../../../include/c++/11/bits/stl_vector.h:680:2 @[ /opt/ros/humble/src/gtest_vendor/./src/gtest.cc:2178:3 ] ] ] ]. Skipping.
Found a loop without an exit block at /opt/ros/humble/src/gtest_vendor/./src/gtest.cc:2149:3 @[ /opt/ros/humble/src/gtest_vendor/./src/gtest.cc:2167:30 @[ /opt/ros/humble/src/gtest_vendor/./src/gtest.cc:2178:10 ] ]. Skipping.
Found a loop without a preheader at /usr/lib/gcc/aarch64-linux-gnu/11/../../../../include/c++/11/bits/stl_construct.h:162:4 @[ /usr/lib/gcc/aarch64-linux-gnu/11/../../../../include/c++/11/bits/stl_construct.h:195:7 @[ /usr/lib/gcc/aarch64-linux-gnu/11/../../../../include/c++/11/bits/alloc_traits.h:848:7 @[ /usr/lib/gcc/aarch64-linux-gnu/11/../../../../include/c++/11/bits/stl_vector.h:1796:6 @[ /usr/lib/gcc/aarch64-linux-gnu/11/../../../../include/c++/11/bits/stl_vector.h:1499:9 @[ /opt/ros/humble/src/gtest_vendor/./src/gtest.cc:2185:20 ] ] ] ] ]. Skipping.
Found a loop without a preheader at /usr/lib/gcc/aarch64-linux-gnu/11/../../../../include/c++/11/bits/stl_construct.h:162:4 @[ /usr/lib/gcc/aarch64-linux-gnu/11/../../../../include/c++/11/bits/stl_construct.h:195:7 @[ /usr/lib/gcc/aarch64-linux-gnu/11/../../../../include/c++/11/bits/alloc_traits.h:848:7 @[ /usr/lib/gcc/aarch64-linux-gnu/11/../../../../include/c++/11/bits/stl_vector.h:1796:6 @[ /usr/lib/gcc/aarch64-linux-gnu/11/../../../../include/c++/11/bits/stl_vector.h:1499:9 @[ /opt/ros/humble/src/gtest_vendor/./src/gtest.cc:2184:22 ] ] ] ] ]. Skipping.
Found a loop without an exit block at /opt/ros/humble/src/gtest_vendor/./src/gtest.cc:2202:3 @[ /opt/ros/humble/src/gtest_vendor/./src/gtest.cc:2197:11 ]. Skipping.
Found a loop without an exit block at /opt/ros/humble/src/gtest_vendor/./src/gtest.cc:2202:3. Skipping.
Found a loop without an exit block at /opt/ros/humble/src/gtest_vendor/./src/gtest.cc:2202:3 @[ /opt/ros/humble/src/gtest_vendor/./src/gtest.cc:2197:11 @[ /opt/ros/humble/src/gtest_vendor/./src/gtest.cc:2533:62 ] ]. Skipping.
Found a loop without a preheader at /opt/ros/humble/src/gtest_vendor/include/gtest/internal/gtest-param-util.h:698:5 @[ /opt/ros/humble/src/gtest_vendor/./src/gtest.cc:2648:34 ]. Skipping.
Found a loop without a preheader at /usr/lib/gcc/aarch64-linux-gnu/11/../../../../include/c++/11/bits/stl_algo.h:3819:7 @[ /opt/ros/humble/src/gtest_vendor/./src/gtest-internal-inl.h:294:3 @[ /opt/ros/humble/src/gtest_vendor/./src/gtest.cc:2770:3 ] ]. Skipping.
Found a loop without a preheader at /usr/lib/gcc/aarch64-linux-gnu/11/../../../../include/c++/11/bits/stl_algo.h:3819:7 @[ /opt/ros/humble/src/gtest_vendor/./src/gtest-internal-inl.h:294:3 @[ /opt/ros/humble/src/gtest_vendor/./src/gtest.cc:2837:3 ] ]. Skipping.
Found a loop without an exit block at /opt/ros/humble/src/gtest_vendor/./src/gtest.cc:2202:3 @[ /opt/ros/humble/src/gtest_vendor/./src/gtest.cc:3245:27 ]. Skipping.
Found a loop without an exit block at /opt/ros/humble/src/gtest_vendor/./src/gtest.cc:2202:3 @[ /opt/ros/humble/src/gtest_vendor/./src/gtest.cc:2197:11 @[ /opt/ros/humble/src/gtest_vendor/./src/gtest.cc:3239:34 ] ]. Skipping.
Found a loop without an exit block at /opt/ros/humble/src/gtest_vendor/./src/gtest.cc:2202:3 @[ /opt/ros/humble/src/gtest_vendor/include/gtest/gtest.h:578:47 ]. Skipping.
Found a loop without an exit block at /opt/ros/humble/src/gtest_vendor/./src/gtest.cc:2202:3 @[ /opt/ros/humble/src/gtest_vendor/./src/gtest.cc:2197:11 @[ /opt/ros/humble/src/gtest_vendor/include/gtest/gtest.h:578:33 ] ]. Skipping.
Found a loop without a preheader at /opt/ros/humble/src/gtest_vendor/./src/gtest.cc:3295:3. Skipping.
Found a loop without an exit block at /opt/ros/humble/src/gtest_vendor/./src/gtest.cc:361:3 @[ /opt/ros/humble/src/gtest_vendor/./src/gtest.cc:780:10 @[ /opt/ros/humble/src/gtest_vendor/./src/gtest.cc:4672:58 @[ /opt/ros/humble/src/gtest_vendor/./src/gtest.cc:3290:43 ] ] ]. Skipping.
Found a loop without an exit block at /opt/ros/humble/src/gtest_vendor/./src/gtest.cc:361:3 @[ /opt/ros/humble/src/gtest_vendor/./src/gtest.cc:780:10 @[ /opt/ros/humble/src/gtest_vendor/./src/gtest.cc:4672:58 ] ]. Skipping.
Found a loop without a preheader at /opt/ros/humble/src/gtest_vendor/./src/gtest.cc:3320:3. Skipping.
Found a loop without an exit block at /opt/ros/humble/src/gtest_vendor/./src/gtest.cc:361:3 @[ /opt/ros/humble/src/gtest_vendor/./src/gtest.cc:780:10 @[ /opt/ros/humble/src/gtest_vendor/./src/gtest.cc:4672:58 @[ /opt/ros/humble/src/gtest_vendor/./src/gtest.cc:3360:45 ] ] ]. Skipping.
Found a loop without an exit block at /opt/ros/humble/src/gtest_vendor/./src/gtest.cc:361:3 @[ /opt/ros/humble/src/gtest_vendor/./src/gtest.cc:780:10 @[ /opt/ros/humble/src/gtest_vendor/./src/gtest.cc:4672:58 @[ /opt/ros/humble/src/gtest_vendor/./src/gtest.cc:3358:32 ] ] ]. Skipping.
Found a loop without a preheader at /opt/ros/humble/src/gtest_vendor/./src/gtest.cc:361:3 @[ /opt/ros/humble/src/gtest_vendor/./src/gtest.cc:770:10 @[ /opt/ros/humble/src/gtest_vendor/./src/gtest.cc:4663:18 @[ /opt/ros/humble/src/gtest_vendor/./src/gtest.cc:3349:45 ] ] ]. Skipping.
Found a loop without a preheader at /opt/ros/humble/src/gtest_vendor/./src/gtest.cc:361:3 @[ /opt/ros/humble/src/gtest_vendor/./src/gtest.cc:770:10 @[ /opt/ros/humble/src/gtest_vendor/./src/gtest.cc:4663:18 ] ]. Skipping.
Found a loop without a preheader at /usr/lib/gcc/aarch64-linux-gnu/11/../../../../include/c++/11/bits/stl_algo.h:3819:7 @[ /opt/ros/humble/src/gtest_vendor/./src/gtest-internal-inl.h:294:3 @[ /opt/ros/humble/src/gtest_vendor/./src/gtest.cc:3432:3 ] ]. Skipping.
Found a loop without an exit block at /opt/ros/humble/src/gtest_vendor/./src/gtest.cc:3440:3. Skipping.
Found a loop without a preheader at /opt/ros/humble/src/gtest_vendor/./src/gtest.cc:3471:1. Skipping.
Found a loop without a preheader at /opt/ros/humble/src/gtest_vendor/./src/gtest.cc:3472:1. Skipping.
Found a loop without a preheader at /opt/ros/humble/src/gtest_vendor/./src/gtest.cc:3475:1. Skipping.
Found a loop without a preheader at /opt/ros/humble/src/gtest_vendor/./src/gtest.cc:3477:1. Skipping.
Found a loop without a preheader at /opt/ros/humble/src/gtest_vendor/./src/gtest.cc:3478:1. Skipping.
Found a loop without a preheader at /opt/ros/humble/src/gtest_vendor/./src/gtest.cc:3479:1. Skipping.
Found a loop without a preheader at /opt/ros/humble/src/gtest_vendor/./src/gtest.cc:3480:1. Skipping.
Found a loop without a preheader at /opt/ros/humble/src/gtest_vendor/./src/gtest.cc:3497:5. Skipping.
Found a loop without a preheader at /opt/ros/humble/src/gtest_vendor/./src/gtest.cc:3916:3. Skipping.
Found a loop without an exit block at /opt/ros/humble/src/gtest_vendor/./src/gtest.cc:361:3 @[ /opt/ros/humble/src/gtest_vendor/./src/gtest.cc:780:10 @[ /opt/ros/humble/src/gtest_vendor/./src/gtest.cc:4672:58 @[ /opt/ros/humble/src/gtest_vendor/./src/gtest.cc:3896:51 ] ] ]. Skipping.
Found a loop without a preheader at /opt/ros/humble/src/gtest_vendor/./src/gtest.cc:3939:3. Skipping.
Found a loop without an exit block at /opt/ros/humble/src/gtest_vendor/./src/gtest.cc:3638:3. Skipping.
Found a loop without an exit block at /opt/ros/humble/src/gtest_vendor/./src/gtest.cc:3684:3. Skipping.
Found a loop without a preheader at /opt/ros/humble/src/gtest_vendor/./src/gtest.cc:3752:9. Skipping.
Found a loop without a preheader at /usr/lib/gcc/aarch64-linux-gnu/11/../../../../include/c++/11/bits/stl_construct.h:162:4 @[ /usr/lib/gcc/aarch64-linux-gnu/11/../../../../include/c++/11/bits/stl_construct.h:195:7 @[ /usr/lib/gcc/aarch64-linux-gnu/11/../../../../include/c++/11/bits/alloc_traits.h:848:7 @[ /usr/lib/gcc/aarch64-linux-gnu/11/../../../../include/c++/11/bits/stl_vector.h:680:2 @[ /opt/ros/humble/src/gtest_vendor/./src/gtest.cc:3779:1 ] ] ] ]. Skipping.
Found a loop without an exit block at /opt/ros/humble/src/gtest_vendor/./src/gtest.cc:3825:3. Skipping.
Found a loop without an exit block at /opt/ros/humble/src/gtest_vendor/./src/gtest.cc:2202:3 @[ /opt/ros/humble/src/gtest_vendor/./src/gtest.cc:2197:11 @[ /opt/ros/humble/src/gtest_vendor/./src/gtest.cc:3815:36 ] ]. Skipping.
Found a loop without an exit block at /opt/ros/humble/src/gtest_vendor/./src/gtest.cc:3968:3. Skipping.
Found a loop without an exit block at /opt/ros/humble/src/gtest_vendor/./src/gtest.cc:3878:3. Skipping.
Found a loop without a preheader at /opt/ros/humble/src/gtest_vendor/./src/gtest-internal-inl.h:284:3 @[ /opt/ros/humble/src/gtest_vendor/./src/gtest.cc:2724:10 @[ /opt/ros/humble/src/gtest_vendor/./src/gtest.cc:3868:39 ] ]. Skipping.
Found a loop without a preheader at /opt/ros/humble/src/gtest_vendor/./src/gtest-internal-inl.h:284:3 @[ /opt/ros/humble/src/gtest_vendor/./src/gtest.cc:2719:10 @[ /opt/ros/humble/src/gtest_vendor/./src/gtest.cc:3865:54 ] ]. Skipping.
Found a loop without an exit block at /opt/ros/humble/src/gtest_vendor/./src/gtest.cc:3950:3. Skipping.
Found a loop without a preheader at /opt/ros/humble/src/gtest_vendor/./src/gtest.cc:4301:3. Skipping.
Found a loop without an exit block at /opt/ros/humble/src/gtest_vendor/./src/gtest.cc:361:3 @[ /opt/ros/humble/src/gtest_vendor/./src/gtest.cc:780:10 @[ /opt/ros/humble/src/gtest_vendor/./src/gtest.cc:4672:58 @[ /opt/ros/humble/src/gtest_vendor/./src/gtest.cc:4278:60 ] ] ]. Skipping.
Found a loop without an exit block at /opt/ros/humble/src/gtest_vendor/./src/gtest.cc:4055:3. Skipping.
Found a loop without a preheader at /usr/lib/gcc/aarch64-linux-gnu/11/../../../../include/c++/11/bits/stl_construct.h:162:4 @[ /usr/lib/gcc/aarch64-linux-gnu/11/../../../../include/c++/11/bits/stl_construct.h:195:7 @[ /usr/lib/gcc/aarch64-linux-gnu/11/../../../../include/c++/11/bits/alloc_traits.h:848:7 @[ /usr/lib/gcc/aarch64-linux-gnu/11/../../../../include/c++/11/bits/stl_vector.h:680:2 @[ /opt/ros/humble/src/gtest_vendor/./src/gtest.cc:4138:1 ] ] ] ]. Skipping.
Found a loop without a preheader at /usr/lib/gcc/aarch64-linux-gnu/11/../../../../include/c++/11/bits/stl_construct.h:162:4 @[ /usr/lib/gcc/aarch64-linux-gnu/11/../../../../include/c++/11/bits/stl_construct.h:195:7 @[ /usr/lib/gcc/aarch64-linux-gnu/11/../../../../include/c++/11/bits/alloc_traits.h:848:7 @[ /usr/lib/gcc/aarch64-linux-gnu/11/../../../../include/c++/11/bits/stl_vector.h:680:2 @[ /opt/ros/humble/src/gtest_vendor/./src/gtest.cc:4158:1 ] ] ] ]. Skipping.
Found a loop without an exit block at /opt/ros/humble/src/gtest_vendor/./src/gtest.cc:4203:3. Skipping.
Found a loop without an exit block at /opt/ros/humble/src/gtest_vendor/./src/gtest.cc:2202:3 @[ /opt/ros/humble/src/gtest_vendor/./src/gtest.cc:2197:11 @[ /opt/ros/humble/src/gtest_vendor/./src/gtest.cc:4190:31 ] ]. Skipping.
Found a loop without an exit block at /opt/ros/humble/src/gtest_vendor/./src/gtest.cc:4345:3. Skipping.
Found a loop without an exit block at /opt/ros/humble/src/gtest_vendor/./src/gtest.cc:4256:3. Skipping.
Found a loop without a preheader at /opt/ros/humble/src/gtest_vendor/./src/gtest-internal-inl.h:284:3 @[ /opt/ros/humble/src/gtest_vendor/./src/gtest.cc:2724:10 @[ /opt/ros/humble/src/gtest_vendor/./src/gtest.cc:4240:30 ] ]. Skipping.
Found a loop without a preheader at /opt/ros/humble/src/gtest_vendor/./src/gtest-internal-inl.h:284:3 @[ /opt/ros/humble/src/gtest_vendor/./src/gtest.cc:2719:10 @[ /opt/ros/humble/src/gtest_vendor/./src/gtest.cc:4238:30 ] ]. Skipping.
Found a loop without a preheader at /opt/ros/humble/src/gtest_vendor/./src/gtest.cc:4329:3. Skipping.
Found a loop without an exit block at /opt/ros/humble/src/gtest_vendor/./src/gtest.cc:4365:3. Skipping.
Found a loop without a preheader at /opt/ros/humble/src/gtest_vendor/./src/gtest.cc:4401:3. Skipping.
Found a loop without an exit block at /opt/ros/humble/src/gtest_vendor/./src/gtest.cc:3440:3 @[ /opt/ros/humble/src/gtest_vendor/./src/gtest.cc:4554:21 ]. Skipping.
Found a loop without an exit block at /opt/ros/humble/src/gtest_vendor/./src/gtest.cc:3440:3 @[ /opt/ros/humble/src/gtest_vendor/./src/gtest.cc:4554:21 @[ /opt/ros/humble/src/gtest_vendor/./src/gtest.cc:4570:12 ] ]. Skipping.
Found a loop without an exit block at /opt/ros/humble/src/gtest_vendor/./src/gtest.cc:3440:3 @[ /opt/ros/humble/src/gtest_vendor/./src/gtest.cc:4554:21 @[ /opt/ros/humble/src/gtest_vendor/./src/gtest.cc:4585:12 ] ]. Skipping.
Found a loop without a preheader at /opt/ros/humble/src/gtest_vendor/./src/gtest-internal-inl.h:284:3 @[ /opt/ros/humble/src/gtest_vendor/./src/gtest.cc:749:10 @[ /opt/ros/humble/src/gtest_vendor/./src/gtest.cc:4626:18 ] ]. Skipping.
Found a loop without a preheader at /opt/ros/humble/src/gtest_vendor/./src/gtest-internal-inl.h:284:3 @[ /opt/ros/humble/src/gtest_vendor/./src/gtest.cc:754:10 @[ /opt/ros/humble/src/gtest_vendor/./src/gtest.cc:4631:18 ] ]. Skipping.
Found a loop without a preheader at /opt/ros/humble/src/gtest_vendor/./src/gtest-internal-inl.h:284:3 @[ /opt/ros/humble/src/gtest_vendor/./src/gtest.cc:749:10 @[ /opt/ros/humble/src/gtest_vendor/./src/gtest.cc:4648:18 ] ]. Skipping.
Found a loop without a preheader at /opt/ros/humble/src/gtest_vendor/./src/gtest-internal-inl.h:284:3 @[ /opt/ros/humble/src/gtest_vendor/./src/gtest.cc:754:10 @[ /opt/ros/humble/src/gtest_vendor/./src/gtest.cc:4651:18 ] ]. Skipping.
Found a loop without an exit block at /opt/ros/humble/src/gtest_vendor/./src/gtest.cc:2202:3 @[ /opt/ros/humble/src/gtest_vendor/./src/gtest-internal-inl.h:587:67 ]. Skipping.
Found a loop without a preheader at /opt/ros/humble/src/gtest_vendor/./src/gtest-internal-inl.h:284:3 @[ /opt/ros/humble/src/gtest_vendor/./src/gtest.cc:754:10 @[ /opt/ros/humble/src/gtest_vendor/./src/gtest-internal-inl.h:587:12 ] ]. Skipping.
Found a loop without an exit block at /opt/ros/humble/src/gtest_vendor/./src/gtest.cc:5293:3. Skipping.
Found a loop without an exit block at /opt/ros/humble/src/gtest_vendor/./src/gtest.cc:3440:3 @[ /opt/ros/humble/src/gtest_vendor/./src/gtest.cc:4554:21 @[ /opt/ros/humble/src/gtest_vendor/./src/gtest.cc:4570:12 @[ /opt/ros/humble/src/gtest_vendor/./src/gtest.cc:5025:16 ] ] ]. Skipping.
Found a loop without a preheader at /opt/ros/humble/src/gtest_vendor/include/gtest/internal/gtest-param-util.h:661:5. Skipping.
Found a loop without a preheader at /opt/ros/humble/src/gtest_vendor/include/gtest/internal/gtest-param-util.h:661:5 @[ /opt/ros/humble/src/gtest_vendor/./src/gtest.cc:5036:1 ]. Skipping.
Found a loop without a preheader at /usr/lib/gcc/aarch64-linux-gnu/11/../../../../include/c++/11/bits/stl_algo.h:3819:7 @[ /opt/ros/humble/src/gtest_vendor/./src/gtest-internal-inl.h:294:3 @[ /opt/ros/humble/src/gtest_vendor/./src/gtest.cc:5033:3 ] ]. Skipping.
Found a loop without a preheader at /usr/lib/gcc/aarch64-linux-gnu/11/../../../../include/c++/11/bits/stl_algo.h:3819:7 @[ /opt/ros/humble/src/gtest_vendor/./src/gtest-internal-inl.h:294:3 @[ /opt/ros/humble/src/gtest_vendor/./src/gtest.cc:5030:3 ] ]. Skipping.
Found a loop without an exit block at /opt/ros/humble/src/gtest_vendor/./src/gtest.cc:3440:3 @[ /opt/ros/humble/src/gtest_vendor/./src/gtest.cc:4554:21 @[ /opt/ros/humble/src/gtest_vendor/./src/gtest.cc:4585:12 @[ /opt/ros/humble/src/gtest_vendor/./src/gtest.cc:5074:18 ] ] ]. Skipping.
Found a loop without an exit block at /opt/ros/humble/src/gtest_vendor/./src/gtest.cc:3440:3 @[ /opt/ros/humble/src/gtest_vendor/./src/gtest.cc:4554:21 @[ /opt/ros/humble/src/gtest_vendor/./src/gtest.cc:4585:12 @[ /opt/ros/humble/src/gtest_vendor/./src/gtest.cc:5077:18 ] ] ]. Skipping.
Found a loop without a preheader at /opt/ros/humble/src/gtest_vendor/include/gtest/internal/gtest-param-util.h:698:5 @[ /opt/ros/humble/src/gtest_vendor/./src/gtest.cc:2648:34 @[ /opt/ros/humble/src/gtest_vendor/./src/gtest.cc:5126:5 ] ]. Skipping.
Found a loop without a preheader at /opt/ros/humble/src/gtest_vendor/./src/gtest.cc:503:3 @[ /opt/ros/humble/src/gtest_vendor/./src/gtest.cc:5197:7 ]. Skipping.
Found a loop without a preheader at /usr/lib/gcc/aarch64-linux-gnu/11/../../../../include/c++/11/bits/stl_construct.h:162:4 @[ /usr/lib/gcc/aarch64-linux-gnu/11/../../../../include/c++/11/bits/stl_construct.h:195:7 @[ /usr/lib/gcc/aarch64-linux-gnu/11/../../../../include/c++/11/bits/alloc_traits.h:848:7 @[ /usr/lib/gcc/aarch64-linux-gnu/11/../../../../include/c++/11/bits/stl_vector.h:680:2 @[ /opt/ros/humble/src/gtest_vendor/./src/gtest.cc:353:36 ] ] ] ]. Skipping.
Found a loop without an exit block at /opt/ros/humble/src/gtest_vendor/./src/gtest.cc:5504:3. Skipping.
Found a loop without a preheader at /opt/ros/humble/src/gtest_vendor/./src/gtest.cc:5570:3. Skipping.
Found a loop without a preheader at /opt/ros/humble/src/gtest_vendor/./src/gtest.cc:5668:3. Skipping.
Found a loop without an exit block at /opt/ros/humble/src/gtest_vendor/./src/gtest.cc:5997:3. Skipping.
Found a loop without an exit block at /opt/ros/humble/src/gtest_vendor/./src/gtest.cc:5997:3. Skipping.
Found a loop without an exit block at /opt/ros/humble/src/gtest_vendor/./src/gtest.cc:6079:3. Skipping.
Found a loop without a preheader at /usr/lib/gcc/aarch64-linux-gnu/11/../../../../include/c++/11/bits/stl_construct.h:162:4 @[ /usr/lib/gcc/aarch64-linux-gnu/11/../../../../include/c++/11/bits/stl_construct.h:195:7 @[ /usr/lib/gcc/aarch64-linux-gnu/11/../../../../include/c++/11/bits/alloc_traits.h:848:7 @[ /usr/lib/gcc/aarch64-linux-gnu/11/../../../../include/c++/11/bits/stl_vector.h:1796:6 @[ /usr/lib/gcc/aarch64-linux-gnu/11/../../../../include/c++/11/bits/stl_vector.h:1499:9 @[ /opt/ros/humble/src/gtest_vendor/./src/gtest.cc:6078:11 ] ] ] ] ]. Skipping.
Found a loop without an exit block at /opt/ros/humble/src/gtest_vendor/./src/gtest.cc:6079:3. Skipping.
Found a loop without a preheader at /usr/lib/gcc/aarch64-linux-gnu/11/../../../../include/c++/11/bits/stl_construct.h:162:4 @[ /usr/lib/gcc/aarch64-linux-gnu/11/../../../../include/c++/11/bits/stl_construct.h:195:7 @[ /usr/lib/gcc/aarch64-linux-gnu/11/../../../../include/c++/11/bits/alloc_traits.h:848:7 @[ /usr/lib/gcc/aarch64-linux-gnu/11/../../../../include/c++/11/bits/stl_vector.h:1796:6 @[ /usr/lib/gcc/aarch64-linux-gnu/11/../../../../include/c++/11/bits/stl_vector.h:1499:9 @[ /opt/ros/humble/src/gtest_vendor/./src/gtest.cc:6078:11 ] ] ] ] ]. Skipping.
Found a loop without an exit block at /opt/ros/humble/src/gtest_vendor/./src/gtest-death-test.cc:498:3. Skipping.
Found a loop without an exit block at /opt/ros/humble/src/gtest_vendor/./src/gtest-death-test.cc:351:3 @[ /opt/ros/humble/src/gtest_vendor/./src/gtest-death-test.cc:487:9 ]. Skipping.
Found a loop without an exit block at /opt/ros/humble/src/gtest_vendor/./src/gtest-death-test.cc:469:3. Skipping.
Found a loop without an exit block at /opt/ros/humble/src/gtest_vendor/./src/gtest-death-test.cc:518:3. Skipping.
Found a loop without an exit block at /opt/ros/humble/src/gtest_vendor/./src/gtest-death-test.cc:535:3. Skipping.
Found a loop without an exit block at /opt/ros/humble/src/gtest_vendor/./src/gtest-death-test.cc:1103:3. Skipping.
Found a loop without a preheader at /opt/ros/humble/src/gtest_vendor/./src/gtest-death-test.cc:1143:5. Skipping.
Found a loop without an exit block at /opt/ros/humble/src/gtest_vendor/./src/gtest-death-test.cc:1155:5. Skipping.
Found a loop without a preheader at /opt/ros/humble/src/gtest_vendor/./src/gtest-port.cc:107:3 @[ /opt/ros/humble/src/gtest_vendor/./src/gtest-port.cc:120:10 ]. Skipping.
Found a loop without a preheader at /opt/ros/humble/src/gtest_vendor/./src/gtest-death-test.cc:1196:5 @[ /opt/ros/humble/src/gtest_vendor/./src/gtest-death-test.cc:1457:1 ]. Skipping.
Found a loop without an exit block at /opt/ros/humble/src/gtest_vendor/./src/gtest-death-test.cc:1452:3. Skipping.
Found a loop without an exit block at /opt/ros/humble/src/gtest_vendor/./src/gtest-death-test.cc:1401:3 @[ /opt/ros/humble/src/gtest_vendor/./src/gtest-death-test.cc:1451:27 ]. Skipping.
Found a loop without an exit block at /opt/ros/humble/src/gtest_vendor/./src/gtest-death-test.cc:1358:3 @[ /opt/ros/humble/src/gtest_vendor/./src/gtest-death-test.cc:1451:27 ]. Skipping.
Found a loop without a preheader at /usr/lib/gcc/aarch64-linux-gnu/11/../../../../include/c++/11/bits/stl_construct.h:162:4 @[ /usr/lib/gcc/aarch64-linux-gnu/11/../../../../include/c++/11/bits/stl_construct.h:195:7 @[ /usr/lib/gcc/aarch64-linux-gnu/11/../../../../include/c++/11/bits/alloc_traits.h:848:7 @[ /usr/lib/gcc/aarch64-linux-gnu/11/../../../../include/c++/11/bits/stl_vector.h:680:2 @[ /opt/ros/humble/src/gtest_vendor/./src/gtest-death-test.cc:1440:3 ] ] ] ]. Skipping.
Found a loop without an exit block at /opt/ros/humble/src/gtest_vendor/./src/gtest-death-test.cc:1207:5. Skipping.
Found a loop without a preheader at /opt/ros/humble/src/gtest_vendor/./src/gtest-death-test.cc:1196:5. Skipping.
Found a loop without a preheader at /usr/lib/gcc/aarch64-linux-gnu/11/../../../../include/c++/11/bits/stl_construct.h:162:4 @[ /usr/lib/gcc/aarch64-linux-gnu/11/../../../../include/c++/11/bits/stl_construct.h:195:7 @[ /usr/lib/gcc/aarch64-linux-gnu/11/../../../../include/c++/11/bits/alloc_traits.h:848:7 @[ /usr/lib/gcc/aarch64-linux-gnu/11/../../../../include/c++/11/bits/stl_vector.h:680:2 @[ /opt/ros/humble/src/gtest_vendor/./src/gtest-death-test.cc:1647:1 ] ] ] ]. Skipping.
Found a loop without a preheader at /opt/ros/humble/src/gtest_vendor/./src/gtest-filepath.cc:358:3. Skipping.
Found a loop without a preheader at /usr/lib/gcc/aarch64-linux-gnu/11/../../../../include/c++/11/bits/stl_construct.h:162:4 @[ /usr/lib/gcc/aarch64-linux-gnu/11/../../../../include/c++/11/bits/stl_construct.h:195:7 @[ /usr/lib/gcc/aarch64-linux-gnu/11/../../../../include/c++/11/bits/alloc_traits.h:848:7 @[ /usr/lib/gcc/aarch64-linux-gnu/11/../../../../include/c++/11/bits/stl_vector.h:680:2 @[ /opt/ros/humble/src/gtest_vendor/./src/gtest-port.cc:1247:43 ] ] ] ]. Skipping.
Found a loop without a preheader at /usr/lib/gcc/aarch64-linux-gnu/11/../../../../include/c++/11/bits/stl_construct.h:162:4 @[ /usr/lib/gcc/aarch64-linux-gnu/11/../../../../include/c++/11/bits/stl_construct.h:195:7 @[ /usr/lib/gcc/aarch64-linux-gnu/11/../../../../include/c++/11/bits/alloc_traits.h:848:7 @[ /usr/lib/gcc/aarch64-linux-gnu/11/../../../../include/c++/11/bits/stl_vector.h:680:2 @[ /opt/ros/humble/src/gtest_vendor/./src/gtest-port.cc:1247:43 @[ /opt/ros/humble/src/gtest_vendor/./src/gtest-port.cc:1252:3 ] ] ] ] ]. Skipping.
Found a loop without a preheader at /usr/lib/gcc/aarch64-linux-gnu/11/../../../../include/c++/11/bits/stl_construct.h:162:4 @[ /usr/lib/gcc/aarch64-linux-gnu/11/../../../../include/c++/11/bits/stl_construct.h:195:7 @[ /usr/lib/gcc/aarch64-linux-gnu/11/../../../../include/c++/11/bits/alloc_traits.h:848:7 @[ /usr/lib/gcc/aarch64-linux-gnu/11/../../../../include/c++/11/bits/stl_vector.h:680:2 @[ /opt/ros/humble/src/gtest_vendor/./src/gtest-port.cc:1257:3 ] ] ] ]. Skipping.
Found a loop without a preheader at /opt/ros/humble/src/gtest_vendor/./src/gtest-port.cc:1279:3. Skipping.
Found a loop without a preheader at /opt/ros/humble/src/gtest_vendor/./src/gtest-printers.cc:273:3. Skipping.
Found a loop without a preheader at /opt/ros/humble/src/gtest_vendor/./src/gtest-printers.cc:273:3. Skipping.
Found a loop without a preheader at /opt/ros/humble/src/gtest_vendor/./src/gtest-printers.cc:388:9 @[ /opt/ros/humble/src/gtest_vendor/./src/gtest-printers.cc:419:7 @[ /opt/ros/humble/src/gtest_vendor/./src/gtest-printers.cc:429:7 ] ]. Skipping.
Found a loop without a preheader at /opt/ros/humble/src/gtest_vendor/./src/gtest-printers.cc:364:3 @[ /opt/ros/humble/src/gtest_vendor/./src/gtest-printers.cc:418:8 @[ /opt/ros/humble/src/gtest_vendor/./src/gtest-printers.cc:429:7 ] ]. Skipping.
Found a loop without a preheader at /usr/lib/gcc/aarch64-linux-gnu/11/../../../../include/c++/11/bits/stl_construct.h:162:4 @[ /usr/lib/gcc/aarch64-linux-gnu/11/../../../../include/c++/11/bits/stl_construct.h:195:7 @[ /usr/lib/gcc/aarch64-linux-gnu/11/../../../../include/c++/11/bits/alloc_traits.h:848:7 @[ /usr/lib/gcc/aarch64-linux-gnu/11/../../../../include/c++/11/bits/stl_vector.h:680:2 @[ /opt/ros/humble/src/gtest_vendor/./src/gtest-typed-test.cc:113:1 ] ] ] ]. Skipping.
Found a loop without a preheader at /opt/ros/humble/src/gtest_vendor/./src/gtest-typed-test.cc:96:3. Skipping.
Found a loop without an exit block at /opt/ros/humble/src/gtest_vendor/./src/gtest-typed-test.cc:70:3. Skipping.
Found a loop without an exit block at /opt/ros/humble/src/gtest_vendor/./src/gtest-typed-test.cc:51:3 @[ /opt/ros/humble/src/gtest_vendor/./src/gtest-typed-test.cc:65:39 ]. Skipping.
Found a loop without a preheader at /usr/lib/gcc/aarch64-linux-gnu/11/../../../../include/c++/11/bits/stl_tree.h:1887:7. Skipping.
Found a loop without a preheader at /usr/lib/gcc/aarch64-linux-gnu/11/../../../../include/c++/11/bits/stl_uninitialized.h:91:8. Skipping.
Found a loop without a preheader at /usr/lib/gcc/aarch64-linux-gnu/11/../../../../include/c++/11/bits/stl_construct.h:162:4 @[ /usr/lib/gcc/aarch64-linux-gnu/11/../../../../include/c++/11/bits/stl_construct.h:195:7 ]. Skipping.
Found a loop without a preheader at /opt/ros/humble/src/gtest_vendor/./src/gtest-internal-inl.h:284:3 @[ /opt/ros/humble/src/gtest_vendor/./src/gtest.cc:2719:10 @[ /opt/ros/humble/src/gtest_vendor/include/gtest/gtest.h:892:32 @[ /opt/ros/humble/src/gtest_vendor/include/gtest/gtest.h:889:33 @[ /opt/ros/humble/src/gtest_vendor/./src/gtest-internal-inl.h:1165:63 ] ] ] ]. Skipping.
Found a loop without an exit block at /opt/ros/humble/src/gtest_vendor/./src/gtest-death-test.cc:1248:3. Skipping.
Found a loop without a preheader at /opt/ros/humble/src/gtest_vendor/./src/gtest-printers.cc:67:3. Skipping.
Found a loop without a preheader at /usr/lib/gcc/aarch64-linux-gnu/11/../../../../include/c++/11/bits/stl_tree.h:1887:7. Skipping.
Found a loop without a preheader at /usr/lib/gcc/aarch64-linux-gnu/11/../../../../include/c++/11/bits/stl_uninitialized.h:91:8. Skipping.
Found a loop without a preheader at /usr/lib/gcc/aarch64-linux-gnu/11/../../../../include/c++/11/bits/stl_uninitialized.h:1031:7 @[ /usr/lib/gcc/aarch64-linux-gnu/11/../../../../include/c++/11/bits/stl_uninitialized.h:1046:14 @[ /usr/lib/gcc/aarch64-linux-gnu/11/../../../../include/c++/11/bits/stl_vector.h:456:9 @[ /usr/lib/gcc/aarch64-linux-gnu/11/../../../../include/c++/11/bits/stl_vector.h:469:9 @[ /usr/lib/gcc/aarch64-linux-gnu/11/../../../../include/c++/11/bits/vector.tcc:466:23 ] ] ] ]. Skipping.
Found a loop without a preheader at /usr/lib/gcc/aarch64-linux-gnu/11/../../../../include/c++/11/bits/stl_uninitialized.h:1031:7 @[ /usr/lib/gcc/aarch64-linux-gnu/11/../../../../include/c++/11/bits/stl_uninitialized.h:1046:14 @[ /usr/lib/gcc/aarch64-linux-gnu/11/../../../../include/c++/11/bits/stl_vector.h:456:9 @[ /usr/lib/gcc/aarch64-linux-gnu/11/../../../../include/c++/11/bits/stl_vector.h:469:9 @[ /usr/lib/gcc/aarch64-linux-gnu/11/../../../../include/c++/11/bits/vector.tcc:461:23 ] ] ] ]. Skipping.
Found a loop without an exit block at /usr/lib/gcc/aarch64-linux-gnu/11/../../../../include/c++/11/bits/stl_uninitialized.h:236:8. Skipping.
Found a loop without a preheader at /usr/lib/gcc/aarch64-linux-gnu/11/../../../../include/c++/11/bits/stl_construct.h:162:4 @[ /usr/lib/gcc/aarch64-linux-gnu/11/../../../../include/c++/11/bits/stl_construct.h:195:7 ]. Skipping.
Found a loop without an exit block at /usr/lib/gcc/aarch64-linux-gnu/11/../../../../include/c++/11/bits/stl_uninitialized.h:236:8. Skipping.
Found a loop without a preheader at /usr/lib/gcc/aarch64-linux-gnu/11/../../../../include/c++/11/bits/stl_construct.h:162:4 @[ /usr/lib/gcc/aarch64-linux-gnu/11/../../../../include/c++/11/bits/stl_construct.h:195:7 ]. Skipping.
Found a loop without a preheader at /usr/lib/gcc/aarch64-linux-gnu/11/../../../../include/c++/11/bits/stl_uninitialized.h:1031:7 @[ /usr/lib/gcc/aarch64-linux-gnu/11/../../../../include/c++/11/bits/stl_uninitialized.h:1046:14 @[ /usr/lib/gcc/aarch64-linux-gnu/11/../../../../include/c++/11/bits/stl_vector.h:456:9 @[ /usr/lib/gcc/aarch64-linux-gnu/11/../../../../include/c++/11/bits/stl_vector.h:469:9 @[ /usr/lib/gcc/aarch64-linux-gnu/11/../../../../include/c++/11/bits/vector.tcc:466:23 ] ] ] ]. Skipping.
Found a loop without a preheader at /usr/lib/gcc/aarch64-linux-gnu/11/../../../../include/c++/11/bits/stl_uninitialized.h:1031:7 @[ /usr/lib/gcc/aarch64-linux-gnu/11/../../../../include/c++/11/bits/stl_uninitialized.h:1046:14 @[ /usr/lib/gcc/aarch64-linux-gnu/11/../../../../include/c++/11/bits/stl_vector.h:456:9 @[ /usr/lib/gcc/aarch64-linux-gnu/11/../../../../include/c++/11/bits/stl_vector.h:469:9 @[ /usr/lib/gcc/aarch64-linux-gnu/11/../../../../include/c++/11/bits/vector.tcc:461:23 ] ] ] ]. Skipping.
Found a loop without a preheader at /usr/lib/gcc/aarch64-linux-gnu/11/../../../../include/c++/11/bits/stl_algobase.h:2067:7. Skipping.
Found a loop without a preheader at /usr/lib/gcc/aarch64-linux-gnu/11/../../../../include/c++/11/bits/stl_uninitialized.h:1031:7 @[ /usr/lib/gcc/aarch64-linux-gnu/11/../../../../include/c++/11/bits/stl_uninitialized.h:1046:14 @[ /usr/lib/gcc/aarch64-linux-gnu/11/../../../../include/c++/11/bits/stl_vector.h:456:9 @[ /usr/lib/gcc/aarch64-linux-gnu/11/../../../../include/c++/11/bits/stl_vector.h:469:9 @[ /usr/lib/gcc/aarch64-linux-gnu/11/../../../../include/c++/11/bits/vector.tcc:466:23 ] ] ] ]. Skipping.
Found a loop without a preheader at /usr/lib/gcc/aarch64-linux-gnu/11/../../../../include/c++/11/bits/stl_uninitialized.h:1031:7 @[ /usr/lib/gcc/aarch64-linux-gnu/11/../../../../include/c++/11/bits/stl_uninitialized.h:1046:14 @[ /usr/lib/gcc/aarch64-linux-gnu/11/../../../../include/c++/11/bits/stl_vector.h:456:9 @[ /usr/lib/gcc/aarch64-linux-gnu/11/../../../../include/c++/11/bits/stl_vector.h:469:9 @[ /usr/lib/gcc/aarch64-linux-gnu/11/../../../../include/c++/11/bits/vector.tcc:461:23 ] ] ] ]. Skipping.
Found a loop without an exit block at /usr/lib/gcc/aarch64-linux-gnu/11/../../../../include/c++/11/bits/stl_algobase.h:2067:7. Skipping.
Found a loop without a preheader at /usr/lib/gcc/aarch64-linux-gnu/11/../../../../include/c++/11/bits/stl_uninitialized.h:1031:7 @[ /usr/lib/gcc/aarch64-linux-gnu/11/../../../../include/c++/11/bits/stl_uninitialized.h:1046:14 @[ /usr/lib/gcc/aarch64-linux-gnu/11/../../../../include/c++/11/bits/stl_vector.h:456:9 @[ /usr/lib/gcc/aarch64-linux-gnu/11/../../../../include/c++/11/bits/stl_vector.h:469:9 @[ /usr/lib/gcc/aarch64-linux-gnu/11/../../../../include/c++/11/bits/vector.tcc:466:23 ] ] ] ]. Skipping.
Found a loop without a preheader at /usr/lib/gcc/aarch64-linux-gnu/11/../../../../include/c++/11/bits/stl_uninitialized.h:1031:7 @[ /usr/lib/gcc/aarch64-linux-gnu/11/../../../../include/c++/11/bits/stl_uninitialized.h:1046:14 @[ /usr/lib/gcc/aarch64-linux-gnu/11/../../../../include/c++/11/bits/stl_vector.h:456:9 @[ /usr/lib/gcc/aarch64-linux-gnu/11/../../../../include/c++/11/bits/stl_vector.h:469:9 @[ /usr/lib/gcc/aarch64-linux-gnu/11/../../../../include/c++/11/bits/vector.tcc:461:23 ] ] ] ]. Skipping.
Found a loop without a preheader at /usr/lib/gcc/aarch64-linux-gnu/11/../../../../include/c++/11/bits/stl_construct.h:162:4 @[ /usr/lib/gcc/aarch64-linux-gnu/11/../../../../include/c++/11/bits/stl_construct.h:195:7 @[ /usr/lib/gcc/aarch64-linux-gnu/11/../../../../include/c++/11/bits/alloc_traits.h:848:7 @[ /usr/lib/gcc/aarch64-linux-gnu/11/../../../../include/c++/11/bits/stl_vector.h:680:2 @[ /opt/ros/humble/src/gtest_vendor/include/gtest/internal/gtest-port.h:1764:9 ] ] ] ]. Skipping.
Found a loop without a preheader at /usr/lib/gcc/aarch64-linux-gnu/11/../../../../include/c++/11/bits/stl_construct.h:162:4 @[ /usr/lib/gcc/aarch64-linux-gnu/11/../../../../include/c++/11/bits/stl_construct.h:195:7 @[ /usr/lib/gcc/aarch64-linux-gnu/11/../../../../include/c++/11/bits/alloc_traits.h:848:7 @[ /usr/lib/gcc/aarch64-linux-gnu/11/../../../../include/c++/11/bits/stl_vector.h:680:2 @[ /opt/ros/humble/src/gtest_vendor/include/gtest/internal/gtest-port.h:1764:9 @[ /opt/ros/humble/src/gtest_vendor/include/gtest/internal/gtest-port.h:1764:9 ] ] ] ] ]. Skipping.
Found a loop without a preheader at /usr/lib/gcc/aarch64-linux-gnu/11/../../../../include/c++/11/bits/stl_algobase.h:2067:7. Skipping.
Found a loop without a preheader at /usr/lib/gcc/aarch64-linux-gnu/11/../../../../include/c++/11/bits/stl_construct.h:162:4 @[ /usr/lib/gcc/aarch64-linux-gnu/11/../../../../include/c++/11/bits/stl_construct.h:195:7 @[ /usr/lib/gcc/aarch64-linux-gnu/11/../../../../include/c++/11/bits/alloc_traits.h:848:7 @[ /usr/lib/gcc/aarch64-linux-gnu/11/../../../../include/c++/11/bits/stl_vector.h:680:2 @[ /opt/ros/humble/src/gtest_vendor/./src/gtest.cc:5989:1 ] ] ] ]. Skipping.
Found a loop without an exit block at /opt/ros/humble/src/gtest_vendor/./src/gtest.cc:5983:3. Skipping.
Found a loop without a preheader at /usr/lib/gcc/aarch64-linux-gnu/11/../../../../include/c++/11/bits/stl_deque.h:678:7 @[ /usr/lib/gcc/aarch64-linux-gnu/11/../../../../include/c++/11/bits/stl_deque.h:601:4 @[ /usr/lib/gcc/aarch64-linux-gnu/11/../../../../include/c++/11/bits/stl_deque.h:1007:65 @[ /usr/lib/gcc/aarch64-linux-gnu/11/../../../../include/c++/11/bits/stl_queue.h:96:11 @[ src/core/autoware_core/localization/autoware_ekf_localizer/include/autoware/ekf_localizer/aged_object_queue.hpp:25:7 @[ src/core/autoware_core/localization/autoware_ekf_localizer/test/test_aged_object_queue.cpp:39:1 ] ] ] ] ]. Skipping.
Found a loop without a preheader at /usr/lib/gcc/aarch64-linux-gnu/11/../../../../include/c++/11/bits/stl_deque.h:678:7 @[ /usr/lib/gcc/aarch64-linux-gnu/11/../../../../include/c++/11/bits/stl_deque.h:601:4 @[ /usr/lib/gcc/aarch64-linux-gnu/11/../../../../include/c++/11/bits/stl_deque.h:1007:65 @[ /usr/lib/gcc/aarch64-linux-gnu/11/../../../../include/c++/11/bits/stl_queue.h:96:11 @[ src/core/autoware_core/localization/autoware_ekf_localizer/include/autoware/ekf_localizer/aged_object_queue.hpp:25:7 ] ] ] ]. Skipping.
Found a loop without a preheader at /usr/lib/gcc/aarch64-linux-gnu/11/../../../../include/c++/11/bits/stl_deque.h:678:7 @[ /usr/lib/gcc/aarch64-linux-gnu/11/../../../../include/c++/11/bits/stl_deque.h:601:4 @[ /usr/lib/gcc/aarch64-linux-gnu/11/../../../../include/c++/11/bits/stl_deque.h:1007:65 @[ /usr/lib/gcc/aarch64-linux-gnu/11/../../../../include/c++/11/bits/stl_queue.h:96:11 @[ src/core/autoware_core/localization/autoware_ekf_localizer/include/autoware/ekf_localizer/aged_object_queue.hpp:25:7 @[ src/core/autoware_core/localization/autoware_ekf_localizer/test/test_aged_object_queue.cpp:64:1 ] ] ] ] ]. Skipping.
Found a loop without a preheader at /usr/lib/gcc/aarch64-linux-gnu/11/../../../../include/c++/11/bits/stl_deque.h:678:7 @[ /usr/lib/gcc/aarch64-linux-gnu/11/../../../../include/c++/11/bits/stl_deque.h:601:4 @[ /usr/lib/gcc/aarch64-linux-gnu/11/../../../../include/c++/11/bits/stl_deque.h:1007:65 @[ /usr/lib/gcc/aarch64-linux-gnu/11/../../../../include/c++/11/bits/stl_queue.h:96:11 @[ src/core/autoware_core/localization/autoware_ekf_localizer/include/autoware/ekf_localizer/aged_object_queue.hpp:25:7 @[ src/core/autoware_core/localization/autoware_ekf_localizer/test/test_aged_object_queue.cpp:80:1 ] ] ] ] ]. Skipping.
Found a loop without a preheader at /usr/lib/gcc/aarch64-linux-gnu/11/../../../../include/c++/11/bits/stl_deque.h:678:7 @[ /usr/lib/gcc/aarch64-linux-gnu/11/../../../../include/c++/11/bits/stl_deque.h:601:4 @[ /usr/lib/gcc/aarch64-linux-gnu/11/../../../../include/c++/11/bits/stl_deque.h:1007:65 @[ /usr/lib/gcc/aarch64-linux-gnu/11/../../../../include/c++/11/bits/stl_queue.h:96:11 @[ src/core/autoware_core/localization/autoware_ekf_localizer/include/autoware/ekf_localizer/aged_object_queue.hpp:25:7 @[ src/core/autoware_core/localization/autoware_ekf_localizer/test/test_aged_object_queue.cpp:94:1 ] ] ] ] ]. Skipping.
Found a loop without a preheader at /usr/lib/gcc/aarch64-linux-gnu/11/../../../../include/c++/11/bits/stl_deque.h:678:7 @[ /usr/lib/gcc/aarch64-linux-gnu/11/../../../../include/c++/11/bits/stl_deque.h:601:4 @[ /usr/lib/gcc/aarch64-linux-gnu/11/../../../../include/c++/11/bits/stl_deque.h:1007:65 @[ /usr/lib/gcc/aarch64-linux-gnu/11/../../../../include/c++/11/bits/stl_queue.h:96:11 @[ src/core/autoware_core/localization/autoware_ekf_localizer/include/autoware/ekf_localizer/aged_object_queue.hpp:60:5 ] ] ] ]. Skipping.
Found a loop without a preheader at /usr/lib/gcc/aarch64-linux-gnu/11/../../../../include/c++/11/bits/stl_deque.h:678:7 @[ /usr/lib/gcc/aarch64-linux-gnu/11/../../../../include/c++/11/bits/stl_deque.h:2067:2 @[ /usr/lib/gcc/aarch64-linux-gnu/11/../../../../include/c++/11/bits/stl_deque.h:1794:9 @[ /usr/lib/gcc/aarch64-linux-gnu/11/../../../../include/c++/11/bits/stl_deque.h:2152:6 @[ /usr/lib/gcc/aarch64-linux-gnu/11/../../../../include/c++/11/bits/stl_deque.h:1034:2 @[ /usr/lib/gcc/aarch64-linux-gnu/11/../../../../include/c++/11/bits/stl_queue.h:96:11 @[ src/core/autoware_core/localization/autoware_ekf_localizer/include/autoware/ekf_localizer/aged_object_queue.hpp:60:11 ] ] ] ] ] ]. Skipping.
Found a loop without a preheader at /usr/lib/gcc/aarch64-linux-gnu/11/../../../../include/c++/11/bits/stl_deque.h:678:7 @[ /usr/lib/gcc/aarch64-linux-gnu/11/../../../../include/c++/11/bits/stl_deque.h:601:4 @[ /usr/lib/gcc/aarch64-linux-gnu/11/../../../../include/c++/11/bits/stl_deque.h:1007:65 @[ /usr/lib/gcc/aarch64-linux-gnu/11/../../../../include/c++/11/bits/stl_queue.h:96:11 @[ src/core/autoware_core/localization/autoware_ekf_localizer/include/autoware/ekf_localizer/aged_object_queue.hpp:25:7 @[ src/core/autoware_core/localization/autoware_ekf_localizer/test/test_aged_object_queue.cpp:106:1 ] ] ] ] ]. Skipping.
Found a loop without a preheader at /usr/lib/gcc/aarch64-linux-gnu/11/../../../../include/c++/11/bits/stl_deque.h:678:7 @[ /usr/lib/gcc/aarch64-linux-gnu/11/../../../../include/c++/11/bits/stl_deque.h:601:4 @[ /usr/lib/gcc/aarch64-linux-gnu/11/../../../../include/c++/11/bits/stl_deque.h:1007:65 ] ]. Skipping.
Found a loop without a preheader at /usr/lib/gcc/aarch64-linux-gnu/11/../../../../include/c++/11/bits/stl_construct.h:162:4 @[ /usr/lib/gcc/aarch64-linux-gnu/11/../../../../include/c++/11/bits/stl_construct.h:195:7 @[ /usr/lib/gcc/aarch64-linux-gnu/11/../../../../include/c++/11/bits/alloc_traits.h:848:7 @[ /usr/lib/gcc/aarch64-linux-gnu/11/../../../../include/c++/11/bits/deque.tcc:875:3 ] ] ]. Skipping.
Found a loop without a preheader at /usr/lib/gcc/aarch64-linux-gnu/11/../../../../include/c++/11/bits/stl_construct.h:162:4 @[ /usr/lib/gcc/aarch64-linux-gnu/11/../../../../include/c++/11/bits/stl_construct.h:195:7 @[ /usr/lib/gcc/aarch64-linux-gnu/11/../../../../include/c++/11/bits/alloc_traits.h:848:7 @[ /usr/lib/gcc/aarch64-linux-gnu/11/../../../../include/c++/11/bits/deque.tcc:871:5 ] ] ]. Skipping.
Found a loop without a preheader at /usr/lib/gcc/aarch64-linux-gnu/11/../../../../include/c++/11/bits/stl_construct.h:162:4 @[ /usr/lib/gcc/aarch64-linux-gnu/11/../../../../include/c++/11/bits/stl_construct.h:195:7 @[ /usr/lib/gcc/aarch64-linux-gnu/11/../../../../include/c++/11/bits/alloc_traits.h:848:7 @[ /usr/lib/gcc/aarch64-linux-gnu/11/../../../../include/c++/11/bits/deque.tcc:869:5 ] ] ]. Skipping.
Found a loop without a preheader at /usr/lib/gcc/aarch64-linux-gnu/11/../../../../include/c++/11/bits/deque.tcc:862:8. Skipping.
Found a loop without a preheader at /usr/lib/gcc/aarch64-linux-gnu/11/../../../../include/c++/11/bits/stl_deque.h:678:7 @[ /usr/lib/gcc/aarch64-linux-gnu/11/../../../../include/c++/11/bits/stl_deque.h:667:4 ]. Skipping.
Found a loop without a preheader at /usr/lib/gcc/aarch64-linux-gnu/11/../../../../include/c++/11/bits/stl_deque.h:662:4. Skipping.
Found a loop without a preheader at /usr/lib/gcc/aarch64-linux-gnu/11/../../../../include/c++/11/bits/stl_deque.h:678:7 @[ /usr/lib/gcc/aarch64-linux-gnu/11/../../../../include/c++/11/bits/stl_deque.h:667:4 ]. Skipping.
Found a loop without a preheader at /usr/lib/gcc/aarch64-linux-gnu/11/../../../../include/c++/11/bits/stl_deque.h:662:4. Skipping.
Found a loop without a preheader at /usr/lib/gcc/aarch64-linux-gnu/11/../../../../include/c++/11/bits/stl_deque.h:678:7 @[ /usr/lib/gcc/aarch64-linux-gnu/11/../../../../include/c++/11/bits/stl_deque.h:2067:2 @[ /usr/lib/gcc/aarch64-linux-gnu/11/../../../../include/c++/11/bits/stl_deque.h:1794:9 ] ]. Skipping.
Found a loop without a preheader at /usr/lib/gcc/aarch64-linux-gnu/11/../../../../include/c++/11/bits/stl_construct.h:162:4 @[ /usr/lib/gcc/aarch64-linux-gnu/11/../../../../include/c++/11/bits/stl_construct.h:195:7 @[ /usr/lib/gcc/aarch64-linux-gnu/11/../../../../include/c++/11/bits/alloc_traits.h:848:7 @[ /usr/lib/gcc/aarch64-linux-gnu/11/../../../../include/c++/11/bits/stl_vector.h:680:2 @[ /usr/lib/gcc/aarch64-linux-gnu/11/../../../../include/c++/11/bits/stl_vector.h:1821:7 @[ /usr/lib/gcc/aarch64-linux-gnu/11/../../../../include/c++/11/bits/stl_vector.h:714:2 @[ /opt/ros/humble/include/diagnostic_msgs/diagnostic_msgs/msg/detail/diagnostic_status__struct.hpp:37:8 ] ] ] ] ] ]. Skipping.
Found a loop without a preheader at /usr/lib/gcc/aarch64-linux-gnu/11/../../../../include/c++/11/bits/stl_construct.h:162:4 @[ /usr/lib/gcc/aarch64-linux-gnu/11/../../../../include/c++/11/bits/stl_construct.h:195:7 @[ /usr/lib/gcc/aarch64-linux-gnu/11/../../../../include/c++/11/bits/alloc_traits.h:848:7 @[ /usr/lib/gcc/aarch64-linux-gnu/11/../../../../include/c++/11/bits/stl_vector.h:680:2 @[ /opt/ros/humble/include/diagnostic_msgs/diagnostic_msgs/msg/detail/diagnostic_status__struct.hpp:37:8 ] ] ] ]. Skipping.
Found a loop without a preheader at /usr/lib/gcc/aarch64-linux-gnu/11/../../../../include/c++/11/bits/stl_construct.h:162:4 @[ /usr/lib/gcc/aarch64-linux-gnu/11/../../../../include/c++/11/bits/stl_construct.h:195:7 @[ /usr/lib/gcc/aarch64-linux-gnu/11/../../../../include/c++/11/bits/alloc_traits.h:848:7 @[ /usr/lib/gcc/aarch64-linux-gnu/11/../../../../include/c++/11/bits/stl_vector.h:680:2 @[ src/core/autoware_core/localization/autoware_ekf_localizer/test/test_diagnostics.cpp:211:1 ] ] ] ]. Skipping.
Found a loop without a preheader at /usr/lib/gcc/aarch64-linux-gnu/11/../../../../include/c++/11/bits/stl_construct.h:162:4 @[ /usr/lib/gcc/aarch64-linux-gnu/11/../../../../include/c++/11/bits/stl_construct.h:195:7 @[ /usr/lib/gcc/aarch64-linux-gnu/11/../../../../include/c++/11/bits/alloc_traits.h:848:7 @[ /usr/lib/gcc/aarch64-linux-gnu/11/../../../../include/c++/11/bits/stl_vector.h:680:2 ] ] ]. Skipping.
Found a loop without a preheader at /usr/lib/gcc/aarch64-linux-gnu/11/../../../../include/c++/11/bits/stl_construct.h:162:4 @[ /usr/lib/gcc/aarch64-linux-gnu/11/../../../../include/c++/11/bits/stl_construct.h:195:7 @[ /usr/lib/gcc/aarch64-linux-gnu/11/../../../../include/c++/11/bits/alloc_traits.h:848:7 @[ /usr/lib/gcc/aarch64-linux-gnu/11/../../../../include/c++/11/bits/stl_vector.h:680:2 ] ] ]. Skipping.
Found a loop without a preheader at /usr/lib/gcc/aarch64-linux-gnu/11/../../../../include/c++/11/bits/stl_construct.h:162:4 @[ /usr/lib/gcc/aarch64-linux-gnu/11/../../../../include/c++/11/bits/stl_construct.h:195:7 @[ /usr/lib/gcc/aarch64-linux-gnu/11/../../../../include/c++/11/bits/stl_uninitialized.h:584:8 ] ]. Skipping.
Found a loop without a preheader at /usr/lib/gcc/aarch64-linux-gnu/11/../../../../include/c++/11/bits/stl_uninitialized.h:578:8. Skipping.
Found a loop without an exit block at src/core/autoware_core/localization/autoware_ekf_localizer/test/test_covariance.cpp:52:5. Skipping.
Found a loop without an exit block at src/core/autoware_core/localization/autoware_ekf_localizer/test/test_covariance.cpp:78:5. Skipping.
Found a loop without an exit block at /usr/include/eigen3/Eigen/src/Core/BooleanRedux.h:115:5 @[ src/core/autoware_core/localization/autoware_ekf_localizer/include/autoware/ekf_localizer/numeric.hpp:32:28 @[ src/core/autoware_core/localization/autoware_ekf_localizer/test/test_numeric.cpp:32:3 ] ]. Skipping.
Found a loop without an exit block at /usr/include/eigen3/Eigen/src/Core/BooleanRedux.h:115:5 @[ src/core/autoware_core/localization/autoware_ekf_localizer/include/autoware/ekf_localizer/numeric.hpp:27:28 @[ src/core/autoware_core/localization/autoware_ekf_localizer/test/test_numeric.cpp:46:3 ] ]. Skipping.
---
[Processing: autoware_ekf_localizer]
[Processing: autoware_ekf_localizer]
[Processing: autoware_ekf_localizer]
[Processing: autoware_ekf_localizer]
[Processing: autoware_ekf_localizer]
[Processing: autoware_ekf_localizer]
Finished <<< autoware_ekf_localizer [3min 1s]

Summary: 1 package finished [3min 5s]
  1 package had stderr output: autoware_ekf_localizer
